[Licensing::Module] Trying to connect to existing licensing client channel...
Built from '6000.5/staging' branch; Version is '6000.5.8f1 (5cb7df797b7d) revision 6076383'; Using compiler version '194234433'; Build Type 'Release'
OS: 'Windows 11  (10.0.26200) CoreSingleLanguage' Language: 'en' Physical Memory: 32454 MB
BatchMode: 1, IsHumanControllingUs: 0, StartBugReporterOnCrash: 0, Is64bit: 1
System  architecture: x64
Process architecture: x64
Date: 2026-09-06T07:35:04Z
[Licensing::IpcConnector] Successfully connected to: "LicenseClient-Admin" at "2026-09-06T07:35:04.3474339Z"
[Licensing::Client] Code 10 while verifying Licensing Client signature (process Id: 40004, path: "C:/Program Files/Unity Hub/UnityLicensingClient_V1/Unity.Licensing.Client.exe")
[Licensing::Module] LicensingClient has failed validation; ignoring
[Licensing::Client] Handshaking with LicensingClient:
  Version:                 1.18.3+d7ffd15
  Session Id:              a2104ae82a524f9d8739e90dcaf30f67
  Correlation Id:          356c374563aee1c9938c101429c249a1
  External correlation Id: 4425724077366533562
  Machine Id:              qCxBsc4AzdtYVFL8JGkGCs9S810=
[Licensing::Module] Successfully connected to LicensingClient on channel: "LicenseClient-Admin" (connect: 0.00s, validation: 0.00s, handshake: 0.06s)
[Licensing::IpcConnector] Successfully connected to: "LicenseClient-Admin-notifications" at "2026-09-06T07:35:04.4078809Z"
[Licensing::Module] Licensing Background thread has ended after 0.06s

COMMAND LINE ARGUMENTS:
C:\Program Files\Unity\Hub\Editor\6000.5.8f1\Editor\Unity.exe
-adb2
-batchMode
-noUpm
-name
AssetImportWorkerHW1
-projectPath
C:/Users/Admin/MonHoc/IUH_Campus
-logFile
Logs/AssetImportWorkerHW1.log
-srvPort
49407
-parentPid
10256
-analyticsCloudUserId
18968480794457
-analyticsLocalProjectId
b9593f618813e4188ab9f70a4927b097
-editorAnalyticsEnabled
1
-cbmEditorLicense
aad24bef8e50cbf681b4ba4dd11d54897235495e
-cbmMachineId
qCxBsc4AzdtYVFL8JGkGCs9S810=
-licensingIpc
LicenseClient-Admin
-noDiagnosticSwitchPersistentStore
-job-worker-count
9
-background-job-worker-count
8
-asset-garbage-collectors
1
-force-d3d12
-name
AssetImport
Successfully changed project path to: C:/Users/Admin/MonHoc/IUH_Campus
C:/Users/Admin/MonHoc/IUH_Campus
[UnityMemory] Configuration Parameters - Can be set up in boot.config
    "memorysetup-temp-allocator-size-gi-baking-worker=262144"
    "memorysetup-temp-allocator-size-gi-baking-worker=262144"
    "memorysetup-temp-allocator-size-gi-baking-worker=262144"
    "memorysetup-temp-allocator-size-gi-baking-worker=262144"
    "memorysetup-temp-allocator-size-gi-baking-worker=262144"
    "memorysetup-temp-allocator-size-nav-mesh-worker=65536"
    "memorysetup-temp-allocator-size-audio-worker=65536"
    "memorysetup-temp-allocator-size-cloud-worker=32768"
    "memorysetup-temp-allocator-size-gfx=262144"
    "memorysetup-temp-allocator-size-preload-manager=33554432"
    "memorysetup-allocator-temp-initial-block-size-main=262144"
    "memorysetup-allocator-temp-initial-block-size-worker=262144"
    "memorysetup-temp-allocator-size-job-worker=262144"
    "memorysetup-temp-allocator-size-background-worker=32768"
    "memorysetup-bucket-allocator-granularity=16"
    "memorysetup-bucket-allocator-bucket-count=8"
    "memorysetup-bucket-allocator-block-size=33554432"
    "memorysetup-bucket-allocator-block-count=8"
    "memorysetup-main-allocator-block-size=16777216"
    "memorysetup-thread-allocator-block-size=16777216"
    "memorysetup-main-allocator-mimalloc-enabled=0"
    "memorysetup-gfx-main-allocator-block-size=16777216"
    "memorysetup-gfx-thread-allocator-block-size=16777216"
    "memorysetup-cache-allocator-block-size=4194304"
    "memorysetup-typetree-allocator-block-size=2097152"
    "memorysetup-profiler-bucket-allocator-granularity=16"
    "memorysetup-profiler-bucket-allocator-bucket-count=8"
    "memorysetup-profiler-bucket-allocator-block-size=33554432"
    "memorysetup-profiler-bucket-allocator-block-count=8"
    "memorysetup-profiler-allocator-block-size=16777216"
    "memorysetup-profiler-editor-allocator-block-size=1048576"
    "memorysetup-temp-allocator-size-main=16777216"
    "memorysetup-job-temp-allocator-block-size=2097152"
    "memorysetup-job-temp-allocator-block-size-background=1048576"
    "memorysetup-job-temp-allocator-reduction-small-platforms=262144"
Player connection [33164]  Target information:

Player connection [33164]  * "[IP] 192.168.1.211 [Port] 0 [Flags] 2 [Guid] 43611604 [EditorId] 43611604 [Version] 1048832 [Id] WindowsEditor(7,LAPTOP-H90JRBR1) [Debug] 1 [PackageName] WindowsEditor [ProjectName] Editor" 

Player connection [33164] Host joined multi-casting on [225.0.0.222:54997]...
Player connection [33164] Host joined alternative multi-casting on [225.0.0.222:34997]...
JobSystem: Creating JobQueue using job-worker-count value 9
Input System module state changed to: Initialized.
[Physics::Module] Initialized fallback backend.
[Physics::Module] Id: 0xdecafbad
Library Redirect Path: Library/
Default GameObject Tag: Player already registered
Default GameObject Tag: MainCamera already registered
[Physics::Module] Selected backend.
[Physics::Module] Name: PhysX
[Physics::Module] Id: 0xf2b8ea05
[Physics::Module] SDK Version: 4.1.2
[Physics::Module] Integration Version: 1.0.0
[Physics::Module] Threading Mode: Multi-Threaded
Refreshing native plugins compatible for Editor in 3.77 ms, found 4 plugins.
Initialize engine version: 6000.5.8f1 (5cb7df797b7d)
[Subsystems] Discovering subsystems at path C:/Program Files/Unity/Hub/Editor/6000.5.8f1/Editor/Data/Resources/UnitySubsystems
[Subsystems] Discovering subsystems at path C:/Users/Admin/MonHoc/IUH_Campus/Assets
Forcing GfxDevice: Direct3D 12
GfxDevice: creating device client; kGfxThreadingModeNonThreaded
d3d12: failed to query info queue interface (0x80004002).
Direct3D:
    Version:         Direct3D 12 [level 12.2]
    Renderer:        NVIDIA GeForce RTX 3060 Laptop GPU (ID=0x2560)
    Vendor:          NVIDIA
    VRAM:            5994 MB
    App VRAM Budget: 5226 MB
    Driver:          32.0.15.9174
Initialize mono
Mono path[0] = 'C:/Program Files/Unity/Hub/Editor/6000.5.8f1/Editor/Data/Managed'
Mono path[1] = 'C:/Program Files/Unity/Hub/Editor/6000.5.8f1/Editor/Data/BCLExtensions/runtime/netstandard2.1'
Mono path[2] = 'C:/Program Files/Unity/Hub/Editor/6000.5.8f1/Editor/Data/MonoBleedingEdge/lib/mono/unityjit-win32'
Mono config path = 'C:/Program Files/Unity/Hub/Editor/6000.5.8f1/Editor/Data/MonoBleedingEdge/etc'
Using monoOptions --debugger-agent=transport=dt_socket,embedding=1,server=y,suspend=n,address=127.0.0.1:56132
CodeReloadManager initialized
Begin MonoManager ReloadAssembly
Registering precompiled unity dll's ...
Register platform support module: C:/Program Files/Unity/Hub/Editor/6000.5.8f1/Editor/Data/PlaybackEngines/WindowsStandaloneSupport/UnityEditor.WindowsStandalone.Extensions.dll
Registered in 0.002027 seconds.
Native extension for WindowsStandalone target not found
Package Manager log level set to [2]
[Package Manager] Failed to launch server process. Reason: Unity was launched with the -noUpm command-line argument
[Package Manager] Unable to send message (not connected to server process).
[Package Manager] Cannot connect to Unity Package Manager local server
ScheduleIndexationOnStartup MainProcess:False IndexOnStartup:True
Mono: successfully reloaded assembly
- Finished resetting the current domain, in  0.621 seconds
Domain Reload Profiling: 1286ms
	BeginReloadAssembly (171ms)
	RebuildCommonClasses (7ms)
	RebuildNativeTypeToScriptingClass (21ms)
	initialDomainReloadingComplete (87ms)
	LoadAllAssembliesAndSetupDomain (378ms)
		LoadAssemblies (167ms)
		AnalyzeDomain (284ms)
			TypeCache.Refresh (282ms)
				TypeCache.ScanAssembly (265ms)
	FinalizeReload (622ms)
		SetupLoadedEditorAssemblies (0ms)
			BeforeProcessingInitializeOnLoad (121ms)
			ProcessInitializeOnLoadAttributes (130ms)
			ProcessInitializeOnLoadMethodAttributes (277ms)
Initializing Unity extensions:
[Licensing::Client] Successfully resolved entitlement details
[Licensing::Module] License group:
  Id: 18968480794457-UnityPersXXXX
  Product: Unity Personal
  Type: Assigned
  Expiration: Unlimited
========================================================================
Worker process is ready to serve import requests
Import Worker Mode flag is 0x00
Begin MonoManager ReloadAssembly
Symbol file LoadedFromMemory is not a mono symbol file
Native extension for WindowsStandalone target not found
[Package Manager] Failed to launch server process. Reason: Unity was launched with the -noUpm command-line argument
[Package Manager] Unable to send message (not connected to server process).
[Package Manager] Cannot connect to Unity Package Manager local server
[Package Manager] Failed to launch server process. Reason: Unity was launched with the -noUpm command-line argument
[Package Manager] Unable to send message (not connected to server process).
[Package Manager] Cannot connect to Unity Package Manager local server
ScheduleIndexationOnStartup MainProcess:False IndexOnStartup:True
Mono: successfully reloaded assembly
- Finished resetting the current domain, in  1.148 seconds
Domain Reload Profiling: 2275ms
	BeginReloadAssembly (240ms)
		DisableScriptedObjects (12ms)
		CreateAndSetChildDomain (36ms)
	RebuildCommonClasses (10ms)
	RebuildNativeTypeToScriptingClass (21ms)
	initialDomainReloadingComplete (62ms)
	LoadAllAssembliesAndSetupDomain (792ms)
		LoadAssemblies (458ms)
		AnalyzeDomain (322ms)
			TypeCache.Refresh (228ms)
				TypeCache.ScanAssembly (208ms)
			BuildScriptInfoCaches (85ms)
			ResolveRequiredComponents (5ms)
	FinalizeReload (1150ms)
		SetupLoadedEditorAssemblies (0ms)
			BeforeProcessingInitializeOnLoad (124ms)
			ProcessInitializeOnLoadAttributes (526ms)
			ProcessInitializeOnLoadMethodAttributes (172ms)
			AfterProcessingInitializeOnLoad (7ms)
		AwakeInstancesAfterBackupRestoration (12ms)
Default GameObject Tag: Player already registered
Default GameObject Tag: MainCamera already registered
AcceleratorClientConnectionCallback - disconnected - :0
Launched and connected shader compiler UnityShaderCompiler.exe after 0.02 seconds
Refreshing native plugins compatible for Editor in 2.32 ms, found 4 plugins.
Unloading 22 Unused Serialized files (Serialized files now loaded: 0)
Curl error 3: URL rejected: Malformed input to a URL function
Unloading 6989 unused Assets / (6.3 MB). Loaded Objects now: 7951.
Memory consumption went from 344.4 MB to 338.1 MB.
Total: 13.903000 ms (FindLiveObjects: 0.838800 ms CreateObjectMapping: 3.465800 ms MarkObjects: 6.785100 ms  DeleteObjects: 2.809700 ms)

========================================================================
Received Import Request.
  Time of request: 2026-09-06T07:35:09.960843Z
  Time since last request: 132287.8341003000096 seconds.
  importAddress: GUID: 059582cf2732b2f4da8b4b24ac6d84b5 - Path: Assets/IUH_Campus/Scripts/Core - Importer: ScriptedImporter/UnityEditor.QuickSearchModule:UnityEditor.Search:ASIAI0B
Importing 'GUID: 059582cf2732b2f4da8b4b24ac6d84b5 - Path: Assets/IUH_Campus/Scripts/Core - Importer: ScriptedImporter/UnityEditor.QuickSearchModule:UnityEditor.Search:ASIAI0B' with importer (ScriptedImporter : UnityEditor.QuickSearchModule:UnityEditor.Search:ASIAI0B)
Imported 'GUID: 059582cf2732b2f4da8b4b24ac6d84b5' -> (Import Result ID: '3f9add3da3c36df97dec9ca74722aaf2') in 0.065 seconds [static and dynamic dependencies]. Details - ImportResultOutputID=1080ffca20d96f660e12d995ad6e5d14 DependenciesID=eff10b179b47443257de23ddf26c7a25 StaticDependenciesID=c01bd6ac28fa9b791a868f4d1d97b849 
Number of updated asset objects reloaded before import = 0
Number of asset objects unloaded after import = 1
========================================================================
Received Import Request.
  Time of request: 2026-09-06T07:35:10.0395318Z
  Time since last request: 0.0002538 seconds.
  importAddress: GUID: ad2fcfb8bc3ae494c8cc869689103bcd - Path: Assets/IUH_Campus/Scripts/Player/PlayerSpawnManager.cs - Importer: ScriptedImporter/UnityEditor.QuickSearchModule:UnityEditor.Search:ASIAI0B
Importing 'GUID: ad2fcfb8bc3ae494c8cc869689103bcd - Path: Assets/IUH_Campus/Scripts/Player/PlayerSpawnManager.cs - Importer: ScriptedImporter/UnityEditor.QuickSearchModule:UnityEditor.Search:ASIAI0B' with importer (ScriptedImporter : UnityEditor.QuickSearchModule:UnityEditor.Search:ASIAI0B)
Imported 'GUID: ad2fcfb8bc3ae494c8cc869689103bcd' -> (Import Result ID: '295654da65598f3904db3dd297f10708') in 0.044 seconds [static and dynamic dependencies]. Details - ImportResultOutputID=36be61cdf36d861292a7098adb8e5472 DependenciesID=e22c51618a1b3440d7068f61024eba76 StaticDependenciesID=07a7f2ade3cc43bd1124a36c4144ee82 
Number of updated asset objects reloaded before import = 0
Number of asset objects unloaded after import = 0
========================================================================
Received Import Request.
  Time of request: 2026-09-06T07:35:10.0936518Z
  Time since last request: 0.0004086 seconds.
  importAddress: GUID: 8e49c0a719b47324b8fe2012e578075a - Path: Assets/IUH_Campus/Materials/M_IUH_Student_DarkPants.mat - Importer: ScriptedImporter/UnityEditor.QuickSearchModule:UnityEditor.Search:ASIAI0B
Importing 'GUID: 8e49c0a719b47324b8fe2012e578075a - Path: Assets/IUH_Campus/Materials/M_IUH_Student_DarkPants.mat - Importer: ScriptedImporter/UnityEditor.QuickSearchModule:UnityEditor.Search:ASIAI0B' with importer (ScriptedImporter : UnityEditor.QuickSearchModule:UnityEditor.Search:ASIAI0B)
Imported 'GUID: 8e49c0a719b47324b8fe2012e578075a' -> (Import Result ID: '716374757ea194937214d84598504196') in 0.033 seconds [static and dynamic dependencies]. Details - ImportResultOutputID=c92bd7fc21f2c0c490232e8d0ad5af3c DependenciesID=01d08e2770873447b2f84404410a5d4b StaticDependenciesID=2e3ea513290baa831e5287144f202c98 
Number of updated asset objects reloaded before import = 0
Number of asset objects unloaded after import = 2
========================================================================
Received Import Request.
  Time of request: 2026-09-06T07:35:10.1380388Z
  Time since last request: 0.0004012 seconds.
  importAddress: GUID: a1fca7f77f123a347a1d6cff632dc589 - Path: Assets/IUH_Campus/Screenshots/camera_aerial.png - Importer: ScriptedImporter/UnityEditor.QuickSearchModule:UnityEditor.Search:ASIAI0B
Importing 'GUID: a1fca7f77f123a347a1d6cff632dc589 - Path: Assets/IUH_Campus/Screenshots/camera_aerial.png - Importer: ScriptedImporter/UnityEditor.QuickSearchModule:UnityEditor.Search:ASIAI0B' with importer (ScriptedImporter : UnityEditor.QuickSearchModule:UnityEditor.Search:ASIAI0B)
Imported 'GUID: a1fca7f77f123a347a1d6cff632dc589' -> (Import Result ID: 'fc7de01035bb7023a3440063eb850e6f') in 0.055 seconds [static and dynamic dependencies]. Details - ImportResultOutputID=8ef9e4fe0091ae19d3724de12a06df74 DependenciesID=5969c30a3652b2a811a4c99b63840490 StaticDependenciesID=d81618fff0dae2983b99bbcc73eddf43 
Number of updated asset objects reloaded before import = 0
Number of asset objects unloaded after import = 1
========================================================================
Received Import Request.
  Time of request: 2026-09-06T07:35:10.2037643Z
  Time since last request: 0.0005334 seconds.
  importAddress: GUID: 1ce98496ef4d89547bf3713db4ad0ab7 - Path: Assets/IUH_Campus/Scripts/NPC - Importer: ScriptedImporter/UnityEditor.QuickSearchModule:UnityEditor.Search:ASIAI0B
Importing 'GUID: 1ce98496ef4d89547bf3713db4ad0ab7 - Path: Assets/IUH_Campus/Scripts/NPC - Importer: ScriptedImporter/UnityEditor.QuickSearchModule:UnityEditor.Search:ASIAI0B' with importer (ScriptedImporter : UnityEditor.QuickSearchModule:UnityEditor.Search:ASIAI0B)
Imported 'GUID: 1ce98496ef4d89547bf3713db4ad0ab7' -> (Import Result ID: '058badb0d6bf84e528668d3d310a2b05') in 0.003 seconds [static and dynamic dependencies]. Details - ImportResultOutputID=1ee2aa4f8596b82e8bdb1a4b4fdf1847 DependenciesID=dc3e0ed3c550f82a40049cabb6353698 StaticDependenciesID=c15d0e280ba5f09ebee0b4e25abcf9c6 
Number of updated asset objects reloaded before import = 0
Number of asset objects unloaded after import = 1
========================================================================
Received Import Request.
  Time of request: 2026-09-06T07:35:10.2176394Z
  Time since last request: 0.0003739 seconds.
  importAddress: GUID: 2217fea46bafc514d991457c01905675 - Path: Assets/IUH_Campus/Materials/M_IUH_Student_Jeans.mat - Importer: ScriptedImporter/UnityEditor.QuickSearchModule:UnityEditor.Search:ASIAI0B
Importing 'GUID: 2217fea46bafc514d991457c01905675 - Path: Assets/IUH_Campus/Materials/M_IUH_Student_Jeans.mat - Importer: ScriptedImporter/UnityEditor.QuickSearchModule:UnityEditor.Search:ASIAI0B' with importer (ScriptedImporter : UnityEditor.QuickSearchModule:UnityEditor.Search:ASIAI0B)
Imported 'GUID: 2217fea46bafc514d991457c01905675' -> (Import Result ID: '53e6512ab94a20f6c6d12e8143c6c62d') in 0.008 seconds [static and dynamic dependencies]. Details - ImportResultOutputID=72b3978bd63b832e03447d284eecb645 DependenciesID=5a69f8118056b917b24839bfca96a361 StaticDependenciesID=4867815a5492f801d0062a4f4bf97c11 
Number of updated asset objects reloaded before import = 0
Number of asset objects unloaded after import = 2
========================================================================
Received Import Request.
  Time of request: 2026-09-06T07:35:10.236514Z
  Time since last request: 0.0003197 seconds.
  importAddress: GUID: c515b75e8f9babb4fac43b25b0342d93 - Path: Assets/IUH_Campus/Scripts/Debug/DebugTeleport.cs - Importer: ScriptedImporter/UnityEditor.QuickSearchModule:UnityEditor.Search:ASIAI0B
Importing 'GUID: c515b75e8f9babb4fac43b25b0342d93 - Path: Assets/IUH_Campus/Scripts/Debug/DebugTeleport.cs - Importer: ScriptedImporter/UnityEditor.QuickSearchModule:UnityEditor.Search:ASIAI0B' with importer (ScriptedImporter : UnityEditor.QuickSearchModule:UnityEditor.Search:ASIAI0B)
Imported 'GUID: c515b75e8f9babb4fac43b25b0342d93' -> (Import Result ID: 'f81cfc5e1b3a2fd69e48dbdac093cbdf') in 0.004 seconds [static and dynamic dependencies]. Details - ImportResultOutputID=63085b8db6a09b31035fd99c1977b3f0 DependenciesID=e147281c0da437afce36e817adff08b7 StaticDependenciesID=fd252408f860d3e08a90a27d12fe1aee 
Number of updated asset objects reloaded before import = 0
Number of asset objects unloaded after import = 0
========================================================================
Received Import Request.
  Time of request: 2026-09-06T07:35:10.2513171Z
  Time since last request: 0.0004457 seconds.
  importAddress: GUID: 6746705152e61ac44b88a5965aadde97 - Path: Assets/IUH_Campus/Scripts/NPC/NPCRoute.cs - Importer: ScriptedImporter/UnityEditor.QuickSearchModule:UnityEditor.Search:ASIAI0B
Importing 'GUID: 6746705152e61ac44b88a5965aadde97 - Path: Assets/IUH_Campus/Scripts/NPC/NPCRoute.cs - Importer: ScriptedImporter/UnityEditor.QuickSearchModule:UnityEditor.Search:ASIAI0B' with importer (ScriptedImporter : UnityEditor.QuickSearchModule:UnityEditor.Search:ASIAI0B)
Imported 'GUID: 6746705152e61ac44b88a5965aadde97' -> (Import Result ID: '7a4d01f28c06b73051425379cdd4884b') in 0.004 seconds [static and dynamic dependencies]. Details - ImportResultOutputID=713d8a69d958051b488697e00eb65539 DependenciesID=eb080e545ba9f1b265cfc6bb531b797e StaticDependenciesID=434c5f2b65c02cbb36bc416e52e4fdfb 
Number of updated asset objects reloaded before import = 0
Number of asset objects unloaded after import = 0
========================================================================
Received Import Request.
  Time of request: 2026-09-06T07:35:10.2671938Z
  Time since last request: 0.0006235 seconds.
  importAddress: GUID: 2d00a6c92eed5e6479706bb35239e9f1 - Path: Assets/IUH_Campus/Materials/M_IUH_Student_Hair.mat - Importer: ScriptedImporter/UnityEditor.QuickSearchModule:UnityEditor.Search:ASIAI0B
Importing 'GUID: 2d00a6c92eed5e6479706bb35239e9f1 - Path: Assets/IUH_Campus/Materials/M_IUH_Student_Hair.mat - Importer: ScriptedImporter/UnityEditor.QuickSearchModule:UnityEditor.Search:ASIAI0B' with importer (ScriptedImporter : UnityEditor.QuickSearchModule:UnityEditor.Search:ASIAI0B)
Imported 'GUID: 2d00a6c92eed5e6479706bb35239e9f1' -> (Import Result ID: 'b63fa3b1d835fe022a584bc54775d664') in 0.006 seconds [static and dynamic dependencies]. Details - ImportResultOutputID=fc97c064a8201621c703d0e5a1c5e22d DependenciesID=2f17cd0e2b6911160133d976ba39f310 StaticDependenciesID=4bb94efa98429f66d3dacab1ece45c82 
Number of updated asset objects reloaded before import = 0
Number of asset objects unloaded after import = 2
========================================================================
Received Import Request.
  Time of request: 2026-09-06T07:35:10.2862424Z
  Time since last request: 0.0003856 seconds.
  importAddress: GUID: da503293145c3c449bffd6b740c74104 - Path: Assets/IUH_Campus/Materials/M_IUH_Helmet_Blue.mat - Importer: ScriptedImporter/UnityEditor.QuickSearchModule:UnityEditor.Search:ASIAI0B
Importing 'GUID: da503293145c3c449bffd6b740c74104 - Path: Assets/IUH_Campus/Materials/M_IUH_Helmet_Blue.mat - Importer: ScriptedImporter/UnityEditor.QuickSearchModule:UnityEditor.Search:ASIAI0B' with importer (ScriptedImporter : UnityEditor.QuickSearchModule:UnityEditor.Search:ASIAI0B)
Imported 'GUID: da503293145c3c449bffd6b740c74104' -> (Import Result ID: '61afae57176e7701284bb08038169957') in 0.006 seconds [static and dynamic dependencies]. Details - ImportResultOutputID=3a05f5b68254eb833c76e52befdd843d DependenciesID=fb1db9bb6915bef95b6fc0c86d949f19 StaticDependenciesID=0f616cfb006289b6c9aa4d8f7c4d43fe 
Number of updated asset objects reloaded before import = 0
Number of asset objects unloaded after import = 2
========================================================================
Received Import Request.
  Time of request: 2026-09-06T07:35:10.3042347Z
  Time since last request: 0.0008833 seconds.
  importAddress: GUID: 38f645bb44503204d9f120d22f277edf - Path: Assets/IUH_Campus/Prefabs/Motorcycle.prefab - Importer: ScriptedImporter/UnityEditor.QuickSearchModule:UnityEditor.Search:ASIAI0B
Importing 'GUID: 38f645bb44503204d9f120d22f277edf - Path: Assets/IUH_Campus/Prefabs/Motorcycle.prefab - Importer: ScriptedImporter/UnityEditor.QuickSearchModule:UnityEditor.Search:ASIAI0B' with importer (ScriptedImporter : UnityEditor.QuickSearchModule:UnityEditor.Search:ASIAI0B)
Imported 'GUID: 38f645bb44503204d9f120d22f277edf' -> (Import Result ID: '20bd25b1322766b0b7ae7fb499c7ec9d') in 0.036 seconds [static and dynamic dependencies]. Details - ImportResultOutputID=90812199b7367cbbee37553946c5d5a6 DependenciesID=ee4770b0016648602834325603b8c7f3 StaticDependenciesID=0919f24834f23e6e412b64ecf7a788b2 
Number of updated asset objects reloaded before import = 0
Number of asset objects unloaded after import = 41
========================================================================
Received Import Request.
  Time of request: 2026-09-06T07:35:10.3513447Z
  Time since last request: 0.0002423 seconds.
  importAddress: GUID: 5be0418da9337484dbeb95f996465276 - Path: Assets/IUH_Campus/Prefabs/ACUnit.prefab - Importer: ScriptedImporter/UnityEditor.QuickSearchModule:UnityEditor.Search:ASIAI0B
Importing 'GUID: 5be0418da9337484dbeb95f996465276 - Path: Assets/IUH_Campus/Prefabs/ACUnit.prefab - Importer: ScriptedImporter/UnityEditor.QuickSearchModule:UnityEditor.Search:ASIAI0B' with importer (ScriptedImporter : UnityEditor.QuickSearchModule:UnityEditor.Search:ASIAI0B)
Imported 'GUID: 5be0418da9337484dbeb95f996465276' -> (Import Result ID: 'b3389d04690c744e29d4f8b08771347a') in 0.025 seconds [static and dynamic dependencies]. Details - ImportResultOutputID=3fdb7b6c8be1b2bc64656a5690427575 DependenciesID=6c70225235db2e26a7d98b303c0b16c3 StaticDependenciesID=41dcf15d3c819a3eda295a0d039227aa 
Number of updated asset objects reloaded before import = 0
Number of asset objects unloaded after import = 20
========================================================================
Received Import Request.
  Time of request: 2026-09-06T07:35:10.4047028Z
  Time since last request: 0.0178606 seconds.
  importAddress: GUID: 48b7e7cda2185d4478a6cebd3601d059 - Path: Assets/IUH_Campus/Scripts/World/PlayerLocationTracker.cs - Importer: ScriptedImporter/UnityEditor.QuickSearchModule:UnityEditor.Search:ASIAI0B
Importing 'GUID: 48b7e7cda2185d4478a6cebd3601d059 - Path: Assets/IUH_Campus/Scripts/World/PlayerLocationTracker.cs - Importer: ScriptedImporter/UnityEditor.QuickSearchModule:UnityEditor.Search:ASIAI0B' with importer (ScriptedImporter : UnityEditor.QuickSearchModule:UnityEditor.Search:ASIAI0B)
Imported 'GUID: 48b7e7cda2185d4478a6cebd3601d059' -> (Import Result ID: 'def2e8aa18727e11170d8d22f9debf43') in 0.004 seconds [static and dynamic dependencies]. Details - ImportResultOutputID=53c7dc89b7adbeb27a60b214905d1ad5 DependenciesID=6d0f7ea6e59d6c0a88a32fe47d1a9983 StaticDependenciesID=68c6aa79c2c178996406f3a80505a82d 
Number of updated asset objects reloaded before import = 0
Number of asset objects unloaded after import = 0
========================================================================
Received Import Request.
  Time of request: 2026-09-06T07:35:10.417964Z
  Time since last request: 0.0005459 seconds.
  importAddress: GUID: 54c2c74a2c0d3de4fa21da4625045df3 - Path: Assets/IUH_Campus/Scripts/World/GameTrigger.cs - Importer: ScriptedImporter/UnityEditor.QuickSearchModule:UnityEditor.Search:ASIAI0B
Importing 'GUID: 54c2c74a2c0d3de4fa21da4625045df3 - Path: Assets/IUH_Campus/Scripts/World/GameTrigger.cs - Importer: ScriptedImporter/UnityEditor.QuickSearchModule:UnityEditor.Search:ASIAI0B' with importer (ScriptedImporter : UnityEditor.QuickSearchModule:UnityEditor.Search:ASIAI0B)
Imported 'GUID: 54c2c74a2c0d3de4fa21da4625045df3' -> (Import Result ID: '90e266395a3981578492cba22643c286') in 0.004 seconds [static and dynamic dependencies]. Details - ImportResultOutputID=e8b53f07c36a7c9bb7b4c2a6261392ee DependenciesID=cc86e88e892052d4b73a07b84aec5daf StaticDependenciesID=478b08bb0a45637b0946aa11d6887706 
Number of updated asset objects reloaded before import = 0
Number of asset objects unloaded after import = 0
========================================================================
Received Import Request.
  Time of request: 2026-09-06T07:35:10.4329608Z
  Time since last request: 0.0007183 seconds.
  importAddress: GUID: bf7bb206e97aade458673a79dee60143 - Path: Assets/IUH_Campus/Scripts/UI/InteractionUI.cs - Importer: ScriptedImporter/UnityEditor.QuickSearchModule:UnityEditor.Search:ASIAI0B
Importing 'GUID: bf7bb206e97aade458673a79dee60143 - Path: Assets/IUH_Campus/Scripts/UI/InteractionUI.cs - Importer: ScriptedImporter/UnityEditor.QuickSearchModule:UnityEditor.Search:ASIAI0B' with importer (ScriptedImporter : UnityEditor.QuickSearchModule:UnityEditor.Search:ASIAI0B)
Imported 'GUID: bf7bb206e97aade458673a79dee60143' -> (Import Result ID: '210c74e54314053dc89409890cb8aa87') in 0.004 seconds [static and dynamic dependencies]. Details - ImportResultOutputID=b96539259aa0c95d1726533ba2fdc0d4 DependenciesID=e872c0133d42fc59010524f51dc4de48 StaticDependenciesID=fb025ac800666ea21080f3af3d60b753 
Number of updated asset objects reloaded before import = 0
Number of asset objects unloaded after import = 0
========================================================================
Received Import Request.
  Time of request: 2026-09-06T07:35:10.4483559Z
  Time since last request: 0.0003906 seconds.
  importAddress: GUID: ec7b1b5ab54afd843af2fa3793dc9750 - Path: Assets/IUH_Campus/Scripts/Player/PlayerInteraction.cs - Importer: ScriptedImporter/UnityEditor.QuickSearchModule:UnityEditor.Search:ASIAI0B
Importing 'GUID: ec7b1b5ab54afd843af2fa3793dc9750 - Path: Assets/IUH_Campus/Scripts/Player/PlayerInteraction.cs - Importer: ScriptedImporter/UnityEditor.QuickSearchModule:UnityEditor.Search:ASIAI0B' with importer (ScriptedImporter : UnityEditor.QuickSearchModule:UnityEditor.Search:ASIAI0B)
Imported 'GUID: ec7b1b5ab54afd843af2fa3793dc9750' -> (Import Result ID: 'b1a437bdb95bce80b907b5151e5023f0') in 0.003 seconds [static and dynamic dependencies]. Details - ImportResultOutputID=eeeae1a81de19f2b3da7a4aff10e7058 DependenciesID=f135e3f4b34f63550e964f57d831d336 StaticDependenciesID=e4e8cc6d11f6295348748ddbe36a7d75 
Number of updated asset objects reloaded before import = 0
Number of asset objects unloaded after import = 0
========================================================================
Received Import Request.
  Time of request: 2026-09-06T07:35:10.4621939Z
  Time since last request: 0.0006932 seconds.
  importAddress: GUID: 296a0ea4484a2f5428678e485733fb44 - Path: Assets/IUH_Campus/Scripts/Player - Importer: ScriptedImporter/UnityEditor.QuickSearchModule:UnityEditor.Search:ASIAI0B
Importing 'GUID: 296a0ea4484a2f5428678e485733fb44 - Path: Assets/IUH_Campus/Scripts/Player - Importer: ScriptedImporter/UnityEditor.QuickSearchModule:UnityEditor.Search:ASIAI0B' with importer (ScriptedImporter : UnityEditor.QuickSearchModule:UnityEditor.Search:ASIAI0B)
Imported 'GUID: 296a0ea4484a2f5428678e485733fb44' -> (Import Result ID: '540e07088bc8a06556c16cc3b0499e7f') in 0.005 seconds [static and dynamic dependencies]. Details - ImportResultOutputID=dbe0cce7e6eee98050469e9a5d7c4973 DependenciesID=fb5f2591c45b172def6b95a86a131e41 StaticDependenciesID=7851777f5bf257f867285011d01e6e63 
Number of updated asset objects reloaded before import = 0
Number of asset objects unloaded after import = 1
========================================================================
Received Import Request.
  Time of request: 2026-09-06T07:35:10.4772041Z
  Time since last request: 0.000396 seconds.
  importAddress: GUID: 1b7515bcc7f08f74f9a16ce0bc4583c6 - Path: Assets/IUH_Campus/Scripts/Interaction/InfoBoardController.cs - Importer: ScriptedImporter/UnityEditor.QuickSearchModule:UnityEditor.Search:ASIAI0B
Importing 'GUID: 1b7515bcc7f08f74f9a16ce0bc4583c6 - Path: Assets/IUH_Campus/Scripts/Interaction/InfoBoardController.cs - Importer: ScriptedImporter/UnityEditor.QuickSearchModule:UnityEditor.Search:ASIAI0B' with importer (ScriptedImporter : UnityEditor.QuickSearchModule:UnityEditor.Search:ASIAI0B)
Imported 'GUID: 1b7515bcc7f08f74f9a16ce0bc4583c6' -> (Import Result ID: 'a8b41e1e11295edfe7c72670f9a90663') in 0.003 seconds [static and dynamic dependencies]. Details - ImportResultOutputID=5c7111804db47a269fa8c4bf41278e47 DependenciesID=44cf216a137fa342f814e65c7ba0af55 StaticDependenciesID=67e770ff23ab63f7afba835b15e2870d 
Number of updated asset objects reloaded before import = 0
Number of asset objects unloaded after import = 0
========================================================================
Received Import Request.
  Time of request: 2026-09-06T07:35:10.4917559Z
  Time since last request: 0.0004849 seconds.
  importAddress: GUID: 03b6b180df18cd84fa67e2578a590a0a - Path: Assets/IUH_Campus/Screenshots/screenshot_multifloor_05_stair_flight.png - Importer: ScriptedImporter/UnityEditor.QuickSearchModule:UnityEditor.Search:ASIAI0B
Importing 'GUID: 03b6b180df18cd84fa67e2578a590a0a - Path: Assets/IUH_Campus/Screenshots/screenshot_multifloor_05_stair_flight.png - Importer: ScriptedImporter/UnityEditor.QuickSearchModule:UnityEditor.Search:ASIAI0B' with importer (ScriptedImporter : UnityEditor.QuickSearchModule:UnityEditor.Search:ASIAI0B)
Imported 'GUID: 03b6b180df18cd84fa67e2578a590a0a' -> (Import Result ID: '955a233dc42544ba9bdf885a37680500') in 0.019 seconds [static and dynamic dependencies]. Details - ImportResultOutputID=871de1ce50a9e3c5214eb3cd5a1bb32e DependenciesID=268fb11637a40f9cfd0e14c118d09276 StaticDependenciesID=b95f610e3bd9c24c570230436dae34b9 
Number of updated asset objects reloaded before import = 0
Number of asset objects unloaded after import = 1
========================================================================
Received Import Request.
  Time of request: 2026-09-06T07:35:10.5230616Z
  Time since last request: 0.0004201 seconds.
  importAddress: GUID: a5f7392eba83eda458c446398edf3e28 - Path: Assets/IUH_Campus/Scripts/Save/SaveData.cs - Importer: ScriptedImporter/UnityEditor.QuickSearchModule:UnityEditor.Search:ASIAI0B
Importing 'GUID: a5f7392eba83eda458c446398edf3e28 - Path: Assets/IUH_Campus/Scripts/Save/SaveData.cs - Importer: ScriptedImporter/UnityEditor.QuickSearchModule:UnityEditor.Search:ASIAI0B' with importer (ScriptedImporter : UnityEditor.QuickSearchModule:UnityEditor.Search:ASIAI0B)
Imported 'GUID: a5f7392eba83eda458c446398edf3e28' -> (Import Result ID: '8b422392dd9f601c112cd7127a5a5264') in 0.005 seconds [static and dynamic dependencies]. Details - ImportResultOutputID=105af6d7d541340d28866fe45deb716a DependenciesID=fc21d3127c85726b27f29c1d67cca0f1 StaticDependenciesID=5e0bc98f7987f4a9c3ddfdced01b56d0 
Number of updated asset objects reloaded before import = 0
Number of asset objects unloaded after import = 0
========================================================================
Received Import Request.
  Time of request: 2026-09-06T07:35:10.5397644Z
  Time since last request: 0.0004324 seconds.
  importAddress: GUID: 866b03cd19c70ca468f2b41182908756 - Path: Assets/IUH_Campus/Editor/IUHMultiFloorAutomation.cs - Importer: ScriptedImporter/UnityEditor.QuickSearchModule:UnityEditor.Search:ASIAI0B
Importing 'GUID: 866b03cd19c70ca468f2b41182908756 - Path: Assets/IUH_Campus/Editor/IUHMultiFloorAutomation.cs - Importer: ScriptedImporter/UnityEditor.QuickSearchModule:UnityEditor.Search:ASIAI0B' with importer (ScriptedImporter : UnityEditor.QuickSearchModule:UnityEditor.Search:ASIAI0B)
Imported 'GUID: 866b03cd19c70ca468f2b41182908756' -> (Import Result ID: '199e379fe1e6bd0a639f41d28eb18cb3') in 0.004 seconds [static and dynamic dependencies]. Details - ImportResultOutputID=017ad0aa05e50983a2b0dfc57507acf7 DependenciesID=25ee2cf28a17364d1689fa76bb79817f StaticDependenciesID=4b8374f54b121dbc8c32cad9031e971b 
Number of updated asset objects reloaded before import = 0
Number of asset objects unloaded after import = 0
========================================================================
Received Import Request.
  Time of request: 2026-09-06T07:35:10.5534222Z
  Time since last request: 0.0005525 seconds.
  importAddress: GUID: 15e9a22089b920a42a4ca1b3672ee7aa - Path: Assets/IUH_Campus/Screenshots/screenshot_multifloor_06_stair_landing.png - Importer: ScriptedImporter/UnityEditor.QuickSearchModule:UnityEditor.Search:ASIAI0B
Importing 'GUID: 15e9a22089b920a42a4ca1b3672ee7aa - Path: Assets/IUH_Campus/Screenshots/screenshot_multifloor_06_stair_landing.png - Importer: ScriptedImporter/UnityEditor.QuickSearchModule:UnityEditor.Search:ASIAI0B' with importer (ScriptedImporter : UnityEditor.QuickSearchModule:UnityEditor.Search:ASIAI0B)
Imported 'GUID: 15e9a22089b920a42a4ca1b3672ee7aa' -> (Import Result ID: '48b1163295dfc2f84764de591e74b1f5') in 0.017 seconds [static and dynamic dependencies]. Details - ImportResultOutputID=46edd2e926ab274e3104658b60005179 DependenciesID=14ce97dfe9cbe12ceda3429352e796bc StaticDependenciesID=99526de53d0d2d5007e77069780d248a 
Number of updated asset objects reloaded before import = 0
Number of asset objects unloaded after import = 1
========================================================================
Received Import Request.
  Time of request: 2026-09-06T07:35:10.5797612Z
  Time since last request: 0.0004195 seconds.
  importAddress: GUID: 79413d1def1bcfe4fac1707cca38bc0f - Path: Assets/IUH_Campus/Editor/IUHGameSystemsAutomation.cs - Importer: ScriptedImporter/UnityEditor.QuickSearchModule:UnityEditor.Search:ASIAI0B
Importing 'GUID: 79413d1def1bcfe4fac1707cca38bc0f - Path: Assets/IUH_Campus/Editor/IUHGameSystemsAutomation.cs - Importer: ScriptedImporter/UnityEditor.QuickSearchModule:UnityEditor.Search:ASIAI0B' with importer (ScriptedImporter : UnityEditor.QuickSearchModule:UnityEditor.Search:ASIAI0B)
Imported 'GUID: 79413d1def1bcfe4fac1707cca38bc0f' -> (Import Result ID: '7d72e1b27c5623e28b495d3e99f32326') in 0.003 seconds [static and dynamic dependencies]. Details - ImportResultOutputID=92a98750f2396b5e1da72a9cb6d22ecd DependenciesID=e90ad8bfb5a9682a92e53365a117b745 StaticDependenciesID=26a922db2a7a614f5b4dde240dbc39e6 
Number of updated asset objects reloaded before import = 0
Number of asset objects unloaded after import = 0
========================================================================
Received Import Request.
  Time of request: 2026-09-06T07:35:10.5926838Z
  Time since last request: 0.0004237 seconds.
  importAddress: GUID: 1354a018c33670b478bff0431cc4e112 - Path: Assets/IUH_Campus/Screenshots/screenshot_system_07_save_load.png - Importer: ScriptedImporter/UnityEditor.QuickSearchModule:UnityEditor.Search:ASIAI0B
Importing 'GUID: 1354a018c33670b478bff0431cc4e112 - Path: Assets/IUH_Campus/Screenshots/screenshot_system_07_save_load.png - Importer: ScriptedImporter/UnityEditor.QuickSearchModule:UnityEditor.Search:ASIAI0B' with importer (ScriptedImporter : UnityEditor.QuickSearchModule:UnityEditor.Search:ASIAI0B)
Imported 'GUID: 1354a018c33670b478bff0431cc4e112' -> (Import Result ID: 'ab90966ca5402c89f7ae192babde0852') in 0.018 seconds [static and dynamic dependencies]. Details - ImportResultOutputID=426fc8ae1c2972ee999f243f731bb3f3 DependenciesID=399c016e5c60d12e3bcb575b12cf4bc6 StaticDependenciesID=2aa539ca9ee643a6f835863a57a38546 
Number of updated asset objects reloaded before import = 0
Number of asset objects unloaded after import = 1
========================================================================
Received Import Request.
  Time of request: 2026-09-06T07:35:10.6199354Z
  Time since last request: 0.0004585 seconds.
  importAddress: GUID: a8e4d3203d90804419ede800b07f124a - Path: Assets/IUH_Campus/Scripts/NPC/NPCIdentity.cs - Importer: ScriptedImporter/UnityEditor.QuickSearchModule:UnityEditor.Search:ASIAI0B
Importing 'GUID: a8e4d3203d90804419ede800b07f124a - Path: Assets/IUH_Campus/Scripts/NPC/NPCIdentity.cs - Importer: ScriptedImporter/UnityEditor.QuickSearchModule:UnityEditor.Search:ASIAI0B' with importer (ScriptedImporter : UnityEditor.QuickSearchModule:UnityEditor.Search:ASIAI0B)
Imported 'GUID: a8e4d3203d90804419ede800b07f124a' -> (Import Result ID: '057009daad3e235fe1c866363a1e11a7') in 0.003 seconds [static and dynamic dependencies]. Details - ImportResultOutputID=d7084ebfdab9b08c84784ee4c359badb DependenciesID=daa8b50cefcee595bbdb8278e83938b0 StaticDependenciesID=579e8d3deaeb1181889c58d1e469b792 
Number of updated asset objects reloaded before import = 0
Number of asset objects unloaded after import = 0
========================================================================
Received Import Request.
  Time of request: 2026-09-06T07:35:10.6330228Z
  Time since last request: 0.0006315 seconds.
  importAddress: GUID: dfe4a733523d29d45abc682ad125c695 - Path: Assets/IUH_Campus/Screenshots/screenshot_system_04_npc_walking.png - Importer: ScriptedImporter/UnityEditor.QuickSearchModule:UnityEditor.Search:ASIAI0B
Importing 'GUID: dfe4a733523d29d45abc682ad125c695 - Path: Assets/IUH_Campus/Screenshots/screenshot_system_04_npc_walking.png - Importer: ScriptedImporter/UnityEditor.QuickSearchModule:UnityEditor.Search:ASIAI0B' with importer (ScriptedImporter : UnityEditor.QuickSearchModule:UnityEditor.Search:ASIAI0B)
Imported 'GUID: dfe4a733523d29d45abc682ad125c695' -> (Import Result ID: '3ff777b0300d6c0c9283be14d0dc15d4') in 0.018 seconds [static and dynamic dependencies]. Details - ImportResultOutputID=4edf2a05e95dac202d0430a9a3c69f76 DependenciesID=25c53ff01fc8c5fec103a7d8cd34b410 StaticDependenciesID=049c4034ecc068510a425465942ee366 
Number of updated asset objects reloaded before import = 0
Number of asset objects unloaded after import = 1
========================================================================
Received Import Request.
  Time of request: 2026-09-06T07:35:10.6608968Z
  Time since last request: 0.0003881 seconds.
  importAddress: GUID: 784403395ef5e024aa99dcc6792e594a - Path: Assets/IUH_Campus/Screenshots/screenshot_multifloor_10_stairwell_vertical.png - Importer: ScriptedImporter/UnityEditor.QuickSearchModule:UnityEditor.Search:ASIAI0B
Importing 'GUID: 784403395ef5e024aa99dcc6792e594a - Path: Assets/IUH_Campus/Screenshots/screenshot_multifloor_10_stairwell_vertical.png - Importer: ScriptedImporter/UnityEditor.QuickSearchModule:UnityEditor.Search:ASIAI0B' with importer (ScriptedImporter : UnityEditor.QuickSearchModule:UnityEditor.Search:ASIAI0B)
Imported 'GUID: 784403395ef5e024aa99dcc6792e594a' -> (Import Result ID: '3939a3680340582d0b1c8ec9114ef45c') in 0.019 seconds [static and dynamic dependencies]. Details - ImportResultOutputID=0b16f55ee4488c9972bf9015fd580155 DependenciesID=fa0c271ceeb3b1cf033f5d0359f517b3 StaticDependenciesID=14b986f9c0f2e651d0ce4579f2555832 
Number of updated asset objects reloaded before import = 0
Number of asset objects unloaded after import = 1
========================================================================
Received Import Request.
  Time of request: 2026-09-06T07:35:10.6884307Z
  Time since last request: 0.0003473 seconds.
  importAddress: GUID: 314fe041057bc8b4f9f1d185048e3990 - Path: Assets/IUH_Campus/Scripts/World/WorldState.cs - Importer: ScriptedImporter/UnityEditor.QuickSearchModule:UnityEditor.Search:ASIAI0B
Importing 'GUID: 314fe041057bc8b4f9f1d185048e3990 - Path: Assets/IUH_Campus/Scripts/World/WorldState.cs - Importer: ScriptedImporter/UnityEditor.QuickSearchModule:UnityEditor.Search:ASIAI0B' with importer (ScriptedImporter : UnityEditor.QuickSearchModule:UnityEditor.Search:ASIAI0B)
Imported 'GUID: 314fe041057bc8b4f9f1d185048e3990' -> (Import Result ID: 'd099575e0f74d286f1fa15e52f3c4606') in 0.004 seconds [static and dynamic dependencies]. Details - ImportResultOutputID=e72600336619cf1557876caa76f5a6a1 DependenciesID=738d59b9cfa48b30756581e2f4deb7db StaticDependenciesID=12306005730eb3627f64ba80b84d9688 
Number of updated asset objects reloaded before import = 0
Number of asset objects unloaded after import = 0
========================================================================
Received Import Request.
  Time of request: 2026-09-06T07:35:10.7011767Z
  Time since last request: 0.0003903 seconds.
  importAddress: GUID: be8f378aea59fef44901fd4a66666067 - Path: Assets/IUH_Campus/Scripts/Save/SaveSystem.cs - Importer: ScriptedImporter/UnityEditor.QuickSearchModule:UnityEditor.Search:ASIAI0B
Importing 'GUID: be8f378aea59fef44901fd4a66666067 - Path: Assets/IUH_Campus/Scripts/Save/SaveSystem.cs - Importer: ScriptedImporter/UnityEditor.QuickSearchModule:UnityEditor.Search:ASIAI0B' with importer (ScriptedImporter : UnityEditor.QuickSearchModule:UnityEditor.Search:ASIAI0B)
Imported 'GUID: be8f378aea59fef44901fd4a66666067' -> (Import Result ID: '5df5744212946b943a3ad192b995a614') in 0.003 seconds [static and dynamic dependencies]. Details - ImportResultOutputID=c7ec8a9366ea05ba43542e46cba036e1 DependenciesID=d53d7188a0d59b8c3693214b511bbb68 StaticDependenciesID=c5e63ee95fb2bd270ee3eee2aace04b6 
Number of updated asset objects reloaded before import = 0
Number of asset objects unloaded after import = 0
========================================================================
Received Import Request.
  Time of request: 2026-09-06T07:35:10.7138231Z
  Time since last request: 0.0003409 seconds.
  importAddress: GUID: e258f16fcf23eae4ebb03a3bd3ff3188 - Path: Assets/IUH_Campus/Scripts/Interaction - Importer: ScriptedImporter/UnityEditor.QuickSearchModule:UnityEditor.Search:ASIAI0B
Importing 'GUID: e258f16fcf23eae4ebb03a3bd3ff3188 - Path: Assets/IUH_Campus/Scripts/Interaction - Importer: ScriptedImporter/UnityEditor.QuickSearchModule:UnityEditor.Search:ASIAI0B' with importer (ScriptedImporter : UnityEditor.QuickSearchModule:UnityEditor.Search:ASIAI0B)
Imported 'GUID: e258f16fcf23eae4ebb03a3bd3ff3188' -> (Import Result ID: '1ec04e9712ec9fd819fac90a284c09e6') in 0.003 seconds [static and dynamic dependencies]. Details - ImportResultOutputID=c3869bce2b87596847000573a6a57762 DependenciesID=be59db8a4cd35d9a314617c68be7f3af StaticDependenciesID=c5057ff9e62d300047e95d4b03ae126d 
Number of updated asset objects reloaded before import = 0
Number of asset objects unloaded after import = 1
========================================================================
Received Import Request.
  Time of request: 2026-09-06T07:35:10.7266843Z
  Time since last request: 0.0003553 seconds.
  importAddress: GUID: 6960a760cc3cae74eaf89625c3859c83 - Path: Assets/IUH_Campus/Scripts/World/SurfaceIdentifier.cs - Importer: ScriptedImporter/UnityEditor.QuickSearchModule:UnityEditor.Search:ASIAI0B
Importing 'GUID: 6960a760cc3cae74eaf89625c3859c83 - Path: Assets/IUH_Campus/Scripts/World/SurfaceIdentifier.cs - Importer: ScriptedImporter/UnityEditor.QuickSearchModule:UnityEditor.Search:ASIAI0B' with importer (ScriptedImporter : UnityEditor.QuickSearchModule:UnityEditor.Search:ASIAI0B)
Imported 'GUID: 6960a760cc3cae74eaf89625c3859c83' -> (Import Result ID: '51db1b183e59dd071f04970ce8ec9eed') in 0.004 seconds [static and dynamic dependencies]. Details - ImportResultOutputID=7812ee108295cd46439bf708012adf6a DependenciesID=03182711f25c3763ae7d26dd8cde8fdc StaticDependenciesID=b3870cc03dccc759664446445be72731 
Number of updated asset objects reloaded before import = 0
Number of asset objects unloaded after import = 0
========================================================================
Received Import Request.
  Time of request: 2026-09-06T07:35:10.7402576Z
  Time since last request: 0.0004359 seconds.
  importAddress: GUID: 92517d5cabb0bc94fa00bf69ef2b6805 - Path: Assets/IUH_Campus/Screenshots/screenshot_multifloor_08_floor_3_overview.png - Importer: ScriptedImporter/UnityEditor.QuickSearchModule:UnityEditor.Search:ASIAI0B
Importing 'GUID: 92517d5cabb0bc94fa00bf69ef2b6805 - Path: Assets/IUH_Campus/Screenshots/screenshot_multifloor_08_floor_3_overview.png - Importer: ScriptedImporter/UnityEditor.QuickSearchModule:UnityEditor.Search:ASIAI0B' with importer (ScriptedImporter : UnityEditor.QuickSearchModule:UnityEditor.Search:ASIAI0B)
Imported 'GUID: 92517d5cabb0bc94fa00bf69ef2b6805' -> (Import Result ID: 'e55db11bf2688907d2dbcf05ef7c5b77') in 0.021 seconds [static and dynamic dependencies]. Details - ImportResultOutputID=0d9a2bee382782ff9c2e9407c67cb297 DependenciesID=fad5cdb819fec043792d0f5ecbdbaa45 StaticDependenciesID=f5881d3142e48cfdf8458b2df4945885 
Number of updated asset objects reloaded before import = 0
Number of asset objects unloaded after import = 1
========================================================================
Received Import Request.
  Time of request: 2026-09-06T07:35:10.7697821Z
  Time since last request: 0.0004708 seconds.
  importAddress: GUID: 3051e574785a025429c46245e498e415 - Path: Assets/IUH_Campus/Scripts/Save - Importer: ScriptedImporter/UnityEditor.QuickSearchModule:UnityEditor.Search:ASIAI0B
Importing 'GUID: 3051e574785a025429c46245e498e415 - Path: Assets/IUH_Campus/Scripts/Save - Importer: ScriptedImporter/UnityEditor.QuickSearchModule:UnityEditor.Search:ASIAI0B' with importer (ScriptedImporter : UnityEditor.QuickSearchModule:UnityEditor.Search:ASIAI0B)
Imported 'GUID: 3051e574785a025429c46245e498e415' -> (Import Result ID: '1db8e2a3411778cca7f960f917dae689') in 0.003 seconds [static and dynamic dependencies]. Details - ImportResultOutputID=91bda7d19a01ea0b53ac3e805b7f2e22 DependenciesID=a4b643e1aef4e4d8b9df98407b7e167e StaticDependenciesID=4bd660a8de27848e43cec1b8d1c81172 
Number of updated asset objects reloaded before import = 0
Number of asset objects unloaded after import = 1
========================================================================
Received Import Request.
  Time of request: 2026-09-06T07:35:10.7843715Z
  Time since last request: 0.0003956 seconds.
  importAddress: GUID: 7cd1d36db64ad6549a661ff2a2490d9f - Path: Assets/IUH_Campus/Screenshots/screenshot_system_02_computer.png - Importer: ScriptedImporter/UnityEditor.QuickSearchModule:UnityEditor.Search:ASIAI0B
Importing 'GUID: 7cd1d36db64ad6549a661ff2a2490d9f - Path: Assets/IUH_Campus/Screenshots/screenshot_system_02_computer.png - Importer: ScriptedImporter/UnityEditor.QuickSearchModule:UnityEditor.Search:ASIAI0B' with importer (ScriptedImporter : UnityEditor.QuickSearchModule:UnityEditor.Search:ASIAI0B)
Imported 'GUID: 7cd1d36db64ad6549a661ff2a2490d9f' -> (Import Result ID: '328d81206a1ccf624abc95aa6a2360cc') in 0.018 seconds [static and dynamic dependencies]. Details - ImportResultOutputID=36c689d3036fd4dbc16e6f2ddaebaad0 DependenciesID=bf54f111b7d73cf5f446a2f433eed823 StaticDependenciesID=8ee8e8863cac5dc1c29914aa7737c615 
Number of updated asset objects reloaded before import = 0
Number of asset objects unloaded after import = 1
Curl error 7: Failed to connect to config.uca.cloud.unity3d.com port 443 after 2256 ms: Could not connect to server
========================================================================
Received Import Request.
  Time of request: 2026-09-06T07:35:36.7806263Z
  Time since last request: 25.9680469 seconds.
  importAddress: GUID: 7a74444f33ce13943b878d15d60316ec - Path: Assets/IUH_Campus/Prefabs/Bench.prefab - Importer: PreviewImporter
Importing 'GUID: 7a74444f33ce13943b878d15d60316ec - Path: Assets/IUH_Campus/Prefabs/Bench.prefab - Importer: PreviewImporter' with importer (PreviewImporter)
Imported 'GUID: 7a74444f33ce13943b878d15d60316ec' -> (Import Result ID: '95332af103a56d91cb9eca9e92174b26') in 0.436 seconds [static and dynamic dependencies]. Details - ImportResultOutputID=337f5d3412bae85d9cace91726d93e97 DependenciesID=d502c68c99a65a932cc29474acac9686 StaticDependenciesID=971ff77f782e82e07c9e6fc94a59fba8 
Number of updated asset objects reloaded before import = 0
Number of asset objects unloaded after import = 30
========================================================================
Received Import Request.
  Time of request: 2026-09-06T07:35:37.2290421Z
  Time since last request: 0.0000284 seconds.
  importAddress: GUID: 38f645bb44503204d9f120d22f277edf - Path: Assets/IUH_Campus/Prefabs/Motorcycle.prefab - Importer: PreviewImporter
Importing 'GUID: 38f645bb44503204d9f120d22f277edf - Path: Assets/IUH_Campus/Prefabs/Motorcycle.prefab - Importer: PreviewImporter' with importer (PreviewImporter)
Imported 'GUID: 38f645bb44503204d9f120d22f277edf' -> (Import Result ID: 'af9123606cdbd505bd3f1d1807a61b45') in 0.014 seconds [static and dynamic dependencies]. Details - ImportResultOutputID=36feea5d927efc04fc972cadaab4304b DependenciesID=7fb1db6f67c6094abd6ffdd15a9a128d StaticDependenciesID=69eca174e9d95b82335d2c810acfd1b6 
Number of updated asset objects reloaded before import = 0
Number of asset objects unloaded after import = 46
========================================================================
Received Import Request.
  Time of request: 2026-09-06T07:35:37.2528715Z
  Time since last request: 0.0003241 seconds.
  importAddress: GUID: 655c69b34a7becc489aafb124618438b - Path: Assets/IUH_Campus/Prefabs/Door.prefab - Importer: PreviewImporter
Importing 'GUID: 655c69b34a7becc489aafb124618438b - Path: Assets/IUH_Campus/Prefabs/Door.prefab - Importer: PreviewImporter' with importer (PreviewImporter)
Imported 'GUID: 655c69b34a7becc489aafb124618438b' -> (Import Result ID: '7b25fb8e2e61a8b2451d212902834aab') in 0.031 seconds [static and dynamic dependencies]. Details - ImportResultOutputID=3d63782595b9e7e9b3329a3a02133cd0 DependenciesID=4fdaf876413048f0895416a171bb219b StaticDependenciesID=c74519793a6620ffa564f591d367d527 
Number of updated asset objects reloaded before import = 0
Number of asset objects unloaded after import = 41
========================================================================
Received Import Request.
  Time of request: 2026-09-06T07:35:37.2946202Z
  Time since last request: 0.0003511 seconds.
  importAddress: GUID: 85366490ed6168f4d8c9a34bb60e8a51 - Path: Assets/IUH_Campus/Prefabs/TrashBin.prefab - Importer: PreviewImporter
Importing 'GUID: 85366490ed6168f4d8c9a34bb60e8a51 - Path: Assets/IUH_Campus/Prefabs/TrashBin.prefab - Importer: PreviewImporter' with importer (PreviewImporter)
Imported 'GUID: 85366490ed6168f4d8c9a34bb60e8a51' -> (Import Result ID: '0cd592e95d6b8b9f4503ca643abbc496') in 0.018 seconds [static and dynamic dependencies]. Details - ImportResultOutputID=bccb68746584faba689f942e10fcb6a5 DependenciesID=343c75b5f4d18532fc3932c541875520 StaticDependenciesID=8250ccd8a632acf3ba55f338df870bfb 
Number of updated asset objects reloaded before import = 0
Number of asset objects unloaded after import = 33
========================================================================
Received Import Request.
  Time of request: 2026-09-06T07:35:37.3223829Z
  Time since last request: 0.0001735 seconds.
  importAddress: GUID: 6bbe4a3132b5cb24c9d46038b8fab54d - Path: Assets/IUH_Campus/Prefabs/Sign.prefab - Importer: PreviewImporter
Importing 'GUID: 6bbe4a3132b5cb24c9d46038b8fab54d - Path: Assets/IUH_Campus/Prefabs/Sign.prefab - Importer: PreviewImporter' with importer (PreviewImporter)
Imported 'GUID: 6bbe4a3132b5cb24c9d46038b8fab54d' -> (Import Result ID: 'acafc31c55e9cb4c16427d023f01ff2d') in 0.015 seconds [static and dynamic dependencies]. Details - ImportResultOutputID=591727b8aa78e75004127fefaf6003f8 DependenciesID=cee6b52b4e2254ba76ff195321bf3453 StaticDependenciesID=45c29df8afd72b3c68be13329fbd7c26 
Number of updated asset objects reloaded before import = 0
Number of asset objects unloaded after import = 30
========================================================================
Received Import Request.
  Time of request: 2026-09-06T07:35:40.8019803Z
  Time since last request: 3.4552182 seconds.
  importAddress: GUID: 00de7c90271c47f4a99c634753bf48f0 - Path: Assets/IUH_Campus/Materials/M_IUH_AC_Unit.mat - Importer: PreviewImporter
Importing 'GUID: 00de7c90271c47f4a99c634753bf48f0 - Path: Assets/IUH_Campus/Materials/M_IUH_AC_Unit.mat - Importer: PreviewImporter' with importer (PreviewImporter)
Imported 'GUID: 00de7c90271c47f4a99c634753bf48f0' -> (Import Result ID: 'b070a1fbd064cc954322bb18774b3fae') in 0.029 seconds [static and dynamic dependencies]. Details - ImportResultOutputID=942564bfb851acb788045a46202a2472 DependenciesID=78333efcd1372156e11910b8ba353ef4 StaticDependenciesID=e6d8e71c8ca5d5853dbd61628b8de2ac 
Number of updated asset objects reloaded before import = 0
Number of asset objects unloaded after import = 2
========================================================================
Received Import Request.
  Time of request: 2026-09-06T07:35:40.8410193Z
  Time since last request: 0.0000321 seconds.
  importAddress: GUID: 0b39055da1f577949a5e0db5cf685bea - Path: Assets/IUH_Campus/Materials/M_IUH_Avatar_Skin.mat - Importer: PreviewImporter
Importing 'GUID: 0b39055da1f577949a5e0db5cf685bea - Path: Assets/IUH_Campus/Materials/M_IUH_Avatar_Skin.mat - Importer: PreviewImporter' with importer (PreviewImporter)
Imported 'GUID: 0b39055da1f577949a5e0db5cf685bea' -> (Import Result ID: '8fea82176ad3bdb54cbb64f39d884f33') in 0.011 seconds [static and dynamic dependencies]. Details - ImportResultOutputID=a3b39ae71e07fadfe9966aab791ae89e DependenciesID=d479f639b09000ce62717439e31311cd StaticDependenciesID=090e97515c6c8ad205119cf1483e6b31 
Number of updated asset objects reloaded before import = 0
Number of asset objects unloaded after import = 2
========================================================================
Received Import Request.
  Time of request: 2026-09-06T07:35:40.8617945Z
  Time since last request: 0.0003945 seconds.
  importAddress: GUID: ef4929bddde95904ab43e4fbe2cba24a - Path: Assets/IUH_Campus/Materials/M_IUH_Int_CeilingGrid.mat - Importer: PreviewImporter
Importing 'GUID: ef4929bddde95904ab43e4fbe2cba24a - Path: Assets/IUH_Campus/Materials/M_IUH_Int_CeilingGrid.mat - Importer: PreviewImporter' with importer (PreviewImporter)
Imported 'GUID: ef4929bddde95904ab43e4fbe2cba24a' -> (Import Result ID: '2a9d2ba3f23a04b057d550abb3e0edde') in 0.011 seconds [static and dynamic dependencies]. Details - ImportResultOutputID=0c597130f65a4531514320c74a878aca DependenciesID=f15ab86856f2dfd41f260029bc3f6f1b StaticDependenciesID=0fd9024ac844e973b469560d64725dcb 
Number of updated asset objects reloaded before import = 0
Number of asset objects unloaded after import = 3
========================================================================
Received Import Request.
  Time of request: 2026-09-06T07:35:40.8825448Z
  Time since last request: 0.0005321 seconds.
  importAddress: GUID: 6c2a358309a77b14c8e27d34aaaf8344 - Path: Assets/IUH_Campus/Materials/M_IUH_Int_PerforatedMetal.mat - Importer: PreviewImporter
Importing 'GUID: 6c2a358309a77b14c8e27d34aaaf8344 - Path: Assets/IUH_Campus/Materials/M_IUH_Int_PerforatedMetal.mat - Importer: PreviewImporter' with importer (PreviewImporter)
Imported 'GUID: 6c2a358309a77b14c8e27d34aaaf8344' -> (Import Result ID: '645d6ba64289aa8411ce83cc9c7a866c') in 0.016 seconds [static and dynamic dependencies]. Details - ImportResultOutputID=f27463e8746a1bedeb2e081612bb2784 DependenciesID=b11ceabfd8d8a1d3de80cc3c5b19a18f StaticDependenciesID=7d72466fd3e95328e580cd2fa533222e 
Number of updated asset objects reloaded before import = 0
Number of asset objects unloaded after import = 3
========================================================================
Received Import Request.
  Time of request: 2026-09-06T07:35:40.9076969Z
  Time since last request: 0.0002964 seconds.
  importAddress: GUID: 2ef8730cfda7a4968ba60d747f7373d4 - Path: Assets/IUH_Campus/Materials/M_IUH_Gate_EventFlag.mat - Importer: PreviewImporter
Importing 'GUID: 2ef8730cfda7a4968ba60d747f7373d4 - Path: Assets/IUH_Campus/Materials/M_IUH_Gate_EventFlag.mat - Importer: PreviewImporter' with importer (PreviewImporter)
Imported 'GUID: 2ef8730cfda7a4968ba60d747f7373d4' -> (Import Result ID: 'c9ded72bbd8920a82c08a8d751786eca') in 0.017 seconds [static and dynamic dependencies]. Details - ImportResultOutputID=660b239818ed532d66d6f80129c1ccba DependenciesID=2c3db1ddb1c730ea22b33fcc0f86bec1 StaticDependenciesID=5243e2d3150e9fc3e612ef254b10fca2 
Number of updated asset objects reloaded before import = 0
Number of asset objects unloaded after import = 2
========================================================================
Received Import Request.
  Time of request: 2026-09-06T07:35:40.933123Z
  Time since last request: 0.0003738 seconds.
  importAddress: GUID: b1d1153118572423d8663c1fcb9bea50 - Path: Assets/IUH_Campus/Materials/M_IUH_Concrete_Ground.mat - Importer: PreviewImporter
Importing 'GUID: b1d1153118572423d8663c1fcb9bea50 - Path: Assets/IUH_Campus/Materials/M_IUH_Concrete_Ground.mat - Importer: PreviewImporter' with importer (PreviewImporter)
Imported 'GUID: b1d1153118572423d8663c1fcb9bea50' -> (Import Result ID: '1421dcee8197af2f90833eb03b268f71') in 0.017 seconds [static and dynamic dependencies]. Details - ImportResultOutputID=9b375e5604ebae27a00b81d4ad8121fb DependenciesID=302621171fa85c7eb8b211ad448f05b5 StaticDependenciesID=27b207811aa571e5a3558b898a163ff1 
Number of updated asset objects reloaded before import = 0
Number of asset objects unloaded after import = 3
========================================================================
Received Import Request.
  Time of request: 2026-09-06T07:35:40.9601954Z
  Time since last request: 0.0005091 seconds.
  importAddress: GUID: f7416732910e547d2b09d70ac72d7447 - Path: Assets/IUH_Campus/Materials/M_IUH_Gate_GoldText.mat - Importer: PreviewImporter
Importing 'GUID: f7416732910e547d2b09d70ac72d7447 - Path: Assets/IUH_Campus/Materials/M_IUH_Gate_GoldText.mat - Importer: PreviewImporter' with importer (PreviewImporter)
Imported 'GUID: f7416732910e547d2b09d70ac72d7447' -> (Import Result ID: '86e95e5c325264a86ce1b4a4a29bdf75') in 0.021 seconds [static and dynamic dependencies]. Details - ImportResultOutputID=678d597a4a69fb54f34b63311af3ab9e DependenciesID=df4ba062474f6f42a8aa603d59293790 StaticDependenciesID=a601b52d9d8a472c09ce199aa40c1f82 
Number of updated asset objects reloaded before import = 0
Number of asset objects unloaded after import = 2
========================================================================
Received Import Request.
  Time of request: 2026-09-06T07:35:40.9896514Z
  Time since last request: 0.0003736 seconds.
  importAddress: GUID: 5e97dc74ae403ef4798ec0e38ccd84e8 - Path: Assets/IUH_Campus/Materials/M_IUH_Fire_Extinguisher.mat - Importer: PreviewImporter
Importing 'GUID: 5e97dc74ae403ef4798ec0e38ccd84e8 - Path: Assets/IUH_Campus/Materials/M_IUH_Fire_Extinguisher.mat - Importer: PreviewImporter' with importer (PreviewImporter)
Imported 'GUID: 5e97dc74ae403ef4798ec0e38ccd84e8' -> (Import Result ID: '19dfef6e847a27c58ce52c7b939fde81') in 0.015 seconds [static and dynamic dependencies]. Details - ImportResultOutputID=ae66cbdeff3d7b7964a3fb7ff1c22dd2 DependenciesID=4c21431f430072411548e959810dcdc7 StaticDependenciesID=e1740686ac19ba7f973feaaafa72b755 
Number of updated asset objects reloaded before import = 0
Number of asset objects unloaded after import = 3
========================================================================
Received Import Request.
  Time of request: 2026-09-06T07:35:41.0151167Z
  Time since last request: 0.0006374 seconds.
  importAddress: GUID: 3d37edfe9d152c6479094aee76b613ba - Path: Assets/IUH_Campus/Materials/M_IUH_Int_BlackMarble.mat - Importer: PreviewImporter
Importing 'GUID: 3d37edfe9d152c6479094aee76b613ba - Path: Assets/IUH_Campus/Materials/M_IUH_Int_BlackMarble.mat - Importer: PreviewImporter' with importer (PreviewImporter)
Imported 'GUID: 3d37edfe9d152c6479094aee76b613ba' -> (Import Result ID: '861c7f1b0e5fa799a0b20e11b2636538') in 0.016 seconds [static and dynamic dependencies]. Details - ImportResultOutputID=6a78a16323dc40df16f46ba6f83cdeed DependenciesID=2b106de24b5ae8dbc41446145295c64e StaticDependenciesID=0ad47ba6071876f55f2769e145945d52 
Number of updated asset objects reloaded before import = 0
Number of asset objects unloaded after import = 3
========================================================================
Received Import Request.
  Time of request: 2026-09-06T07:35:41.0431143Z
  Time since last request: 0.0005215 seconds.
  importAddress: GUID: f0b8ccb341e047d4c90ecd7baa8f5b82 - Path: Assets/IUH_Campus/Materials/M_IUH_Int_MatteWhite.mat - Importer: PreviewImporter
Importing 'GUID: f0b8ccb341e047d4c90ecd7baa8f5b82 - Path: Assets/IUH_Campus/Materials/M_IUH_Int_MatteWhite.mat - Importer: PreviewImporter' with importer (PreviewImporter)
Imported 'GUID: f0b8ccb341e047d4c90ecd7baa8f5b82' -> (Import Result ID: '3db346f710ce17bb9843bae3f9767f53') in 0.017 seconds [static and dynamic dependencies]. Details - ImportResultOutputID=a79aeb81a0ae30b30d42506dfa9b6d78 DependenciesID=68e55d0352f081fe1828eaf9fbed3b34 StaticDependenciesID=8b7a46dbac56d2345b6723b9582cdba8 
Number of updated asset objects reloaded before import = 0
Number of asset objects unloaded after import = 2
========================================================================
Received Import Request.
  Time of request: 2026-09-06T07:35:41.0690053Z
  Time since last request: 0.0003892 seconds.
  importAddress: GUID: bab236dc0a51bfc4e9a2fbff32cbed4e - Path: Assets/IUH_Campus/Materials/M_IUH_Avatar_Jacket.mat - Importer: PreviewImporter
Importing 'GUID: bab236dc0a51bfc4e9a2fbff32cbed4e - Path: Assets/IUH_Campus/Materials/M_IUH_Avatar_Jacket.mat - Importer: PreviewImporter' with importer (PreviewImporter)
Imported 'GUID: bab236dc0a51bfc4e9a2fbff32cbed4e' -> (Import Result ID: '900924c93ae94a435d9b7c927d0a3ac1') in 0.021 seconds [static and dynamic dependencies]. Details - ImportResultOutputID=2ead6581a41a9ff62bf70284e9797970 DependenciesID=a9bfa2676b111283b47ae644fdf86cc6 StaticDependenciesID=5ced24d54a892f8bad7ac0447621807c 
Number of updated asset objects reloaded before import = 0
Number of asset objects unloaded after import = 2
========================================================================
Received Import Request.
  Time of request: 2026-09-06T07:35:41.0991822Z
  Time since last request: 0.0005038 seconds.
  importAddress: GUID: 1d0ec78080c4e384aa01aeb01ada8614 - Path: Assets/IUH_Campus/Materials/M_IUH_I_Roof.mat - Importer: PreviewImporter
Importing 'GUID: 1d0ec78080c4e384aa01aeb01ada8614 - Path: Assets/IUH_Campus/Materials/M_IUH_I_Roof.mat - Importer: PreviewImporter' with importer (PreviewImporter)
Imported 'GUID: 1d0ec78080c4e384aa01aeb01ada8614' -> (Import Result ID: 'aad2938762c3eb36de36084311e9adb7') in 0.023 seconds [static and dynamic dependencies]. Details - ImportResultOutputID=90b53e6d5f7c65ffc28b3092e32c7020 DependenciesID=cdaeb1eff70870c98afcb92c8c1ebb1d StaticDependenciesID=471b2dbfbfe1aa582a72f8ae536c3499 
Number of updated asset objects reloaded before import = 0
Number of asset objects unloaded after import = 2
========================================================================
Received Import Request.
  Time of request: 2026-09-06T07:35:41.1306697Z
  Time since last request: 0.000502 seconds.
  importAddress: GUID: 2722dc147ae3744be9d99956df5c1aed - Path: Assets/IUH_Campus/Materials/M_IUH_Flag_IUH.mat - Importer: PreviewImporter
Importing 'GUID: 2722dc147ae3744be9d99956df5c1aed - Path: Assets/IUH_Campus/Materials/M_IUH_Flag_IUH.mat - Importer: PreviewImporter' with importer (PreviewImporter)
Imported 'GUID: 2722dc147ae3744be9d99956df5c1aed' -> (Import Result ID: '46c44c2a01cde1bcac24725626b45f1c') in 0.012 seconds [static and dynamic dependencies]. Details - ImportResultOutputID=eeb12659de80b3a1e82c7f0bb13a6742 DependenciesID=6e9b416e19193bf62782bca17bf4e0ee StaticDependenciesID=563ccd88bc4e1dc7705e13915bab9d36 
Number of updated asset objects reloaded before import = 0
Number of asset objects unloaded after import = 3
========================================================================
Received Import Request.
  Time of request: 2026-09-06T07:35:41.1507562Z
  Time since last request: 0.0003842 seconds.
  importAddress: GUID: d95d1a67e52a9f54680248605830277b - Path: Assets/IUH_Campus/Materials/M_IUH_Int_Chrome.mat - Importer: PreviewImporter
Importing 'GUID: d95d1a67e52a9f54680248605830277b - Path: Assets/IUH_Campus/Materials/M_IUH_Int_Chrome.mat - Importer: PreviewImporter' with importer (PreviewImporter)
Imported 'GUID: d95d1a67e52a9f54680248605830277b' -> (Import Result ID: '8d4ddfb9a873aa9f450bcd0413fecf39') in 0.013 seconds [static and dynamic dependencies]. Details - ImportResultOutputID=12196bb14b6ec80a43d3ef6aff162834 DependenciesID=c87653ed65a650bcd5577c21ada7796d StaticDependenciesID=f170411291724a24bcaf4f7ce320250c 
Number of updated asset objects reloaded before import = 0
Number of asset objects unloaded after import = 2
========================================================================
Received Import Request.
  Time of request: 2026-09-06T07:35:41.1727515Z
  Time since last request: 0.0002964 seconds.
  importAddress: GUID: c8a8f82f824f6457a9a8b828dcd52df1 - Path: Assets/IUH_Campus/Materials/M_IUH_Academic_TopSign.mat - Importer: PreviewImporter
Importing 'GUID: c8a8f82f824f6457a9a8b828dcd52df1 - Path: Assets/IUH_Campus/Materials/M_IUH_Academic_TopSign.mat - Importer: PreviewImporter' with importer (PreviewImporter)
Imported 'GUID: c8a8f82f824f6457a9a8b828dcd52df1' -> (Import Result ID: '0edb59ff83de243a2ebc8455fe6b18ba') in 0.015 seconds [static and dynamic dependencies]. Details - ImportResultOutputID=e7eec86e2f96550bfd538a3bb53ee4ab DependenciesID=dda24f3dd4003c9f829f709103dc1010 StaticDependenciesID=3b4aee96aefcf07f25da0e1b70c29ff1 
Number of updated asset objects reloaded before import = 0
Number of asset objects unloaded after import = 3
========================================================================
Received Import Request.
  Time of request: 2026-09-06T07:35:41.1964319Z
  Time since last request: 0.0003024 seconds.
  importAddress: GUID: 29db9575f02d7604b82b3be4c7fc0e00 - Path: Assets/IUH_Campus/Materials/M_IUH_G_Railings.mat - Importer: PreviewImporter
Importing 'GUID: 29db9575f02d7604b82b3be4c7fc0e00 - Path: Assets/IUH_Campus/Materials/M_IUH_G_Railings.mat - Importer: PreviewImporter' with importer (PreviewImporter)
Imported 'GUID: 29db9575f02d7604b82b3be4c7fc0e00' -> (Import Result ID: '7cd066f23786b3a718e5309cd90c9e00') in 0.009 seconds [static and dynamic dependencies]. Details - ImportResultOutputID=c0db0795a81fdc2b9383eb2ead9336ed DependenciesID=cf4bed5658c37eccc19ef3dffc22e850 StaticDependenciesID=1afec6f64bebe863c0eda80e9bd1f137 
Number of updated asset objects reloaded before import = 0
Number of asset objects unloaded after import = 2
========================================================================
Received Import Request.
  Time of request: 2026-09-06T07:35:41.2143688Z
  Time since last request: 0.0003243 seconds.
  importAddress: GUID: eeb145085172a422a8e70e521259e008 - Path: Assets/IUH_Campus/Materials/M_IUH_Gate_WelcomeBanner.mat - Importer: PreviewImporter
Importing 'GUID: eeb145085172a422a8e70e521259e008 - Path: Assets/IUH_Campus/Materials/M_IUH_Gate_WelcomeBanner.mat - Importer: PreviewImporter' with importer (PreviewImporter)
Imported 'GUID: eeb145085172a422a8e70e521259e008' -> (Import Result ID: '40811bf0349141f2b9c3c004a8873815') in 0.011 seconds [static and dynamic dependencies]. Details - ImportResultOutputID=813f62943ac75c600dbc9a4f6d47a2f3 DependenciesID=5aaa91cd3a4d5d97a6e49de9e7fbf8ba StaticDependenciesID=4de42bcb13f07b5c73394471d0614a24 
Number of updated asset objects reloaded before import = 0
Number of asset objects unloaded after import = 2
========================================================================
Received Import Request.
  Time of request: 2026-09-06T07:35:41.2357129Z
  Time since last request: 0.0004051 seconds.
  importAddress: GUID: 43c69962c59b9764cb372fd0d7b87679 - Path: Assets/IUH_Campus/Materials/M_IUH_Int_CyanSofa.mat - Importer: PreviewImporter
Importing 'GUID: 43c69962c59b9764cb372fd0d7b87679 - Path: Assets/IUH_Campus/Materials/M_IUH_Int_CyanSofa.mat - Importer: PreviewImporter' with importer (PreviewImporter)
Imported 'GUID: 43c69962c59b9764cb372fd0d7b87679' -> (Import Result ID: 'f975cf6ae97a88d5b0d514032471cd0f') in 0.009 seconds [static and dynamic dependencies]. Details - ImportResultOutputID=0271c172a02d854dbb66b480cd7b855d DependenciesID=50286ace1cf5eb08da444ed93d7d699b StaticDependenciesID=829b23932c351d2ac132c0bcc7452de2 
Number of updated asset objects reloaded before import = 0
Number of asset objects unloaded after import = 3
========================================================================
Received Import Request.
  Time of request: 2026-09-06T07:35:41.2550655Z
  Time since last request: 0.0008876 seconds.
  importAddress: GUID: d2f0d46a51f7f494b9dd3af80c09eb2b - Path: Assets/IUH_Campus/Materials/M_IUH_Int_Poster1.mat - Importer: PreviewImporter
Importing 'GUID: d2f0d46a51f7f494b9dd3af80c09eb2b - Path: Assets/IUH_Campus/Materials/M_IUH_Int_Poster1.mat - Importer: PreviewImporter' with importer (PreviewImporter)
Imported 'GUID: d2f0d46a51f7f494b9dd3af80c09eb2b' -> (Import Result ID: '3b053b568067de655487200dd56feb66') in 0.016 seconds [static and dynamic dependencies]. Details - ImportResultOutputID=2c46e50ec954952f53e8fc2031d08e9e DependenciesID=9c249c8482fda99e64a89156090cd167 StaticDependenciesID=2e8346aab6c1a517717e2612abec6022 
Number of updated asset objects reloaded before import = 0
Number of asset objects unloaded after import = 3
========================================================================
Received Import Request.
  Time of request: 2026-09-06T07:35:41.2820555Z
  Time since last request: 0.000537 seconds.
  importAddress: GUID: 244890a778e355e42a08c7458953e43e - Path: Assets/IUH_Campus/Materials/M_IUH_C_GreenGlass.mat - Importer: PreviewImporter
Importing 'GUID: 244890a778e355e42a08c7458953e43e - Path: Assets/IUH_Campus/Materials/M_IUH_C_GreenGlass.mat - Importer: PreviewImporter' with importer (PreviewImporter)
Imported 'GUID: 244890a778e355e42a08c7458953e43e' -> (Import Result ID: 'b86400526be53ebad5f8e34eacad670c') in 0.010 seconds [static and dynamic dependencies]. Details - ImportResultOutputID=430da2603e8071ea933de019f2e055a9 DependenciesID=fe72de878fba1044d4d742d9bd84af4d StaticDependenciesID=414e22c96ce3c5e0442634775a5a527d 
Number of updated asset objects reloaded before import = 0
Number of asset objects unloaded after import = 2
========================================================================
Received Import Request.
  Time of request: 2026-09-06T07:35:41.3001338Z
  Time since last request: 0.0003241 seconds.
  importAddress: GUID: 619b9a4d204ea31459d398a3737a72c3 - Path: Assets/IUH_Campus/Materials/M_IUH_Int_LightTile.mat - Importer: PreviewImporter
Importing 'GUID: 619b9a4d204ea31459d398a3737a72c3 - Path: Assets/IUH_Campus/Materials/M_IUH_Int_LightTile.mat - Importer: PreviewImporter' with importer (PreviewImporter)
Imported 'GUID: 619b9a4d204ea31459d398a3737a72c3' -> (Import Result ID: '914ed84459813203d25670854d80d635') in 0.012 seconds [static and dynamic dependencies]. Details - ImportResultOutputID=1a75fffea028a80d088f33e19885145c DependenciesID=bcb0ae072afc59f99ac24424de729805 StaticDependenciesID=2fa355a5c43dfb247df10faecc70a2db 
Number of updated asset objects reloaded before import = 0
Number of asset objects unloaded after import = 3
========================================================================
Received Import Request.
  Time of request: 2026-09-06T07:35:41.3221815Z
  Time since last request: 0.0004914 seconds.
  importAddress: GUID: 2060a7ba31478490c85a1c49019a6992 - Path: Assets/IUH_Campus/Materials/M_IUH_GreenGlass.mat - Importer: PreviewImporter
Importing 'GUID: 2060a7ba31478490c85a1c49019a6992 - Path: Assets/IUH_Campus/Materials/M_IUH_GreenGlass.mat - Importer: PreviewImporter' with importer (PreviewImporter)
Imported 'GUID: 2060a7ba31478490c85a1c49019a6992' -> (Import Result ID: '8bb7627e261746237e4ab5fcbbf6b1fc') in 0.009 seconds [static and dynamic dependencies]. Details - ImportResultOutputID=5d6c5221ba1924e7d76c1c1058bb94c7 DependenciesID=6175d05cfb016600b4db68f7c3b2a673 StaticDependenciesID=f8e2c51a992d952e3a712ac03a60e183 
Number of updated asset objects reloaded before import = 0
Number of asset objects unloaded after import = 2
========================================================================
Received Import Request.
  Time of request: 2026-09-06T07:35:41.3411129Z
  Time since last request: 0.0005705 seconds.
  importAddress: GUID: b6fab5cf78e734a8ca2fad43137f3dc3 - Path: Assets/IUH_Campus/Materials/M_IUH_Academic_DarkFrame.mat - Importer: PreviewImporter
Importing 'GUID: b6fab5cf78e734a8ca2fad43137f3dc3 - Path: Assets/IUH_Campus/Materials/M_IUH_Academic_DarkFrame.mat - Importer: PreviewImporter' with importer (PreviewImporter)
Imported 'GUID: b6fab5cf78e734a8ca2fad43137f3dc3' -> (Import Result ID: '58d55dea3d849afe4d81334723ef6105') in 0.017 seconds [static and dynamic dependencies]. Details - ImportResultOutputID=f44687e42ab50a5a9da218bcbb61d13a DependenciesID=fde4fc34c25c88883645c24d84bddddb StaticDependenciesID=89853a42dd86d38a50a09d65bc91e7bc 
Number of updated asset objects reloaded before import = 0
Number of asset objects unloaded after import = 2
========================================================================
Received Import Request.
  Time of request: 2026-09-06T07:35:41.3665447Z
  Time since last request: 0.0002272 seconds.
  importAddress: GUID: 22b5a5fa290684f1fbd0c9464bafda38 - Path: Assets/IUH_Campus/Materials/M_IUH_Academic_White.mat - Importer: PreviewImporter
Importing 'GUID: 22b5a5fa290684f1fbd0c9464bafda38 - Path: Assets/IUH_Campus/Materials/M_IUH_Academic_White.mat - Importer: PreviewImporter' with importer (PreviewImporter)
Imported 'GUID: 22b5a5fa290684f1fbd0c9464bafda38' -> (Import Result ID: '9c4c84bcfa41d36af7b13312ae520714') in 0.010 seconds [static and dynamic dependencies]. Details - ImportResultOutputID=0637dea0f5f61d2b3b7f0ecffdb43dc4 DependenciesID=4c237be8004e4d30db0f6f1f9bef73b2 StaticDependenciesID=561295adfb65adb43117246c537cd2f3 
Number of updated asset objects reloaded before import = 0
Number of asset objects unloaded after import = 2
========================================================================
Received Import Request.
  Time of request: 2026-09-06T07:35:41.3842226Z
  Time since last request: 0.0006457 seconds.
  importAddress: GUID: 5fc1a10c7f8124760b585687c6f0c51c - Path: Assets/IUH_Campus/Materials/M_IUH_Asphalt_Road.mat - Importer: PreviewImporter
Importing 'GUID: 5fc1a10c7f8124760b585687c6f0c51c - Path: Assets/IUH_Campus/Materials/M_IUH_Asphalt_Road.mat - Importer: PreviewImporter' with importer (PreviewImporter)
Imported 'GUID: 5fc1a10c7f8124760b585687c6f0c51c' -> (Import Result ID: 'c3cebc30e5f9cfddf64d484b97f10542') in 0.020 seconds [static and dynamic dependencies]. Details - ImportResultOutputID=c2d6bc02c808f22adea6e86e69a2ef78 DependenciesID=36187511e1a5b174abe666e82bb0cbc8 StaticDependenciesID=324dca280426fc83823057e6f449086a 
Number of updated asset objects reloaded before import = 0
Number of asset objects unloaded after import = 3
========================================================================
Received Import Request.
  Time of request: 2026-09-06T07:35:41.4150799Z
  Time since last request: 0.0002774 seconds.
  importAddress: GUID: 87724dcbc68b8984eb34a39a740260e9 - Path: Assets/IUH_Campus/Materials/M_IUH_I_Wall.mat - Importer: PreviewImporter
Importing 'GUID: 87724dcbc68b8984eb34a39a740260e9 - Path: Assets/IUH_Campus/Materials/M_IUH_I_Wall.mat - Importer: PreviewImporter' with importer (PreviewImporter)
Imported 'GUID: 87724dcbc68b8984eb34a39a740260e9' -> (Import Result ID: 'e27e474aab80b1c1d7d5ddcebc61f9e8') in 0.013 seconds [static and dynamic dependencies]. Details - ImportResultOutputID=3ab008fdc379673e7b242089665ee411 DependenciesID=02ab60764062f0251ef8e236af2eaf10 StaticDependenciesID=e12830fb9b161bf98e6972ae24bc6427 
Number of updated asset objects reloaded before import = 0
Number of asset objects unloaded after import = 3
========================================================================
Received Import Request.
  Time of request: 2026-09-06T07:35:41.437661Z
  Time since last request: 0.0002623 seconds.
  importAddress: GUID: beafd246d67ad4cbc83508911465b8d5 - Path: Assets/IUH_Campus/Materials/M_IUH_Academic_Concrete.mat - Importer: PreviewImporter
Importing 'GUID: beafd246d67ad4cbc83508911465b8d5 - Path: Assets/IUH_Campus/Materials/M_IUH_Academic_Concrete.mat - Importer: PreviewImporter' with importer (PreviewImporter)
Imported 'GUID: beafd246d67ad4cbc83508911465b8d5' -> (Import Result ID: '4f725066d9aedba0ea91b7dfef40c18c') in 0.012 seconds [static and dynamic dependencies]. Details - ImportResultOutputID=d64ba1170f36b965cf463559ed7e91ad DependenciesID=1d93ee205162a801337186b9f433f97d StaticDependenciesID=e64805abcdf62d271d787f5fc0097ab9 
Number of updated asset objects reloaded before import = 0
Number of asset objects unloaded after import = 2
========================================================================
Received Import Request.
  Time of request: 2026-09-06T07:35:41.4580729Z
  Time since last request: 0.0002636 seconds.
  importAddress: GUID: 917b346720302be409d6ce09649aa7fb - Path: Assets/IUH_Campus/Materials/M_IUH_I_Railings.mat - Importer: PreviewImporter
Importing 'GUID: 917b346720302be409d6ce09649aa7fb - Path: Assets/IUH_Campus/Materials/M_IUH_I_Railings.mat - Importer: PreviewImporter' with importer (PreviewImporter)
Imported 'GUID: 917b346720302be409d6ce09649aa7fb' -> (Import Result ID: 'afd7393474ae1559e9297abd35fc13e4') in 0.009 seconds [static and dynamic dependencies]. Details - ImportResultOutputID=1c97719bec8517a85d513bb4933a274e DependenciesID=42143f8f183358a0c61d1f4ec5b63d7f StaticDependenciesID=07a2b469543fc82012c521d9be570d08 
Number of updated asset objects reloaded before import = 0
Number of asset objects unloaded after import = 2
========================================================================
Received Import Request.
  Time of request: 2026-09-06T07:35:41.4761773Z
  Time since last request: 0.0002704 seconds.
  importAddress: GUID: 581f8fed23f721d49b3ac03a09b6bbb4 - Path: Assets/IUH_Campus/Materials/M_IUH_Bench_Granite.mat - Importer: PreviewImporter
Importing 'GUID: 581f8fed23f721d49b3ac03a09b6bbb4 - Path: Assets/IUH_Campus/Materials/M_IUH_Bench_Granite.mat - Importer: PreviewImporter' with importer (PreviewImporter)
Imported 'GUID: 581f8fed23f721d49b3ac03a09b6bbb4' -> (Import Result ID: 'ed3fd79f60529e0bbd6878bf8b5d31c0') in 0.011 seconds [static and dynamic dependencies]. Details - ImportResultOutputID=374550de7722864229fa27bdeecb0343 DependenciesID=abf2f7be9f66276dd0c8f5fe816971e9 StaticDependenciesID=150c20670083c7daab2bfcbbc2cdd01b 
Number of updated asset objects reloaded before import = 0
Number of asset objects unloaded after import = 3
========================================================================
Received Import Request.
  Time of request: 2026-09-06T07:35:41.4969521Z
  Time since last request: 0.0002827 seconds.
  importAddress: GUID: 5e7007fef656c4b19bab8826d36219b7 - Path: Assets/IUH_Campus/Materials/M_IUH_Gate_Booth.mat - Importer: PreviewImporter
Importing 'GUID: 5e7007fef656c4b19bab8826d36219b7 - Path: Assets/IUH_Campus/Materials/M_IUH_Gate_Booth.mat - Importer: PreviewImporter' with importer (PreviewImporter)
Imported 'GUID: 5e7007fef656c4b19bab8826d36219b7' -> (Import Result ID: '0d69e283bce0fd9f1e5cc8cf538b18c2') in 0.016 seconds [static and dynamic dependencies]. Details - ImportResultOutputID=a42ead259df2400c23d2e1c2cc07cdd6 DependenciesID=6ee2b996e999325bdc73aa5c838d3954 StaticDependenciesID=3734fd1beb83896e2dcc5ac84aea65c9 
Number of updated asset objects reloaded before import = 0
Number of asset objects unloaded after import = 2
========================================================================
Received Import Request.
  Time of request: 2026-09-06T07:35:41.5218731Z
  Time since last request: 0.0003293 seconds.
  importAddress: GUID: eb3e31b27ab5cb440bc1c6fd68b9109e - Path: Assets/IUH_Campus/Materials/M_IUH_C_Roof.mat - Importer: PreviewImporter
Importing 'GUID: eb3e31b27ab5cb440bc1c6fd68b9109e - Path: Assets/IUH_Campus/Materials/M_IUH_C_Roof.mat - Importer: PreviewImporter' with importer (PreviewImporter)
Imported 'GUID: eb3e31b27ab5cb440bc1c6fd68b9109e' -> (Import Result ID: '951e049fd2389f9df39fd110a833b27e') in 0.011 seconds [static and dynamic dependencies]. Details - ImportResultOutputID=2e0350cbb2aa383910a440c9b9dbd228 DependenciesID=ccc7997e15322f9c913df5c05e7d7456 StaticDependenciesID=1beb89608a24a80a8673bd46d3e9ab95 
Number of updated asset objects reloaded before import = 0
Number of asset objects unloaded after import = 2
========================================================================
Received Import Request.
  Time of request: 2026-09-06T07:35:41.5423256Z
  Time since last request: 0.0005677 seconds.
  importAddress: GUID: 690fdc4ac4569da49b7702693419827b - Path: Assets/IUH_Campus/Materials/M_IUH_Int_GlassFrosted.mat - Importer: PreviewImporter
Importing 'GUID: 690fdc4ac4569da49b7702693419827b - Path: Assets/IUH_Campus/Materials/M_IUH_Int_GlassFrosted.mat - Importer: PreviewImporter' with importer (PreviewImporter)
Imported 'GUID: 690fdc4ac4569da49b7702693419827b' -> (Import Result ID: '9f7aa53858a8dca2610a05299617e548') in 0.015 seconds [static and dynamic dependencies]. Details - ImportResultOutputID=137a8b621db7f5d4f79b9695374d42f8 DependenciesID=24bd657aee0c640d30f894714442b468 StaticDependenciesID=90d771d2d435dc4a8184854eb029f710 
Number of updated asset objects reloaded before import = 0
Number of asset objects unloaded after import = 2
========================================================================
Received Import Request.
  Time of request: 2026-09-06T07:35:41.5658619Z
  Time since last request: 0.0005415 seconds.
  importAddress: GUID: f72fcc47011cf47dba76ea444b66b25c - Path: Assets/IUH_Campus/Materials/M_IUH_FlowerPot_White.mat - Importer: PreviewImporter
Importing 'GUID: f72fcc47011cf47dba76ea444b66b25c - Path: Assets/IUH_Campus/Materials/M_IUH_FlowerPot_White.mat - Importer: PreviewImporter' with importer (PreviewImporter)
Imported 'GUID: f72fcc47011cf47dba76ea444b66b25c' -> (Import Result ID: 'ee6730f0b7abea519dacc9d3c3dd6714') in 0.011 seconds [static and dynamic dependencies]. Details - ImportResultOutputID=4e916ade2a9f6f137c749f138db92ad4 DependenciesID=441e9bb6855a7724004b2352835faf84 StaticDependenciesID=db1d8acfd71d5c5d74bd8a308364240f 
Number of updated asset objects reloaded before import = 0
Number of asset objects unloaded after import = 2
========================================================================
Received Import Request.
  Time of request: 2026-09-06T07:35:41.5864501Z
  Time since last request: 0.0003269 seconds.
  importAddress: GUID: 12cc9d0cc12dcfc4aa4f2b08c8c7ef63 - Path: Assets/IUH_Campus/Materials/M_IUH_G_WindowGlass.mat - Importer: PreviewImporter
Importing 'GUID: 12cc9d0cc12dcfc4aa4f2b08c8c7ef63 - Path: Assets/IUH_Campus/Materials/M_IUH_G_WindowGlass.mat - Importer: PreviewImporter' with importer (PreviewImporter)
Imported 'GUID: 12cc9d0cc12dcfc4aa4f2b08c8c7ef63' -> (Import Result ID: '7993db77bfb6114d2204e751a1034f8c') in 0.015 seconds [static and dynamic dependencies]. Details - ImportResultOutputID=9f2c42e536b2ec31dafdf3e65354adff DependenciesID=b65ae186d167b1e6d727dfee45c64c0c StaticDependenciesID=607394c3d70cef5814729a024cdfd889 
Number of updated asset objects reloaded before import = 0
Number of asset objects unloaded after import = 2
========================================================================
Received Import Request.
  Time of request: 2026-09-06T07:35:41.6100102Z
  Time since last request: 0.0008394 seconds.
  importAddress: GUID: d420b94ae9a00b242b4ea2fdc699ef8c - Path: Assets/IUH_Campus/Materials/M_IUH_Helmet_White.mat - Importer: PreviewImporter
Importing 'GUID: d420b94ae9a00b242b4ea2fdc699ef8c - Path: Assets/IUH_Campus/Materials/M_IUH_Helmet_White.mat - Importer: PreviewImporter' with importer (PreviewImporter)
Imported 'GUID: d420b94ae9a00b242b4ea2fdc699ef8c' -> (Import Result ID: 'eaeca96a7f3d41bb1c646a6354f3f8a0') in 0.011 seconds [static and dynamic dependencies]. Details - ImportResultOutputID=1e72f52b6ca0bc98505302afc10382e1 DependenciesID=5c0698b6ca08c7dc2c70e4387c5460b3 StaticDependenciesID=1d98cf5fa221f0dc80f82d2d95b24e79 
Number of updated asset objects reloaded before import = 0
Number of asset objects unloaded after import = 2
========================================================================
Received Import Request.
  Time of request: 2026-09-06T07:35:41.6315527Z
  Time since last request: 0.000179 seconds.
  importAddress: GUID: c8640016f68aaab40b2588b0278c49ad - Path: Assets/IUH_Campus/Materials/M_IUH_G_Wall.mat - Importer: PreviewImporter
Importing 'GUID: c8640016f68aaab40b2588b0278c49ad - Path: Assets/IUH_Campus/Materials/M_IUH_G_Wall.mat - Importer: PreviewImporter' with importer (PreviewImporter)
Imported 'GUID: c8640016f68aaab40b2588b0278c49ad' -> (Import Result ID: '9695ed28d9cee5d4a2dbe67836cf897b') in 0.018 seconds [static and dynamic dependencies]. Details - ImportResultOutputID=a2c36e4c0e5a78c9454792957b1dddaf DependenciesID=2cb8fc7ce4d1d5a63132cf740bef96fa StaticDependenciesID=73975b4e74c810241c6d5e1e4b61f9de 
Number of updated asset objects reloaded before import = 0
Number of asset objects unloaded after import = 3
========================================================================
Received Import Request.
  Time of request: 2026-09-06T07:35:41.6581321Z
  Time since last request: 0.0002766 seconds.
  importAddress: GUID: 635f0c26db9a2ff46bcae8fd5f4180d2 - Path: Assets/IUH_Campus/Materials/M_IUH_G_Roof.mat - Importer: PreviewImporter
Importing 'GUID: 635f0c26db9a2ff46bcae8fd5f4180d2 - Path: Assets/IUH_Campus/Materials/M_IUH_G_Roof.mat - Importer: PreviewImporter' with importer (PreviewImporter)
Imported 'GUID: 635f0c26db9a2ff46bcae8fd5f4180d2' -> (Import Result ID: 'd1aee2a7b68bbf1fe96841f04e7c28f3') in 0.010 seconds [static and dynamic dependencies]. Details - ImportResultOutputID=42ec9b3e17c5aac99408d8c607248858 DependenciesID=3210870f6b21085fa08dec759a555306 StaticDependenciesID=065e68dc04f8e0305a007570bd2e7538 
Number of updated asset objects reloaded before import = 0
Number of asset objects unloaded after import = 2
========================================================================
Received Import Request.
  Time of request: 2026-09-06T07:35:41.6774008Z
  Time since last request: 0.0005484 seconds.
  importAddress: GUID: be66184fb48bb488b841bb116847d11a - Path: Assets/IUH_Campus/Materials/M_IUH_Glass_Reflective.mat - Importer: PreviewImporter
Importing 'GUID: be66184fb48bb488b841bb116847d11a - Path: Assets/IUH_Campus/Materials/M_IUH_Glass_Reflective.mat - Importer: PreviewImporter' with importer (PreviewImporter)
Imported 'GUID: be66184fb48bb488b841bb116847d11a' -> (Import Result ID: '20dbf9390c486b3d9fe774d5e0f5c91f') in 0.015 seconds [static and dynamic dependencies]. Details - ImportResultOutputID=49ce51aac2e697cda56c70ee7e643cea DependenciesID=6f217d5462a2cabfe68e01519d4e735e StaticDependenciesID=d07d0cf7df4f50caf85dfa591b5070f1 
Number of updated asset objects reloaded before import = 0
Number of asset objects unloaded after import = 2
========================================================================
Received Import Request.
  Time of request: 2026-09-06T07:35:41.7011614Z
  Time since last request: 0.0002303 seconds.
  importAddress: GUID: 5fa30a790247c4f5fadbc5b11530c9cb - Path: Assets/IUH_Campus/Materials/M_IUH_BlueFins.mat - Importer: PreviewImporter
Importing 'GUID: 5fa30a790247c4f5fadbc5b11530c9cb - Path: Assets/IUH_Campus/Materials/M_IUH_BlueFins.mat - Importer: PreviewImporter' with importer (PreviewImporter)
Imported 'GUID: 5fa30a790247c4f5fadbc5b11530c9cb' -> (Import Result ID: 'aac2e2d7f81a7f7c8e04700a831077ae') in 0.012 seconds [static and dynamic dependencies]. Details - ImportResultOutputID=55244479b5498ea6e572352b612463c9 DependenciesID=dd0f109a14fba263a46afc0637951575 StaticDependenciesID=2c0dd70e83f5fd397ee9bee4b4df7ba4 
Number of updated asset objects reloaded before import = 0
Number of asset objects unloaded after import = 2
========================================================================
Received Import Request.
  Time of request: 2026-09-06T07:35:45.6728177Z
  Time since last request: 3.9524046 seconds.
  importAddress: GUID: a1fca7f77f123a347a1d6cff632dc589 - Path: Assets/IUH_Campus/Screenshots/camera_aerial.png - Importer: PreviewImporter
Importing 'GUID: a1fca7f77f123a347a1d6cff632dc589 - Path: Assets/IUH_Campus/Screenshots/camera_aerial.png - Importer: PreviewImporter' with importer (PreviewImporter)
Imported 'GUID: a1fca7f77f123a347a1d6cff632dc589' -> (Import Result ID: 'ce8d73b8f9a993fc535b5080b06968a1') in 0.030 seconds [static and dynamic dependencies]. Details - ImportResultOutputID=1ba577b8c07961bfd88c8174ea1b09e4 DependenciesID=43be1d942cd25bf8710909115ff7c74c StaticDependenciesID=92da3615780b089fd75b844cd1b73da1 
Number of updated asset objects reloaded before import = 0
Number of asset objects unloaded after import = 2
========================================================================
Received Import Request.
  Time of request: 2026-09-06T07:35:45.7106152Z
  Time since last request: 0.0004513 seconds.
  importAddress: GUID: 3f39d8207c531a24ba3388ca7b69f2ec - Path: Assets/IUH_Campus/Screenshots/interior_waiting_lounge.png - Importer: PreviewImporter
Importing 'GUID: 3f39d8207c531a24ba3388ca7b69f2ec - Path: Assets/IUH_Campus/Screenshots/interior_waiting_lounge.png - Importer: PreviewImporter' with importer (PreviewImporter)
Imported 'GUID: 3f39d8207c531a24ba3388ca7b69f2ec' -> (Import Result ID: '44b2c6c24a87b85e3afad18c7ac2163c') in 0.014 seconds [static and dynamic dependencies]. Details - ImportResultOutputID=97d83b66af399c23eec64e7d55db00b1 DependenciesID=52f4584bdffbfdea822b9474af4359c0 StaticDependenciesID=4c737780d8e40133619f355c9f95f26a 
Number of updated asset objects reloaded before import = 0
Number of asset objects unloaded after import = 2
========================================================================
Received Import Request.
  Time of request: 2026-09-06T07:35:45.7356883Z
  Time since last request: 0.0002887 seconds.
  importAddress: GUID: 1354a018c33670b478bff0431cc4e112 - Path: Assets/IUH_Campus/Screenshots/screenshot_system_07_save_load.png - Importer: PreviewImporter
Importing 'GUID: 1354a018c33670b478bff0431cc4e112 - Path: Assets/IUH_Campus/Screenshots/screenshot_system_07_save_load.png - Importer: PreviewImporter' with importer (PreviewImporter)
Imported 'GUID: 1354a018c33670b478bff0431cc4e112' -> (Import Result ID: '8fcd46f221796b983ed0171ed13b48f2') in 0.013 seconds [static and dynamic dependencies]. Details - ImportResultOutputID=0308dae1caa4725290c41f7be2d6f79c DependenciesID=f8ffe961875e57cb2e05f98d8614449f StaticDependenciesID=92e7dc4d9e31af93f457c0861064bdd0 
Number of updated asset objects reloaded before import = 0
Number of asset objects unloaded after import = 2
========================================================================
Received Import Request.
  Time of request: 2026-09-06T07:35:45.7592224Z
  Time since last request: 0.0002147 seconds.
  importAddress: GUID: dc077b8d2067d8a48b5d1ccbc9e739ff - Path: Assets/IUH_Campus/Screenshots/screenshot_multifloor_03_standard_classroom.png - Importer: PreviewImporter
Importing 'GUID: dc077b8d2067d8a48b5d1ccbc9e739ff - Path: Assets/IUH_Campus/Screenshots/screenshot_multifloor_03_standard_classroom.png - Importer: PreviewImporter' with importer (PreviewImporter)
Imported 'GUID: dc077b8d2067d8a48b5d1ccbc9e739ff' -> (Import Result ID: 'febebde902f4358183476f349d95d1e3') in 0.009 seconds [static and dynamic dependencies]. Details - ImportResultOutputID=2f05e71932d1d1bd889217a1e6170b1b DependenciesID=8ab65c65814d1b64fb651a8156eedb99 StaticDependenciesID=18fd306fbfc897428fb1c64c4a3fe952 
Number of updated asset objects reloaded before import = 0
Number of asset objects unloaded after import = 2
========================================================================
Received Import Request.
  Time of request: 2026-09-06T07:35:45.7785394Z
  Time since last request: 0.0003232 seconds.
  importAddress: GUID: 0420cd4ee4d207045a4b77ac6e831c74 - Path: Assets/IUH_Campus/Screenshots/screenshot_multifloor_04_computer_classroom.png - Importer: PreviewImporter
Importing 'GUID: 0420cd4ee4d207045a4b77ac6e831c74 - Path: Assets/IUH_Campus/Screenshots/screenshot_multifloor_04_computer_classroom.png - Importer: PreviewImporter' with importer (PreviewImporter)
Imported 'GUID: 0420cd4ee4d207045a4b77ac6e831c74' -> (Import Result ID: 'c526ae594b52c66f2e72ee8fff3a38e9') in 0.017 seconds [static and dynamic dependencies]. Details - ImportResultOutputID=21331695a12b107a9385d310f7b38569 DependenciesID=bee7e9895878bb4e8bc565e1744d4ef5 StaticDependenciesID=eea04b5e1ebbc99193ffe9832526c54f 
Number of updated asset objects reloaded before import = 0
Number of asset objects unloaded after import = 2
========================================================================
Received Import Request.
  Time of request: 2026-09-06T07:35:45.8045128Z
  Time since last request: 0.0005181 seconds.
  importAddress: GUID: dfe4a733523d29d45abc682ad125c695 - Path: Assets/IUH_Campus/Screenshots/screenshot_system_04_npc_walking.png - Importer: PreviewImporter
Importing 'GUID: dfe4a733523d29d45abc682ad125c695 - Path: Assets/IUH_Campus/Screenshots/screenshot_system_04_npc_walking.png - Importer: PreviewImporter' with importer (PreviewImporter)
Imported 'GUID: dfe4a733523d29d45abc682ad125c695' -> (Import Result ID: '80097eb23a04d9083aa7c822dab2e691') in 0.018 seconds [static and dynamic dependencies]. Details - ImportResultOutputID=038b1528934df18877f047097c5863c8 DependenciesID=7f9c1a68cfe2d368f865a05d131d023c StaticDependenciesID=89ef39a47b4edddfbc3da735456161ba 
Number of updated asset objects reloaded before import = 0
Number of asset objects unloaded after import = 2
========================================================================
Received Import Request.
  Time of request: 2026-09-06T07:35:45.8325985Z
  Time since last request: 0.0007075 seconds.
  importAddress: GUID: af7f69bdc641165468d53619c1e7c2ce - Path: Assets/IUH_Campus/Screenshots/topdown_orthographic.png - Importer: PreviewImporter
Importing 'GUID: af7f69bdc641165468d53619c1e7c2ce - Path: Assets/IUH_Campus/Screenshots/topdown_orthographic.png - Importer: PreviewImporter' with importer (PreviewImporter)
Imported 'GUID: af7f69bdc641165468d53619c1e7c2ce' -> (Import Result ID: '565b8652e26fbea979300ea4c1a7bef7') in 0.016 seconds [static and dynamic dependencies]. Details - ImportResultOutputID=0a28d657fd5fa4b7b29052cb6114248d DependenciesID=55876c35f6491102b874182fac45eb21 StaticDependenciesID=36020bb0584cc3e7de3cd0db3869170e 
Number of updated asset objects reloaded before import = 0
Number of asset objects unloaded after import = 2
========================================================================
Received Import Request.
  Time of request: 2026-09-06T07:35:45.8573991Z
  Time since last request: 0.0005123 seconds.
  importAddress: GUID: 2abc369cf30543d479da477e8858e7a9 - Path: Assets/IUH_Campus/Screenshots/camera_courtyard.png - Importer: PreviewImporter
Importing 'GUID: 2abc369cf30543d479da477e8858e7a9 - Path: Assets/IUH_Campus/Screenshots/camera_courtyard.png - Importer: PreviewImporter' with importer (PreviewImporter)
Imported 'GUID: 2abc369cf30543d479da477e8858e7a9' -> (Import Result ID: 'af2e23d2e47de3688ede9c3f22e8c0d3') in 0.019 seconds [static and dynamic dependencies]. Details - ImportResultOutputID=be93d6b13f7652d3c12a51ae8f7e6dff DependenciesID=d353e64213af29570146e5780b80bdde StaticDependenciesID=bdaceb5eda5a99efdb9c9993e4599ff2 
Number of updated asset objects reloaded before import = 0
Number of asset objects unloaded after import = 2
========================================================================
Received Import Request.
  Time of request: 2026-09-06T07:35:45.8858382Z
  Time since last request: 0.0002499 seconds.
  importAddress: GUID: 15e9a22089b920a42a4ca1b3672ee7aa - Path: Assets/IUH_Campus/Screenshots/screenshot_multifloor_06_stair_landing.png - Importer: PreviewImporter
Importing 'GUID: 15e9a22089b920a42a4ca1b3672ee7aa - Path: Assets/IUH_Campus/Screenshots/screenshot_multifloor_06_stair_landing.png - Importer: PreviewImporter' with importer (PreviewImporter)
Imported 'GUID: 15e9a22089b920a42a4ca1b3672ee7aa' -> (Import Result ID: '37779e8ae36bc36834bd80a47a74135b') in 0.013 seconds [static and dynamic dependencies]. Details - ImportResultOutputID=dd057e9bb84a7eea940398bbefa23154 DependenciesID=00a36691dc5d6c170e6a57a771e6b70e StaticDependenciesID=e62d39e6bf21a86941db2aa81b917a89 
Number of updated asset objects reloaded before import = 0
Number of asset objects unloaded after import = 2
========================================================================
Received Import Request.
  Time of request: 2026-09-06T07:35:45.9098315Z
  Time since last request: 0.0006677 seconds.
  importAddress: GUID: 680a840c566acc2448eeef3ee8567997 - Path: Assets/IUH_Campus/Screenshots/screenshot_04_lobby.png - Importer: PreviewImporter
Importing 'GUID: 680a840c566acc2448eeef3ee8567997 - Path: Assets/IUH_Campus/Screenshots/screenshot_04_lobby.png - Importer: PreviewImporter' with importer (PreviewImporter)
Imported 'GUID: 680a840c566acc2448eeef3ee8567997' -> (Import Result ID: '327cfc80c738434aa7fecfdd30c58e9c') in 0.027 seconds [static and dynamic dependencies]. Details - ImportResultOutputID=3a3d3bced8aee85f2e481078d34f8741 DependenciesID=6f580465457cec3e36183203e8734159 StaticDependenciesID=995fdafbda85fbb46b676ccb8609f874 
Number of updated asset objects reloaded before import = 0
Number of asset objects unloaded after import = 2
========================================================================
Received Import Request.
  Time of request: 2026-09-06T07:35:45.9462978Z
  Time since last request: 0.0004495 seconds.
  importAddress: GUID: 1ca305b6f0e7a1c4180cd23f3bd12c4c - Path: Assets/IUH_Campus/Screenshots/screenshot_system_05_navmesh.png - Importer: PreviewImporter
Importing 'GUID: 1ca305b6f0e7a1c4180cd23f3bd12c4c - Path: Assets/IUH_Campus/Screenshots/screenshot_system_05_navmesh.png - Importer: PreviewImporter' with importer (PreviewImporter)
Imported 'GUID: 1ca305b6f0e7a1c4180cd23f3bd12c4c' -> (Import Result ID: '279cd74cd45ff02f06d1ec0c56585f84') in 0.014 seconds [static and dynamic dependencies]. Details - ImportResultOutputID=846d810077444f012b400e09c2747fbd DependenciesID=5d9445c51e1e717ca27f4fee348c54ac StaticDependenciesID=d04681f4c99dc1a0b9c8e924906e1069 
Number of updated asset objects reloaded before import = 0
Number of asset objects unloaded after import = 2
========================================================================
Received Import Request.
  Time of request: 2026-09-06T07:35:45.9700121Z
  Time since last request: 0.0004142 seconds.
  importAddress: GUID: 256f6d4b4f9846042947c54443a731d5 - Path: Assets/IUH_Campus/Screenshots/screenshot_02_courtyard_human.png - Importer: PreviewImporter
Importing 'GUID: 256f6d4b4f9846042947c54443a731d5 - Path: Assets/IUH_Campus/Screenshots/screenshot_02_courtyard_human.png - Importer: PreviewImporter' with importer (PreviewImporter)
Imported 'GUID: 256f6d4b4f9846042947c54443a731d5' -> (Import Result ID: 'cd123f83d5c4d1ef10091b27645dac1e') in 0.009 seconds [static and dynamic dependencies]. Details - ImportResultOutputID=b34150d146ba54d5a43f284e01d5a8b6 DependenciesID=0a4e1e8f847856300cdc9b8d4b60baf2 StaticDependenciesID=1c6ea698a07416c486940635b89b0be1 
Number of updated asset objects reloaded before import = 0
Number of asset objects unloaded after import = 2
========================================================================
Received Import Request.
  Time of request: 2026-09-06T07:35:45.9895754Z
  Time since last request: 0.0004401 seconds.
  importAddress: GUID: 9a2d84777b974ad40a2129fbdf952d83 - Path: Assets/IUH_Campus/Screenshots/screenshot_multifloor_09_player_in_classroom.png - Importer: PreviewImporter
Importing 'GUID: 9a2d84777b974ad40a2129fbdf952d83 - Path: Assets/IUH_Campus/Screenshots/screenshot_multifloor_09_player_in_classroom.png - Importer: PreviewImporter' with importer (PreviewImporter)
Imported 'GUID: 9a2d84777b974ad40a2129fbdf952d83' -> (Import Result ID: '4caca42da96dd0d082300934a516a65d') in 0.009 seconds [static and dynamic dependencies]. Details - ImportResultOutputID=9b6e28c4abce6ca0f89e6f32b77007ed DependenciesID=47f637105a5774f5b1b36ca49701c4e9 StaticDependenciesID=3d480b677c0a74a624140b75aa88b416 
Number of updated asset objects reloaded before import = 0
Number of asset objects unloaded after import = 2
========================================================================
Received Import Request.
  Time of request: 2026-09-06T07:35:46.0094984Z
  Time since last request: 0.0006244 seconds.
  importAddress: GUID: 03b6b180df18cd84fa67e2578a590a0a - Path: Assets/IUH_Campus/Screenshots/screenshot_multifloor_05_stair_flight.png - Importer: PreviewImporter
Importing 'GUID: 03b6b180df18cd84fa67e2578a590a0a - Path: Assets/IUH_Campus/Screenshots/screenshot_multifloor_05_stair_flight.png - Importer: PreviewImporter' with importer (PreviewImporter)
Imported 'GUID: 03b6b180df18cd84fa67e2578a590a0a' -> (Import Result ID: '40b14cac58c2019d1a7174c2b377c785') in 0.008 seconds [static and dynamic dependencies]. Details - ImportResultOutputID=fe060801fe7905bfa75a0027b52902bb DependenciesID=fdd0908550e4f34948bc820a9dc5d2eb StaticDependenciesID=ac8caeb6b22d2aa800a50a1629756a7f 
Number of updated asset objects reloaded before import = 0
Number of asset objects unloaded after import = 2
========================================================================
Received Import Request.
  Time of request: 2026-09-06T07:35:46.0283485Z
  Time since last request: 0.0005271 seconds.
  importAddress: GUID: 367526269460df54bae76e8e66e0ba1d - Path: Assets/IUH_Campus/Screenshots/screenshot_multifloor_02_corridor_f2.png - Importer: PreviewImporter
Importing 'GUID: 367526269460df54bae76e8e66e0ba1d - Path: Assets/IUH_Campus/Screenshots/screenshot_multifloor_02_corridor_f2.png - Importer: PreviewImporter' with importer (PreviewImporter)
Imported 'GUID: 367526269460df54bae76e8e66e0ba1d' -> (Import Result ID: '689f9430066d58503c3636a3863686b8') in 0.008 seconds [static and dynamic dependencies]. Details - ImportResultOutputID=91c7219bcd55f1c61beeccf2fa35d65c DependenciesID=8ecad24d2dded3ff3dc58504c504eb7a StaticDependenciesID=ed974d285f76f9f8d1c30391632b9aea 
Number of updated asset objects reloaded before import = 0
Number of asset objects unloaded after import = 2
========================================================================
Received Import Request.
  Time of request: 2026-09-06T07:35:46.0467031Z
  Time since last request: 0.0003984 seconds.
  importAddress: GUID: e265b80ee0b26d64abea99e535521262 - Path: Assets/IUH_Campus/Screenshots/screenshot_07_motorcycle_parking.png - Importer: PreviewImporter
Importing 'GUID: e265b80ee0b26d64abea99e535521262 - Path: Assets/IUH_Campus/Screenshots/screenshot_07_motorcycle_parking.png - Importer: PreviewImporter' with importer (PreviewImporter)
Imported 'GUID: e265b80ee0b26d64abea99e535521262' -> (Import Result ID: '9aa40e5f572460cce21dfbae511b1e55') in 0.007 seconds [static and dynamic dependencies]. Details - ImportResultOutputID=96fe2173b5c52b67d048fafa01cabf6f DependenciesID=9e27952fe8c3d65632e24a9b844154f5 StaticDependenciesID=1d57f7815ffdbc8b6d895ed6d8e513a7 
Number of updated asset objects reloaded before import = 0
Number of asset objects unloaded after import = 2
========================================================================
Received Import Request.
  Time of request: 2026-09-06T07:35:46.0638495Z
  Time since last request: 0.0007365 seconds.
  importAddress: GUID: f3d4af32676668045b10f2d5efc7ac9c - Path: Assets/IUH_Campus/Screenshots/screenshot_06_computer_training_room.png - Importer: PreviewImporter
Importing 'GUID: f3d4af32676668045b10f2d5efc7ac9c - Path: Assets/IUH_Campus/Screenshots/screenshot_06_computer_training_room.png - Importer: PreviewImporter' with importer (PreviewImporter)
Imported 'GUID: f3d4af32676668045b10f2d5efc7ac9c' -> (Import Result ID: 'bec09ebdf042d050f4e0886fa8bd67be') in 0.011 seconds [static and dynamic dependencies]. Details - ImportResultOutputID=5d457b0ecc3efff8a2ab2fe19cc4686d DependenciesID=8e1ea009ffd9764d04b84ae3f6a94f73 StaticDependenciesID=0adea411bd02fc59e9109f26d46b558f 
Number of updated asset objects reloaded before import = 0
Number of asset objects unloaded after import = 2
========================================================================
Received Import Request.
  Time of request: 2026-09-06T07:35:46.0881802Z
  Time since last request: 0.0002994 seconds.
  importAddress: GUID: 66a16b11361c06e4b84dea99517b437d - Path: Assets/IUH_Campus/Screenshots/player_01_exterior_entrance.png - Importer: PreviewImporter
Importing 'GUID: 66a16b11361c06e4b84dea99517b437d - Path: Assets/IUH_Campus/Screenshots/player_01_exterior_entrance.png - Importer: PreviewImporter' with importer (PreviewImporter)
Imported 'GUID: 66a16b11361c06e4b84dea99517b437d' -> (Import Result ID: '8dc088ced886a435c57c740c99c34869') in 0.007 seconds [static and dynamic dependencies]. Details - ImportResultOutputID=5bce528362bbfc27c1cb05d5693c97db DependenciesID=27596093be921f1e85b6f6bd5e3c257f StaticDependenciesID=957f1c7569d6cbac2ce6b9e34c3dd291 
Number of updated asset objects reloaded before import = 0
Number of asset objects unloaded after import = 2
========================================================================
Received Import Request.
  Time of request: 2026-09-06T07:35:47.6474178Z
  Time since last request: 1.5432496 seconds.
  importAddress: GUID: 5e6cbd92db86f4b18aec3ed561671858 - Path: Assets/Settings/Mobile_RPAsset.asset - Importer: PreviewImporter
Importing 'GUID: 5e6cbd92db86f4b18aec3ed561671858 - Path: Assets/Settings/Mobile_RPAsset.asset - Importer: PreviewImporter' with importer (PreviewImporter)
Imported 'GUID: 5e6cbd92db86f4b18aec3ed561671858' -> (Import Result ID: '1d5238aa3ce746542fa3db170a14d5a7') in 0.002 seconds [static and dynamic dependencies]. Details - ImportResultOutputID=e4e7363aa9abc889619739ecbddfb568 DependenciesID=d5e6c08365cdad8b35cba5aca9927598 StaticDependenciesID=ada3686cd1f293d7d23fa3fe5fea8f0f 
Number of updated asset objects reloaded before import = 0
Number of asset objects unloaded after import = 2
========================================================================
Received Import Request.
  Time of request: 2026-09-06T07:35:47.6584466Z
  Time since last request: 0.0002087 seconds.
  importAddress: GUID: 4b83569d67af61e458304325a23e5dfd - Path: Assets/Settings/PC_RPAsset.asset - Importer: PreviewImporter
Importing 'GUID: 4b83569d67af61e458304325a23e5dfd - Path: Assets/Settings/PC_RPAsset.asset - Importer: PreviewImporter' with importer (PreviewImporter)
Imported 'GUID: 4b83569d67af61e458304325a23e5dfd' -> (Import Result ID: '3dfa22ec233030ab0dc900de3312c1a5') in 0.001 seconds [static and dynamic dependencies]. Details - ImportResultOutputID=6cb6ecbf79c032dd7d21c6e16909c597 DependenciesID=4ee765b2284f14a572a169b0f5c904d0 StaticDependenciesID=65b0e0136fab37a47349cc943770e518 
Number of updated asset objects reloaded before import = 0
Number of asset objects unloaded after import = 0
========================================================================
Received Import Request.
  Time of request: 2026-09-06T07:35:47.6680295Z
  Time since last request: 0.0003916 seconds.
  importAddress: GUID: f288ae1f4751b564a96ac7587541f7a2 - Path: Assets/Settings/PC_Renderer.asset - Importer: PreviewImporter
Importing 'GUID: f288ae1f4751b564a96ac7587541f7a2 - Path: Assets/Settings/PC_Renderer.asset - Importer: PreviewImporter' with importer (PreviewImporter)
Imported 'GUID: f288ae1f4751b564a96ac7587541f7a2' -> (Import Result ID: '3e9e313d3e53d063d1089791aa149020') in 0.001 seconds [static and dynamic dependencies]. Details - ImportResultOutputID=cf1d972e72f56164a87928971a22787c DependenciesID=213880103dbeca80792211a025c6bf17 StaticDependenciesID=683b91b41dbfc2afb84cbe8a09318014 
Number of updated asset objects reloaded before import = 0
Number of asset objects unloaded after import = 0
========================================================================
Received Import Request.
  Time of request: 2026-09-06T07:35:48.6257824Z
  Time since last request: 0.9483064 seconds.
  importAddress: GUID: 7a1617ccf75ae4340ad4225797a702a6 - Path: Assets/Screenshots/iuh_aerial_master_final.png - Importer: PreviewImporter
Importing 'GUID: 7a1617ccf75ae4340ad4225797a702a6 - Path: Assets/Screenshots/iuh_aerial_master_final.png - Importer: PreviewImporter' with importer (PreviewImporter)
Imported 'GUID: 7a1617ccf75ae4340ad4225797a702a6' -> (Import Result ID: 'e6a8faa774ee00b59bea7e9fe78843e3') in 0.007 seconds [static and dynamic dependencies]. Details - ImportResultOutputID=f02a83fc7895206f47f1abce7db3e105 DependenciesID=4de40ee76e1be75932a0ddbd13da5e8b StaticDependenciesID=7574078907556cf2babb312eb3011aaa 
Number of updated asset objects reloaded before import = 0
Number of asset objects unloaded after import = 2
========================================================================
Received Import Request.
  Time of request: 2026-09-06T07:35:48.6405825Z
  Time since last request: 0.0003919 seconds.
  importAddress: GUID: 27d4d71eac5d14b36b98ad87633d8aeb - Path: Assets/Screenshots/iuh_aerial_match_refined.png - Importer: PreviewImporter
Importing 'GUID: 27d4d71eac5d14b36b98ad87633d8aeb - Path: Assets/Screenshots/iuh_aerial_match_refined.png - Importer: PreviewImporter' with importer (PreviewImporter)
Imported 'GUID: 27d4d71eac5d14b36b98ad87633d8aeb' -> (Import Result ID: '01acd7bb88766c8e07384dc4dca55b02') in 0.007 seconds [static and dynamic dependencies]. Details - ImportResultOutputID=a773df9e744613eb996846477e75286d DependenciesID=ab481500e7ecac28c521f53aaecd018f StaticDependenciesID=02afee1d2491863739abb4694ff98a90 
Number of updated asset objects reloaded before import = 0
Number of asset objects unloaded after import = 2
========================================================================
Received Import Request.
  Time of request: 2026-09-06T07:35:48.6563332Z
  Time since last request: 0.0003798 seconds.
  importAddress: GUID: 5902131e786404145950db5e6b0e8d20 - Path: Assets/Screenshots/iuh_campus_foreground.png - Importer: PreviewImporter
Importing 'GUID: 5902131e786404145950db5e6b0e8d20 - Path: Assets/Screenshots/iuh_campus_foreground.png - Importer: PreviewImporter' with importer (PreviewImporter)
Imported 'GUID: 5902131e786404145950db5e6b0e8d20' -> (Import Result ID: 'ce8bd0841c30623f0e983345882be1d7') in 0.007 seconds [static and dynamic dependencies]. Details - ImportResultOutputID=2a92737a14a798bf0802fd80cd708fce DependenciesID=2107d5fc8ac35e59d45b7385c81ce48e StaticDependenciesID=8fbb2c6b475172d63067761f711cb375 
Number of updated asset objects reloaded before import = 0
Number of asset objects unloaded after import = 2
========================================================================
Received Import Request.
  Time of request: 2026-09-06T07:35:48.6714669Z
  Time since last request: 0.0002975 seconds.
  importAddress: GUID: 6da24d7d2d1e1471b860e54764b551c9 - Path: Assets/Screenshots/iuh_courtyard_ground_view.png - Importer: PreviewImporter
Importing 'GUID: 6da24d7d2d1e1471b860e54764b551c9 - Path: Assets/Screenshots/iuh_courtyard_ground_view.png - Importer: PreviewImporter' with importer (PreviewImporter)
Imported 'GUID: 6da24d7d2d1e1471b860e54764b551c9' -> (Import Result ID: '741b9928ad7c24a448f7b824250fcf54') in 0.007 seconds [static and dynamic dependencies]. Details - ImportResultOutputID=60d3537fbf94b75b2e1ca5803bbd295d DependenciesID=11d31750df756e3f267cc17d99fe4045 StaticDependenciesID=b5efb5e5645382a236383858fde122f5 
Number of updated asset objects reloaded before import = 0
Number of asset objects unloaded after import = 2
========================================================================
Received Import Request.
  Time of request: 2026-09-06T07:35:48.6873491Z
  Time since last request: 0.0003864 seconds.
  importAddress: GUID: 7769b8c7b67104c2bab8ef0635524f32 - Path: Assets/Screenshots/iuh_ground_looking_at_green_tower.png - Importer: PreviewImporter
Importing 'GUID: 7769b8c7b67104c2bab8ef0635524f32 - Path: Assets/Screenshots/iuh_ground_looking_at_green_tower.png - Importer: PreviewImporter' with importer (PreviewImporter)
Imported 'GUID: 7769b8c7b67104c2bab8ef0635524f32' -> (Import Result ID: '2897c78b1caf81859dc210873ecf50a8') in 0.007 seconds [static and dynamic dependencies]. Details - ImportResultOutputID=5295a0a917995cc68c364c539adc2559 DependenciesID=12f255f9caf655a7581760e9320d487b StaticDependenciesID=03a10956970ae7c8f7aa9c3fec526b01 
Number of updated asset objects reloaded before import = 0
Number of asset objects unloaded after import = 2
========================================================================
Received Import Request.
  Time of request: 2026-09-06T07:35:48.7028392Z
  Time since last request: 0.0004562 seconds.
  importAddress: GUID: bb53a6b8f0c754ea594b4a92be4d7d62 - Path: Assets/Screenshots/iuh_full_facade_view.png - Importer: PreviewImporter
Importing 'GUID: bb53a6b8f0c754ea594b4a92be4d7d62 - Path: Assets/Screenshots/iuh_full_facade_view.png - Importer: PreviewImporter' with importer (PreviewImporter)
Imported 'GUID: bb53a6b8f0c754ea594b4a92be4d7d62' -> (Import Result ID: 'ddb5f4c5e2c0273abd98a95a582ce060') in 0.007 seconds [static and dynamic dependencies]. Details - ImportResultOutputID=2a4b4bb2443197f546ba785ff7b72d68 DependenciesID=fe360ab434dea8343e9e09e5a1977b65 StaticDependenciesID=623737d6c235c2d621c315932e745234 
Number of updated asset objects reloaded before import = 0
Number of asset objects unloaded after import = 2
========================================================================
Received Import Request.
  Time of request: 2026-09-06T07:35:48.7190956Z
  Time since last request: 0.0004517 seconds.
  importAddress: GUID: d090798addeef46f0837032581392843 - Path: Assets/Screenshots/iuh_main_building_close_view.png - Importer: PreviewImporter
Importing 'GUID: d090798addeef46f0837032581392843 - Path: Assets/Screenshots/iuh_main_building_close_view.png - Importer: PreviewImporter' with importer (PreviewImporter)
Imported 'GUID: d090798addeef46f0837032581392843' -> (Import Result ID: 'c1d813519c97785c44974587f79f7e88') in 0.007 seconds [static and dynamic dependencies]. Details - ImportResultOutputID=cbef80b9a225e65251c1c2f3efc5ae66 DependenciesID=4c37d6b3935800d011e0a3560be5f61e StaticDependenciesID=b8fc9121c574fe02ebac75a0b549470e 
Number of updated asset objects reloaded before import = 0
Number of asset objects unloaded after import = 2
========================================================================
Received Import Request.
  Time of request: 2026-09-06T07:35:48.7346813Z
  Time since last request: 0.0002784 seconds.
  importAddress: GUID: 370b993ada12243aaa1dc64f9ef0e274 - Path: Assets/Screenshots/iuh_main_building_refactored_front_view.png - Importer: PreviewImporter
Importing 'GUID: 370b993ada12243aaa1dc64f9ef0e274 - Path: Assets/Screenshots/iuh_main_building_refactored_front_view.png - Importer: PreviewImporter' with importer (PreviewImporter)
Imported 'GUID: 370b993ada12243aaa1dc64f9ef0e274' -> (Import Result ID: '9a9f133c931c736afe83355e96b7523a') in 0.007 seconds [static and dynamic dependencies]. Details - ImportResultOutputID=e6fcb72abc17021582400d380daaff5d DependenciesID=f079b0317fee0d43e2383b1c4d4f5146 StaticDependenciesID=f89c2764e15461bc0ad2df8d4d5505a4 
Number of updated asset objects reloaded before import = 0
Number of asset objects unloaded after import = 2
========================================================================
Received Import Request.
  Time of request: 2026-09-06T07:35:48.7501227Z
  Time since last request: 0.0004732 seconds.
  importAddress: GUID: 966f264fa7e0645bcacb263d6fd69b02 - Path: Assets/Screenshots/iuh_masterplan_aerial.png - Importer: PreviewImporter
Importing 'GUID: 966f264fa7e0645bcacb263d6fd69b02 - Path: Assets/Screenshots/iuh_masterplan_aerial.png - Importer: PreviewImporter' with importer (PreviewImporter)
Imported 'GUID: 966f264fa7e0645bcacb263d6fd69b02' -> (Import Result ID: '534ab2ac59f2ea2c33155554fe8651eb') in 0.008 seconds [static and dynamic dependencies]. Details - ImportResultOutputID=1b826f44496d1137c23d8c37d0801ea4 DependenciesID=d93f9985ee1953f3016948ad4e5428b4 StaticDependenciesID=f2249c650d6e86a12b67c6c134dbec9b 
Number of updated asset objects reloaded before import = 0
Number of asset objects unloaded after import = 2
========================================================================
Received Import Request.
  Time of request: 2026-09-06T07:35:48.7669756Z
  Time since last request: 0.0008455 seconds.
  importAddress: GUID: f5fb86b5b1fa3459697475d8d78fad74 - Path: Assets/Screenshots/iuh_wide_perspective.png - Importer: PreviewImporter
Importing 'GUID: f5fb86b5b1fa3459697475d8d78fad74 - Path: Assets/Screenshots/iuh_wide_perspective.png - Importer: PreviewImporter' with importer (PreviewImporter)
Imported 'GUID: f5fb86b5b1fa3459697475d8d78fad74' -> (Import Result ID: '083505427a8421e4c21a8560500ac286') in 0.011 seconds [static and dynamic dependencies]. Details - ImportResultOutputID=f8e1101b663f5cc5c57ff183cd165292 DependenciesID=cd83d942ebe98941d262cc649d86caac StaticDependenciesID=7dc1e9afeec82f144c7c9ff9972c1b81 
Number of updated asset objects reloaded before import = 0
Number of asset objects unloaded after import = 2
========================================================================
Received Import Request.
  Time of request: 2026-09-06T07:35:48.7884641Z
  Time since last request: 0.0006001 seconds.
  importAddress: GUID: 1b4a1379310874cc9b3a2a0a68a3bf67 - Path: Assets/Screenshots/iuh_player_ground_courtyard.png - Importer: PreviewImporter
Importing 'GUID: 1b4a1379310874cc9b3a2a0a68a3bf67 - Path: Assets/Screenshots/iuh_player_ground_courtyard.png - Importer: PreviewImporter' with importer (PreviewImporter)
Imported 'GUID: 1b4a1379310874cc9b3a2a0a68a3bf67' -> (Import Result ID: '021ed3842b00224ca6fb4c96029182fa') in 0.009 seconds [static and dynamic dependencies]. Details - ImportResultOutputID=947957da13ffc5dfbf837e728f0df758 DependenciesID=d51b59f43d1f8eecdedbbf0b62c6d201 StaticDependenciesID=c717a35173084f26259f39a7e61bd77d 
Number of updated asset objects reloaded before import = 0
Number of asset objects unloaded after import = 2
========================================================================
Received Import Request.
  Time of request: 2026-09-06T07:35:48.807994Z
  Time since last request: 0.000504 seconds.
  importAddress: GUID: 6896daa451f2a42689c4647cc3c7d22a - Path: Assets/Screenshots/iuh_ground_looking_at_right_building.png - Importer: PreviewImporter
Importing 'GUID: 6896daa451f2a42689c4647cc3c7d22a - Path: Assets/Screenshots/iuh_ground_looking_at_right_building.png - Importer: PreviewImporter' with importer (PreviewImporter)
Imported 'GUID: 6896daa451f2a42689c4647cc3c7d22a' -> (Import Result ID: '78ee60bc0d5255c907cd937b765fe5f2') in 0.008 seconds [static and dynamic dependencies]. Details - ImportResultOutputID=e426434993f0f6826bf2e5dc8b03aadb DependenciesID=f92ccbd86e82672d75006f6f7a899bd9 StaticDependenciesID=9cf3e8535742b7158156e65b29c79788 
Number of updated asset objects reloaded before import = 0
Number of asset objects unloaded after import = 2
========================================================================
Received Import Request.
  Time of request: 2026-09-06T07:35:48.8265582Z
  Time since last request: 0.0005352 seconds.
  importAddress: GUID: 1b8dbab151f8f41f3a6e09d77c56b210 - Path: Assets/Screenshots/iuh_main_building_facade_view.png - Importer: PreviewImporter
Importing 'GUID: 1b8dbab151f8f41f3a6e09d77c56b210 - Path: Assets/Screenshots/iuh_main_building_facade_view.png - Importer: PreviewImporter' with importer (PreviewImporter)
Imported 'GUID: 1b8dbab151f8f41f3a6e09d77c56b210' -> (Import Result ID: '050927368ebd7c22c698e0b691082c79') in 0.009 seconds [static and dynamic dependencies]. Details - ImportResultOutputID=466d94ea606bcc434106d1ac218bb63b DependenciesID=30d0b716ce014d8cee08c45ee29cea03 StaticDependenciesID=96784d5df327557ae652e014afa7a819 
Number of updated asset objects reloaded before import = 0
Number of asset objects unloaded after import = 2
========================================================================
Received Import Request.
  Time of request: 2026-09-06T07:35:50.7027817Z
  Time since last request: 1.8576575 seconds.
  importAddress: GUID: cf2c1ce5cd83a4f3b9041bf1ed49c7f3 - Path: Assets/IUH_Campus/Textures/T_Flag_Vietnam.png - Importer: PreviewImporter
Importing 'GUID: cf2c1ce5cd83a4f3b9041bf1ed49c7f3 - Path: Assets/IUH_Campus/Textures/T_Flag_Vietnam.png - Importer: PreviewImporter' with importer (PreviewImporter)
Imported 'GUID: cf2c1ce5cd83a4f3b9041bf1ed49c7f3' -> (Import Result ID: '2eb33724ff8ce2174ce4d33cecf91249') in 0.007 seconds [static and dynamic dependencies]. Details - ImportResultOutputID=db5a817a0c7265d17b33ac23cdfa1006 DependenciesID=be0549ece07bbdc41cee5152c8c65975 StaticDependenciesID=205bee0c7652d37ee8c509c0c027ead1 
Number of updated asset objects reloaded before import = 0
Number of asset objects unloaded after import = 2
========================================================================
Received Import Request.
  Time of request: 2026-09-06T07:35:50.7237955Z
  Time since last request: 0.006693 seconds.
  importAddress: GUID: 1197ccb95ba3e466598f1acae320be83 - Path: Assets/IUH_Campus/Textures/T_Flowers_YellowOrange.png - Importer: PreviewImporter
Importing 'GUID: 1197ccb95ba3e466598f1acae320be83 - Path: Assets/IUH_Campus/Textures/T_Flowers_YellowOrange.png - Importer: PreviewImporter' with importer (PreviewImporter)
Imported 'GUID: 1197ccb95ba3e466598f1acae320be83' -> (Import Result ID: '9167215d28a1151492b5cd701737e054') in 0.012 seconds [static and dynamic dependencies]. Details - ImportResultOutputID=691f231d6030ed414a98c10fe58e943f DependenciesID=b5a2debc3be147f881c97cd699a59622 StaticDependenciesID=cec8059623c26e0fbbeaee0a6d0074d8 
Number of updated asset objects reloaded before import = 0
Number of asset objects unloaded after import = 2
========================================================================
Received Import Request.
  Time of request: 2026-09-06T07:35:50.7439128Z
  Time since last request: 0.0004246 seconds.
  importAddress: GUID: f74fbe2cb7bf34995a0eae58a12d801f - Path: Assets/IUH_Campus/Textures/T_Grass_Noise.png - Importer: PreviewImporter
Importing 'GUID: f74fbe2cb7bf34995a0eae58a12d801f - Path: Assets/IUH_Campus/Textures/T_Grass_Noise.png - Importer: PreviewImporter' with importer (PreviewImporter)
Imported 'GUID: f74fbe2cb7bf34995a0eae58a12d801f' -> (Import Result ID: '1e8429fade6aa9c80854506cd2cdc9e6') in 0.012 seconds [static and dynamic dependencies]. Details - ImportResultOutputID=d6e009709ab4149e95570deeb0121b78 DependenciesID=66b716697b29afd51068c4b36343c168 StaticDependenciesID=0cbeaae5cbd66838e835836f70f9d8be 
Number of updated asset objects reloaded before import = 0
Number of asset objects unloaded after import = 2
========================================================================
Received Import Request.
  Time of request: 2026-09-06T07:35:50.7655427Z
  Time since last request: 0.0005285 seconds.
  importAddress: GUID: b105c918063334edb8f111eedaa196c6 - Path: Assets/IUH_Campus/Textures/T_IUH_Sign_CurtainWall.png - Importer: PreviewImporter
Importing 'GUID: b105c918063334edb8f111eedaa196c6 - Path: Assets/IUH_Campus/Textures/T_IUH_Sign_CurtainWall.png - Importer: PreviewImporter' with importer (PreviewImporter)
Imported 'GUID: b105c918063334edb8f111eedaa196c6' -> (Import Result ID: '1d0a743ffb1e895b3b252d144ad8ffe5') in 0.016 seconds [static and dynamic dependencies]. Details - ImportResultOutputID=8a80a321760905cef80033580d7e59b5 DependenciesID=6d085fb5d256cb1d7121165ad076dc7c StaticDependenciesID=2d0c477a9a0b8701ef5c3e79d3646386 
Number of updated asset objects reloaded before import = 0
Number of asset objects unloaded after import = 2
========================================================================
Received Import Request.
  Time of request: 2026-09-06T07:35:50.7906733Z
  Time since last request: 0.0003579 seconds.
  importAddress: GUID: a70f8f82cae522a44904c2dbe95b0f17 - Path: Assets/IUH_Campus/Textures/T_IUH_Drain_Grate.png - Importer: PreviewImporter
Importing 'GUID: a70f8f82cae522a44904c2dbe95b0f17 - Path: Assets/IUH_Campus/Textures/T_IUH_Drain_Grate.png - Importer: PreviewImporter' with importer (PreviewImporter)
Imported 'GUID: a70f8f82cae522a44904c2dbe95b0f17' -> (Import Result ID: '162cdd6abea64fb88133739b768793ef') in 0.006 seconds [static and dynamic dependencies]. Details - ImportResultOutputID=c90b6696721994b558d4819fbc393ce9 DependenciesID=8dc0bd10080eb22d3c7a22f7952c2de0 StaticDependenciesID=efb082ef9d2534ba4baee3646dee3620 
Number of updated asset objects reloaded before import = 0
Number of asset objects unloaded after import = 2
========================================================================
Received Import Request.
  Time of request: 2026-09-06T07:35:50.8059195Z
  Time since last request: 0.0004088 seconds.
  importAddress: GUID: 0a9f076115438574d8031f791c2d33d9 - Path: Assets/IUH_Campus/Textures/T_IUH_Fire_Extinguisher.png - Importer: PreviewImporter
Importing 'GUID: 0a9f076115438574d8031f791c2d33d9 - Path: Assets/IUH_Campus/Textures/T_IUH_Fire_Extinguisher.png - Importer: PreviewImporter' with importer (PreviewImporter)
Imported 'GUID: 0a9f076115438574d8031f791c2d33d9' -> (Import Result ID: '1efee4f4d158218e8506a4bb3b49ce6e') in 0.015 seconds [static and dynamic dependencies]. Details - ImportResultOutputID=fa87d6e7450ee5dec62436f5ed54e3d8 DependenciesID=65b741c2ed53170cd93ddebaa02073ce StaticDependenciesID=61ff42653f76665a121822f5b30890be 
Number of updated asset objects reloaded before import = 0
Number of asset objects unloaded after import = 2
========================================================================
Received Import Request.
  Time of request: 2026-09-06T07:35:50.8300049Z
  Time since last request: 0.0005884 seconds.
  importAddress: GUID: 3b9ac85aa6aff514b8ec368138523c7c - Path: Assets/IUH_Campus/Textures/T_IUH_AC_Louvers.png - Importer: PreviewImporter
Importing 'GUID: 3b9ac85aa6aff514b8ec368138523c7c - Path: Assets/IUH_Campus/Textures/T_IUH_AC_Louvers.png - Importer: PreviewImporter' with importer (PreviewImporter)
Imported 'GUID: 3b9ac85aa6aff514b8ec368138523c7c' -> (Import Result ID: '5ff473079a15ccdfc7bc8affe7e8d585') in 0.011 seconds [static and dynamic dependencies]. Details - ImportResultOutputID=b1aecf65c191cfc0bcf0a859810006b8 DependenciesID=49ae804da5b20e9c4558eb974cc303d4 StaticDependenciesID=a907844f73ffd8bc4b62bdc73adace86 
Number of updated asset objects reloaded before import = 0
Number of asset objects unloaded after import = 2
========================================================================
Received Import Request.
  Time of request: 2026-09-06T07:35:50.8503398Z
  Time since last request: 0.0007023 seconds.
  importAddress: GUID: db2e58d5a6d341249ac705dadd7dd254 - Path: Assets/IUH_Campus/Textures/T_IUH_Wall_Weathered.png - Importer: PreviewImporter
Importing 'GUID: db2e58d5a6d341249ac705dadd7dd254 - Path: Assets/IUH_Campus/Textures/T_IUH_Wall_Weathered.png - Importer: PreviewImporter' with importer (PreviewImporter)
Imported 'GUID: db2e58d5a6d341249ac705dadd7dd254' -> (Import Result ID: '4129263b7aa719917269c97c2508d607') in 0.011 seconds [static and dynamic dependencies]. Details - ImportResultOutputID=b2d0dafa095041ea3c0847a8d6a5d797 DependenciesID=2bed468509204390b505c680a6bb2400 StaticDependenciesID=e8e7202cad57f97ebd868bb7ade308bd 
Number of updated asset objects reloaded before import = 0
Number of asset objects unloaded after import = 2
========================================================================
Received Import Request.
  Time of request: 2026-09-06T07:35:50.8716813Z
  Time since last request: 0.0003912 seconds.
  importAddress: GUID: af4dafbfceb3c3541abaf3406680b4ea - Path: Assets/IUH_Campus/Textures/T_IUH_Urban_House.png - Importer: PreviewImporter
Importing 'GUID: af4dafbfceb3c3541abaf3406680b4ea - Path: Assets/IUH_Campus/Textures/T_IUH_Urban_House.png - Importer: PreviewImporter' with importer (PreviewImporter)
Imported 'GUID: af4dafbfceb3c3541abaf3406680b4ea' -> (Import Result ID: '21aeaf64e8402fa2649b595b027cccfd') in 0.019 seconds [static and dynamic dependencies]. Details - ImportResultOutputID=164255335af9e7a82b8517bd97822124 DependenciesID=e82239bfdfd409c7d8da4393441537ec StaticDependenciesID=63045658929235a26a2f40d3a6973cb9 
Number of updated asset objects reloaded before import = 0
Number of asset objects unloaded after import = 2
========================================================================
Received Import Request.
  Time of request: 2026-09-06T07:35:50.8991829Z
  Time since last request: 0.0003456 seconds.
  importAddress: GUID: 071581368d8f23748bca481f49887027 - Path: Assets/IUH_Campus/Textures/T_Interior_BlackMarbleTile.png - Importer: PreviewImporter
Importing 'GUID: 071581368d8f23748bca481f49887027 - Path: Assets/IUH_Campus/Textures/T_Interior_BlackMarbleTile.png - Importer: PreviewImporter' with importer (PreviewImporter)
Imported 'GUID: 071581368d8f23748bca481f49887027' -> (Import Result ID: '3f0004855d4bda6e55acd7e21d51c6e8') in 0.020 seconds [static and dynamic dependencies]. Details - ImportResultOutputID=7ac004ee369ad05d82c82a7e2e6b70f5 DependenciesID=0780f93797f15b4f50d3ec69839e365a StaticDependenciesID=a2d9310534e6b014e7b424866283785f 
Number of updated asset objects reloaded before import = 0
Number of asset objects unloaded after import = 2
========================================================================
Received Import Request.
  Time of request: 2026-09-06T07:35:50.9282604Z
  Time since last request: 0.0003534 seconds.
  importAddress: GUID: e5c124c937cbf8a4d85a8bf28ed6c924 - Path: Assets/IUH_Campus/Textures/T_Interior_DashboardScreen.png - Importer: PreviewImporter
Importing 'GUID: e5c124c937cbf8a4d85a8bf28ed6c924 - Path: Assets/IUH_Campus/Textures/T_Interior_DashboardScreen.png - Importer: PreviewImporter' with importer (PreviewImporter)
Imported 'GUID: e5c124c937cbf8a4d85a8bf28ed6c924' -> (Import Result ID: 'a69cbaa6797e7351bce5b480035fa61c') in 0.012 seconds [static and dynamic dependencies]. Details - ImportResultOutputID=79701524ba3fab497eff41a1532b65f0 DependenciesID=4798dc07c7aced852b0a4140e6b86f2f StaticDependenciesID=4165190db2063ba76c8986af10f475c2 
Number of updated asset objects reloaded before import = 0
Number of asset objects unloaded after import = 2
========================================================================
Received Import Request.
  Time of request: 2026-09-06T07:35:50.950568Z
  Time since last request: 0.0003849 seconds.
  importAddress: GUID: 863deba32728e4ddea7f304a9d742974 - Path: Assets/IUH_Campus/Textures/T_IUH_Academic_TopSign.png - Importer: PreviewImporter
Importing 'GUID: 863deba32728e4ddea7f304a9d742974 - Path: Assets/IUH_Campus/Textures/T_IUH_Academic_TopSign.png - Importer: PreviewImporter' with importer (PreviewImporter)
Imported 'GUID: 863deba32728e4ddea7f304a9d742974' -> (Import Result ID: '5dedad5e39452229a6e6a65478afb51a') in 0.012 seconds [static and dynamic dependencies]. Details - ImportResultOutputID=c5200638d6fb0d3780f5dd509e5d0f2f DependenciesID=b1978467ba193ddf8d63966111b84a3b StaticDependenciesID=2d09bd2ea3191c1833004e2f9b853b71 
Number of updated asset objects reloaded before import = 0
Number of asset objects unloaded after import = 2
========================================================================
Received Import Request.
  Time of request: 2026-09-06T07:35:50.9710401Z
  Time since last request: 0.000354 seconds.
  importAddress: GUID: 378e6ce637b9bc54d849330ab33f9991 - Path: Assets/IUH_Campus/Textures/T_IUH_Sign_Wayfinding.png - Importer: PreviewImporter
Importing 'GUID: 378e6ce637b9bc54d849330ab33f9991 - Path: Assets/IUH_Campus/Textures/T_IUH_Sign_Wayfinding.png - Importer: PreviewImporter' with importer (PreviewImporter)
Imported 'GUID: 378e6ce637b9bc54d849330ab33f9991' -> (Import Result ID: 'fe4d4e4e136379c5c834582f2eb8d029') in 0.006 seconds [static and dynamic dependencies]. Details - ImportResultOutputID=32155b304a4f41dcd64ca3a8e140c399 DependenciesID=bc69bf6c2224613319c8e00235748ce7 StaticDependenciesID=4e3e6bb3785855c8ea73e7353169d234 
Number of updated asset objects reloaded before import = 0
Number of asset objects unloaded after import = 2
========================================================================
Received Import Request.
  Time of request: 2026-09-06T07:35:50.9880745Z
  Time since last request: 0.0003504 seconds.
  importAddress: GUID: 573da9f8aa28f9b45bb77f1358e8ff03 - Path: Assets/IUH_Campus/Textures/T_Interior_AcademicPoster2.png - Importer: PreviewImporter
Importing 'GUID: 573da9f8aa28f9b45bb77f1358e8ff03 - Path: Assets/IUH_Campus/Textures/T_Interior_AcademicPoster2.png - Importer: PreviewImporter' with importer (PreviewImporter)
Imported 'GUID: 573da9f8aa28f9b45bb77f1358e8ff03' -> (Import Result ID: '0065c2c67a5e4d976a12936020777107') in 0.008 seconds [static and dynamic dependencies]. Details - ImportResultOutputID=e45bd6f65bc67f45290c76e7eb5d7eb0 DependenciesID=dd33494d775d3346d3644f46668e4e1f StaticDependenciesID=dae42e1547d7d3304bcf04da8e0c097e 
Number of updated asset objects reloaded before import = 0
Number of asset objects unloaded after import = 2
========================================================================
Received Import Request.
  Time of request: 2026-09-06T07:35:51.0063706Z
  Time since last request: 0.0003279 seconds.
  importAddress: GUID: 394eb20736f96254585af86b423d19a5 - Path: Assets/IUH_Campus/Textures/T_Interior_WoodSlat.png - Importer: PreviewImporter
Importing 'GUID: 394eb20736f96254585af86b423d19a5 - Path: Assets/IUH_Campus/Textures/T_Interior_WoodSlat.png - Importer: PreviewImporter' with importer (PreviewImporter)
Imported 'GUID: 394eb20736f96254585af86b423d19a5' -> (Import Result ID: 'bdc43f99112d5b9920403c5750f11129') in 0.009 seconds [static and dynamic dependencies]. Details - ImportResultOutputID=0ca454a26ab77047f7ab4ebacc835aa2 DependenciesID=7967af2e41d9a020515d4382795ccb36 StaticDependenciesID=e3981ffc5d756854a975dbfdb7f70a66 
Number of updated asset objects reloaded before import = 0
Number of asset objects unloaded after import = 2
========================================================================
Received Import Request.
  Time of request: 2026-09-06T07:35:51.025684Z
  Time since last request: 0.0004502 seconds.
  importAddress: GUID: 92a50b70e8aa1a14a9bf1464be9fe345 - Path: Assets/IUH_Campus/Textures/T_IUH_Window_Blinds.png - Importer: PreviewImporter
Importing 'GUID: 92a50b70e8aa1a14a9bf1464be9fe345 - Path: Assets/IUH_Campus/Textures/T_IUH_Window_Blinds.png - Importer: PreviewImporter' with importer (PreviewImporter)
Imported 'GUID: 92a50b70e8aa1a14a9bf1464be9fe345' -> (Import Result ID: '55e303aa89b9367f554e482a5da931fb') in 0.006 seconds [static and dynamic dependencies]. Details - ImportResultOutputID=1ac6489be5b6a210bea66890c71cd65f DependenciesID=d6e0681198b75c0c28120a7f86010d76 StaticDependenciesID=c243a5d4279dc7b57339ac03578566cf 
Number of updated asset objects reloaded before import = 0
Number of asset objects unloaded after import = 2
========================================================================
Received Import Request.
  Time of request: 2026-09-06T07:35:51.0410988Z
  Time since last request: 0.0005004 seconds.
  importAddress: GUID: 56813d3727bdf4d3591856dd44ec7faa - Path: Assets/IUH_Campus/Textures/T_Granite_Noise.png - Importer: PreviewImporter
Importing 'GUID: 56813d3727bdf4d3591856dd44ec7faa - Path: Assets/IUH_Campus/Textures/T_Granite_Noise.png - Importer: PreviewImporter' with importer (PreviewImporter)
Imported 'GUID: 56813d3727bdf4d3591856dd44ec7faa' -> (Import Result ID: 'c68ec8dab3c6289d2bb5cde3df3f6c12') in 0.006 seconds [static and dynamic dependencies]. Details - ImportResultOutputID=7a1994a4d7b692695acec71d21cc9009 DependenciesID=ccfa6160a318c44758ef63d9f1489115 StaticDependenciesID=4a4e0d4299d0812aff3e4a03cb7e2101 
Number of updated asset objects reloaded before import = 0
Number of asset objects unloaded after import = 2
========================================================================
Received Import Request.
  Time of request: 2026-09-06T07:37:56.1155087Z
  Time since last request: 125.05848690000001 seconds.
  importAddress: GUID: c3108fce63e144146a1043ae0e2f6576 - Path: Assets/Models/campus_P0_progress.fbx - Importer: PreviewImporter
Importing 'GUID: c3108fce63e144146a1043ae0e2f6576 - Path: Assets/Models/campus_P0_progress.fbx - Importer: PreviewImporter' with importer (PreviewImporter)
Imported 'GUID: c3108fce63e144146a1043ae0e2f6576' -> (Import Result ID: '7f02aae64248705cc3488262e5bf8458') in 738.146 seconds [static and dynamic dependencies]. Details - ImportResultOutputID=b61248950c1b1a8fe7f4d803820bab61 DependenciesID=13b3ef9382a6f1f58adcffcaf6f67478 StaticDependenciesID=8c57c28e4ce669463d13c9de8c6380b0 
Number of updated asset objects reloaded before import = 0
Number of asset objects unloaded after import = 174190
========================================================================
Received Prepare
Default GameObject Tag: Player already registered
Default GameObject Tag: MainCamera already registered
AcceleratorClientConnectionCallback - disconnected - :0
Unloading 22 Unused Serialized files (Serialized files now loaded: 0)
Unloading 37 unused Assets / (2.6 MB). Loaded Objects now: 8118.
Memory consumption went from 0.60 GB to 0.60 GB.
Total: 11.280300 ms (FindLiveObjects: 0.774100 ms CreateObjectMapping: 0.989900 ms MarkObjects: 9.163200 ms  DeleteObjects: 0.351500 ms)

Prepare: number of updated asset objects reloaded= 0
========================================================================
Received Import Request.
  Time of request: 2026-09-06T07:50:19.1038307Z
  Time since last request: 4.1002503 seconds.
  importAddress: GUID: dcca38cb2531a40da8f9e2ddb753cebb - Path: Assets/IUH_Campus/Materials/M_IUH_Glass_CurtainWall.mat - Importer: ScriptedImporter/UnityEditor.QuickSearchModule:UnityEditor.Search:ASIAI0B
Importing 'GUID: dcca38cb2531a40da8f9e2ddb753cebb - Path: Assets/IUH_Campus/Materials/M_IUH_Glass_CurtainWall.mat - Importer: ScriptedImporter/UnityEditor.QuickSearchModule:UnityEditor.Search:ASIAI0B' with importer (ScriptedImporter : UnityEditor.QuickSearchModule:UnityEditor.Search:ASIAI0B)
Imported 'GUID: dcca38cb2531a40da8f9e2ddb753cebb' -> (Import Result ID: 'd6788692530a287b068d7eb397f2e384') in 0.119 seconds [static and dynamic dependencies]. Details - ImportResultOutputID=f903769e9f4d2a5b3bc3c07729d20eeb DependenciesID=45f19a2c4b52e25ee8262f45cbbee225 StaticDependenciesID=cc5247facae412c232c0716fabc64ef9 
Number of updated asset objects reloaded before import = 0
Number of asset objects unloaded after import = 2
========================================================================
Received Import Request.
  Time of request: 2026-09-06T07:50:19.2359259Z
  Time since last request: 0.0008065 seconds.
  importAddress: GUID: 039cd454afa7a470ab38eafba0b9061d - Path: Assets/IUH_Campus/Materials/M_IUH_Logo_Crest.mat - Importer: ScriptedImporter/UnityEditor.QuickSearchModule:UnityEditor.Search:ASIAI0B
Importing 'GUID: 039cd454afa7a470ab38eafba0b9061d - Path: Assets/IUH_Campus/Materials/M_IUH_Logo_Crest.mat - Importer: ScriptedImporter/UnityEditor.QuickSearchModule:UnityEditor.Search:ASIAI0B' with importer (ScriptedImporter : UnityEditor.QuickSearchModule:UnityEditor.Search:ASIAI0B)
Imported 'GUID: 039cd454afa7a470ab38eafba0b9061d' -> (Import Result ID: '1bdd66dfd11dbc3e0320f13c1372107a') in 6.255 seconds [static and dynamic dependencies]. Details - ImportResultOutputID=f96ee9172bf0177c938dff0aa3e9b30b DependenciesID=d8858e552eae5240fee07d14c88a7efc StaticDependenciesID=53c72d7eaf8e3e5755d920244ceea9e6 
Number of updated asset objects reloaded before import = 0
Number of asset objects unloaded after import = 3
========================================================================
Received Prepare
Default GameObject Tag: Player already registered
Default GameObject Tag: MainCamera already registered
AcceleratorClientConnectionCallback - disconnected - :0
Assembly reference Packages/com.unity.cinemachine/Editor/Samples/ExposeHDRPInternals/HDRP-Editor-ref.asmref has no target assembly definition
Assembly reference Packages/com.unity.cinemachine/Editor/Samples/ExposeHDRPInternals/HDRP-Editor-ref.asmref has no target assembly definition
[Licensing::Client] Successfully resolved entitlement details
Begin MonoManager ReloadAssembly
Symbol file LoadedFromMemory is not a mono symbol file
Assembly reference Packages/com.unity.cinemachine/Editor/Samples/ExposeHDRPInternals/HDRP-Editor-ref.asmref has no target assembly definition
Assembly reference Packages/com.unity.cinemachine/Editor/Samples/ExposeHDRPInternals/HDRP-Editor-ref.asmref has no target assembly definition
'Packages/com.unity.cinemachine/Editor/Obsolete/CinemachineVirtualCameraBaseEditor.cs' contains partial class of Unity.Object, exactly 1 of the partial classes needs to be in a file with the same filename. This is to know the one that can be referenced from ie. GameObjects
'Packages/com.unity.cinemachine/Editor/Editors/CinemachineVirtualCameraBaseEditor.cs' contains partial class of Unity.Object, exactly 1 of the partial classes needs to be in a file with the same filename. This is to know the one that can be referenced from ie. GameObjects
Native extension for WindowsStandalone target not found
[Package Manager] Failed to launch server process. Reason: Unity was launched with the -noUpm command-line argument
[Package Manager] Unable to send message (not connected to server process).
[Package Manager] Cannot connect to Unity Package Manager local server
[Package Manager] Failed to launch server process. Reason: Unity was launched with the -noUpm command-line argument
[Package Manager] Unable to send message (not connected to server process).
[Package Manager] Cannot connect to Unity Package Manager local server
[Package Manager] Failed to launch server process. Reason: Unity was launched with the -noUpm command-line argument
[Package Manager] Unable to send message (not connected to server process).
[Package Manager] Cannot connect to Unity Package Manager local server
ScheduleIndexationOnStartup MainProcess:False IndexOnStartup:True
Mono: successfully reloaded assembly
- Finished resetting the current domain, in  0.987 seconds
Domain Reload Profiling: 2166ms
	BeginReloadAssembly (353ms)
		DisableScriptedObjects (34ms)
		CreateAndSetChildDomain (98ms)
	RebuildCommonClasses (9ms)
	RebuildNativeTypeToScriptingClass (16ms)
	initialDomainReloadingComplete (79ms)
	LoadAllAssembliesAndSetupDomain (722ms)
		LoadAssemblies (457ms)
		AnalyzeDomain (250ms)
			TypeCache.Refresh (30ms)
				TypeCache.ScanAssembly (12ms)
			BuildScriptInfoCaches (210ms)
			ResolveRequiredComponents (7ms)
	FinalizeReload (988ms)
		SetupLoadedEditorAssemblies (0ms)
			BeforeProcessingInitializeOnLoad (89ms)
			ProcessInitializeOnLoadAttributes (375ms)
			ProcessInitializeOnLoadMethodAttributes (143ms)
			AfterProcessingInitializeOnLoad (6ms)
		AwakeInstancesAfterBackupRestoration (18ms)
Unloading 26 Unused Serialized files (Serialized files now loaded: 0)
Unloading 7390 unused Assets / (8.2 MB). Loaded Objects now: 8473.
Memory consumption went from 0.57 GB to 0.56 GB.
Total: 11.959000 ms (FindLiveObjects: 0.714800 ms CreateObjectMapping: 2.574900 ms MarkObjects: 4.660700 ms  DeleteObjects: 4.005800 ms)

Prepare: number of updated asset objects reloaded= 0
========================================================================
Received Prepare
Default GameObject Tag: Player already registered
Default GameObject Tag: MainCamera already registered
AcceleratorClientConnectionCallback - disconnected - :0
Unloading 26 Unused Serialized files (Serialized files now loaded: 0)
Unloading 26 unused Assets / (3.4 MB). Loaded Objects now: 8473.
Memory consumption went from 0.57 GB to 0.56 GB.
Total: 8.875300 ms (FindLiveObjects: 0.451300 ms CreateObjectMapping: 1.212300 ms MarkObjects: 6.339900 ms  DeleteObjects: 0.870100 ms)

Prepare: number of updated asset objects reloaded= 0
========================================================================
Received Import Request.
  Time of request: 2026-09-06T07:55:40.5167309Z
  Time since last request: 315.01595839999999 seconds.
  importAddress: GUID: 1b8a4de7469ad774c80dd6678d94e6b9 - Path: Assets/Starter Assets/Sample/ThirdPersonController/Playground/ReflectionProbe-1.exr - Importer: PreviewImporter
Importing 'GUID: 1b8a4de7469ad774c80dd6678d94e6b9 - Path: Assets/Starter Assets/Sample/ThirdPersonController/Playground/ReflectionProbe-1.exr - Importer: PreviewImporter' with importer (PreviewImporter)
Imported 'GUID: 1b8a4de7469ad774c80dd6678d94e6b9' -> (Import Result ID: '9157ba417b0da1d48acb9353cbfe84d4') in 0.459 seconds [static and dynamic dependencies]. Details - ImportResultOutputID=fbf1f534fe92d29052bf9cc3b81ed483 DependenciesID=158d65deed726df26b123544a93d9936 StaticDependenciesID=4b0fce662b2d4ca6c528100d02701c50 
Number of updated asset objects reloaded before import = 0
Number of asset objects unloaded after import = 1
========================================================================
Received Import Request.
  Time of request: 2026-09-06T07:57:49.5450994Z
  Time since last request: 128.535392 seconds.
  importAddress: GUID: ac547032e7ab2874b8b53ccbfec07526 - Path: Assets/Starter Assets/Sample/FirstPersonController/Playground/ReflectionProbe-0.exr - Importer: PreviewImporter
Importing 'GUID: ac547032e7ab2874b8b53ccbfec07526 - Path: Assets/Starter Assets/Sample/FirstPersonController/Playground/ReflectionProbe-0.exr - Importer: PreviewImporter' with importer (PreviewImporter)
Imported 'GUID: ac547032e7ab2874b8b53ccbfec07526' -> (Import Result ID: '894691d42319764797415ac348c530a8') in 0.038 seconds [static and dynamic dependencies]. Details - ImportResultOutputID=0fbe1b0b240e8d99cebb41e3914927b4 DependenciesID=0a71f11e69c883586290299b66c34fe8 StaticDependenciesID=13570a61aeddcbdab52d2f53a0f4962f 
Number of updated asset objects reloaded before import = 0
Number of asset objects unloaded after import = 1
========================================================================
Received Import Request.
  Time of request: 2026-09-06T07:57:49.5945453Z
  Time since last request: 0.001082 seconds.
  importAddress: GUID: c49ef192a57a5af42a728163b2468c8a - Path: Assets/Starter Assets/Sample/FirstPersonController/Playground/ReflectionProbe-2.exr - Importer: PreviewImporter
Importing 'GUID: c49ef192a57a5af42a728163b2468c8a - Path: Assets/Starter Assets/Sample/FirstPersonController/Playground/ReflectionProbe-2.exr - Importer: PreviewImporter' with importer (PreviewImporter)
Imported 'GUID: c49ef192a57a5af42a728163b2468c8a' -> (Import Result ID: '3afdb33e105e82b0665b225b02b77120') in 0.015 seconds [static and dynamic dependencies]. Details - ImportResultOutputID=1b08d27e982a2a6b8bc8a6ed5dc4cdef DependenciesID=5034db52a78ac7ed6fc1727ce3bdc659 StaticDependenciesID=a78e8a688a1ea552c22f33d86da1dded 
Number of updated asset objects reloaded before import = 0
Number of asset objects unloaded after import = 1
========================================================================
Received Import Request.
  Time of request: 2026-09-06T07:59:50.0470069Z
  Time since last request: 120.4241873 seconds.
  importAddress: GUID: e19681a513069400aa38220f89283d8d - Path: Packages/com.unity.cinemachine/Editor/EditorResources/Icons/Dark/FOV.png - Importer: ScriptedImporter/UnityEditor.QuickSearchModule:UnityEditor.Search:ASIAI0B
Importing 'GUID: e19681a513069400aa38220f89283d8d - Path: Packages/com.unity.cinemachine/Editor/EditorResources/Icons/Dark/FOV.png - Importer: ScriptedImporter/UnityEditor.QuickSearchModule:UnityEditor.Search:ASIAI0B' with importer (ScriptedImporter : UnityEditor.QuickSearchModule:UnityEditor.Search:ASIAI0B)
Imported 'GUID: e19681a513069400aa38220f89283d8d' -> (Import Result ID: '1549536acfbd0184e548ed49c5f2999b') in 0.112 seconds [static and dynamic dependencies]. Details - ImportResultOutputID=4e3b6e0e35c428d678a68f2bc9e592a2 DependenciesID=9078d40a4e71692adcb9d6348067c1bd StaticDependenciesID=9d9afd59dbaddca4a416677b9688f80c 
Number of updated asset objects reloaded before import = 0
Number of asset objects unloaded after import = 1
========================================================================
Received Import Request.
  Time of request: 2026-09-06T07:59:50.1724706Z
  Time since last request: 0.0009282 seconds.
  importAddress: GUID: b7822ae247afa5945befac0bc63be0bb - Path: Packages/com.unity.splines/Editor/Controls/SplineMeshHandle.cs - Importer: ScriptedImporter/UnityEditor.QuickSearchModule:UnityEditor.Search:ASIAI0B
Importing 'GUID: b7822ae247afa5945befac0bc63be0bb - Path: Packages/com.unity.splines/Editor/Controls/SplineMeshHandle.cs - Importer: ScriptedImporter/UnityEditor.QuickSearchModule:UnityEditor.Search:ASIAI0B' with importer (ScriptedImporter : UnityEditor.QuickSearchModule:UnityEditor.Search:ASIAI0B)
Imported 'GUID: b7822ae247afa5945befac0bc63be0bb' -> (Import Result ID: '14578fbd943800a0123c90ae6ea35821') in 0.011 seconds [static and dynamic dependencies]. Details - ImportResultOutputID=b9d48874e391f53c74ce6bf10a2963f2 DependenciesID=054114593ba4fd0e8833029a5e1dc8bb StaticDependenciesID=fa973e05ff7d63cf4275f3ee002dbbf9 
Number of updated asset objects reloaded before import = 0
Number of asset objects unloaded after import = 0
========================================================================
Received Import Request.
  Time of request: 2026-09-06T07:59:50.1948916Z
  Time since last request: 0.0006764 seconds.
  importAddress: GUID: 2643ac9881a89594a80c242b565b34ec - Path: Packages/com.unity.cinemachine/Runtime/Core/ICinemachineCamera.cs - Importer: ScriptedImporter/UnityEditor.QuickSearchModule:UnityEditor.Search:ASIAI0B
Importing 'GUID: 2643ac9881a89594a80c242b565b34ec - Path: Packages/com.unity.cinemachine/Runtime/Core/ICinemachineCamera.cs - Importer: ScriptedImporter/UnityEditor.QuickSearchModule:UnityEditor.Search:ASIAI0B' with importer (ScriptedImporter : UnityEditor.QuickSearchModule:UnityEditor.Search:ASIAI0B)
Imported 'GUID: 2643ac9881a89594a80c242b565b34ec' -> (Import Result ID: '8fd9262026d5517680089eee58f5284e') in 0.003 seconds [static and dynamic dependencies]. Details - ImportResultOutputID=efc56918ef0ac5a5a1b6f118299ca7eb DependenciesID=4c3bc34b13fcca342ecd984ab6a58823 StaticDependenciesID=01893ca374f2fd95dc630d961ded6cc6 
Number of updated asset objects reloaded before import = 0
Number of asset objects unloaded after import = 0
========================================================================
Received Import Request.
  Time of request: 2026-09-06T07:59:50.2091081Z
  Time since last request: 0.0008782 seconds.
  importAddress: GUID: 28d78c5517421f047b88352f3b18e8e7 - Path: Assets/Starter Assets/Runtime/ThirdPersonController/Character/Textures/Armature_Body_AlbedoTransparency.tif - Importer: ScriptedImporter/UnityEditor.QuickSearchModule:UnityEditor.Search:ASIAI0B
Importing 'GUID: 28d78c5517421f047b88352f3b18e8e7 - Path: Assets/Starter Assets/Runtime/ThirdPersonController/Character/Textures/Armature_Body_AlbedoTransparency.tif - Importer: ScriptedImporter/UnityEditor.QuickSearchModule:UnityEditor.Search:ASIAI0B' with importer (ScriptedImporter : UnityEditor.QuickSearchModule:UnityEditor.Search:ASIAI0B)
Imported 'GUID: 28d78c5517421f047b88352f3b18e8e7' -> (Import Result ID: '9a2642f1227c5aba7b98b058957eecc3') in 0.017 seconds [static and dynamic dependencies]. Details - ImportResultOutputID=07fee4e20f3d82685723a093c7edfd9c DependenciesID=8a966e086db335b269e119b149f1b223 StaticDependenciesID=0c7052d14557236c78843c1bfa37d5be 
Number of updated asset objects reloaded before import = 0
Number of asset objects unloaded after import = 1
========================================================================
Received Import Request.
  Time of request: 2026-09-06T07:59:50.2375093Z
  Time since last request: 0.0007185 seconds.
  importAddress: GUID: ea00d09ed05d3f443b3320fa54ec4b74 - Path: Assets/Starter Assets/Runtime/Settings/DefaultVolumeProfile.asset - Importer: ScriptedImporter/UnityEditor.QuickSearchModule:UnityEditor.Search:ASIAI0B
Importing 'GUID: ea00d09ed05d3f443b3320fa54ec4b74 - Path: Assets/Starter Assets/Runtime/Settings/DefaultVolumeProfile.asset - Importer: ScriptedImporter/UnityEditor.QuickSearchModule:UnityEditor.Search:ASIAI0B' with importer (ScriptedImporter : UnityEditor.QuickSearchModule:UnityEditor.Search:ASIAI0B)
Imported 'GUID: ea00d09ed05d3f443b3320fa54ec4b74' -> (Import Result ID: '0312b7cd645bed79e490be6a92b5aa3b') in 0.010 seconds [static and dynamic dependencies]. Details - ImportResultOutputID=f40a788f36597308beff592d4c2286ae DependenciesID=01dd319129ea5b98f1829f26c5197f09 StaticDependenciesID=e496cd28ce152a6ea9048b6aa7860a8e 
Number of updated asset objects reloaded before import = 0
Number of asset objects unloaded after import = 20
========================================================================
Received Import Request.
  Time of request: 2026-09-06T07:59:50.2563997Z
  Time since last request: 0.0004544 seconds.
  importAddress: GUID: 01011f0717cf4b59b383b1fa591ddb07 - Path: Packages/com.unity.cinemachine/Runtime/Debug/DebugText.cs - Importer: ScriptedImporter/UnityEditor.QuickSearchModule:UnityEditor.Search:ASIAI0B
Importing 'GUID: 01011f0717cf4b59b383b1fa591ddb07 - Path: Packages/com.unity.cinemachine/Runtime/Debug/DebugText.cs - Importer: ScriptedImporter/UnityEditor.QuickSearchModule:UnityEditor.Search:ASIAI0B' with importer (ScriptedImporter : UnityEditor.QuickSearchModule:UnityEditor.Search:ASIAI0B)
Imported 'GUID: 01011f0717cf4b59b383b1fa591ddb07' -> (Import Result ID: '231d243bca42567506c628e3e199f405') in 0.004 seconds [static and dynamic dependencies]. Details - ImportResultOutputID=be0d941c329ace80c70cea0e40d6d621 DependenciesID=e4c09e8986d72621956a2be09fa68b8a StaticDependenciesID=bc9c2222a7a685042883180bdc1e1fe9 
Number of updated asset objects reloaded before import = 0
Number of asset objects unloaded after import = 0
========================================================================
Received Import Request.
  Time of request: 2026-09-06T07:59:50.272073Z
  Time since last request: 0.0010772 seconds.
  importAddress: GUID: aa38d7b0e367ecc4aac915dcfe957879 - Path: Assets/Starter Assets/Sample/Environment/Art/Models/Ground_Mesh.fbx - Importer: ScriptedImporter/UnityEditor.QuickSearchModule:UnityEditor.Search:ASIAI0B
Importing 'GUID: aa38d7b0e367ecc4aac915dcfe957879 - Path: Assets/Starter Assets/Sample/Environment/Art/Models/Ground_Mesh.fbx - Importer: ScriptedImporter/UnityEditor.QuickSearchModule:UnityEditor.Search:ASIAI0B' with importer (ScriptedImporter : UnityEditor.QuickSearchModule:UnityEditor.Search:ASIAI0B)
Imported 'GUID: aa38d7b0e367ecc4aac915dcfe957879' -> (Import Result ID: '681a862164521ef2d215a40613a14bcf') in 0.056 seconds [static and dynamic dependencies]. Details - ImportResultOutputID=94e1b489aedea8f9b2cbae6e19d393df DependenciesID=99c38662299ce7957f5351f7fc12e928 StaticDependenciesID=3359fb5548a5cf32b43376e916ea3670 
Number of updated asset objects reloaded before import = 0
Number of asset objects unloaded after import = 9
========================================================================
Received Import Request.
  Time of request: 2026-09-06T07:59:50.3386597Z
  Time since last request: 0.0008894 seconds.
  importAddress: GUID: 620aee1bd928b2a4981896c6b4e1bf0d - Path: Packages/com.unity.cinemachine/Editor/Editors/CinemachinePositionComposerEditor.cs - Importer: ScriptedImporter/UnityEditor.QuickSearchModule:UnityEditor.Search:ASIAI0B
Importing 'GUID: 620aee1bd928b2a4981896c6b4e1bf0d - Path: Packages/com.unity.cinemachine/Editor/Editors/CinemachinePositionComposerEditor.cs - Importer: ScriptedImporter/UnityEditor.QuickSearchModule:UnityEditor.Search:ASIAI0B' with importer (ScriptedImporter : UnityEditor.QuickSearchModule:UnityEditor.Search:ASIAI0B)
Imported 'GUID: 620aee1bd928b2a4981896c6b4e1bf0d' -> (Import Result ID: '412093db303f2fb9730f7aff27378d86') in 0.004 seconds [static and dynamic dependencies]. Details - ImportResultOutputID=570d76da90ffc52c13fd77c7e6a4544b DependenciesID=06147a7b4544572098605335698cb52b StaticDependenciesID=b30795fed6fd557c50d5c2f2a3bbbde2 
Number of updated asset objects reloaded before import = 0
Number of asset objects unloaded after import = 0
========================================================================
Received Import Request.
  Time of request: 2026-09-06T07:59:50.354012Z
  Time since last request: 0.001059 seconds.
  importAddress: GUID: a200b19ca1a9685429ed7e043c28e904 - Path: Packages/com.unity.cinemachine/Runtime/Deprecated/CinemachineSmoothPath.cs - Importer: ScriptedImporter/UnityEditor.QuickSearchModule:UnityEditor.Search:ASIAI0B
Importing 'GUID: a200b19ca1a9685429ed7e043c28e904 - Path: Packages/com.unity.cinemachine/Runtime/Deprecated/CinemachineSmoothPath.cs - Importer: ScriptedImporter/UnityEditor.QuickSearchModule:UnityEditor.Search:ASIAI0B' with importer (ScriptedImporter : UnityEditor.QuickSearchModule:UnityEditor.Search:ASIAI0B)
Imported 'GUID: a200b19ca1a9685429ed7e043c28e904' -> (Import Result ID: '3af3b32531a280c498096d268ff75675') in 0.004 seconds [static and dynamic dependencies]. Details - ImportResultOutputID=e0cf1992655c62b419131aefd4c8b40b DependenciesID=0e7200308054f99e650cf038597a4cba StaticDependenciesID=b236065acd7326e88c0064099a879d11 
Number of updated asset objects reloaded before import = 0
Number of asset objects unloaded after import = 0
========================================================================
Received Import Request.
  Time of request: 2026-09-06T07:59:50.367727Z
  Time since last request: 0.0005416 seconds.
  importAddress: GUID: 478ef75e2d9612043ad9e092df040fea - Path: Assets/Starter Assets/Runtime/ThirdPersonController/Character/Animations - Importer: ScriptedImporter/UnityEditor.QuickSearchModule:UnityEditor.Search:ASIAI0B
Importing 'GUID: 478ef75e2d9612043ad9e092df040fea - Path: Assets/Starter Assets/Runtime/ThirdPersonController/Character/Animations - Importer: ScriptedImporter/UnityEditor.QuickSearchModule:UnityEditor.Search:ASIAI0B' with importer (ScriptedImporter : UnityEditor.QuickSearchModule:UnityEditor.Search:ASIAI0B)
Imported 'GUID: 478ef75e2d9612043ad9e092df040fea' -> (Import Result ID: '5dd7d7d0efe9ce94b69b04bb7075249a') in 0.004 seconds [static and dynamic dependencies]. Details - ImportResultOutputID=f1e7c5f5a556646ea44db1a9692a89f3 DependenciesID=78fb701b9cfd2f16891db56eb5050c7a StaticDependenciesID=96c9c3f4ccc897d51ea3fc4036913cac 
Number of updated asset objects reloaded before import = 0
Number of asset objects unloaded after import = 1
========================================================================
Received Import Request.
  Time of request: 2026-09-06T07:59:50.3827479Z
  Time since last request: 0.0003355 seconds.
  importAddress: GUID: 2ad42e04f6841ea64a7f21707d1aec22 - Path: Packages/com.unity.splines/Editor/Editor Resources/Icons/SplineContext@2x.png - Importer: ScriptedImporter/UnityEditor.QuickSearchModule:UnityEditor.Search:ASIAI0B
Importing 'GUID: 2ad42e04f6841ea64a7f21707d1aec22 - Path: Packages/com.unity.splines/Editor/Editor Resources/Icons/SplineContext@2x.png - Importer: ScriptedImporter/UnityEditor.QuickSearchModule:UnityEditor.Search:ASIAI0B' with importer (ScriptedImporter : UnityEditor.QuickSearchModule:UnityEditor.Search:ASIAI0B)
Imported 'GUID: 2ad42e04f6841ea64a7f21707d1aec22' -> (Import Result ID: 'c8f80bd04d12924aa1ef1d62acd46847') in 0.009 seconds [static and dynamic dependencies]. Details - ImportResultOutputID=9cd3ab40b79bffe59b15070287abf5b6 DependenciesID=b5e41ed052ccd8d02f85cd483f756e17 StaticDependenciesID=cc174ec7df9b69a47bd10ac2085496a1 
Number of updated asset objects reloaded before import = 0
Number of asset objects unloaded after import = 1
========================================================================
Received Import Request.
  Time of request: 2026-09-06T07:59:50.4047113Z
  Time since last request: 0.0009798 seconds.
  importAddress: GUID: a3dacaec0287d7444b4bd276816e1666 - Path: Packages/com.unity.cinemachine/Presets/Noise/Handheld_tele_mild.asset - Importer: ScriptedImporter/UnityEditor.QuickSearchModule:UnityEditor.Search:ASIAI0B
Importing 'GUID: a3dacaec0287d7444b4bd276816e1666 - Path: Packages/com.unity.cinemachine/Presets/Noise/Handheld_tele_mild.asset - Importer: ScriptedImporter/UnityEditor.QuickSearchModule:UnityEditor.Search:ASIAI0B' with importer (ScriptedImporter : UnityEditor.QuickSearchModule:UnityEditor.Search:ASIAI0B)
Imported 'GUID: a3dacaec0287d7444b4bd276816e1666' -> (Import Result ID: 'cbef2cccee4bbcea416207990e4715fe') in 0.004 seconds [static and dynamic dependencies]. Details - ImportResultOutputID=27c86ba2caca226eebc3b123c243f02d DependenciesID=3e8092b5847eacec386a2c38c0d80027 StaticDependenciesID=45cafb50a2c702bb6df5ac026f317b99 
Number of updated asset objects reloaded before import = 0
Number of asset objects unloaded after import = 1
========================================================================
Received Import Request.
  Time of request: 2026-09-06T07:59:50.4194305Z
  Time since last request: 0.000388 seconds.
  importAddress: GUID: 77e2bd1ff39e7584a8c36ca4df6b4e9a - Path: Assets/Starter Assets/Sample/ThirdPersonController - Importer: ScriptedImporter/UnityEditor.QuickSearchModule:UnityEditor.Search:ASIAI0B
Importing 'GUID: 77e2bd1ff39e7584a8c36ca4df6b4e9a - Path: Assets/Starter Assets/Sample/ThirdPersonController - Importer: ScriptedImporter/UnityEditor.QuickSearchModule:UnityEditor.Search:ASIAI0B' with importer (ScriptedImporter : UnityEditor.QuickSearchModule:UnityEditor.Search:ASIAI0B)
Imported 'GUID: 77e2bd1ff39e7584a8c36ca4df6b4e9a' -> (Import Result ID: '945ac4a4d80516ce37f2fa1444a4dc60') in 0.003 seconds [static and dynamic dependencies]. Details - ImportResultOutputID=0939b0ba4604d78fc054fed62ee1cc49 DependenciesID=ed30188072946040d8ce7d907f4a6197 StaticDependenciesID=b96f36a2c14f3758d133a1c8565893ca 
Number of updated asset objects reloaded before import = 0
Number of asset objects unloaded after import = 1
========================================================================
Received Import Request.
  Time of request: 2026-09-06T07:59:50.4335404Z
  Time since last request: 0.0003665 seconds.
  importAddress: GUID: 687dbafc2b84b2846b9a4a7a7dae2a7e - Path: Assets/Starter Assets/Sample/Environment/Prefabs/Box_350x250x300_Prefab.prefab - Importer: ScriptedImporter/UnityEditor.QuickSearchModule:UnityEditor.Search:ASIAI0B
Importing 'GUID: 687dbafc2b84b2846b9a4a7a7dae2a7e - Path: Assets/Starter Assets/Sample/Environment/Prefabs/Box_350x250x300_Prefab.prefab - Importer: ScriptedImporter/UnityEditor.QuickSearchModule:UnityEditor.Search:ASIAI0B' with importer (ScriptedImporter : UnityEditor.QuickSearchModule:UnityEditor.Search:ASIAI0B)
Imported 'GUID: 687dbafc2b84b2846b9a4a7a7dae2a7e' -> (Import Result ID: 'd2a4d3e5e8ee045bdb863e6a8d09d205') in 0.012 seconds [static and dynamic dependencies]. Details - ImportResultOutputID=c78366b1705e0eb36daab9a32643682e DependenciesID=99dfb88cf90cf7052d7bfffa19fd4c0a StaticDependenciesID=9bafb5172d3978bcf7d97cc29c16f474 
Number of updated asset objects reloaded before import = 0
Number of asset objects unloaded after import = 9
========================================================================
Received Import Request.
  Time of request: 2026-09-06T07:59:50.4557698Z
  Time since last request: 0.0003497 seconds.
  importAddress: GUID: 07322254109944bb4b45b7b3e0131c6d - Path: Packages/com.unity.splines/Editor/Editor Resources/Icons/AutoSmoothKnot.png - Importer: ScriptedImporter/UnityEditor.QuickSearchModule:UnityEditor.Search:ASIAI0B
Importing 'GUID: 07322254109944bb4b45b7b3e0131c6d - Path: Packages/com.unity.splines/Editor/Editor Resources/Icons/AutoSmoothKnot.png - Importer: ScriptedImporter/UnityEditor.QuickSearchModule:UnityEditor.Search:ASIAI0B' with importer (ScriptedImporter : UnityEditor.QuickSearchModule:UnityEditor.Search:ASIAI0B)
Imported 'GUID: 07322254109944bb4b45b7b3e0131c6d' -> (Import Result ID: '5fc1bc5b7f8eeaea0bb3c3fc9dcb9f3a') in 0.008 seconds [static and dynamic dependencies]. Details - ImportResultOutputID=1bf5cb608a7a9a8aa305f1715b791f74 DependenciesID=b542389d97b0334f7928e05f45c6ffc6 StaticDependenciesID=3ebd147f259bc7bfbb5807ffacdd1c49 
Number of updated asset objects reloaded before import = 0
Number of asset objects unloaded after import = 1
========================================================================
Received Import Request.
  Time of request: 2026-09-06T07:59:50.4758581Z
  Time since last request: 0.0014977 seconds.
  importAddress: GUID: 8805f50579982e7458c1b5ecc0119396 - Path: Packages/com.unity.splines/Editor/Controls/TangentHandles.cs - Importer: ScriptedImporter/UnityEditor.QuickSearchModule:UnityEditor.Search:ASIAI0B
Importing 'GUID: 8805f50579982e7458c1b5ecc0119396 - Path: Packages/com.unity.splines/Editor/Controls/TangentHandles.cs - Importer: ScriptedImporter/UnityEditor.QuickSearchModule:UnityEditor.Search:ASIAI0B' with importer (ScriptedImporter : UnityEditor.QuickSearchModule:UnityEditor.Search:ASIAI0B)
Imported 'GUID: 8805f50579982e7458c1b5ecc0119396' -> (Import Result ID: '62c611c035337d40967a5b3139246a25') in 0.003 seconds [static and dynamic dependencies]. Details - ImportResultOutputID=4ddd62dae90c76e2e23109f70938810d DependenciesID=ca2b4e8ab6038cb6ee85042baa10f740 StaticDependenciesID=12d8c7fe8e420c5f5eb4bab250a13348 
Number of updated asset objects reloaded before import = 0
Number of asset objects unloaded after import = 0
========================================================================
Received Import Request.
  Time of request: 2026-09-06T07:59:50.4904492Z
  Time since last request: 0.0003715 seconds.
  importAddress: GUID: b567991935cb6844d9bb65eda22b628f - Path: Packages/com.unity.cinemachine/Runtime/Core/RuntimeUtility.cs - Importer: ScriptedImporter/UnityEditor.QuickSearchModule:UnityEditor.Search:ASIAI0B
Importing 'GUID: b567991935cb6844d9bb65eda22b628f - Path: Packages/com.unity.cinemachine/Runtime/Core/RuntimeUtility.cs - Importer: ScriptedImporter/UnityEditor.QuickSearchModule:UnityEditor.Search:ASIAI0B' with importer (ScriptedImporter : UnityEditor.QuickSearchModule:UnityEditor.Search:ASIAI0B)
Imported 'GUID: b567991935cb6844d9bb65eda22b628f' -> (Import Result ID: '5caf3ad7c5a2e1a98c3a492d81fd3c0c') in 0.005 seconds [static and dynamic dependencies]. Details - ImportResultOutputID=17d77e76877f44f0424845da49e234e0 DependenciesID=8e72cb9572ad918d7adfef2090cf1456 StaticDependenciesID=93464f5eb86fda8d7bcf91eb01b162a1 
Number of updated asset objects reloaded before import = 0
Number of asset objects unloaded after import = 0
========================================================================
Received Import Request.
  Time of request: 2026-09-06T07:59:50.5059484Z
  Time since last request: 0.000712 seconds.
  importAddress: GUID: 450f466b666a79a4698f2b19a5c87c03 - Path: Packages/com.unity.cinemachine/Runtime/Behaviours/CinemachineSplineCart.cs - Importer: ScriptedImporter/UnityEditor.QuickSearchModule:UnityEditor.Search:ASIAI0B
Importing 'GUID: 450f466b666a79a4698f2b19a5c87c03 - Path: Packages/com.unity.cinemachine/Runtime/Behaviours/CinemachineSplineCart.cs - Importer: ScriptedImporter/UnityEditor.QuickSearchModule:UnityEditor.Search:ASIAI0B' with importer (ScriptedImporter : UnityEditor.QuickSearchModule:UnityEditor.Search:ASIAI0B)
Imported 'GUID: 450f466b666a79a4698f2b19a5c87c03' -> (Import Result ID: '5aaa99b5d582c4823282d1bbaefca173') in 0.006 seconds [static and dynamic dependencies]. Details - ImportResultOutputID=b17244692670b78633612fe92779c819 DependenciesID=bae0d8828149850ed23a8cc052c9466d StaticDependenciesID=c7f5c586e51e912e2ddbef231b6e36fd 
Number of updated asset objects reloaded before import = 0
Number of asset objects unloaded after import = 1
========================================================================
Received Import Request.
  Time of request: 2026-09-06T07:59:50.5239344Z
  Time since last request: 0.0003256 seconds.
  importAddress: GUID: 21d1eb854b91ade49bc69a263d12bee2 - Path: Packages/com.unity.splines/Runtime/Unity.Splines.asmdef - Importer: ScriptedImporter/UnityEditor.QuickSearchModule:UnityEditor.Search:ASIAI0B
Importing 'GUID: 21d1eb854b91ade49bc69a263d12bee2 - Path: Packages/com.unity.splines/Runtime/Unity.Splines.asmdef - Importer: ScriptedImporter/UnityEditor.QuickSearchModule:UnityEditor.Search:ASIAI0B' with importer (ScriptedImporter : UnityEditor.QuickSearchModule:UnityEditor.Search:ASIAI0B)
Imported 'GUID: 21d1eb854b91ade49bc69a263d12bee2' -> (Import Result ID: '390671170104b69733df4da61dcf032d') in 0.005 seconds [static and dynamic dependencies]. Details - ImportResultOutputID=923b7cd8525f3fc66f1a8ecb0a3e2349 DependenciesID=2056dc6cce246d3c488db8096087906e StaticDependenciesID=ba843b3e1392c7519a531c336458b6d4 
Number of updated asset objects reloaded before import = 0
Number of asset objects unloaded after import = 1
========================================================================
Received Import Request.
  Time of request: 2026-09-06T07:59:50.5411999Z
  Time since last request: 0.0007952 seconds.
  importAddress: GUID: e9017d5f96b9f09489b4b37e1d6eb914 - Path: Assets/Starter Assets/Sample/ThirdPersonController/Playground.unity - Importer: ScriptedImporter/UnityEditor.QuickSearchModule:UnityEditor.Search:ASIAI0B
Importing 'GUID: e9017d5f96b9f09489b4b37e1d6eb914 - Path: Assets/Starter Assets/Sample/ThirdPersonController/Playground.unity - Importer: ScriptedImporter/UnityEditor.QuickSearchModule:UnityEditor.Search:ASIAI0B' with importer (ScriptedImporter : UnityEditor.QuickSearchModule:UnityEditor.Search:ASIAI0B)
Imported 'GUID: e9017d5f96b9f09489b4b37e1d6eb914' -> (Import Result ID: '6a5c7f62226375a22da796c33151608f') in 0.005 seconds [static and dynamic dependencies]. Details - ImportResultOutputID=510c1791e4e23c1dea14abfc87518d70 DependenciesID=e6f1bb25809a04c9425061e411c6d9e4 StaticDependenciesID=b86cf5fabaf92a2a8014b12f0e7c8177 
Number of updated asset objects reloaded before import = 0
Number of asset objects unloaded after import = 1
========================================================================
Received Import Request.
  Time of request: 2026-09-06T07:59:50.560073Z
  Time since last request: 0.0012104 seconds.
  importAddress: GUID: 8f107aadf823af24889bc290a1cca90d - Path: Packages/com.unity.cinemachine/Presets/Noise - Importer: ScriptedImporter/UnityEditor.QuickSearchModule:UnityEditor.Search:ASIAI0B
Importing 'GUID: 8f107aadf823af24889bc290a1cca90d - Path: Packages/com.unity.cinemachine/Presets/Noise - Importer: ScriptedImporter/UnityEditor.QuickSearchModule:UnityEditor.Search:ASIAI0B' with importer (ScriptedImporter : UnityEditor.QuickSearchModule:UnityEditor.Search:ASIAI0B)
Imported 'GUID: 8f107aadf823af24889bc290a1cca90d' -> (Import Result ID: 'b313697b7b508274aa89a9b1c04e64e1') in 0.004 seconds [static and dynamic dependencies]. Details - ImportResultOutputID=001a17007b608503a98575cffdc5bf5c DependenciesID=d3a565f78976b8aed09cad93904fc668 StaticDependenciesID=c04007d280439af30b5e0a03d9bafd67 
Number of updated asset objects reloaded before import = 0
Number of asset objects unloaded after import = 1
========================================================================
Received Import Request.
  Time of request: 2026-09-06T07:59:50.5758709Z
  Time since last request: 0.0004548 seconds.
  importAddress: GUID: 84ba2b41d2954a2d8adc64619daa77e8 - Path: Packages/com.unity.splines/Editor/GUI/Editors/BezierTangentPropertyField.cs - Importer: ScriptedImporter/UnityEditor.QuickSearchModule:UnityEditor.Search:ASIAI0B
Importing 'GUID: 84ba2b41d2954a2d8adc64619daa77e8 - Path: Packages/com.unity.splines/Editor/GUI/Editors/BezierTangentPropertyField.cs - Importer: ScriptedImporter/UnityEditor.QuickSearchModule:UnityEditor.Search:ASIAI0B' with importer (ScriptedImporter : UnityEditor.QuickSearchModule:UnityEditor.Search:ASIAI0B)
Imported 'GUID: 84ba2b41d2954a2d8adc64619daa77e8' -> (Import Result ID: '2a9054ecf6ccea840ce007659e75aaad') in 0.005 seconds [static and dynamic dependencies]. Details - ImportResultOutputID=4d1bcdd780492c15a4055d9182ce3fee DependenciesID=683d27c6983abd300277340b9d89e90b StaticDependenciesID=38c469c00f4c61e737985efa1671b0a2 
Number of updated asset objects reloaded before import = 0
Number of asset objects unloaded after import = 0
========================================================================
Received Import Request.
  Time of request: 2026-09-06T07:59:50.5937677Z
  Time since last request: 0.0009252 seconds.
  importAddress: GUID: d4a408a1b506d0046875061c677944d8 - Path: Packages/com.unity.cinemachine/Editor/Obsolete/CinemachineTrackedDollyEditor.cs - Importer: ScriptedImporter/UnityEditor.QuickSearchModule:UnityEditor.Search:ASIAI0B
Importing 'GUID: d4a408a1b506d0046875061c677944d8 - Path: Packages/com.unity.cinemachine/Editor/Obsolete/CinemachineTrackedDollyEditor.cs - Importer: ScriptedImporter/UnityEditor.QuickSearchModule:UnityEditor.Search:ASIAI0B' with importer (ScriptedImporter : UnityEditor.QuickSearchModule:UnityEditor.Search:ASIAI0B)
Imported 'GUID: d4a408a1b506d0046875061c677944d8' -> (Import Result ID: '379edbe6f49889a083e2874272247f41') in 0.004 seconds [static and dynamic dependencies]. Details - ImportResultOutputID=ce98455b5a1c80ad97af9495e7d0239a DependenciesID=ebea805ea2d624ed21dc8d59cfe07311 StaticDependenciesID=c8df00174710a06b69c4ff141ed511a8 
Number of updated asset objects reloaded before import = 0
Number of asset objects unloaded after import = 0
========================================================================
Received Import Request.
  Time of request: 2026-09-06T07:59:50.6112352Z
  Time since last request: 0.0005534 seconds.
  importAddress: GUID: 19acaed1f8ecfb54ab50e8d87065d38e - Path: Packages/com.unity.cinemachine/Editor/EditorResources/Icons/Light - Importer: ScriptedImporter/UnityEditor.QuickSearchModule:UnityEditor.Search:ASIAI0B
Importing 'GUID: 19acaed1f8ecfb54ab50e8d87065d38e - Path: Packages/com.unity.cinemachine/Editor/EditorResources/Icons/Light - Importer: ScriptedImporter/UnityEditor.QuickSearchModule:UnityEditor.Search:ASIAI0B' with importer (ScriptedImporter : UnityEditor.QuickSearchModule:UnityEditor.Search:ASIAI0B)
Imported 'GUID: 19acaed1f8ecfb54ab50e8d87065d38e' -> (Import Result ID: 'ff3c8ba3cbac05981ac8d8f04e486d1e') in 0.004 seconds [static and dynamic dependencies]. Details - ImportResultOutputID=e82229cbae2b9daee33a326eef14e4cd DependenciesID=cd95ae475ebdffc9e0dcaa6d7d52b5be StaticDependenciesID=f89d71ced090418d055f8585f503e633 
Number of updated asset objects reloaded before import = 0
Number of asset objects unloaded after import = 1
========================================================================
Received Import Request.
  Time of request: 2026-09-06T07:59:50.6267281Z
  Time since last request: 0.0004047 seconds.
  importAddress: GUID: 6d99c6e0a8f8bf44bb8bcb6e5a056d01 - Path: Assets/Starter Assets/Sample/Environment/Shaders/Built-in_RP/ArmatureShader.shader - Importer: ScriptedImporter/UnityEditor.QuickSearchModule:UnityEditor.Search:ASIAI0B
Importing 'GUID: 6d99c6e0a8f8bf44bb8bcb6e5a056d01 - Path: Assets/Starter Assets/Sample/Environment/Shaders/Built-in_RP/ArmatureShader.shader - Importer: ScriptedImporter/UnityEditor.QuickSearchModule:UnityEditor.Search:ASIAI0B' with importer (ScriptedImporter : UnityEditor.QuickSearchModule:UnityEditor.Search:ASIAI0B)
Imported 'GUID: 6d99c6e0a8f8bf44bb8bcb6e5a056d01' -> (Import Result ID: 'f84cb32ccad8c0dd188e4ad3734c9340') in 0.012 seconds [static and dynamic dependencies]. Details - ImportResultOutputID=4b840d1eebd33cdc2e74b1d4026e0233 DependenciesID=88336f8ccd27fae9e98099a0ec31b731 StaticDependenciesID=f327391087a0fe2f12eb838a3e8b5a6e 
Number of updated asset objects reloaded before import = 0
Number of asset objects unloaded after import = 1
========================================================================
Received Import Request.
  Time of request: 2026-09-06T07:59:50.6509679Z
  Time since last request: 0.0006509 seconds.
  importAddress: GUID: 36078ab0369161e49a29d349ae3e0739 - Path: Assets/Starter Assets/Runtime/ThirdPersonController/Character/Models/Armature.fbx - Importer: ScriptedImporter/UnityEditor.QuickSearchModule:UnityEditor.Search:ASIAI0B
Importing 'GUID: 36078ab0369161e49a29d349ae3e0739 - Path: Assets/Starter Assets/Runtime/ThirdPersonController/Character/Models/Armature.fbx - Importer: ScriptedImporter/UnityEditor.QuickSearchModule:UnityEditor.Search:ASIAI0B' with importer (ScriptedImporter : UnityEditor.QuickSearchModule:UnityEditor.Search:ASIAI0B)
Imported 'GUID: 36078ab0369161e49a29d349ae3e0739' -> (Import Result ID: '72e186fc44711b274aeb098d49e23e9e') in 0.018 seconds [static and dynamic dependencies]. Details - ImportResultOutputID=b6883952064722349e7f41d8f69a6eca DependenciesID=7e096a1f590f1ba86834d34e2bfa85df StaticDependenciesID=4519db63f9dd8112867fe47f87c5f3e5 
Number of updated asset objects reloaded before import = 0
Number of asset objects unloaded after import = 150
========================================================================
Received Import Request.
  Time of request: 2026-09-06T07:59:50.6813235Z
  Time since last request: 0.0004338 seconds.
  importAddress: GUID: 04e6f1d86089cda409e925cd975436d9 - Path: Packages/com.unity.cinemachine/Editor/Obsolete/CinemachineFreeLookEditor.cs - Importer: ScriptedImporter/UnityEditor.QuickSearchModule:UnityEditor.Search:ASIAI0B
Importing 'GUID: 04e6f1d86089cda409e925cd975436d9 - Path: Packages/com.unity.cinemachine/Editor/Obsolete/CinemachineFreeLookEditor.cs - Importer: ScriptedImporter/UnityEditor.QuickSearchModule:UnityEditor.Search:ASIAI0B' with importer (ScriptedImporter : UnityEditor.QuickSearchModule:UnityEditor.Search:ASIAI0B)
Imported 'GUID: 04e6f1d86089cda409e925cd975436d9' -> (Import Result ID: '2ffdd59b06939509e6c48cd912b2eab6') in 0.004 seconds [static and dynamic dependencies]. Details - ImportResultOutputID=ad9e6392777b10b687ac332c36ea4dc4 DependenciesID=064256d604c2e70eff858aa1c201f306 StaticDependenciesID=a63cf2b4a7492b2671eddd7c5d87dc77 
Number of updated asset objects reloaded before import = 0
Number of asset objects unloaded after import = 0
========================================================================
Received Import Request.
  Time of request: 2026-09-06T07:59:50.6984388Z
  Time since last request: 0.0005162 seconds.
  importAddress: GUID: 9564d3bbc73fcb64792156cb4e2758a4 - Path: Assets/Starter Assets/Runtime/ThirdPersonController/Character/Materials/Built-in_RP/M_ArmatureColor_Body.mat - Importer: ScriptedImporter/UnityEditor.QuickSearchModule:UnityEditor.Search:ASIAI0B
Importing 'GUID: 9564d3bbc73fcb64792156cb4e2758a4 - Path: Assets/Starter Assets/Runtime/ThirdPersonController/Character/Materials/Built-in_RP/M_ArmatureColor_Body.mat - Importer: ScriptedImporter/UnityEditor.QuickSearchModule:UnityEditor.Search:ASIAI0B' with importer (ScriptedImporter : UnityEditor.QuickSearchModule:UnityEditor.Search:ASIAI0B)
Imported 'GUID: 9564d3bbc73fcb64792156cb4e2758a4' -> (Import Result ID: '09a5f216a96b5fb29f24489288c19cbc') in 0.052 seconds [static and dynamic dependencies]. Details - ImportResultOutputID=720dbe3d02cc33af2a1efa76860d7eb0 DependenciesID=bb5afd473e3e4b923fe22a309396cc29 StaticDependenciesID=53c0cb32b87fdfef8b13ed56c38cc610 
Number of updated asset objects reloaded before import = 0
Number of asset objects unloaded after import = 6
========================================================================
Received Import Request.
  Time of request: 2026-09-06T07:59:50.7627239Z
  Time since last request: 0.0000887 seconds.
  importAddress: GUID: 910bf23ae6a63488796235071cb3dd65 - Path: Packages/com.unity.splines/Editor/Editor Resources/UI/UXML/splineanimate-inspector.uxml - Importer: ScriptedImporter/UnityEditor.QuickSearchModule:UnityEditor.Search:ASIAI0B
Importing 'GUID: 910bf23ae6a63488796235071cb3dd65 - Path: Packages/com.unity.splines/Editor/Editor Resources/UI/UXML/splineanimate-inspector.uxml - Importer: ScriptedImporter/UnityEditor.QuickSearchModule:UnityEditor.Search:ASIAI0B' with importer (ScriptedImporter : UnityEditor.QuickSearchModule:UnityEditor.Search:ASIAI0B)
Imported 'GUID: 910bf23ae6a63488796235071cb3dd65' -> (Import Result ID: '43c696766c2406b5a068cc5133e5fb97') in 0.028 seconds [static and dynamic dependencies]. Details - ImportResultOutputID=6f7f4eefcd50d94385fea8b10db2be96 DependenciesID=a03d4aea6a3b308c8633189fc6a01464 StaticDependenciesID=cef75fb785a02b2f707906e9843edc4e 
Number of updated asset objects reloaded before import = 0
Number of asset objects unloaded after import = 3
========================================================================
Received Import Request.
  Time of request: 2026-09-06T07:59:50.8029659Z
  Time since last request: 0.0009283 seconds.
  importAddress: GUID: 74b90d002bdcadb4b844c5a62f7ed7e1 - Path: Packages/com.unity.cinemachine/Editor/Obsolete/CinemachineComposerEditor.cs - Importer: ScriptedImporter/UnityEditor.QuickSearchModule:UnityEditor.Search:ASIAI0B
Importing 'GUID: 74b90d002bdcadb4b844c5a62f7ed7e1 - Path: Packages/com.unity.cinemachine/Editor/Obsolete/CinemachineComposerEditor.cs - Importer: ScriptedImporter/UnityEditor.QuickSearchModule:UnityEditor.Search:ASIAI0B' with importer (ScriptedImporter : UnityEditor.QuickSearchModule:UnityEditor.Search:ASIAI0B)
Imported 'GUID: 74b90d002bdcadb4b844c5a62f7ed7e1' -> (Import Result ID: '4bac4f5cd141555fe776ed8bde207afa') in 0.004 seconds [static and dynamic dependencies]. Details - ImportResultOutputID=dda0c4d4a429bb4641784eeaa800ca3c DependenciesID=49ee97253abb308a92ddcfb13df18950 StaticDependenciesID=11cab6516364002c57e3d1f23e65c743 
Number of updated asset objects reloaded before import = 0
Number of asset objects unloaded after import = 0
========================================================================
Received Import Request.
  Time of request: 2026-09-06T07:59:50.8532295Z
  Time since last request: 0.0355937 seconds.
  importAddress: GUID: 69ce8388f6785dd4c8c39915efece2f4 - Path: Packages/com.unity.cinemachine/Presets/Noise/6D Shake.asset - Importer: ScriptedImporter/UnityEditor.QuickSearchModule:UnityEditor.Search:ASIAI0B
Importing 'GUID: 69ce8388f6785dd4c8c39915efece2f4 - Path: Packages/com.unity.cinemachine/Presets/Noise/6D Shake.asset - Importer: ScriptedImporter/UnityEditor.QuickSearchModule:UnityEditor.Search:ASIAI0B' with importer (ScriptedImporter : UnityEditor.QuickSearchModule:UnityEditor.Search:ASIAI0B)
Imported 'GUID: 69ce8388f6785dd4c8c39915efece2f4' -> (Import Result ID: 'b22de82797fcab6bb7f5fc521bb56f96') in 0.004 seconds [static and dynamic dependencies]. Details - ImportResultOutputID=b290e4656b853165d7b69a10e42778d2 DependenciesID=570038c74930347745f1364e9d6a7903 StaticDependenciesID=1c17538c90ec8734db33a692bd808dea 
Number of updated asset objects reloaded before import = 0
Number of asset objects unloaded after import = 1
========================================================================
Received Import Request.
  Time of request: 2026-09-06T07:59:50.8668376Z
  Time since last request: 0.0013156 seconds.
  importAddress: GUID: 979aef027a1c86c42a15ce35fce366fa - Path: Assets/Starter Assets/Sample/Environment/Art/Materials/Blue_Mat.mat - Importer: ScriptedImporter/UnityEditor.QuickSearchModule:UnityEditor.Search:ASIAI0B
Importing 'GUID: 979aef027a1c86c42a15ce35fce366fa - Path: Assets/Starter Assets/Sample/Environment/Art/Materials/Blue_Mat.mat - Importer: ScriptedImporter/UnityEditor.QuickSearchModule:UnityEditor.Search:ASIAI0B' with importer (ScriptedImporter : UnityEditor.QuickSearchModule:UnityEditor.Search:ASIAI0B)
Imported 'GUID: 979aef027a1c86c42a15ce35fce366fa' -> (Import Result ID: '8b7c59877671f5289cc29d06b6a800b7') in 0.006 seconds [static and dynamic dependencies]. Details - ImportResultOutputID=0dccdf33ca9b864b675fce8fdf7f99f5 DependenciesID=c3bf40e98bce0028fe0d11708d2c99d6 StaticDependenciesID=87683beef29c2b8b004bd5eb90cbc59b 
Number of updated asset objects reloaded before import = 0
Number of asset objects unloaded after import = 2
========================================================================
Received Import Request.
  Time of request: 2026-09-06T07:59:50.8857243Z
  Time since last request: 0.0014649 seconds.
  importAddress: GUID: c5da6ce9225f948438f7d6a072499ecd - Path: Packages/com.unity.cinemachine/Editor/Obsolete/CinemachineGroupComposerEditor.cs - Importer: ScriptedImporter/UnityEditor.QuickSearchModule:UnityEditor.Search:ASIAI0B
Importing 'GUID: c5da6ce9225f948438f7d6a072499ecd - Path: Packages/com.unity.cinemachine/Editor/Obsolete/CinemachineGroupComposerEditor.cs - Importer: ScriptedImporter/UnityEditor.QuickSearchModule:UnityEditor.Search:ASIAI0B' with importer (ScriptedImporter : UnityEditor.QuickSearchModule:UnityEditor.Search:ASIAI0B)
Imported 'GUID: c5da6ce9225f948438f7d6a072499ecd' -> (Import Result ID: 'd6e598ed2bc43e1e0e19191ce90d54ca') in 0.004 seconds [static and dynamic dependencies]. Details - ImportResultOutputID=a0acb4e22b5917a0c67812a402e8261e DependenciesID=c1b429475931a9c98fb69becb027b80f StaticDependenciesID=57b0af5245dd98d48f0362e656c57d4d 
Number of updated asset objects reloaded before import = 0
Number of asset objects unloaded after import = 0
========================================================================
Received Import Request.
  Time of request: 2026-09-06T07:59:50.9010023Z
  Time since last request: 0.0011635 seconds.
  importAddress: GUID: 8a55c5521f6ab4af298e86f0cda02006 - Path: Packages/com.unity.cinemachine/Editor/Utility/CinemachineSceneToolHelpers.cs - Importer: ScriptedImporter/UnityEditor.QuickSearchModule:UnityEditor.Search:ASIAI0B
Importing 'GUID: 8a55c5521f6ab4af298e86f0cda02006 - Path: Packages/com.unity.cinemachine/Editor/Utility/CinemachineSceneToolHelpers.cs - Importer: ScriptedImporter/UnityEditor.QuickSearchModule:UnityEditor.Search:ASIAI0B' with importer (ScriptedImporter : UnityEditor.QuickSearchModule:UnityEditor.Search:ASIAI0B)
Imported 'GUID: 8a55c5521f6ab4af298e86f0cda02006' -> (Import Result ID: 'd3504a3350855c8aac8663a23c562871') in 0.004 seconds [static and dynamic dependencies]. Details - ImportResultOutputID=dd1546f9ed4ad4b7f4ae2f9d8820e55f DependenciesID=fb30acb760cbcccf3fcb2217ecf95626 StaticDependenciesID=2209245ab02d63ada260199a22038220 
Number of updated asset objects reloaded before import = 0
Number of asset objects unloaded after import = 0
========================================================================
Received Import Request.
  Time of request: 2026-09-06T07:59:50.917174Z
  Time since last request: 0.0005213 seconds.
  importAddress: GUID: 1edfbc3a6b2e0423483a2af98a4bb746 - Path: Packages/com.unity.cinemachine/Editor/EditorResources/Icons/Dark/TrackedObjectOffset.png - Importer: ScriptedImporter/UnityEditor.QuickSearchModule:UnityEditor.Search:ASIAI0B
Importing 'GUID: 1edfbc3a6b2e0423483a2af98a4bb746 - Path: Packages/com.unity.cinemachine/Editor/EditorResources/Icons/Dark/TrackedObjectOffset.png - Importer: ScriptedImporter/UnityEditor.QuickSearchModule:UnityEditor.Search:ASIAI0B' with importer (ScriptedImporter : UnityEditor.QuickSearchModule:UnityEditor.Search:ASIAI0B)
Imported 'GUID: 1edfbc3a6b2e0423483a2af98a4bb746' -> (Import Result ID: '2222a1a865eeca83a17ddf50d6dc6a52') in 0.011 seconds [static and dynamic dependencies]. Details - ImportResultOutputID=0acdbd1ffd4105a7bc9713087c245b78 DependenciesID=b47a89efc44a3e1422c9e305152d5ad2 StaticDependenciesID=d348d545b3c1f0ccd8e019cdf6bebd26 
Number of updated asset objects reloaded before import = 0
Number of asset objects unloaded after import = 1
========================================================================
Received Import Request.
  Time of request: 2026-09-06T07:59:50.9392239Z
  Time since last request: 0.0005416 seconds.
  importAddress: GUID: 1a8a05de0ac134f4f9d01bef6b9da077 - Path: Packages/com.unity.cinemachine/Runtime/Behaviours/CinemachinePixelPerfect.cs - Importer: ScriptedImporter/UnityEditor.QuickSearchModule:UnityEditor.Search:ASIAI0B
Importing 'GUID: 1a8a05de0ac134f4f9d01bef6b9da077 - Path: Packages/com.unity.cinemachine/Runtime/Behaviours/CinemachinePixelPerfect.cs - Importer: ScriptedImporter/UnityEditor.QuickSearchModule:UnityEditor.Search:ASIAI0B' with importer (ScriptedImporter : UnityEditor.QuickSearchModule:UnityEditor.Search:ASIAI0B)
Imported 'GUID: 1a8a05de0ac134f4f9d01bef6b9da077' -> (Import Result ID: '12f821ba1f162fd9e68f495e0716f43c') in 0.007 seconds [static and dynamic dependencies]. Details - ImportResultOutputID=138e2763598cb4ff825d5b30f66cc164 DependenciesID=916e00ad99014caaea0a7ae6103e9316 StaticDependenciesID=dda2bfb98708683e339078f757c4e2a9 
Number of updated asset objects reloaded before import = 0
Number of asset objects unloaded after import = 1
========================================================================
Received Import Request.
  Time of request: 2026-09-06T07:59:50.9583104Z
  Time since last request: 0.0005291 seconds.
  importAddress: GUID: 0e25865eefe5b6f40a615add150c0042 - Path: Packages/com.unity.cinemachine/Editor/PostProcessing - Importer: ScriptedImporter/UnityEditor.QuickSearchModule:UnityEditor.Search:ASIAI0B
Importing 'GUID: 0e25865eefe5b6f40a615add150c0042 - Path: Packages/com.unity.cinemachine/Editor/PostProcessing - Importer: ScriptedImporter/UnityEditor.QuickSearchModule:UnityEditor.Search:ASIAI0B' with importer (ScriptedImporter : UnityEditor.QuickSearchModule:UnityEditor.Search:ASIAI0B)
Imported 'GUID: 0e25865eefe5b6f40a615add150c0042' -> (Import Result ID: '02e53a237dd16d2c77c3066ccb085a80') in 0.004 seconds [static and dynamic dependencies]. Details - ImportResultOutputID=d4d81dfeec35e359beb9dfda3ddd8e3e DependenciesID=95b6eb73201f23d5c6eff511b55ab76c StaticDependenciesID=7146fbdbfd794c979602ac86bcb1d40a 
Number of updated asset objects reloaded before import = 0
Number of asset objects unloaded after import = 1
========================================================================
Received Import Request.
  Time of request: 2026-09-06T07:59:50.9750569Z
  Time since last request: 0.0007459 seconds.
  importAddress: GUID: b8d6210cd6ab2e24bbe05d11fc9fb57d - Path: Packages/com.unity.cinemachine/Runtime/Core/SplineSettings.cs - Importer: ScriptedImporter/UnityEditor.QuickSearchModule:UnityEditor.Search:ASIAI0B
Importing 'GUID: b8d6210cd6ab2e24bbe05d11fc9fb57d - Path: Packages/com.unity.cinemachine/Runtime/Core/SplineSettings.cs - Importer: ScriptedImporter/UnityEditor.QuickSearchModule:UnityEditor.Search:ASIAI0B' with importer (ScriptedImporter : UnityEditor.QuickSearchModule:UnityEditor.Search:ASIAI0B)
Imported 'GUID: b8d6210cd6ab2e24bbe05d11fc9fb57d' -> (Import Result ID: 'bb6c12050bd34f15e06d20ce134a6fe3') in 0.003 seconds [static and dynamic dependencies]. Details - ImportResultOutputID=b194b7b2ba4241226a2f46c7f34546d9 DependenciesID=cee22cd79a26d9e2835851a7f91f0a16 StaticDependenciesID=1b5362429c69403cf6e3319f0593a465 
Number of updated asset objects reloaded before import = 0
Number of asset objects unloaded after import = 0
========================================================================
Received Import Request.
  Time of request: 2026-09-06T07:59:50.9894782Z
  Time since last request: 0.0007848 seconds.
  importAddress: GUID: b8c9b6a82a342504c8e4a2747471d23c - Path: Packages/com.unity.settings-manager/Tests/Editor/Unity.Settings.Editor.Tests.asmdef - Importer: ScriptedImporter/UnityEditor.QuickSearchModule:UnityEditor.Search:ASIAI0B
Importing 'GUID: b8c9b6a82a342504c8e4a2747471d23c - Path: Packages/com.unity.settings-manager/Tests/Editor/Unity.Settings.Editor.Tests.asmdef - Importer: ScriptedImporter/UnityEditor.QuickSearchModule:UnityEditor.Search:ASIAI0B' with importer (ScriptedImporter : UnityEditor.QuickSearchModule:UnityEditor.Search:ASIAI0B)
Imported 'GUID: b8c9b6a82a342504c8e4a2747471d23c' -> (Import Result ID: '8fc2cfaa352069c55a8626da81329f13') in 0.005 seconds [static and dynamic dependencies]. Details - ImportResultOutputID=9d39a3b14d16ea1b376017c9f9a98f8a DependenciesID=ddc0994a467235e7f3dc268470e20ee4 StaticDependenciesID=f3400cc2dfc92e771765bbd09c80eefb 
Number of updated asset objects reloaded before import = 0
Number of asset objects unloaded after import = 1
========================================================================
Received Import Request.
  Time of request: 2026-09-06T07:59:51.005884Z
  Time since last request: 0.0004163 seconds.
  importAddress: GUID: efbf651422c59424fbb414b486a8298e - Path: Packages/com.unity.cinemachine/Runtime/Core/LookaheadSettings.cs - Importer: ScriptedImporter/UnityEditor.QuickSearchModule:UnityEditor.Search:ASIAI0B
Importing 'GUID: efbf651422c59424fbb414b486a8298e - Path: Packages/com.unity.cinemachine/Runtime/Core/LookaheadSettings.cs - Importer: ScriptedImporter/UnityEditor.QuickSearchModule:UnityEditor.Search:ASIAI0B' with importer (ScriptedImporter : UnityEditor.QuickSearchModule:UnityEditor.Search:ASIAI0B)
Imported 'GUID: efbf651422c59424fbb414b486a8298e' -> (Import Result ID: '25c6cc82605a9d6c6aae4727487e4ecf') in 0.004 seconds [static and dynamic dependencies]. Details - ImportResultOutputID=1a9b82c72d755b36ad798a6930d62af7 DependenciesID=c3edd9d2addbc4372c6b07461ad32d0c StaticDependenciesID=8bff7360167ca48a0f2720c673afae6a 
Number of updated asset objects reloaded before import = 0
Number of asset objects unloaded after import = 0
========================================================================
Received Import Request.
  Time of request: 2026-09-06T07:59:51.0208724Z
  Time since last request: 0.0008389 seconds.
  importAddress: GUID: 2808bd25b3f651d4d9ed886d32d96e95 - Path: Packages/com.unity.splines/LICENSE.md - Importer: ScriptedImporter/UnityEditor.QuickSearchModule:UnityEditor.Search:ASIAI0B
Importing 'GUID: 2808bd25b3f651d4d9ed886d32d96e95 - Path: Packages/com.unity.splines/LICENSE.md - Importer: ScriptedImporter/UnityEditor.QuickSearchModule:UnityEditor.Search:ASIAI0B' with importer (ScriptedImporter : UnityEditor.QuickSearchModule:UnityEditor.Search:ASIAI0B)
Imported 'GUID: 2808bd25b3f651d4d9ed886d32d96e95' -> (Import Result ID: 'a37a54756278ce8e0c46461b19a15ec4') in 0.004 seconds [static and dynamic dependencies]. Details - ImportResultOutputID=695404dc5054817eed2011b341853358 DependenciesID=16c061d3f9148845d02fbfc0862c778d StaticDependenciesID=8b5fc5d82a09140e39f4db2556931970 
Number of updated asset objects reloaded before import = 0
Number of asset objects unloaded after import = 1
========================================================================
Received Import Request.
  Time of request: 2026-09-06T07:59:51.0364742Z
  Time since last request: 0.0006024 seconds.
  importAddress: GUID: b2ea1ce5c438c7248934bf9294b1cd67 - Path: Assets/Starter Assets/Runtime/Mobile - Importer: ScriptedImporter/UnityEditor.QuickSearchModule:UnityEditor.Search:ASIAI0B
Importing 'GUID: b2ea1ce5c438c7248934bf9294b1cd67 - Path: Assets/Starter Assets/Runtime/Mobile - Importer: ScriptedImporter/UnityEditor.QuickSearchModule:UnityEditor.Search:ASIAI0B' with importer (ScriptedImporter : UnityEditor.QuickSearchModule:UnityEditor.Search:ASIAI0B)
Imported 'GUID: b2ea1ce5c438c7248934bf9294b1cd67' -> (Import Result ID: '3bc3ac755b99722eeb859822aad92497') in 0.003 seconds [static and dynamic dependencies]. Details - ImportResultOutputID=a51425054211fd90a1b19b7f32ef3264 DependenciesID=ee17db787c8b89abe3f4cd4a59fc255f StaticDependenciesID=29a6662ec38027f01e16d119ce68f8e8 
Number of updated asset objects reloaded before import = 0
Number of asset objects unloaded after import = 1
========================================================================
Received Import Request.
  Time of request: 2026-09-06T07:59:51.0514807Z
  Time since last request: 0.000547 seconds.
  importAddress: GUID: c64ec1fa74cb7174da4b9f561a7dffe1 - Path: Packages/com.unity.cinemachine/Runtime/AssemblyInfo.cs - Importer: ScriptedImporter/UnityEditor.QuickSearchModule:UnityEditor.Search:ASIAI0B
Importing 'GUID: c64ec1fa74cb7174da4b9f561a7dffe1 - Path: Packages/com.unity.cinemachine/Runtime/AssemblyInfo.cs - Importer: ScriptedImporter/UnityEditor.QuickSearchModule:UnityEditor.Search:ASIAI0B' with importer (ScriptedImporter : UnityEditor.QuickSearchModule:UnityEditor.Search:ASIAI0B)
Imported 'GUID: c64ec1fa74cb7174da4b9f561a7dffe1' -> (Import Result ID: '3cb9734453af7fc71e3b9b54aed81bdd') in 0.004 seconds [static and dynamic dependencies]. Details - ImportResultOutputID=89fd22d08788641b0a1c61280648b93d DependenciesID=1c091c78c61f86268e6c26e5de93697a StaticDependenciesID=e25a37140871c4255a3c99adaf5203dc 
Number of updated asset objects reloaded before import = 0
Number of asset objects unloaded after import = 0
========================================================================
Received Import Request.
  Time of request: 2026-09-06T07:59:51.0668216Z
  Time since last request: 0.0003927 seconds.
  importAddress: GUID: f9bbcb529c01db347b91ada6812274f4 - Path: Packages/com.unity.splines/Editor/Tools/KnotPlacementData.cs - Importer: ScriptedImporter/UnityEditor.QuickSearchModule:UnityEditor.Search:ASIAI0B
Importing 'GUID: f9bbcb529c01db347b91ada6812274f4 - Path: Packages/com.unity.splines/Editor/Tools/KnotPlacementData.cs - Importer: ScriptedImporter/UnityEditor.QuickSearchModule:UnityEditor.Search:ASIAI0B' with importer (ScriptedImporter : UnityEditor.QuickSearchModule:UnityEditor.Search:ASIAI0B)
Imported 'GUID: f9bbcb529c01db347b91ada6812274f4' -> (Import Result ID: '354e35d6e883b71fe80f1e958a8c8894') in 0.003 seconds [static and dynamic dependencies]. Details - ImportResultOutputID=0cf26405798393c2d5f0391147187885 DependenciesID=5614037b3ffb7162712e423dd05dc601 StaticDependenciesID=c6f6723477ef912f43d421c80d0ad922 
Number of updated asset objects reloaded before import = 0
Number of asset objects unloaded after import = 0
========================================================================
Received Import Request.
  Time of request: 2026-09-06T07:59:51.2797949Z
  Time since last request: 0.1966362 seconds.
  importAddress: GUID: 32ecf34f33d1741cc984d14872e017eb - Path: Packages/com.unity.cinemachine/Editor/AssemblyInfo.cs - Importer: ScriptedImporter/UnityEditor.QuickSearchModule:UnityEditor.Search:ASIAI0B
Importing 'GUID: 32ecf34f33d1741cc984d14872e017eb - Path: Packages/com.unity.cinemachine/Editor/AssemblyInfo.cs - Importer: ScriptedImporter/UnityEditor.QuickSearchModule:UnityEditor.Search:ASIAI0B' with importer (ScriptedImporter : UnityEditor.QuickSearchModule:UnityEditor.Search:ASIAI0B)
Imported 'GUID: 32ecf34f33d1741cc984d14872e017eb' -> (Import Result ID: '25755d920f56ca8d4af9c4a056513c20') in 0.004 seconds [static and dynamic dependencies]. Details - ImportResultOutputID=97c4a485161d659fbd79e82e8b02857c DependenciesID=e60a8fbd17c4fa75ca8543d0e4522ea8 StaticDependenciesID=349643bfbf4261c34620207009cd1f13 
Number of updated asset objects reloaded before import = 0
Number of asset objects unloaded after import = 0
========================================================================
Received Import Request.
  Time of request: 2026-09-06T07:59:51.2951259Z
  Time since last request: 0.0006887 seconds.
  importAddress: GUID: ccd45339dc8ff154fbbe578856089eaf - Path: Assets/Starter Assets/Runtime/Mobile/UI/TouchScreenInputUI.uxml - Importer: ScriptedImporter/UnityEditor.QuickSearchModule:UnityEditor.Search:ASIAI0B
Importing 'GUID: ccd45339dc8ff154fbbe578856089eaf - Path: Assets/Starter Assets/Runtime/Mobile/UI/TouchScreenInputUI.uxml - Importer: ScriptedImporter/UnityEditor.QuickSearchModule:UnityEditor.Search:ASIAI0B' with importer (ScriptedImporter : UnityEditor.QuickSearchModule:UnityEditor.Search:ASIAI0B)
Imported 'GUID: ccd45339dc8ff154fbbe578856089eaf' -> (Import Result ID: '9c2c8e11f575e1f501bf58c72a7adfba') in 0.009 seconds [static and dynamic dependencies]. Details - ImportResultOutputID=0a4c1babedcd5d037e364fc4bd337287 DependenciesID=09bb35feed0410410cc23dad8da9ef90 StaticDependenciesID=18ff720af30ee60f24f56d18d3081f0a 
Number of updated asset objects reloaded before import = 0
Number of asset objects unloaded after import = 9
========================================================================
Received Import Request.
  Time of request: 2026-09-06T07:59:51.3136108Z
  Time since last request: 0.0005902 seconds.
  importAddress: GUID: 411641953fc0a2148a0507f5ee6df182 - Path: Packages/com.unity.splines/Editor/Core - Importer: ScriptedImporter/UnityEditor.QuickSearchModule:UnityEditor.Search:ASIAI0B
Importing 'GUID: 411641953fc0a2148a0507f5ee6df182 - Path: Packages/com.unity.splines/Editor/Core - Importer: ScriptedImporter/UnityEditor.QuickSearchModule:UnityEditor.Search:ASIAI0B' with importer (ScriptedImporter : UnityEditor.QuickSearchModule:UnityEditor.Search:ASIAI0B)
Imported 'GUID: 411641953fc0a2148a0507f5ee6df182' -> (Import Result ID: '389d593c33eb679978224b1823570bfd') in 0.003 seconds [static and dynamic dependencies]. Details - ImportResultOutputID=b872d018efe6c1063256d81561144e77 DependenciesID=297468638c4716865adc8c9c526733a2 StaticDependenciesID=459297010115b0255b3287505de6765c 
Number of updated asset objects reloaded before import = 0
Number of asset objects unloaded after import = 1
========================================================================
Received Import Request.
  Time of request: 2026-09-06T07:59:51.3266802Z
  Time since last request: 0.0010013 seconds.
  importAddress: GUID: 81deefe0c82a24b92a1d585c998fe456 - Path: Packages/com.unity.cinemachine/Editor/Samples/ExposeHDRPInternals/HDRP-Editor-ref.asmref - Importer: ScriptedImporter/UnityEditor.QuickSearchModule:UnityEditor.Search:ASIAI0B
Importing 'GUID: 81deefe0c82a24b92a1d585c998fe456 - Path: Packages/com.unity.cinemachine/Editor/Samples/ExposeHDRPInternals/HDRP-Editor-ref.asmref - Importer: ScriptedImporter/UnityEditor.QuickSearchModule:UnityEditor.Search:ASIAI0B' with importer (ScriptedImporter : UnityEditor.QuickSearchModule:UnityEditor.Search:ASIAI0B)
Imported 'GUID: 81deefe0c82a24b92a1d585c998fe456' -> (Import Result ID: '9e9eb3a437f80ef007556ed09be78de9') in 0.004 seconds [static and dynamic dependencies]. Details - ImportResultOutputID=219a6746142b8f2103af84990df9538d DependenciesID=6d668c9f45d7625c249d8b17159306c6 StaticDependenciesID=66df308e5e05fee04424ee636daccf32 
Number of updated asset objects reloaded before import = 0
Number of asset objects unloaded after import = 1
========================================================================
Received Import Request.
  Time of request: 2026-09-06T07:59:51.3403374Z
  Time since last request: 0.0007095 seconds.
  importAddress: GUID: e431aac1b3a84b64e93b38e833c448be - Path: Packages/com.unity.cinemachine/Editor/Obsolete/ObsoleteInspectorUtility.cs - Importer: ScriptedImporter/UnityEditor.QuickSearchModule:UnityEditor.Search:ASIAI0B
Importing 'GUID: e431aac1b3a84b64e93b38e833c448be - Path: Packages/com.unity.cinemachine/Editor/Obsolete/ObsoleteInspectorUtility.cs - Importer: ScriptedImporter/UnityEditor.QuickSearchModule:UnityEditor.Search:ASIAI0B' with importer (ScriptedImporter : UnityEditor.QuickSearchModule:UnityEditor.Search:ASIAI0B)
Imported 'GUID: e431aac1b3a84b64e93b38e833c448be' -> (Import Result ID: 'd8e80369d78ad01319d68fe4265723b6') in 0.005 seconds [static and dynamic dependencies]. Details - ImportResultOutputID=9a34371a6649d4cc66d1aae41a9941f6 DependenciesID=b2fe4f77a85cfd578fa42b6c9965d2b7 StaticDependenciesID=87ea52ab9d930fe18131ef7da4d2a2fc 
Number of updated asset objects reloaded before import = 0
Number of asset objects unloaded after import = 0
========================================================================
Received Import Request.
  Time of request: 2026-09-06T07:59:51.3547944Z
  Time since last request: 0.0004872 seconds.
  importAddress: GUID: 0951c7499e9b5445a87a82bdb1e7e691 - Path: Packages/com.unity.splines/Editor/Editor Resources/Icons/ToolHandleElement.png - Importer: ScriptedImporter/UnityEditor.QuickSearchModule:UnityEditor.Search:ASIAI0B
Importing 'GUID: 0951c7499e9b5445a87a82bdb1e7e691 - Path: Packages/com.unity.splines/Editor/Editor Resources/Icons/ToolHandleElement.png - Importer: ScriptedImporter/UnityEditor.QuickSearchModule:UnityEditor.Search:ASIAI0B' with importer (ScriptedImporter : UnityEditor.QuickSearchModule:UnityEditor.Search:ASIAI0B)
Imported 'GUID: 0951c7499e9b5445a87a82bdb1e7e691' -> (Import Result ID: 'e20ab46315f9685f2ea0c0c6c8aa31a4') in 0.006 seconds [static and dynamic dependencies]. Details - ImportResultOutputID=c3f647f05d7ce294356859f523bf4e02 DependenciesID=c9a26f0eab9e08c32dc6bc6b6c90bb10 StaticDependenciesID=cdd51c561aa95d2057aafad86775e8b6 
Number of updated asset objects reloaded before import = 0
Number of asset objects unloaded after import = 1
========================================================================
Received Import Request.
  Time of request: 2026-09-06T07:59:51.3723823Z
  Time since last request: 0.0013516 seconds.
  importAddress: GUID: 4774b2f29b63d2844915d86afff02b47 - Path: Packages/com.unity.settings-manager/CHANGELOG.md - Importer: ScriptedImporter/UnityEditor.QuickSearchModule:UnityEditor.Search:ASIAI0B
Importing 'GUID: 4774b2f29b63d2844915d86afff02b47 - Path: Packages/com.unity.settings-manager/CHANGELOG.md - Importer: ScriptedImporter/UnityEditor.QuickSearchModule:UnityEditor.Search:ASIAI0B' with importer (ScriptedImporter : UnityEditor.QuickSearchModule:UnityEditor.Search:ASIAI0B)
Imported 'GUID: 4774b2f29b63d2844915d86afff02b47' -> (Import Result ID: '73f04b9ed260d6c63f7524615cffa7bf') in 0.005 seconds [static and dynamic dependencies]. Details - ImportResultOutputID=12afcc8c73d8deea64396591a301ea15 DependenciesID=196204c15b20c4b1474a6b3e0be9a475 StaticDependenciesID=f92e6ae8de666f4a62c8082c97190921 
Number of updated asset objects reloaded before import = 0
Number of asset objects unloaded after import = 1
========================================================================
Received Import Request.
  Time of request: 2026-09-06T07:59:51.6262838Z
  Time since last request: 0.2396796 seconds.
  importAddress: GUID: 2553cec8fdb3eb643bbe9f2ec880c472 - Path: Assets/Starter Assets/Runtime/ThirdPersonController/Prefabs/PlayerCapsule.prefab - Importer: ScriptedImporter/UnityEditor.QuickSearchModule:UnityEditor.Search:ASIAI0B
Importing 'GUID: 2553cec8fdb3eb643bbe9f2ec880c472 - Path: Assets/Starter Assets/Runtime/ThirdPersonController/Prefabs/PlayerCapsule.prefab - Importer: ScriptedImporter/UnityEditor.QuickSearchModule:UnityEditor.Search:ASIAI0B' with importer (ScriptedImporter : UnityEditor.QuickSearchModule:UnityEditor.Search:ASIAI0B)
Imported 'GUID: 2553cec8fdb3eb643bbe9f2ec880c472' -> (Import Result ID: '4f7018677c4061e0aede445fff28554c') in 0.169 seconds [static and dynamic dependencies]. Details - ImportResultOutputID=c423239a1007e8804a7c283477e8ab1f DependenciesID=7c850aa0a632b497a7b02fc9e4549e5c StaticDependenciesID=2779c1b2cc7ea364f323718d53e8126c 
Number of updated asset objects reloaded before import = 0
Number of asset objects unloaded after import = 18
========================================================================
Received Import Request.
  Time of request: 2026-09-06T07:59:51.8047574Z
  Time since last request: 0.0000721 seconds.
  importAddress: GUID: 426a2785f8a940049aac2c246661cf09 - Path: Assets/Starter Assets/Sample/Environment/Art/Models/Ramp_Mesh.fbx - Importer: ScriptedImporter/UnityEditor.QuickSearchModule:UnityEditor.Search:ASIAI0B
Importing 'GUID: 426a2785f8a940049aac2c246661cf09 - Path: Assets/Starter Assets/Sample/Environment/Art/Models/Ramp_Mesh.fbx - Importer: ScriptedImporter/UnityEditor.QuickSearchModule:UnityEditor.Search:ASIAI0B' with importer (ScriptedImporter : UnityEditor.QuickSearchModule:UnityEditor.Search:ASIAI0B)
Imported 'GUID: 426a2785f8a940049aac2c246661cf09' -> (Import Result ID: '0bf854cdaaf4bca6b3add16ae9697098') in 0.012 seconds [static and dynamic dependencies]. Details - ImportResultOutputID=e084cbe5fbd25bc4fe185cd1f39fcc0f DependenciesID=a9d4fb821c8884215a438863ddb1c08a StaticDependenciesID=0ac0ccddefdbaf41052e8b2e7524217c 
Number of updated asset objects reloaded before import = 0
Number of asset objects unloaded after import = 9
========================================================================
Received Import Request.
  Time of request: 2026-09-06T07:59:51.8278721Z
  Time since last request: 0.0003839 seconds.
  importAddress: GUID: 3001f7491ac66e34a9694543d9f8b1ee - Path: Packages/com.unity.settings-manager/package.json - Importer: ScriptedImporter/UnityEditor.QuickSearchModule:UnityEditor.Search:ASIAI0B
Importing 'GUID: 3001f7491ac66e34a9694543d9f8b1ee - Path: Packages/com.unity.settings-manager/package.json - Importer: ScriptedImporter/UnityEditor.QuickSearchModule:UnityEditor.Search:ASIAI0B' with importer (ScriptedImporter : UnityEditor.QuickSearchModule:UnityEditor.Search:ASIAI0B)
Imported 'GUID: 3001f7491ac66e34a9694543d9f8b1ee' -> (Import Result ID: '0c5b743e678d043b160331b07e417c0f') in 0.004 seconds [static and dynamic dependencies]. Details - ImportResultOutputID=cfab1a6d0e390474ec8f8297fb82864f DependenciesID=bd3a9ae4c455ef67e95692ab30716d16 StaticDependenciesID=25f59b0bf1454910a8ba656b598d02e1 
Number of updated asset objects reloaded before import = 0
Number of asset objects unloaded after import = 1
========================================================================
Received Import Request.
  Time of request: 2026-09-06T07:59:51.8439319Z
  Time since last request: 0.0005837 seconds.
  importAddress: GUID: 3b5d7c088409d9a40b7b09aa707777f8 - Path: Packages/com.unity.cinemachine/Runtime/Components/CinemachineOrbitalFollow.cs - Importer: ScriptedImporter/UnityEditor.QuickSearchModule:UnityEditor.Search:ASIAI0B
Importing 'GUID: 3b5d7c088409d9a40b7b09aa707777f8 - Path: Packages/com.unity.cinemachine/Runtime/Components/CinemachineOrbitalFollow.cs - Importer: ScriptedImporter/UnityEditor.QuickSearchModule:UnityEditor.Search:ASIAI0B' with importer (ScriptedImporter : UnityEditor.QuickSearchModule:UnityEditor.Search:ASIAI0B)
Imported 'GUID: 3b5d7c088409d9a40b7b09aa707777f8' -> (Import Result ID: 'b3f923a5480de64e742e409fbc644663') in 0.006 seconds [static and dynamic dependencies]. Details - ImportResultOutputID=6c7458231d1eee1b04f99ff391c05975 DependenciesID=26c4a6b5e07bbc5f3876f0cd6592681b StaticDependenciesID=281b2d4d5f2b2e2cd071480ac30c15a9 
Number of updated asset objects reloaded before import = 0
Number of asset objects unloaded after import = 1
========================================================================
Received Import Request.
  Time of request: 2026-09-06T07:59:51.8627956Z
  Time since last request: 0.0003178 seconds.
  importAddress: GUID: 212907312655a4443a025a304442c17c - Path: Assets/Starter Assets/Runtime/ThirdPersonController/Prefabs/NestedParentCapsule_Unpack.prefab - Importer: ScriptedImporter/UnityEditor.QuickSearchModule:UnityEditor.Search:ASIAI0B
Importing 'GUID: 212907312655a4443a025a304442c17c - Path: Assets/Starter Assets/Runtime/ThirdPersonController/Prefabs/NestedParentCapsule_Unpack.prefab - Importer: ScriptedImporter/UnityEditor.QuickSearchModule:UnityEditor.Search:ASIAI0B' with importer (ScriptedImporter : UnityEditor.QuickSearchModule:UnityEditor.Search:ASIAI0B)
Imported 'GUID: 212907312655a4443a025a304442c17c' -> (Import Result ID: 'fcef2553d3795905364738598d2b7bd1') in 0.013 seconds [static and dynamic dependencies]. Details - ImportResultOutputID=d39d4ed9473cedf0ba7efbf5798cb9a1 DependenciesID=192e7767b9630d4a7a9a1ed4bf7d07ec StaticDependenciesID=b7aff7cf0251d96e72c7bb1dfabfff8a 
Number of updated asset objects reloaded before import = 0
Number of asset objects unloaded after import = 46
========================================================================
Received Import Request.
  Time of request: 2026-09-06T07:59:51.8868267Z
  Time since last request: 0.0001229 seconds.
  importAddress: GUID: b241f91b9ccf8ff489abf204b30d3112 - Path: Packages/com.unity.cinemachine/Presets/Noise/Handheld_normal_strong.asset - Importer: ScriptedImporter/UnityEditor.QuickSearchModule:UnityEditor.Search:ASIAI0B
Importing 'GUID: b241f91b9ccf8ff489abf204b30d3112 - Path: Packages/com.unity.cinemachine/Presets/Noise/Handheld_normal_strong.asset - Importer: ScriptedImporter/UnityEditor.QuickSearchModule:UnityEditor.Search:ASIAI0B' with importer (ScriptedImporter : UnityEditor.QuickSearchModule:UnityEditor.Search:ASIAI0B)
Imported 'GUID: b241f91b9ccf8ff489abf204b30d3112' -> (Import Result ID: '24704d3dcc6d14a76878f2aaed3a4ea1') in 0.005 seconds [static and dynamic dependencies]. Details - ImportResultOutputID=df8d796fd4a426a46eb0f8cf280407e2 DependenciesID=e999910bc2ca6579fc41a3fe8bd88b44 StaticDependenciesID=33c8507dbf9a4ac0edf93aa1640f24c3 
Number of updated asset objects reloaded before import = 0
Number of asset objects unloaded after import = 1
========================================================================
Received Import Request.
  Time of request: 2026-09-06T07:59:51.9027341Z
  Time since last request: 0.0003776 seconds.
  importAddress: GUID: 751aa1b6637101946b2fdbb7aa27d6ad - Path: Assets/Starter Assets/Runtime/Mobile/UI/Images/UI_Icon_Jump.png - Importer: ScriptedImporter/UnityEditor.QuickSearchModule:UnityEditor.Search:ASIAI0B
Importing 'GUID: 751aa1b6637101946b2fdbb7aa27d6ad - Path: Assets/Starter Assets/Runtime/Mobile/UI/Images/UI_Icon_Jump.png - Importer: ScriptedImporter/UnityEditor.QuickSearchModule:UnityEditor.Search:ASIAI0B' with importer (ScriptedImporter : UnityEditor.QuickSearchModule:UnityEditor.Search:ASIAI0B)
Imported 'GUID: 751aa1b6637101946b2fdbb7aa27d6ad' -> (Import Result ID: 'fcaf3dd8db60259c1121036d3092fb27') in 0.014 seconds [static and dynamic dependencies]. Details - ImportResultOutputID=7e774e23f9e58551d14d3d6c67d9fe62 DependenciesID=715924febd1d07e3dcc61bf405b2b9db StaticDependenciesID=7e46d2000ea8162f2e1430fb890f36c7 
Number of updated asset objects reloaded before import = 0
Number of asset objects unloaded after import = 3
========================================================================
Received Import Request.
  Time of request: 2026-09-06T07:59:51.9271224Z
  Time since last request: 0.0003172 seconds.
  importAddress: GUID: c5d95ccadebafc84b8226853d987217d - Path: Packages/com.unity.cinemachine/Editor/Editors/CinemachineTriggerActionEditor.cs - Importer: ScriptedImporter/UnityEditor.QuickSearchModule:UnityEditor.Search:ASIAI0B
Importing 'GUID: c5d95ccadebafc84b8226853d987217d - Path: Packages/com.unity.cinemachine/Editor/Editors/CinemachineTriggerActionEditor.cs - Importer: ScriptedImporter/UnityEditor.QuickSearchModule:UnityEditor.Search:ASIAI0B' with importer (ScriptedImporter : UnityEditor.QuickSearchModule:UnityEditor.Search:ASIAI0B)
Imported 'GUID: c5d95ccadebafc84b8226853d987217d' -> (Import Result ID: '31e01e80f2d7814e264a464166bedb9f') in 0.005 seconds [static and dynamic dependencies]. Details - ImportResultOutputID=af5767987161a41002aa95372add8b7c DependenciesID=a04c94fb290cdf20f0730187ae7fccc8 StaticDependenciesID=9302da6c804e4cfe9a5249898307f4c6 
Number of updated asset objects reloaded before import = 0
Number of asset objects unloaded after import = 0
========================================================================
Received Import Request.
  Time of request: 2026-09-06T07:59:51.9446482Z
  Time since last request: 0.000763 seconds.
  importAddress: GUID: 4b5b185930674b87b6fa13d3a6aff9e0 - Path: Packages/com.unity.cinemachine/Editor/Upgrader/CinemachineUpgradeManager.cs - Importer: ScriptedImporter/UnityEditor.QuickSearchModule:UnityEditor.Search:ASIAI0B
Importing 'GUID: 4b5b185930674b87b6fa13d3a6aff9e0 - Path: Packages/com.unity.cinemachine/Editor/Upgrader/CinemachineUpgradeManager.cs - Importer: ScriptedImporter/UnityEditor.QuickSearchModule:UnityEditor.Search:ASIAI0B' with importer (ScriptedImporter : UnityEditor.QuickSearchModule:UnityEditor.Search:ASIAI0B)
Imported 'GUID: 4b5b185930674b87b6fa13d3a6aff9e0' -> (Import Result ID: '6cc2d701f7d34421cd77d23f3197060c') in 0.004 seconds [static and dynamic dependencies]. Details - ImportResultOutputID=57e13a6bce516ba15d4d69acf6d13b97 DependenciesID=0158844c27db6c04299e2d57b485c23d StaticDependenciesID=38bc0c6d78ffa8b8454f977bab51b3bd 
Number of updated asset objects reloaded before import = 0
Number of asset objects unloaded after import = 0
========================================================================
Received Import Request.
  Time of request: 2026-09-06T07:59:51.9607143Z
  Time since last request: 0.000312 seconds.
  importAddress: GUID: d093acf2bada69e4bbbcf0a8b4534919 - Path: Packages/com.unity.cinemachine/Editor/Menus - Importer: ScriptedImporter/UnityEditor.QuickSearchModule:UnityEditor.Search:ASIAI0B
Importing 'GUID: d093acf2bada69e4bbbcf0a8b4534919 - Path: Packages/com.unity.cinemachine/Editor/Menus - Importer: ScriptedImporter/UnityEditor.QuickSearchModule:UnityEditor.Search:ASIAI0B' with importer (ScriptedImporter : UnityEditor.QuickSearchModule:UnityEditor.Search:ASIAI0B)
Imported 'GUID: d093acf2bada69e4bbbcf0a8b4534919' -> (Import Result ID: '8d7dee4e6de704bb3f1994d9eddce794') in 0.004 seconds [static and dynamic dependencies]. Details - ImportResultOutputID=4125f33cc07c9832c2a0e9ea34111097 DependenciesID=8981bf8d5aabec0b5b5be9ec57be306c StaticDependenciesID=50368ac6375f16fcbd300f8c9b129ba5 
Number of updated asset objects reloaded before import = 0
Number of asset objects unloaded after import = 1
========================================================================
Received Import Request.
  Time of request: 2026-09-06T07:59:51.9875839Z
  Time since last request: 0.0120153 seconds.
  importAddress: GUID: 8d0db37fddf3d854d86fc2f2adea2d0d - Path: Packages/com.unity.cinemachine/Editor/Windows/CinemachineCorePrefs.cs - Importer: ScriptedImporter/UnityEditor.QuickSearchModule:UnityEditor.Search:ASIAI0B
Importing 'GUID: 8d0db37fddf3d854d86fc2f2adea2d0d - Path: Packages/com.unity.cinemachine/Editor/Windows/CinemachineCorePrefs.cs - Importer: ScriptedImporter/UnityEditor.QuickSearchModule:UnityEditor.Search:ASIAI0B' with importer (ScriptedImporter : UnityEditor.QuickSearchModule:UnityEditor.Search:ASIAI0B)
Imported 'GUID: 8d0db37fddf3d854d86fc2f2adea2d0d' -> (Import Result ID: '8915538f28d0b5b5a6c0cc57d951d3f5') in 0.003 seconds [static and dynamic dependencies]. Details - ImportResultOutputID=37197822fec9eff17d113eb870b37801 DependenciesID=c7b20aa6033d3cae8ff592a0e649cd3d StaticDependenciesID=9b8188e39372b544bdaa29c5a2604186 
Number of updated asset objects reloaded before import = 0
Number of asset objects unloaded after import = 0
========================================================================
Received Import Request.
  Time of request: 2026-09-06T07:59:52.0005591Z
  Time since last request: 0.0004846 seconds.
  importAddress: GUID: 34a7bac4e42d2e04b941e57253dcd670 - Path: Packages/com.unity.cinemachine/Editor/Obsolete/ObsoletePropertyDrawers.cs - Importer: ScriptedImporter/UnityEditor.QuickSearchModule:UnityEditor.Search:ASIAI0B
Importing 'GUID: 34a7bac4e42d2e04b941e57253dcd670 - Path: Packages/com.unity.cinemachine/Editor/Obsolete/ObsoletePropertyDrawers.cs - Importer: ScriptedImporter/UnityEditor.QuickSearchModule:UnityEditor.Search:ASIAI0B' with importer (ScriptedImporter : UnityEditor.QuickSearchModule:UnityEditor.Search:ASIAI0B)
Imported 'GUID: 34a7bac4e42d2e04b941e57253dcd670' -> (Import Result ID: '2b86f6db3672ce8e4e032a007702d963') in 0.003 seconds [static and dynamic dependencies]. Details - ImportResultOutputID=7fb9785977840b653c43734a3164f313 DependenciesID=945350cbabd94428dac67458a29313ef StaticDependenciesID=525025bed6a00cefa0eef926fa58e064 
Number of updated asset objects reloaded before import = 0
Number of asset objects unloaded after import = 0
========================================================================
Received Import Request.
  Time of request: 2026-09-06T07:59:52.0152433Z
  Time since last request: 0.0005361 seconds.
  importAddress: GUID: 4a9c464b0191f7d4da1d129d97d8240b - Path: Packages/com.unity.cinemachine/Editor/PropertyDrawers/BlendDefinitionPropertyDrawer.cs - Importer: ScriptedImporter/UnityEditor.QuickSearchModule:UnityEditor.Search:ASIAI0B
Importing 'GUID: 4a9c464b0191f7d4da1d129d97d8240b - Path: Packages/com.unity.cinemachine/Editor/PropertyDrawers/BlendDefinitionPropertyDrawer.cs - Importer: ScriptedImporter/UnityEditor.QuickSearchModule:UnityEditor.Search:ASIAI0B' with importer (ScriptedImporter : UnityEditor.QuickSearchModule:UnityEditor.Search:ASIAI0B)
Imported 'GUID: 4a9c464b0191f7d4da1d129d97d8240b' -> (Import Result ID: '2365b8540cd0d864e61df1b5ee12c6a4') in 0.006 seconds [static and dynamic dependencies]. Details - ImportResultOutputID=273cf4399660fdc609b377d4ffe0e9a5 DependenciesID=88dd97d35a567233bf382f2d26e5c227 StaticDependenciesID=078c7384482aaed60ba27b3cac78dfcc 
Number of updated asset objects reloaded before import = 0
Number of asset objects unloaded after import = 0
========================================================================
Received Import Request.
  Time of request: 2026-09-06T07:59:52.0335211Z
  Time since last request: 0.0008707 seconds.
  importAddress: GUID: 4038eff17e12b974cbe7f9adf11ba911 - Path: Assets/Starter Assets/Runtime/SpaceRobotKyle/Textures/KyleRobot_Normal.png - Importer: ScriptedImporter/UnityEditor.QuickSearchModule:UnityEditor.Search:ASIAI0B
Importing 'GUID: 4038eff17e12b974cbe7f9adf11ba911 - Path: Assets/Starter Assets/Runtime/SpaceRobotKyle/Textures/KyleRobot_Normal.png - Importer: ScriptedImporter/UnityEditor.QuickSearchModule:UnityEditor.Search:ASIAI0B' with importer (ScriptedImporter : UnityEditor.QuickSearchModule:UnityEditor.Search:ASIAI0B)
Imported 'GUID: 4038eff17e12b974cbe7f9adf11ba911' -> (Import Result ID: '79de25f4e0cd2cf8aff891c79a240f84') in 0.011 seconds [static and dynamic dependencies]. Details - ImportResultOutputID=65361c57166bce80dc3ccf996b312b6d DependenciesID=ee7ed995a343b13abddc29d956402138 StaticDependenciesID=3ff2f81eb23688071eceba2459c77d5a 
Number of updated asset objects reloaded before import = 0
Number of asset objects unloaded after import = 1
========================================================================
Received Import Request.
  Time of request: 2026-09-06T07:59:52.0554632Z
  Time since last request: 0.0006311 seconds.
  importAddress: GUID: 915c75eb660e3704bb38d57921c453c2 - Path: Packages/com.unity.cinemachine/Editor/Editors/CinemachineOrbitalFollowEditor.cs - Importer: ScriptedImporter/UnityEditor.QuickSearchModule:UnityEditor.Search:ASIAI0B
Importing 'GUID: 915c75eb660e3704bb38d57921c453c2 - Path: Packages/com.unity.cinemachine/Editor/Editors/CinemachineOrbitalFollowEditor.cs - Importer: ScriptedImporter/UnityEditor.QuickSearchModule:UnityEditor.Search:ASIAI0B' with importer (ScriptedImporter : UnityEditor.QuickSearchModule:UnityEditor.Search:ASIAI0B)
Imported 'GUID: 915c75eb660e3704bb38d57921c453c2' -> (Import Result ID: 'd8f4915822acacd1199529f6abc702e5') in 0.004 seconds [static and dynamic dependencies]. Details - ImportResultOutputID=797620289d0c48ba0a54b8f0fe4c6079 DependenciesID=eb3af4d02096f8d46365052575b39930 StaticDependenciesID=e2c355a7af8c765ce4c1666e9330a2f9 
Number of updated asset objects reloaded before import = 0
Number of asset objects unloaded after import = 0
========================================================================
Received Import Request.
  Time of request: 2026-09-06T07:59:52.0715526Z
  Time since last request: 0.0004049 seconds.
  importAddress: GUID: c63cb4cb8e3e82c4f8bfa7516da4f2b5 - Path: Packages/com.unity.cinemachine/Editor/Impulse/CinemachineImpulseListenerEditor.cs - Importer: ScriptedImporter/UnityEditor.QuickSearchModule:UnityEditor.Search:ASIAI0B
Importing 'GUID: c63cb4cb8e3e82c4f8bfa7516da4f2b5 - Path: Packages/com.unity.cinemachine/Editor/Impulse/CinemachineImpulseListenerEditor.cs - Importer: ScriptedImporter/UnityEditor.QuickSearchModule:UnityEditor.Search:ASIAI0B' with importer (ScriptedImporter : UnityEditor.QuickSearchModule:UnityEditor.Search:ASIAI0B)
Imported 'GUID: c63cb4cb8e3e82c4f8bfa7516da4f2b5' -> (Import Result ID: 'f25353827fbf8fff27f4753addfd666f') in 0.005 seconds [static and dynamic dependencies]. Details - ImportResultOutputID=08e0ea885b2faa67def84d8b75db53f0 DependenciesID=ad800e14afbe5ba614d9394ff4af5b3e StaticDependenciesID=ba5b82f8a2a2af22a2c591640fd822db 
Number of updated asset objects reloaded before import = 0
Number of asset objects unloaded after import = 0
========================================================================
Received Import Request.
  Time of request: 2026-09-06T07:59:52.0870431Z
  Time since last request: 0.0007536 seconds.
  importAddress: GUID: 2d914a4e0d6342a3a05bab1dc0fffbc1 - Path: Packages/com.unity.splines/Runtime/RamerDouglasPeucker.cs - Importer: ScriptedImporter/UnityEditor.QuickSearchModule:UnityEditor.Search:ASIAI0B
Importing 'GUID: 2d914a4e0d6342a3a05bab1dc0fffbc1 - Path: Packages/com.unity.splines/Runtime/RamerDouglasPeucker.cs - Importer: ScriptedImporter/UnityEditor.QuickSearchModule:UnityEditor.Search:ASIAI0B' with importer (ScriptedImporter : UnityEditor.QuickSearchModule:UnityEditor.Search:ASIAI0B)
Imported 'GUID: 2d914a4e0d6342a3a05bab1dc0fffbc1' -> (Import Result ID: 'a6f953681844b4eb7d628e3013553bd6') in 0.005 seconds [static and dynamic dependencies]. Details - ImportResultOutputID=40f7925eee6adf20efca7d2c8e00aaac DependenciesID=399dc9abe75ac684e05e9efdf41fb73a StaticDependenciesID=b65f79c47a4532629271686fc28dc69c 
Number of updated asset objects reloaded before import = 0
Number of asset objects unloaded after import = 0
========================================================================
Received Import Request.
  Time of request: 2026-09-06T07:59:52.1033868Z
  Time since last request: 0.000503 seconds.
  importAddress: GUID: 74f276f9a37838747a94e0fe24a73335 - Path: Packages/com.unity.cinemachine/Editor/Utility/CinemachinePhysicalLensPalette.cs - Importer: ScriptedImporter/UnityEditor.QuickSearchModule:UnityEditor.Search:ASIAI0B
Importing 'GUID: 74f276f9a37838747a94e0fe24a73335 - Path: Packages/com.unity.cinemachine/Editor/Utility/CinemachinePhysicalLensPalette.cs - Importer: ScriptedImporter/UnityEditor.QuickSearchModule:UnityEditor.Search:ASIAI0B' with importer (ScriptedImporter : UnityEditor.QuickSearchModule:UnityEditor.Search:ASIAI0B)
Imported 'GUID: 74f276f9a37838747a94e0fe24a73335' -> (Import Result ID: '226cb69c42d5140ab5cf45ed648ceec1') in 0.004 seconds [static and dynamic dependencies]. Details - ImportResultOutputID=e115593503492960a5963a3d8f0f2ff6 DependenciesID=1c9b8d3c44cff0f376d933829efedac1 StaticDependenciesID=718505962253dae6af0c91c835ebed48 
Number of updated asset objects reloaded before import = 0
Number of asset objects unloaded after import = 0
========================================================================
Received Import Request.
  Time of request: 2026-09-06T07:59:52.1190059Z
  Time since last request: 0.0009597 seconds.
  importAddress: GUID: 771e00b87e3d3e24d9c0816149884055 - Path: Packages/com.unity.cinemachine/Editor/EditorResources/Icons/Light/CmSplineRollTool@256.png - Importer: ScriptedImporter/UnityEditor.QuickSearchModule:UnityEditor.Search:ASIAI0B
Importing 'GUID: 771e00b87e3d3e24d9c0816149884055 - Path: Packages/com.unity.cinemachine/Editor/EditorResources/Icons/Light/CmSplineRollTool@256.png - Importer: ScriptedImporter/UnityEditor.QuickSearchModule:UnityEditor.Search:ASIAI0B' with importer (ScriptedImporter : UnityEditor.QuickSearchModule:UnityEditor.Search:ASIAI0B)
Imported 'GUID: 771e00b87e3d3e24d9c0816149884055' -> (Import Result ID: '25683a1b11ef90c15badb72802598a47') in 0.007 seconds [static and dynamic dependencies]. Details - ImportResultOutputID=cfc0e53a7ae3cc70aace83a729f83535 DependenciesID=1c9b08e2a71aec6f60b5d195965f0c81 StaticDependenciesID=03a4214bc0a814db85349ca0d8d51a5a 
Number of updated asset objects reloaded before import = 0
Number of asset objects unloaded after import = 1
========================================================================
Received Import Request.
  Time of request: 2026-09-06T07:59:52.1376948Z
  Time since last request: 0.0004935 seconds.
  importAddress: GUID: dec69862942cc9744ade63216979cafd - Path: Packages/com.unity.cinemachine/Editor/PostProcessing/CinemachinePostProcessingEditor.cs - Importer: ScriptedImporter/UnityEditor.QuickSearchModule:UnityEditor.Search:ASIAI0B
Importing 'GUID: dec69862942cc9744ade63216979cafd - Path: Packages/com.unity.cinemachine/Editor/PostProcessing/CinemachinePostProcessingEditor.cs - Importer: ScriptedImporter/UnityEditor.QuickSearchModule:UnityEditor.Search:ASIAI0B' with importer (ScriptedImporter : UnityEditor.QuickSearchModule:UnityEditor.Search:ASIAI0B)
Imported 'GUID: dec69862942cc9744ade63216979cafd' -> (Import Result ID: '36659711d08f8d68e48c545af2470abd') in 0.005 seconds [static and dynamic dependencies]. Details - ImportResultOutputID=114aeb598cbb89944bc9c77e06cf6ce1 DependenciesID=f851d568b4adb0ff3ee9c89cbed0264e StaticDependenciesID=0840883aa1a33106a3cb1899fba178d2 
Number of updated asset objects reloaded before import = 0
Number of asset objects unloaded after import = 0
========================================================================
Received Import Request.
  Time of request: 2026-09-06T07:59:52.1537225Z
  Time since last request: 0.0004475 seconds.
  importAddress: GUID: 3830e597529e5814b8e9ee9815399c33 - Path: Assets/Starter Assets/Runtime/Common - Importer: ScriptedImporter/UnityEditor.QuickSearchModule:UnityEditor.Search:ASIAI0B
Importing 'GUID: 3830e597529e5814b8e9ee9815399c33 - Path: Assets/Starter Assets/Runtime/Common - Importer: ScriptedImporter/UnityEditor.QuickSearchModule:UnityEditor.Search:ASIAI0B' with importer (ScriptedImporter : UnityEditor.QuickSearchModule:UnityEditor.Search:ASIAI0B)
Imported 'GUID: 3830e597529e5814b8e9ee9815399c33' -> (Import Result ID: '48c313072afcc16d0139f178f76a5167') in 0.004 seconds [static and dynamic dependencies]. Details - ImportResultOutputID=fbd6d5430236067a29ce4c8729a2359f DependenciesID=f2119211dc73143d20fac05b87be7af9 StaticDependenciesID=899e454c5cd25548ae0f1807e63693ac 
Number of updated asset objects reloaded before import = 0
Number of asset objects unloaded after import = 1
========================================================================
Received Import Request.
  Time of request: 2026-09-06T07:59:52.1695022Z
  Time since last request: 0.0004536 seconds.
  importAddress: GUID: 9480991a8f9cd457891d0c23ec511b49 - Path: Packages/com.unity.splines/Editor/Utilities/SplineSelectionUtility.cs - Importer: ScriptedImporter/UnityEditor.QuickSearchModule:UnityEditor.Search:ASIAI0B
Importing 'GUID: 9480991a8f9cd457891d0c23ec511b49 - Path: Packages/com.unity.splines/Editor/Utilities/SplineSelectionUtility.cs - Importer: ScriptedImporter/UnityEditor.QuickSearchModule:UnityEditor.Search:ASIAI0B' with importer (ScriptedImporter : UnityEditor.QuickSearchModule:UnityEditor.Search:ASIAI0B)
Imported 'GUID: 9480991a8f9cd457891d0c23ec511b49' -> (Import Result ID: 'e94813da1bb9c97f896556803dca47a0') in 0.004 seconds [static and dynamic dependencies]. Details - ImportResultOutputID=3c4441d73d5ef911ce7002270e83144a DependenciesID=5bb6f2b1ad52b3e386671b9e5c24911b StaticDependenciesID=b4d5906b6b79e2a10a960ae13a34c9c5 
Number of updated asset objects reloaded before import = 0
Number of asset objects unloaded after import = 0
========================================================================
Received Import Request.
  Time of request: 2026-09-06T07:59:52.1855873Z
  Time since last request: 0.0006433 seconds.
  importAddress: GUID: 5bb7ed9b01cc9524cb39531d82ba58a0 - Path: Packages/com.unity.cinemachine/Runtime/Deprecated/CinemachineDoNotUpgrade.cs - Importer: ScriptedImporter/UnityEditor.QuickSearchModule:UnityEditor.Search:ASIAI0B
Importing 'GUID: 5bb7ed9b01cc9524cb39531d82ba58a0 - Path: Packages/com.unity.cinemachine/Runtime/Deprecated/CinemachineDoNotUpgrade.cs - Importer: ScriptedImporter/UnityEditor.QuickSearchModule:UnityEditor.Search:ASIAI0B' with importer (ScriptedImporter : UnityEditor.QuickSearchModule:UnityEditor.Search:ASIAI0B)
Imported 'GUID: 5bb7ed9b01cc9524cb39531d82ba58a0' -> (Import Result ID: '7dd92d5386fedda0305ecc63cbcc7c60') in 0.003 seconds [static and dynamic dependencies]. Details - ImportResultOutputID=a83f0e1732b74c3f53c9c0cb68a43266 DependenciesID=76e86bd355580601ebda83a62591f5e5 StaticDependenciesID=91948628a1b4cbaa9ea5f174eca34973 
Number of updated asset objects reloaded before import = 0
Number of asset objects unloaded after import = 0
========================================================================
Received Import Request.
  Time of request: 2026-09-06T07:59:52.20169Z
  Time since last request: 0.0007647 seconds.
  importAddress: GUID: a076c17fe76165e4f8ed21498b877bf9 - Path: Packages/com.unity.cinemachine/Runtime/Behaviours/CinemachineFreeLookModifier.cs - Importer: ScriptedImporter/UnityEditor.QuickSearchModule:UnityEditor.Search:ASIAI0B
Importing 'GUID: a076c17fe76165e4f8ed21498b877bf9 - Path: Packages/com.unity.cinemachine/Runtime/Behaviours/CinemachineFreeLookModifier.cs - Importer: ScriptedImporter/UnityEditor.QuickSearchModule:UnityEditor.Search:ASIAI0B' with importer (ScriptedImporter : UnityEditor.QuickSearchModule:UnityEditor.Search:ASIAI0B)
Imported 'GUID: a076c17fe76165e4f8ed21498b877bf9' -> (Import Result ID: 'dbcfe2e16c3b25cc0fa8a6724f1d546e') in 0.005 seconds [static and dynamic dependencies]. Details - ImportResultOutputID=0423646f2091e4c60e194b684e34436d DependenciesID=fe4e7148643393e600ab041f0887c36b StaticDependenciesID=d59d5d3960b6b30c39d1944a4870696f 
Number of updated asset objects reloaded before import = 0
Number of asset objects unloaded after import = 1
========================================================================
Received Import Request.
  Time of request: 2026-09-06T07:59:52.2199236Z
  Time since last request: 0.0008766 seconds.
  importAddress: GUID: ac4cc060534a50747a448a00776ed888 - Path: Packages/com.unity.cinemachine/Editor/Impulse - Importer: ScriptedImporter/UnityEditor.QuickSearchModule:UnityEditor.Search:ASIAI0B
Importing 'GUID: ac4cc060534a50747a448a00776ed888 - Path: Packages/com.unity.cinemachine/Editor/Impulse - Importer: ScriptedImporter/UnityEditor.QuickSearchModule:UnityEditor.Search:ASIAI0B' with importer (ScriptedImporter : UnityEditor.QuickSearchModule:UnityEditor.Search:ASIAI0B)
Imported 'GUID: ac4cc060534a50747a448a00776ed888' -> (Import Result ID: '35a912035cc1dea593270222d626627f') in 0.004 seconds [static and dynamic dependencies]. Details - ImportResultOutputID=07a1e06db1c267be65d9462ae11e4e6c DependenciesID=b8af98371ff4b4feee39def9f8e20c52 StaticDependenciesID=88ad3f4ae6cb131fda1bea8a3129d253 
Number of updated asset objects reloaded before import = 0
Number of asset objects unloaded after import = 1
========================================================================
Received Import Request.
  Time of request: 2026-09-06T07:59:52.2359514Z
  Time since last request: 0.0004641 seconds.
  importAddress: GUID: ad006de08e6604a8bb48bc0e7db399a4 - Path: Packages/com.unity.cinemachine/Runtime/Debug - Importer: ScriptedImporter/UnityEditor.QuickSearchModule:UnityEditor.Search:ASIAI0B
Importing 'GUID: ad006de08e6604a8bb48bc0e7db399a4 - Path: Packages/com.unity.cinemachine/Runtime/Debug - Importer: ScriptedImporter/UnityEditor.QuickSearchModule:UnityEditor.Search:ASIAI0B' with importer (ScriptedImporter : UnityEditor.QuickSearchModule:UnityEditor.Search:ASIAI0B)
Imported 'GUID: ad006de08e6604a8bb48bc0e7db399a4' -> (Import Result ID: '98bdcf672fc76c371d1ad28527a567a1') in 0.003 seconds [static and dynamic dependencies]. Details - ImportResultOutputID=9de4a2d83ea89a00b7136cbb21c4c0e8 DependenciesID=9f69df3ef5c567aebdb77d9ea8e46f1e StaticDependenciesID=cbe8da559845a976581037a9189f0c66 
Number of updated asset objects reloaded before import = 0
Number of asset objects unloaded after import = 1
========================================================================
Received Import Request.
  Time of request: 2026-09-06T07:59:52.2505816Z
  Time since last request: 0.0003854 seconds.
  importAddress: GUID: 0c1f9bd76cea97a4c94b2c32cf33c673 - Path: Packages/com.unity.cinemachine/Editor/Editors/CinemachineGroupFramingEditor.cs - Importer: ScriptedImporter/UnityEditor.QuickSearchModule:UnityEditor.Search:ASIAI0B
Importing 'GUID: 0c1f9bd76cea97a4c94b2c32cf33c673 - Path: Packages/com.unity.cinemachine/Editor/Editors/CinemachineGroupFramingEditor.cs - Importer: ScriptedImporter/UnityEditor.QuickSearchModule:UnityEditor.Search:ASIAI0B' with importer (ScriptedImporter : UnityEditor.QuickSearchModule:UnityEditor.Search:ASIAI0B)
Imported 'GUID: 0c1f9bd76cea97a4c94b2c32cf33c673' -> (Import Result ID: '110f5d1959fb614029f53ca2e489ff0b') in 0.004 seconds [static and dynamic dependencies]. Details - ImportResultOutputID=5c226b7ae23315a2e89a7b0e4c0ed016 DependenciesID=83ea90565b897d3f77a0df65687ece33 StaticDependenciesID=bcb786c3c2329240d2b34eff2bebe16a 
Number of updated asset objects reloaded before import = 0
Number of asset objects unloaded after import = 0
========================================================================
Received Import Request.
  Time of request: 2026-09-06T07:59:52.2658107Z
  Time since last request: 0.0005505 seconds.
  importAddress: GUID: 2a8a7b20b8efb4f0ab1c2301dbc0e86c - Path: Packages/com.unity.splines/Editor/Stylesheets/SplineAnimateInspectorCommon.uss - Importer: ScriptedImporter/UnityEditor.QuickSearchModule:UnityEditor.Search:ASIAI0B
Importing 'GUID: 2a8a7b20b8efb4f0ab1c2301dbc0e86c - Path: Packages/com.unity.splines/Editor/Stylesheets/SplineAnimateInspectorCommon.uss - Importer: ScriptedImporter/UnityEditor.QuickSearchModule:UnityEditor.Search:ASIAI0B' with importer (ScriptedImporter : UnityEditor.QuickSearchModule:UnityEditor.Search:ASIAI0B)
Imported 'GUID: 2a8a7b20b8efb4f0ab1c2301dbc0e86c' -> (Import Result ID: '95a9b585735d00711f3340b3f3a46b77') in 0.005 seconds [static and dynamic dependencies]. Details - ImportResultOutputID=0ba091ba32770e594d97f24fd83dccde DependenciesID=8c1b96d3c0637e574c4eadfeebd2ee5b StaticDependenciesID=1eba997225ea4b15471243dab74d1fc9 
Number of updated asset objects reloaded before import = 0
Number of asset objects unloaded after import = 1
========================================================================
Received Import Request.
  Time of request: 2026-09-06T07:59:52.2825079Z
  Time since last request: 0.0007133 seconds.
  importAddress: GUID: 5961b2a4e47c5db438e1234cf03a2a09 - Path: Packages/com.unity.cinemachine/CHANGELOG.md - Importer: ScriptedImporter/UnityEditor.QuickSearchModule:UnityEditor.Search:ASIAI0B
Importing 'GUID: 5961b2a4e47c5db438e1234cf03a2a09 - Path: Packages/com.unity.cinemachine/CHANGELOG.md - Importer: ScriptedImporter/UnityEditor.QuickSearchModule:UnityEditor.Search:ASIAI0B' with importer (ScriptedImporter : UnityEditor.QuickSearchModule:UnityEditor.Search:ASIAI0B)
Imported 'GUID: 5961b2a4e47c5db438e1234cf03a2a09' -> (Import Result ID: '5bc1570a721494f217cf3a245ac6e0f5') in 0.004 seconds [static and dynamic dependencies]. Details - ImportResultOutputID=dd2ac5a0fe5d6105088ffc384edeb40f DependenciesID=0de4822d610d27b8ad7e3c2f28e69a60 StaticDependenciesID=cda7219ffecc80b56d8967e062401d7e 
Number of updated asset objects reloaded before import = 0
Number of asset objects unloaded after import = 1
========================================================================
Received Import Request.
  Time of request: 2026-09-06T07:59:52.2998613Z
  Time since last request: 0.0008965 seconds.
  importAddress: GUID: 625c14eee3ad46c99df7c7c891ef668a - Path: Packages/com.unity.cinemachine/Runtime/Components/CinemachineThirdPersonFollow.cs - Importer: ScriptedImporter/UnityEditor.QuickSearchModule:UnityEditor.Search:ASIAI0B
Importing 'GUID: 625c14eee3ad46c99df7c7c891ef668a - Path: Packages/com.unity.cinemachine/Runtime/Components/CinemachineThirdPersonFollow.cs - Importer: ScriptedImporter/UnityEditor.QuickSearchModule:UnityEditor.Search:ASIAI0B' with importer (ScriptedImporter : UnityEditor.QuickSearchModule:UnityEditor.Search:ASIAI0B)
Imported 'GUID: 625c14eee3ad46c99df7c7c891ef668a' -> (Import Result ID: '2d69f8a433838ebd511d2d70b85cdf09') in 0.011 seconds [static and dynamic dependencies]. Details - ImportResultOutputID=f82c5564cbc327b06a2edd38a3601044 DependenciesID=b12de13c29aa1eabbff12a396b842128 StaticDependenciesID=1780542b2ebe92b4d5ff436cb289c5a6 
Number of updated asset objects reloaded before import = 0
Number of asset objects unloaded after import = 1
========================================================================
Received Import Request.
  Time of request: 2026-09-06T07:59:52.3216457Z
  Time since last request: 0.0002894 seconds.
  importAddress: GUID: 1b8a4de7469ad774c80dd6678d94e6b9 - Path: Assets/Starter Assets/Sample/ThirdPersonController/Playground/ReflectionProbe-1.exr - Importer: ScriptedImporter/UnityEditor.QuickSearchModule:UnityEditor.Search:ASIAI0B
Importing 'GUID: 1b8a4de7469ad774c80dd6678d94e6b9 - Path: Assets/Starter Assets/Sample/ThirdPersonController/Playground/ReflectionProbe-1.exr - Importer: ScriptedImporter/UnityEditor.QuickSearchModule:UnityEditor.Search:ASIAI0B' with importer (ScriptedImporter : UnityEditor.QuickSearchModule:UnityEditor.Search:ASIAI0B)
Imported 'GUID: 1b8a4de7469ad774c80dd6678d94e6b9' -> (Import Result ID: 'd04754851e2803fe48f37a8e61708698') in 0.015 seconds [static and dynamic dependencies]. Details - ImportResultOutputID=375a381444156222c399429c3409cae9 DependenciesID=d209465728cb026b48ced77247538bc9 StaticDependenciesID=33738f53071e3edbed0c7195b39d8c42 
Number of updated asset objects reloaded before import = 0
Number of asset objects unloaded after import = 1
========================================================================
Received Import Request.
  Time of request: 2026-09-06T07:59:52.3477878Z
  Time since last request: 0.0006555 seconds.
  importAddress: GUID: 2fc75f2dd6f043c43ae2a5708af31111 - Path: Packages/com.unity.splines/Runtime/InterpolatorsUtility.cs - Importer: ScriptedImporter/UnityEditor.QuickSearchModule:UnityEditor.Search:ASIAI0B
Importing 'GUID: 2fc75f2dd6f043c43ae2a5708af31111 - Path: Packages/com.unity.splines/Runtime/InterpolatorsUtility.cs - Importer: ScriptedImporter/UnityEditor.QuickSearchModule:UnityEditor.Search:ASIAI0B' with importer (ScriptedImporter : UnityEditor.QuickSearchModule:UnityEditor.Search:ASIAI0B)
Imported 'GUID: 2fc75f2dd6f043c43ae2a5708af31111' -> (Import Result ID: 'acc94ec6321a51dcd771af537d659d4a') in 0.006 seconds [static and dynamic dependencies]. Details - ImportResultOutputID=4dcb23f7ddf55a267d0638c317f6d484 DependenciesID=bae582bc6b6cfdeb8e6a01e0e0fa7d4b StaticDependenciesID=9137ab96adf827beea3ff5fe3a65fbe8 
Number of updated asset objects reloaded before import = 0
Number of asset objects unloaded after import = 0
========================================================================
Received Import Request.
  Time of request: 2026-09-06T07:59:52.3652086Z
  Time since last request: 0.0011122 seconds.
  importAddress: GUID: b5d8a953f9ef52441bd58f4c1e5853a0 - Path: Packages/com.unity.splines/Editor/GUI/Editors/ElementInspector.cs - Importer: ScriptedImporter/UnityEditor.QuickSearchModule:UnityEditor.Search:ASIAI0B
Importing 'GUID: b5d8a953f9ef52441bd58f4c1e5853a0 - Path: Packages/com.unity.splines/Editor/GUI/Editors/ElementInspector.cs - Importer: ScriptedImporter/UnityEditor.QuickSearchModule:UnityEditor.Search:ASIAI0B' with importer (ScriptedImporter : UnityEditor.QuickSearchModule:UnityEditor.Search:ASIAI0B)
Imported 'GUID: b5d8a953f9ef52441bd58f4c1e5853a0' -> (Import Result ID: '92ce63dd4aae7887d1a5ba4a7fe7034c') in 0.005 seconds [static and dynamic dependencies]. Details - ImportResultOutputID=e9715a6576e79bf34d9d3ea8aa6fa05c DependenciesID=c539bff24473360e77ff2dcbb6afdb1a StaticDependenciesID=93d4bfaa786f568b16084fe33d1ac3dd 
Number of updated asset objects reloaded before import = 0
Number of asset objects unloaded after import = 0
========================================================================
Received Import Request.
  Time of request: 2026-09-06T07:59:52.3813149Z
  Time since last request: 0.00067 seconds.
  importAddress: GUID: 707acc8dffb72b144bb1ffbe1c965f3d - Path: Assets/Starter Assets/Sample/FirstPersonController/Playground.unity - Importer: ScriptedImporter/UnityEditor.QuickSearchModule:UnityEditor.Search:ASIAI0B
Importing 'GUID: 707acc8dffb72b144bb1ffbe1c965f3d - Path: Assets/Starter Assets/Sample/FirstPersonController/Playground.unity - Importer: ScriptedImporter/UnityEditor.QuickSearchModule:UnityEditor.Search:ASIAI0B' with importer (ScriptedImporter : UnityEditor.QuickSearchModule:UnityEditor.Search:ASIAI0B)
Imported 'GUID: 707acc8dffb72b144bb1ffbe1c965f3d' -> (Import Result ID: '21a47c79b591b2aaddc5e68d8ff3a68c') in 0.006 seconds [static and dynamic dependencies]. Details - ImportResultOutputID=78acfd0a18e54de914f39df33464a511 DependenciesID=d19d53968dd406d942cb8a14c7ef5986 StaticDependenciesID=c8c3650f5fdc13389ae17c2ab3e3e12c 
Number of updated asset objects reloaded before import = 0
Number of asset objects unloaded after import = 1
========================================================================
Received Import Request.
  Time of request: 2026-09-06T07:59:52.3983797Z
  Time since last request: 0.0003808 seconds.
  importAddress: GUID: 16114d403eabb53438de032c6f0d1deb - Path: Assets/Starter Assets/Runtime/ThirdPersonController/Character/Animations/Locomotion--Run_N.anim.fbx - Importer: ScriptedImporter/UnityEditor.QuickSearchModule:UnityEditor.Search:ASIAI0B
Importing 'GUID: 16114d403eabb53438de032c6f0d1deb - Path: Assets/Starter Assets/Runtime/ThirdPersonController/Character/Animations/Locomotion--Run_N.anim.fbx - Importer: ScriptedImporter/UnityEditor.QuickSearchModule:UnityEditor.Search:ASIAI0B' with importer (ScriptedImporter : UnityEditor.QuickSearchModule:UnityEditor.Search:ASIAI0B)
Imported 'GUID: 16114d403eabb53438de032c6f0d1deb' -> (Import Result ID: 'ab942fd6cace7372f277ae8d9aaafcae') in 0.017 seconds [static and dynamic dependencies]. Details - ImportResultOutputID=482e24bf51a4be704ea0e3448891f048 DependenciesID=b0c67efa2448676275cb8df658129c13 StaticDependenciesID=3096d4943aad3014f52f8ee2749ef26c 
Number of updated asset objects reloaded before import = 0
Number of asset objects unloaded after import = 144
========================================================================
Received Import Request.
  Time of request: 2026-09-06T07:59:52.4299741Z
  Time since last request: 0.0007594 seconds.
  importAddress: GUID: 98f277b0c8055e143b2fcf058d3c27dc - Path: Assets/Starter Assets/Runtime/ThirdPersonController/Character/Animations/Jump--Jump.anim.fbx - Importer: ScriptedImporter/UnityEditor.QuickSearchModule:UnityEditor.Search:ASIAI0B
Importing 'GUID: 98f277b0c8055e143b2fcf058d3c27dc - Path: Assets/Starter Assets/Runtime/ThirdPersonController/Character/Animations/Jump--Jump.anim.fbx - Importer: ScriptedImporter/UnityEditor.QuickSearchModule:UnityEditor.Search:ASIAI0B' with importer (ScriptedImporter : UnityEditor.QuickSearchModule:UnityEditor.Search:ASIAI0B)
Imported 'GUID: 98f277b0c8055e143b2fcf058d3c27dc' -> (Import Result ID: '8ebfc3aa8d427004642c0f7becb85908') in 0.011 seconds [static and dynamic dependencies]. Details - ImportResultOutputID=6ce67c181b03c848caf2e2d61143f6e7 DependenciesID=ded50d8832bdae080e74e13e78af2c0a StaticDependenciesID=96f6207cc81d730119455eaa41ab81be 
Number of updated asset objects reloaded before import = 0
Number of asset objects unloaded after import = 145
========================================================================
Received Import Request.
  Time of request: 2026-09-06T07:59:52.4545114Z
  Time since last request: 0.0001463 seconds.
  importAddress: GUID: 576bb5c67fbf94e8c83cda3e96a8d6aa - Path: Packages/com.unity.splines/Runtime/PropertyAttributes.cs - Importer: ScriptedImporter/UnityEditor.QuickSearchModule:UnityEditor.Search:ASIAI0B
Importing 'GUID: 576bb5c67fbf94e8c83cda3e96a8d6aa - Path: Packages/com.unity.splines/Runtime/PropertyAttributes.cs - Importer: ScriptedImporter/UnityEditor.QuickSearchModule:UnityEditor.Search:ASIAI0B' with importer (ScriptedImporter : UnityEditor.QuickSearchModule:UnityEditor.Search:ASIAI0B)
Imported 'GUID: 576bb5c67fbf94e8c83cda3e96a8d6aa' -> (Import Result ID: 'bf2cb3a54ba6daa4711388e080fc3c54') in 0.004 seconds [static and dynamic dependencies]. Details - ImportResultOutputID=9b9f3d8bb33140beca94bd4bd1518a31 DependenciesID=724031d8838a6fecf7e340614ebd80e5 StaticDependenciesID=db6577d1886416b5781804d342cd39ca 
Number of updated asset objects reloaded before import = 0
Number of asset objects unloaded after import = 0
========================================================================
Received Import Request.
  Time of request: 2026-09-06T07:59:52.471134Z
  Time since last request: 0.0004163 seconds.
  importAddress: GUID: bbcc22ff25dc0464689c1c9af1cef4da - Path: Packages/com.unity.cinemachine/Runtime/Core/PrioritySettings.cs - Importer: ScriptedImporter/UnityEditor.QuickSearchModule:UnityEditor.Search:ASIAI0B
Importing 'GUID: bbcc22ff25dc0464689c1c9af1cef4da - Path: Packages/com.unity.cinemachine/Runtime/Core/PrioritySettings.cs - Importer: ScriptedImporter/UnityEditor.QuickSearchModule:UnityEditor.Search:ASIAI0B' with importer (ScriptedImporter : UnityEditor.QuickSearchModule:UnityEditor.Search:ASIAI0B)
Imported 'GUID: bbcc22ff25dc0464689c1c9af1cef4da' -> (Import Result ID: 'fbb6e0b2ca3017fce6fc090edb5443c9') in 0.004 seconds [static and dynamic dependencies]. Details - ImportResultOutputID=638fd8ca90980e9efae4624587e34c0e DependenciesID=fe732b213a5373101c8a8a352aed1809 StaticDependenciesID=d0f126f36bcc28cfc37f27bc69dae52c 
Number of updated asset objects reloaded before import = 0
Number of asset objects unloaded after import = 0
========================================================================
Received Import Request.
  Time of request: 2026-09-06T07:59:52.4870458Z
  Time since last request: 0.0008118 seconds.
  importAddress: GUID: 561e43493ab773746acefbe0f624795e - Path: Packages/com.unity.settings-manager/README.md - Importer: ScriptedImporter/UnityEditor.QuickSearchModule:UnityEditor.Search:ASIAI0B
Importing 'GUID: 561e43493ab773746acefbe0f624795e - Path: Packages/com.unity.settings-manager/README.md - Importer: ScriptedImporter/UnityEditor.QuickSearchModule:UnityEditor.Search:ASIAI0B' with importer (ScriptedImporter : UnityEditor.QuickSearchModule:UnityEditor.Search:ASIAI0B)
Imported 'GUID: 561e43493ab773746acefbe0f624795e' -> (Import Result ID: '6feadfaccab188ddc024596a32566df7') in 0.005 seconds [static and dynamic dependencies]. Details - ImportResultOutputID=b19e2f938c4b288cd1fc83d9ac665290 DependenciesID=aecf5d01263e09cf8b0b97743291a6f7 StaticDependenciesID=da8c53daf165f274bbc21d234a988cac 
Number of updated asset objects reloaded before import = 0
Number of asset objects unloaded after import = 1
========================================================================
Received Import Request.
  Time of request: 2026-09-06T07:59:52.5044191Z
  Time since last request: 0.0003444 seconds.
  importAddress: GUID: 51e8050f26ab504469d218c927558c5e - Path: Assets/Starter Assets/Sample/ThirdPersonController/Playground/LightingData.asset - Importer: ScriptedImporter/UnityEditor.QuickSearchModule:UnityEditor.Search:ASIAI0B
Importing 'GUID: 51e8050f26ab504469d218c927558c5e - Path: Assets/Starter Assets/Sample/ThirdPersonController/Playground/LightingData.asset - Importer: ScriptedImporter/UnityEditor.QuickSearchModule:UnityEditor.Search:ASIAI0B' with importer (ScriptedImporter : UnityEditor.QuickSearchModule:UnityEditor.Search:ASIAI0B)
Imported 'GUID: 51e8050f26ab504469d218c927558c5e' -> (Import Result ID: '1f4b5fa62cd2d7727c065b5be5af15f6') in 0.007 seconds [static and dynamic dependencies]. Details - ImportResultOutputID=70a9fe29dbc462cd586f39e6a00902c4 DependenciesID=4d90285468fd12476aac75fbcdb3f964 StaticDependenciesID=db9a898103f78f9b3a8e84c6cc61e862 
Number of updated asset objects reloaded before import = 0
Number of asset objects unloaded after import = 2
========================================================================
Received Import Request.
  Time of request: 2026-09-06T07:59:52.5217901Z
  Time since last request: 0.0003634 seconds.
  importAddress: GUID: b7f59e54f2bfd184b9dd451a678d089b - Path: Packages/com.unity.cinemachine/Runtime/Core/NoiseSettings.cs - Importer: ScriptedImporter/UnityEditor.QuickSearchModule:UnityEditor.Search:ASIAI0B
Importing 'GUID: b7f59e54f2bfd184b9dd451a678d089b - Path: Packages/com.unity.cinemachine/Runtime/Core/NoiseSettings.cs - Importer: ScriptedImporter/UnityEditor.QuickSearchModule:UnityEditor.Search:ASIAI0B' with importer (ScriptedImporter : UnityEditor.QuickSearchModule:UnityEditor.Search:ASIAI0B)
Imported 'GUID: b7f59e54f2bfd184b9dd451a678d089b' -> (Import Result ID: '0d438d8ca7c3d27643f77acd33958b85') in 0.003 seconds [static and dynamic dependencies]. Details - ImportResultOutputID=794f82e701301be5e7a4c1418031bf09 DependenciesID=0f3b0f5bf915bbac5240f33b8df61ef8 StaticDependenciesID=8f260f376835e1c04c01bade48b81b3a 
Number of updated asset objects reloaded before import = 0
Number of asset objects unloaded after import = 0
========================================================================
Received Import Request.
  Time of request: 2026-09-06T07:59:52.5379842Z
  Time since last request: 0.0008194 seconds.
  importAddress: GUID: c5c221ed57a3bf6488f8eba0db28a004 - Path: Assets/Starter Assets/Sample/Environment/Art/Textures/Grid_01_Normal.png - Importer: ScriptedImporter/UnityEditor.QuickSearchModule:UnityEditor.Search:ASIAI0B
Importing 'GUID: c5c221ed57a3bf6488f8eba0db28a004 - Path: Assets/Starter Assets/Sample/Environment/Art/Textures/Grid_01_Normal.png - Importer: ScriptedImporter/UnityEditor.QuickSearchModule:UnityEditor.Search:ASIAI0B' with importer (ScriptedImporter : UnityEditor.QuickSearchModule:UnityEditor.Search:ASIAI0B)
Imported 'GUID: c5c221ed57a3bf6488f8eba0db28a004' -> (Import Result ID: 'c93fc1e023736a01e34388b6290c127f') in 0.009 seconds [static and dynamic dependencies]. Details - ImportResultOutputID=b1a6dac1db27dfde0665183d5722dedf DependenciesID=b182adb5295970c287d90288357899e8 StaticDependenciesID=1fcae302201b3027f37963effe0d3c87 
Number of updated asset objects reloaded before import = 0
Number of asset objects unloaded after import = 1
========================================================================
Received Import Request.
  Time of request: 2026-09-06T07:59:52.560624Z
  Time since last request: 0.0008053 seconds.
  importAddress: GUID: 2b74686beb0670a4ea61325c0acf4411 - Path: Packages/com.unity.splines/Runtime/SplineInstantiate.cs - Importer: ScriptedImporter/UnityEditor.QuickSearchModule:UnityEditor.Search:ASIAI0B
Importing 'GUID: 2b74686beb0670a4ea61325c0acf4411 - Path: Packages/com.unity.splines/Runtime/SplineInstantiate.cs - Importer: ScriptedImporter/UnityEditor.QuickSearchModule:UnityEditor.Search:ASIAI0B' with importer (ScriptedImporter : UnityEditor.QuickSearchModule:UnityEditor.Search:ASIAI0B)
Imported 'GUID: 2b74686beb0670a4ea61325c0acf4411' -> (Import Result ID: '2eb6bf95894d2d5e49d0f7c36be5fc08') in 0.003 seconds [static and dynamic dependencies]. Details - ImportResultOutputID=878506dca4623e2cc5ef80ce42a1b8d3 DependenciesID=d787b310e64c960ca42b9a742bf9c323 StaticDependenciesID=13003553ae5707147f38731139b66d27 
Number of updated asset objects reloaded before import = 0
Number of asset objects unloaded after import = 0
========================================================================
Received Import Request.
  Time of request: 2026-09-06T07:59:52.575419Z
  Time since last request: 0.0010537 seconds.
  importAddress: GUID: f0b87c5a1d48fae4b87ff0339be87346 - Path: Packages/com.unity.cinemachine/Editor/Editors/CinemachineSplineCartEditor.cs - Importer: ScriptedImporter/UnityEditor.QuickSearchModule:UnityEditor.Search:ASIAI0B
Importing 'GUID: f0b87c5a1d48fae4b87ff0339be87346 - Path: Packages/com.unity.cinemachine/Editor/Editors/CinemachineSplineCartEditor.cs - Importer: ScriptedImporter/UnityEditor.QuickSearchModule:UnityEditor.Search:ASIAI0B' with importer (ScriptedImporter : UnityEditor.QuickSearchModule:UnityEditor.Search:ASIAI0B)
Imported 'GUID: f0b87c5a1d48fae4b87ff0339be87346' -> (Import Result ID: '9838e18e61bbc13a0091b95930bc898e') in 0.004 seconds [static and dynamic dependencies]. Details - ImportResultOutputID=0aef4e5a6a96fb61370df6f6f82a1dd4 DependenciesID=6e15c1c560a708808730ee789f7bb1a0 StaticDependenciesID=85a6eb682c9297f32b31f87c3d5382d5 
Number of updated asset objects reloaded before import = 0
Number of asset objects unloaded after import = 0
========================================================================
Received Import Request.
  Time of request: 2026-09-06T07:59:52.5904235Z
  Time since last request: 0.0005364 seconds.
  importAddress: GUID: 0fafdc3d4f989ff48803e7d870539b41 - Path: Packages/com.unity.cinemachine/Runtime/Components - Importer: ScriptedImporter/UnityEditor.QuickSearchModule:UnityEditor.Search:ASIAI0B
Importing 'GUID: 0fafdc3d4f989ff48803e7d870539b41 - Path: Packages/com.unity.cinemachine/Runtime/Components - Importer: ScriptedImporter/UnityEditor.QuickSearchModule:UnityEditor.Search:ASIAI0B' with importer (ScriptedImporter : UnityEditor.QuickSearchModule:UnityEditor.Search:ASIAI0B)
Imported 'GUID: 0fafdc3d4f989ff48803e7d870539b41' -> (Import Result ID: '44bcfcae47112f40b45a515720373373') in 0.004 seconds [static and dynamic dependencies]. Details - ImportResultOutputID=efade2ec7a590f0ca47a34c1e834bee1 DependenciesID=9f522454658efcd867406f42bb4a67da StaticDependenciesID=af888b6ce0513249cbce2ef7305c7a8c 
Number of updated asset objects reloaded before import = 0
Number of asset objects unloaded after import = 1
========================================================================
Received Import Request.
  Time of request: 2026-09-06T07:59:52.6063204Z
  Time since last request: 0.0003688 seconds.
  importAddress: GUID: c854ca5f1d7eed04aa92565d35431e96 - Path: Packages/com.unity.splines/Editor/AssemblyInfo.cs - Importer: ScriptedImporter/UnityEditor.QuickSearchModule:UnityEditor.Search:ASIAI0B
Importing 'GUID: c854ca5f1d7eed04aa92565d35431e96 - Path: Packages/com.unity.splines/Editor/AssemblyInfo.cs - Importer: ScriptedImporter/UnityEditor.QuickSearchModule:UnityEditor.Search:ASIAI0B' with importer (ScriptedImporter : UnityEditor.QuickSearchModule:UnityEditor.Search:ASIAI0B)
Imported 'GUID: c854ca5f1d7eed04aa92565d35431e96' -> (Import Result ID: '03ddc45e6e35c80c04d845fa894675eb') in 0.004 seconds [static and dynamic dependencies]. Details - ImportResultOutputID=1a4d4726273f71e6f139b38e3f3e2efb DependenciesID=0b5d3f5ae6b6524c82189081a1976c68 StaticDependenciesID=7b123f5b01caf48e803fe6e1187d0aa1 
Number of updated asset objects reloaded before import = 0
Number of asset objects unloaded after import = 0
========================================================================
Received Import Request.
  Time of request: 2026-09-06T07:59:52.622711Z
  Time since last request: 0.0009431 seconds.
  importAddress: GUID: bb77b85668352d3488c1a957ed7509a1 - Path: Packages/com.unity.splines/Editor/Editor Resources/Icons/d_Tangent_Continuous On@2x.png - Importer: ScriptedImporter/UnityEditor.QuickSearchModule:UnityEditor.Search:ASIAI0B
Importing 'GUID: bb77b85668352d3488c1a957ed7509a1 - Path: Packages/com.unity.splines/Editor/Editor Resources/Icons/d_Tangent_Continuous On@2x.png - Importer: ScriptedImporter/UnityEditor.QuickSearchModule:UnityEditor.Search:ASIAI0B' with importer (ScriptedImporter : UnityEditor.QuickSearchModule:UnityEditor.Search:ASIAI0B)
Imported 'GUID: bb77b85668352d3488c1a957ed7509a1' -> (Import Result ID: 'b56e88684d409b7e27996b1f18d34fe9') in 0.008 seconds [static and dynamic dependencies]. Details - ImportResultOutputID=4230ad483690aa9d466a457cf5bac179 DependenciesID=34d9da697342196623039818af46796f StaticDependenciesID=3f3c48a647eeba7847284968dd021d43 
Number of updated asset objects reloaded before import = 0
Number of asset objects unloaded after import = 1
========================================================================
Received Import Request.
  Time of request: 2026-09-06T07:59:52.6424886Z
  Time since last request: 0.0004125 seconds.
  importAddress: GUID: 69480fc1192f04488be5781c2ec080a9 - Path: Assets/Starter Assets/Runtime/Settings/Very Low_PipelineAsset.asset - Importer: ScriptedImporter/UnityEditor.QuickSearchModule:UnityEditor.Search:ASIAI0B
Importing 'GUID: 69480fc1192f04488be5781c2ec080a9 - Path: Assets/Starter Assets/Runtime/Settings/Very Low_PipelineAsset.asset - Importer: ScriptedImporter/UnityEditor.QuickSearchModule:UnityEditor.Search:ASIAI0B' with importer (ScriptedImporter : UnityEditor.QuickSearchModule:UnityEditor.Search:ASIAI0B)
Imported 'GUID: 69480fc1192f04488be5781c2ec080a9' -> (Import Result ID: '3e34731f6aa5b4fe65e1d1f81aa6f16e') in 0.046 seconds [static and dynamic dependencies]. Details - ImportResultOutputID=2b027232c08e717ad2ea163f87672220 DependenciesID=83cc89b44d4ecd69fb1841100b68e94d StaticDependenciesID=a7362342856591173197e884d6769ecf 
Number of updated asset objects reloaded before import = 0
Number of asset objects unloaded after import = 2
========================================================================
Received Import Request.
  Time of request: 2026-09-06T07:59:52.7174763Z
  Time since last request: 0.0181166 seconds.
  importAddress: GUID: 00a9f482c3791427aad5ae45ad463eda - Path: Packages/com.unity.splines/Editor/GUI/Editors/SplineInfoPropertyDrawer.cs - Importer: ScriptedImporter/UnityEditor.QuickSearchModule:UnityEditor.Search:ASIAI0B
Importing 'GUID: 00a9f482c3791427aad5ae45ad463eda - Path: Packages/com.unity.splines/Editor/GUI/Editors/SplineInfoPropertyDrawer.cs - Importer: ScriptedImporter/UnityEditor.QuickSearchModule:UnityEditor.Search:ASIAI0B' with importer (ScriptedImporter : UnityEditor.QuickSearchModule:UnityEditor.Search:ASIAI0B)
Imported 'GUID: 00a9f482c3791427aad5ae45ad463eda' -> (Import Result ID: '2c2b1b427402df068a028e1496fc83ea') in 0.003 seconds [static and dynamic dependencies]. Details - ImportResultOutputID=5359084e45df6764f002dd1e54221673 DependenciesID=5130c6655ef0aba9c33044de3ab5afd7 StaticDependenciesID=0181613590a3ae7205b4407ae9ab9618 
Number of updated asset objects reloaded before import = 0
Number of asset objects unloaded after import = 0
========================================================================
Received Import Request.
  Time of request: 2026-09-06T07:59:52.7305075Z
  Time since last request: 0.0009219 seconds.
  importAddress: GUID: 90bdfb5611034e2492142cf83d02f12f - Path: Packages/com.unity.cinemachine/Editor/Samples - Importer: ScriptedImporter/UnityEditor.QuickSearchModule:UnityEditor.Search:ASIAI0B
Importing 'GUID: 90bdfb5611034e2492142cf83d02f12f - Path: Packages/com.unity.cinemachine/Editor/Samples - Importer: ScriptedImporter/UnityEditor.QuickSearchModule:UnityEditor.Search:ASIAI0B' with importer (ScriptedImporter : UnityEditor.QuickSearchModule:UnityEditor.Search:ASIAI0B)
Imported 'GUID: 90bdfb5611034e2492142cf83d02f12f' -> (Import Result ID: '75b8c3842cc6ec650ba34b98073f1d2d') in 0.004 seconds [static and dynamic dependencies]. Details - ImportResultOutputID=a33a891c2a32b114e21d8355e5dcc7f6 DependenciesID=0e5e2bce9752fb0501a3f7eb4425793d StaticDependenciesID=eaf51f6e330db1924f502ff7cbe1194f 
Number of updated asset objects reloaded before import = 0
Number of asset objects unloaded after import = 1
========================================================================
Received Import Request.
  Time of request: 2026-09-06T07:59:52.7459209Z
  Time since last request: 0.0003715 seconds.
  importAddress: GUID: 3d9bd4cbe22e8472781b1cde707d154d - Path: Packages/com.unity.settings-manager/Content - Importer: ScriptedImporter/UnityEditor.QuickSearchModule:UnityEditor.Search:ASIAI0B
Importing 'GUID: 3d9bd4cbe22e8472781b1cde707d154d - Path: Packages/com.unity.settings-manager/Content - Importer: ScriptedImporter/UnityEditor.QuickSearchModule:UnityEditor.Search:ASIAI0B' with importer (ScriptedImporter : UnityEditor.QuickSearchModule:UnityEditor.Search:ASIAI0B)
Imported 'GUID: 3d9bd4cbe22e8472781b1cde707d154d' -> (Import Result ID: '9b426b7a03aa412b85141d1b51a12273') in 0.004 seconds [static and dynamic dependencies]. Details - ImportResultOutputID=b4a462a9fe5ec964fcb8c5eba666d500 DependenciesID=20ab150b0d90dd2dd57b2160d7d640b5 StaticDependenciesID=1176d6fef8210607eb82d4f56f442df7 
Number of updated asset objects reloaded before import = 0
Number of asset objects unloaded after import = 1
========================================================================
Received Import Request.
  Time of request: 2026-09-06T07:59:52.7608003Z
  Time since last request: 0.0004003 seconds.
  importAddress: GUID: 4eb4843bae7d24943842ea23130dcd55 - Path: Packages/com.unity.cinemachine/Runtime/Behaviours/CinemachineGroupFraming.cs - Importer: ScriptedImporter/UnityEditor.QuickSearchModule:UnityEditor.Search:ASIAI0B
Importing 'GUID: 4eb4843bae7d24943842ea23130dcd55 - Path: Packages/com.unity.cinemachine/Runtime/Behaviours/CinemachineGroupFraming.cs - Importer: ScriptedImporter/UnityEditor.QuickSearchModule:UnityEditor.Search:ASIAI0B' with importer (ScriptedImporter : UnityEditor.QuickSearchModule:UnityEditor.Search:ASIAI0B)
Imported 'GUID: 4eb4843bae7d24943842ea23130dcd55' -> (Import Result ID: 'ffcf7ad169b36d7b1740537c580569dd') in 0.007 seconds [static and dynamic dependencies]. Details - ImportResultOutputID=72751134169af397d02f8aa7cd8988d5 DependenciesID=a8017d96386bd554a50b25e473223f20 StaticDependenciesID=30216de46bda0df0ed582dc6d41f253a 
Number of updated asset objects reloaded before import = 0
Number of asset objects unloaded after import = 1
========================================================================
Received Import Request.
  Time of request: 2026-09-06T07:59:52.7799532Z
  Time since last request: 0.0002899 seconds.
  importAddress: GUID: 8b25e99361ac31d4e9ae83c46aee69ea - Path: Assets/Starter Assets/Runtime/ThirdPersonController/Character/Materials/M_Armature_Legs.mat - Importer: ScriptedImporter/UnityEditor.QuickSearchModule:UnityEditor.Search:ASIAI0B
Importing 'GUID: 8b25e99361ac31d4e9ae83c46aee69ea - Path: Assets/Starter Assets/Runtime/ThirdPersonController/Character/Materials/M_Armature_Legs.mat - Importer: ScriptedImporter/UnityEditor.QuickSearchModule:UnityEditor.Search:ASIAI0B' with importer (ScriptedImporter : UnityEditor.QuickSearchModule:UnityEditor.Search:ASIAI0B)
Imported 'GUID: 8b25e99361ac31d4e9ae83c46aee69ea' -> (Import Result ID: '8f8933c51f5518c305be5c8e44a242af') in 0.021 seconds [static and dynamic dependencies]. Details - ImportResultOutputID=30007f23f0f6639af04d921b3422e5f3 DependenciesID=409ecc9b1b784e212d220f744b678b5a StaticDependenciesID=92720e8cae67de99b11f11e98bf2b417 
Number of updated asset objects reloaded before import = 0
Number of asset objects unloaded after import = 5
========================================================================
Received Import Request.
  Time of request: 2026-09-06T07:59:52.8136964Z
  Time since last request: 0.0002815 seconds.
  importAddress: GUID: e5934d14b31f50047a10b7006a91034b - Path: Packages/com.unity.splines/Runtime/BezierMode.cs - Importer: ScriptedImporter/UnityEditor.QuickSearchModule:UnityEditor.Search:ASIAI0B
Importing 'GUID: e5934d14b31f50047a10b7006a91034b - Path: Packages/com.unity.splines/Runtime/BezierMode.cs - Importer: ScriptedImporter/UnityEditor.QuickSearchModule:UnityEditor.Search:ASIAI0B' with importer (ScriptedImporter : UnityEditor.QuickSearchModule:UnityEditor.Search:ASIAI0B)
Imported 'GUID: e5934d14b31f50047a10b7006a91034b' -> (Import Result ID: '62edda78e78d25170447a0f754c05b6e') in 0.006 seconds [static and dynamic dependencies]. Details - ImportResultOutputID=aa4c499909184f8c865d13539a7e4fa3 DependenciesID=1befc4ec2ef4161e97210d456a34e4ec StaticDependenciesID=af620db446cf8233dc8159c65f895fbe 
Number of updated asset objects reloaded before import = 0
Number of asset objects unloaded after import = 0
========================================================================
Received Import Request.
  Time of request: 2026-09-06T07:59:52.8304985Z
  Time since last request: 0.0004058 seconds.
  importAddress: GUID: 8707cf6fb25b1438b9a0f476f93a76fe - Path: Packages/com.unity.settings-manager/Editor/ISettingsRepository.cs - Importer: ScriptedImporter/UnityEditor.QuickSearchModule:UnityEditor.Search:ASIAI0B
Importing 'GUID: 8707cf6fb25b1438b9a0f476f93a76fe - Path: Packages/com.unity.settings-manager/Editor/ISettingsRepository.cs - Importer: ScriptedImporter/UnityEditor.QuickSearchModule:UnityEditor.Search:ASIAI0B' with importer (ScriptedImporter : UnityEditor.QuickSearchModule:UnityEditor.Search:ASIAI0B)
Imported 'GUID: 8707cf6fb25b1438b9a0f476f93a76fe' -> (Import Result ID: '6db0dfd8bb42681b777b6b388db2ff5f') in 0.004 seconds [static and dynamic dependencies]. Details - ImportResultOutputID=dfcce17feb63455f2498e6549644fb8b DependenciesID=1ac782868ad57af257862466c4a3f760 StaticDependenciesID=20724e10965e340cd48fe68aa45445db 
Number of updated asset objects reloaded before import = 0
Number of asset objects unloaded after import = 0
========================================================================
Received Import Request.
  Time of request: 2026-09-06T07:59:52.8469908Z
  Time since last request: 0.0009621 seconds.
  importAddress: GUID: 795a102fddafe8146baab20e63d75512 - Path: Packages/com.unity.cinemachine/Editor/Windows/CinemachineComposerPrefs.cs - Importer: ScriptedImporter/UnityEditor.QuickSearchModule:UnityEditor.Search:ASIAI0B
Importing 'GUID: 795a102fddafe8146baab20e63d75512 - Path: Packages/com.unity.cinemachine/Editor/Windows/CinemachineComposerPrefs.cs - Importer: ScriptedImporter/UnityEditor.QuickSearchModule:UnityEditor.Search:ASIAI0B' with importer (ScriptedImporter : UnityEditor.QuickSearchModule:UnityEditor.Search:ASIAI0B)
Imported 'GUID: 795a102fddafe8146baab20e63d75512' -> (Import Result ID: '4beacec5da32f567b599031bd80ff8ff') in 0.004 seconds [static and dynamic dependencies]. Details - ImportResultOutputID=96165060444bea0a83157aed3e296ed1 DependenciesID=d3bf4475516a5ca185ef36f1d2cf2f8b StaticDependenciesID=cd0c46953b1742b3a905ac64ff07e595 
Number of updated asset objects reloaded before import = 0
Number of asset objects unloaded after import = 0
========================================================================
Received Import Request.
  Time of request: 2026-09-06T07:59:52.8650572Z
  Time since last request: 0.0004522 seconds.
  importAddress: GUID: 135db69c43c47ee4e97c7c6b13621056 - Path: Assets/Starter Assets/Runtime/ThirdPersonController/Character - Importer: ScriptedImporter/UnityEditor.QuickSearchModule:UnityEditor.Search:ASIAI0B
Importing 'GUID: 135db69c43c47ee4e97c7c6b13621056 - Path: Assets/Starter Assets/Runtime/ThirdPersonController/Character - Importer: ScriptedImporter/UnityEditor.QuickSearchModule:UnityEditor.Search:ASIAI0B' with importer (ScriptedImporter : UnityEditor.QuickSearchModule:UnityEditor.Search:ASIAI0B)
Imported 'GUID: 135db69c43c47ee4e97c7c6b13621056' -> (Import Result ID: 'b88cc20cd9bf3e63b1f91f4580049ca0') in 0.004 seconds [static and dynamic dependencies]. Details - ImportResultOutputID=7c5dccffed3cb19a566ab1a901f6297a DependenciesID=be29e5cdeef23a38667115dc1ff96cda StaticDependenciesID=8ca55440c4df0cd11f30c449ddac31d5 
Number of updated asset objects reloaded before import = 0
Number of asset objects unloaded after import = 1
========================================================================
Received Import Request.
  Time of request: 2026-09-06T07:59:52.8800205Z
  Time since last request: 0.0005885 seconds.
  importAddress: GUID: ac547032e7ab2874b8b53ccbfec07526 - Path: Assets/Starter Assets/Sample/FirstPersonController/Playground/ReflectionProbe-0.exr - Importer: ScriptedImporter/UnityEditor.QuickSearchModule:UnityEditor.Search:ASIAI0B
Importing 'GUID: ac547032e7ab2874b8b53ccbfec07526 - Path: Assets/Starter Assets/Sample/FirstPersonController/Playground/ReflectionProbe-0.exr - Importer: ScriptedImporter/UnityEditor.QuickSearchModule:UnityEditor.Search:ASIAI0B' with importer (ScriptedImporter : UnityEditor.QuickSearchModule:UnityEditor.Search:ASIAI0B)
Imported 'GUID: ac547032e7ab2874b8b53ccbfec07526' -> (Import Result ID: 'ba6baade01e30aba432cb0cfbd3adb8e') in 0.007 seconds [static and dynamic dependencies]. Details - ImportResultOutputID=e8c29bafe9ac2e6e648c3c43e6dfe9ab DependenciesID=337712386caa39943b036a6c839f3026 StaticDependenciesID=326cbaa0912dda63f1b5dec9f61683a5 
Number of updated asset objects reloaded before import = 0
Number of asset objects unloaded after import = 1
========================================================================
Received Import Request.
  Time of request: 2026-09-06T07:59:52.8977041Z
  Time since last request: 0.0004198 seconds.
  importAddress: GUID: f3984bf8b42bf0040b49d95de1a2990f - Path: Packages/com.unity.cinemachine/Runtime/Core/TargetPositionCache.cs - Importer: ScriptedImporter/UnityEditor.QuickSearchModule:UnityEditor.Search:ASIAI0B
Importing 'GUID: f3984bf8b42bf0040b49d95de1a2990f - Path: Packages/com.unity.cinemachine/Runtime/Core/TargetPositionCache.cs - Importer: ScriptedImporter/UnityEditor.QuickSearchModule:UnityEditor.Search:ASIAI0B' with importer (ScriptedImporter : UnityEditor.QuickSearchModule:UnityEditor.Search:ASIAI0B)
Imported 'GUID: f3984bf8b42bf0040b49d95de1a2990f' -> (Import Result ID: '480440446b41f96239cbdda9c0d0ca39') in 0.004 seconds [static and dynamic dependencies]. Details - ImportResultOutputID=f81fe4151a012804c61a027010483235 DependenciesID=4a506880f987dfb0f289851858f535a5 StaticDependenciesID=dc07d70eeb63e02acba4c293f42fccd1 
Number of updated asset objects reloaded before import = 0
Number of asset objects unloaded after import = 0
========================================================================
Received Import Request.
  Time of request: 2026-09-06T07:59:52.913895Z
  Time since last request: 0.0006942 seconds.
  importAddress: GUID: 68e7634ac637d4fa3b93ca66af33aa8a - Path: Assets/Starter Assets/Runtime/Settings/Very Low_PipelineAsset_ForwardRenderer.asset - Importer: ScriptedImporter/UnityEditor.QuickSearchModule:UnityEditor.Search:ASIAI0B
Importing 'GUID: 68e7634ac637d4fa3b93ca66af33aa8a - Path: Assets/Starter Assets/Runtime/Settings/Very Low_PipelineAsset_ForwardRenderer.asset - Importer: ScriptedImporter/UnityEditor.QuickSearchModule:UnityEditor.Search:ASIAI0B' with importer (ScriptedImporter : UnityEditor.QuickSearchModule:UnityEditor.Search:ASIAI0B)
Imported 'GUID: 68e7634ac637d4fa3b93ca66af33aa8a' -> (Import Result ID: '6f10089c2b2cc55936c5c601c440cee0') in 0.030 seconds [static and dynamic dependencies]. Details - ImportResultOutputID=f662c1d02ef00911d553d66e0e94779b DependenciesID=9a29a5e9ad5804c5cdce0cd9982af2df StaticDependenciesID=296a7817135b4d24a49db463d5b162c0 
Number of updated asset objects reloaded before import = 0
Number of asset objects unloaded after import = 1
========================================================================
Received Import Request.
  Time of request: 2026-09-06T07:59:52.9558624Z
  Time since last request: 0.0008642 seconds.
  importAddress: GUID: b8975705260499d4fbdb579697c171f8 - Path: Packages/com.unity.cinemachine/Runtime/PostProcessing/FocusDistance.cs - Importer: ScriptedImporter/UnityEditor.QuickSearchModule:UnityEditor.Search:ASIAI0B
Importing 'GUID: b8975705260499d4fbdb579697c171f8 - Path: Packages/com.unity.cinemachine/Runtime/PostProcessing/FocusDistance.cs - Importer: ScriptedImporter/UnityEditor.QuickSearchModule:UnityEditor.Search:ASIAI0B' with importer (ScriptedImporter : UnityEditor.QuickSearchModule:UnityEditor.Search:ASIAI0B)
Imported 'GUID: b8975705260499d4fbdb579697c171f8' -> (Import Result ID: '67d0ad39b817e516709acc84f609e133') in 0.004 seconds [static and dynamic dependencies]. Details - ImportResultOutputID=4656bc57ead42ca51fda885408735bbd DependenciesID=b91105f753d492b2e1c91bb61874bc53 StaticDependenciesID=6ff51a53cdc78c48fa48462c42a0dc2f 
Number of updated asset objects reloaded before import = 0
Number of asset objects unloaded after import = 0
========================================================================
Received Import Request.
  Time of request: 2026-09-06T07:59:52.9728985Z
  Time since last request: 0.0005737 seconds.
  importAddress: GUID: 40561d76a7aecca4c99c957236b9f2a6 - Path: Packages/com.unity.cinemachine/Runtime/Core/CameraTarget.cs - Importer: ScriptedImporter/UnityEditor.QuickSearchModule:UnityEditor.Search:ASIAI0B
Importing 'GUID: 40561d76a7aecca4c99c957236b9f2a6 - Path: Packages/com.unity.cinemachine/Runtime/Core/CameraTarget.cs - Importer: ScriptedImporter/UnityEditor.QuickSearchModule:UnityEditor.Search:ASIAI0B' with importer (ScriptedImporter : UnityEditor.QuickSearchModule:UnityEditor.Search:ASIAI0B)
Imported 'GUID: 40561d76a7aecca4c99c957236b9f2a6' -> (Import Result ID: '18139cc696af2ab78594ce8dda9e4500') in 0.004 seconds [static and dynamic dependencies]. Details - ImportResultOutputID=70da7fc5f4a9b2977f648e2be501e6e6 DependenciesID=4ef9fe7f14f044487ecc1cec0d64da07 StaticDependenciesID=0bb6263a5b3847fae049b2927da7be27 
Number of updated asset objects reloaded before import = 0
Number of asset objects unloaded after import = 0
========================================================================
Received Import Request.
  Time of request: 2026-09-06T07:59:52.9893679Z
  Time since last request: 0.0006043 seconds.
  importAddress: GUID: 5ad8fbd56afb4ac7b2e5d9c34a0affb0 - Path: Packages/com.unity.splines/Runtime/EmbeddedSplineData.cs - Importer: ScriptedImporter/UnityEditor.QuickSearchModule:UnityEditor.Search:ASIAI0B
Importing 'GUID: 5ad8fbd56afb4ac7b2e5d9c34a0affb0 - Path: Packages/com.unity.splines/Runtime/EmbeddedSplineData.cs - Importer: ScriptedImporter/UnityEditor.QuickSearchModule:UnityEditor.Search:ASIAI0B' with importer (ScriptedImporter : UnityEditor.QuickSearchModule:UnityEditor.Search:ASIAI0B)
Imported 'GUID: 5ad8fbd56afb4ac7b2e5d9c34a0affb0' -> (Import Result ID: '45a0db0b6db6340d4549a7f7a3aea1df') in 0.004 seconds [static and dynamic dependencies]. Details - ImportResultOutputID=2b982b7cb79930913dd6397faad9e7f6 DependenciesID=9a71285d782e2e22df8123219626989a StaticDependenciesID=2e83d604241c79adac4a217ea0297baf 
Number of updated asset objects reloaded before import = 0
Number of asset objects unloaded after import = 0
========================================================================
Received Import Request.
  Time of request: 2026-09-06T07:59:53.0055856Z
  Time since last request: 0.0005646 seconds.
  importAddress: GUID: f7fd3d3d53b474642bd4aeaf58564b69 - Path: Packages/com.unity.splines/Editor/Utilities/PathIcons.cs - Importer: ScriptedImporter/UnityEditor.QuickSearchModule:UnityEditor.Search:ASIAI0B
Importing 'GUID: f7fd3d3d53b474642bd4aeaf58564b69 - Path: Packages/com.unity.splines/Editor/Utilities/PathIcons.cs - Importer: ScriptedImporter/UnityEditor.QuickSearchModule:UnityEditor.Search:ASIAI0B' with importer (ScriptedImporter : UnityEditor.QuickSearchModule:UnityEditor.Search:ASIAI0B)
Imported 'GUID: f7fd3d3d53b474642bd4aeaf58564b69' -> (Import Result ID: 'f0f2425f928c145aadc565d840d426f3') in 0.005 seconds [static and dynamic dependencies]. Details - ImportResultOutputID=959b01cdd921c8b425ab79e38a3b64ed DependenciesID=f37e7e309d2d80400093283d1a55ba35 StaticDependenciesID=7dbddf0ab18f42bcb8b28c1d12bc9a18 
Number of updated asset objects reloaded before import = 0
Number of asset objects unloaded after import = 0
========================================================================
Received Import Request.
  Time of request: 2026-09-06T07:59:53.0224335Z
  Time since last request: 0.0004007 seconds.
  importAddress: GUID: d68d011be6097c342b084b74a7853323 - Path: Assets/Starter Assets/Runtime/Mobile/UI/Images - Importer: ScriptedImporter/UnityEditor.QuickSearchModule:UnityEditor.Search:ASIAI0B
Importing 'GUID: d68d011be6097c342b084b74a7853323 - Path: Assets/Starter Assets/Runtime/Mobile/UI/Images - Importer: ScriptedImporter/UnityEditor.QuickSearchModule:UnityEditor.Search:ASIAI0B' with importer (ScriptedImporter : UnityEditor.QuickSearchModule:UnityEditor.Search:ASIAI0B)
Imported 'GUID: d68d011be6097c342b084b74a7853323' -> (Import Result ID: '443084d06f5e7d84f4387e1bfee073e4') in 0.004 seconds [static and dynamic dependencies]. Details - ImportResultOutputID=67560c57092840591c9fa20e20b814f0 DependenciesID=c4751d21539432bf2693f0d1a07b0fbb StaticDependenciesID=aee76d10ed3215f77070dc31c04a8ba1 
Number of updated asset objects reloaded before import = 0
Number of asset objects unloaded after import = 1
========================================================================
Received Import Request.
  Time of request: 2026-09-06T07:59:53.0377675Z
  Time since last request: 0.0006732 seconds.
  importAddress: GUID: 95245c7aa2899544b8fe0daa4947e0be - Path: Packages/com.unity.splines/Editor/GUI/Editors/ElementDrawer.cs - Importer: ScriptedImporter/UnityEditor.QuickSearchModule:UnityEditor.Search:ASIAI0B
Importing 'GUID: 95245c7aa2899544b8fe0daa4947e0be - Path: Packages/com.unity.splines/Editor/GUI/Editors/ElementDrawer.cs - Importer: ScriptedImporter/UnityEditor.QuickSearchModule:UnityEditor.Search:ASIAI0B' with importer (ScriptedImporter : UnityEditor.QuickSearchModule:UnityEditor.Search:ASIAI0B)
Imported 'GUID: 95245c7aa2899544b8fe0daa4947e0be' -> (Import Result ID: 'c7cd4770ebabb524501a6651c861c25f') in 0.004 seconds [static and dynamic dependencies]. Details - ImportResultOutputID=5f49d81140f08e024652261c6abd8563 DependenciesID=3962aa74c017b8a8a1d4344a77f56033 StaticDependenciesID=4750b4dc8f498a87f98a4f2602fc30b5 
Number of updated asset objects reloaded before import = 0
Number of asset objects unloaded after import = 0
========================================================================
Received Import Request.
  Time of request: 2026-09-06T07:59:53.0542098Z
  Time since last request: 0.0003593 seconds.
  importAddress: GUID: 63c7a3ac809e47bea9665591771154ce - Path: Packages/com.unity.splines/Runtime/SplineJobs.cs - Importer: ScriptedImporter/UnityEditor.QuickSearchModule:UnityEditor.Search:ASIAI0B
Importing 'GUID: 63c7a3ac809e47bea9665591771154ce - Path: Packages/com.unity.splines/Runtime/SplineJobs.cs - Importer: ScriptedImporter/UnityEditor.QuickSearchModule:UnityEditor.Search:ASIAI0B' with importer (ScriptedImporter : UnityEditor.QuickSearchModule:UnityEditor.Search:ASIAI0B)
Imported 'GUID: 63c7a3ac809e47bea9665591771154ce' -> (Import Result ID: '967c88e961208dfcb95ee93a4da1be4b') in 0.004 seconds [static and dynamic dependencies]. Details - ImportResultOutputID=f61299dae12a1c2398a34c3664fc2a36 DependenciesID=28edbf66e1feda328bcc1b7dfe28380f StaticDependenciesID=186b42e81aa8fd9a4db2dc2b72974f25 
Number of updated asset objects reloaded before import = 0
Number of asset objects unloaded after import = 0
========================================================================
Received Import Request.
  Time of request: 2026-09-06T07:59:53.0686083Z
  Time since last request: 0.0006697 seconds.
  importAddress: GUID: 8608ec81ee27a15488d33f9dad239e91 - Path: Packages/com.unity.cinemachine/Presets/Noise/Handheld_wideangle_mild.asset - Importer: ScriptedImporter/UnityEditor.QuickSearchModule:UnityEditor.Search:ASIAI0B
Importing 'GUID: 8608ec81ee27a15488d33f9dad239e91 - Path: Packages/com.unity.cinemachine/Presets/Noise/Handheld_wideangle_mild.asset - Importer: ScriptedImporter/UnityEditor.QuickSearchModule:UnityEditor.Search:ASIAI0B' with importer (ScriptedImporter : UnityEditor.QuickSearchModule:UnityEditor.Search:ASIAI0B)
Imported 'GUID: 8608ec81ee27a15488d33f9dad239e91' -> (Import Result ID: '1a42ce5490fc0376d6b9cb66dd742813') in 0.004 seconds [static and dynamic dependencies]. Details - ImportResultOutputID=d93e7dce645a718f045da0dd4ce5fd2d DependenciesID=bf9a4250996f34895949a8431dec7800 StaticDependenciesID=5268b8124fe6664572ed64189c515029 
Number of updated asset objects reloaded before import = 0
Number of asset objects unloaded after import = 1
========================================================================
Received Import Request.
  Time of request: 2026-09-06T07:59:53.0838467Z
  Time since last request: 0.0007773 seconds.
  importAddress: GUID: 21b205c8578d34e648f27dd6e19b5c9c - Path: Packages/com.unity.splines/Editor/Editor Resources/Icons/d_ToolHandleElement@2x.png - Importer: ScriptedImporter/UnityEditor.QuickSearchModule:UnityEditor.Search:ASIAI0B
Importing 'GUID: 21b205c8578d34e648f27dd6e19b5c9c - Path: Packages/com.unity.splines/Editor/Editor Resources/Icons/d_ToolHandleElement@2x.png - Importer: ScriptedImporter/UnityEditor.QuickSearchModule:UnityEditor.Search:ASIAI0B' with importer (ScriptedImporter : UnityEditor.QuickSearchModule:UnityEditor.Search:ASIAI0B)
Imported 'GUID: 21b205c8578d34e648f27dd6e19b5c9c' -> (Import Result ID: '5436338ff3e051d787f3080a6c5481a9') in 0.010 seconds [static and dynamic dependencies]. Details - ImportResultOutputID=b3353bd034da91c73a7f530531fda9a4 DependenciesID=b558d8cc91682d3c7d63f20c170448d5 StaticDependenciesID=587277ba2c9202222e336b3ecdf325a5 
Number of updated asset objects reloaded before import = 0
Number of asset objects unloaded after import = 1
========================================================================
Received Import Request.
  Time of request: 2026-09-06T07:59:53.1063114Z
  Time since last request: 0.0005947 seconds.
  importAddress: GUID: d64d355e2530487d996d5b980c32dbed - Path: Packages/com.unity.cinemachine/Editor/Editors/CinemachineThirdPersonFollowEditor.cs - Importer: ScriptedImporter/UnityEditor.QuickSearchModule:UnityEditor.Search:ASIAI0B
Importing 'GUID: d64d355e2530487d996d5b980c32dbed - Path: Packages/com.unity.cinemachine/Editor/Editors/CinemachineThirdPersonFollowEditor.cs - Importer: ScriptedImporter/UnityEditor.QuickSearchModule:UnityEditor.Search:ASIAI0B' with importer (ScriptedImporter : UnityEditor.QuickSearchModule:UnityEditor.Search:ASIAI0B)
Imported 'GUID: d64d355e2530487d996d5b980c32dbed' -> (Import Result ID: 'cacc15765efa5374dd48592c7a1531f3') in 0.007 seconds [static and dynamic dependencies]. Details - ImportResultOutputID=67022a2e51ba2b809d5afdd1ab883ef1 DependenciesID=de8016998f49b4715d234f810d96cf70 StaticDependenciesID=57a4f0fffef1b6488b7e12272a98c0b8 
Number of updated asset objects reloaded before import = 0
Number of asset objects unloaded after import = 0
========================================================================
Received Import Request.
  Time of request: 2026-09-06T07:59:53.1264467Z
  Time since last request: 0.0007948 seconds.
  importAddress: GUID: d945aebbdf256954aadf016c19fcea09 - Path: Assets/Starter Assets/Runtime/FirstPersonController/Scripts - Importer: ScriptedImporter/UnityEditor.QuickSearchModule:UnityEditor.Search:ASIAI0B
Importing 'GUID: d945aebbdf256954aadf016c19fcea09 - Path: Assets/Starter Assets/Runtime/FirstPersonController/Scripts - Importer: ScriptedImporter/UnityEditor.QuickSearchModule:UnityEditor.Search:ASIAI0B' with importer (ScriptedImporter : UnityEditor.QuickSearchModule:UnityEditor.Search:ASIAI0B)
Imported 'GUID: d945aebbdf256954aadf016c19fcea09' -> (Import Result ID: 'e0ed3f56709f839993a9bfdccf3e8916') in 0.004 seconds [static and dynamic dependencies]. Details - ImportResultOutputID=aef825af500e45dd7026198ffcdf49c4 DependenciesID=2c6acaa30e49187f77267d1c4d462eff StaticDependenciesID=23fc62971cc635d215d5d2496eb19953 
Number of updated asset objects reloaded before import = 0
Number of asset objects unloaded after import = 1
========================================================================
Received Import Request.
  Time of request: 2026-09-06T07:59:53.1436231Z
  Time since last request: 0.0006908 seconds.
  importAddress: GUID: 6cef82e891a45884fb2b70604b0f8c29 - Path: Packages/com.unity.cinemachine/Runtime/Core/Predictor.cs - Importer: ScriptedImporter/UnityEditor.QuickSearchModule:UnityEditor.Search:ASIAI0B
Importing 'GUID: 6cef82e891a45884fb2b70604b0f8c29 - Path: Packages/com.unity.cinemachine/Runtime/Core/Predictor.cs - Importer: ScriptedImporter/UnityEditor.QuickSearchModule:UnityEditor.Search:ASIAI0B' with importer (ScriptedImporter : UnityEditor.QuickSearchModule:UnityEditor.Search:ASIAI0B)
Imported 'GUID: 6cef82e891a45884fb2b70604b0f8c29' -> (Import Result ID: 'af87d62bd069e1b4ba006774d0a2ae55') in 0.004 seconds [static and dynamic dependencies]. Details - ImportResultOutputID=ead29e86495f55c308f225576eb795ac DependenciesID=03997f77a0f81d67253d7c38500020a7 StaticDependenciesID=5bc088e6fd576630161326dd2e470797 
Number of updated asset objects reloaded before import = 0
Number of asset objects unloaded after import = 0
========================================================================
Received Import Request.
  Time of request: 2026-09-06T07:59:53.1592413Z
  Time since last request: 0.0009154 seconds.
  importAddress: GUID: 26e54e5a728a9234ab24fcf1460ed8a2 - Path: Assets/Starter Assets/Runtime/ThirdPersonController/Scripts/ThirdPersonController.cs - Importer: ScriptedImporter/UnityEditor.QuickSearchModule:UnityEditor.Search:ASIAI0B
Importing 'GUID: 26e54e5a728a9234ab24fcf1460ed8a2 - Path: Assets/Starter Assets/Runtime/ThirdPersonController/Scripts/ThirdPersonController.cs - Importer: ScriptedImporter/UnityEditor.QuickSearchModule:UnityEditor.Search:ASIAI0B' with importer (ScriptedImporter : UnityEditor.QuickSearchModule:UnityEditor.Search:ASIAI0B)
Imported 'GUID: 26e54e5a728a9234ab24fcf1460ed8a2' -> (Import Result ID: '2453de37b9e46f22b6efe9739708e551') in 0.005 seconds [static and dynamic dependencies]. Details - ImportResultOutputID=40dd035e04c542a7f4ea4dec68defa0c DependenciesID=3c292ebebe1f8eab180371197c604357 StaticDependenciesID=5b52b626db42f118c06fbba1817535b8 
Number of updated asset objects reloaded before import = 0
Number of asset objects unloaded after import = 0
========================================================================
Received Import Request.
  Time of request: 2026-09-06T07:59:53.1770835Z
  Time since last request: 0.000451 seconds.
  importAddress: GUID: e5d7b87d422ee0f478ee09eb32e24f4e - Path: Assets/Starter Assets/Sample/Environment/Prefabs/Tunnel_Prefab.prefab - Importer: ScriptedImporter/UnityEditor.QuickSearchModule:UnityEditor.Search:ASIAI0B
Importing 'GUID: e5d7b87d422ee0f478ee09eb32e24f4e - Path: Assets/Starter Assets/Sample/Environment/Prefabs/Tunnel_Prefab.prefab - Importer: ScriptedImporter/UnityEditor.QuickSearchModule:UnityEditor.Search:ASIAI0B' with importer (ScriptedImporter : UnityEditor.QuickSearchModule:UnityEditor.Search:ASIAI0B)
Imported 'GUID: e5d7b87d422ee0f478ee09eb32e24f4e' -> (Import Result ID: '923b74d919f326c3daae7cf75394d0ff') in 0.008 seconds [static and dynamic dependencies]. Details - ImportResultOutputID=6d2e77c662530ca6765ba352d5ab4034 DependenciesID=e441433f1ecc87f2be61d1bbee45b349 StaticDependenciesID=79d075900b32e964c4eca468cd3260a2 
Number of updated asset objects reloaded before import = 0
Number of asset objects unloaded after import = 11
========================================================================
Received Import Request.
  Time of request: 2026-09-06T07:59:53.1982985Z
  Time since last request: 0.0002509 seconds.
  importAddress: GUID: a73149a4b6c41d741bc5e4e3b7711c0d - Path: Packages/com.unity.cinemachine/Runtime/Deprecated/CinemachinePathBase.cs - Importer: ScriptedImporter/UnityEditor.QuickSearchModule:UnityEditor.Search:ASIAI0B
Importing 'GUID: a73149a4b6c41d741bc5e4e3b7711c0d - Path: Packages/com.unity.cinemachine/Runtime/Deprecated/CinemachinePathBase.cs - Importer: ScriptedImporter/UnityEditor.QuickSearchModule:UnityEditor.Search:ASIAI0B' with importer (ScriptedImporter : UnityEditor.QuickSearchModule:UnityEditor.Search:ASIAI0B)
Imported 'GUID: a73149a4b6c41d741bc5e4e3b7711c0d' -> (Import Result ID: '7a7fdcf9d964c2f7e28ffe5c97983dc7') in 0.004 seconds [static and dynamic dependencies]. Details - ImportResultOutputID=0268e95f6b3531aeb3526feda2aa8014 DependenciesID=8535d99340f0e66fe801825a86dbc849 StaticDependenciesID=2720208ff3c0a4d351bfb2d371c9a7b2 
Number of updated asset objects reloaded before import = 0
Number of asset objects unloaded after import = 0
========================================================================
Received Import Request.
  Time of request: 2026-09-06T07:59:53.2132103Z
  Time since last request: 0.0005544 seconds.
  importAddress: GUID: 2d3a85ecde41a8246a79669975912b74 - Path: Assets/Starter Assets/Runtime/FirstPersonController/Prefabs/MainCamera.prefab - Importer: ScriptedImporter/UnityEditor.QuickSearchModule:UnityEditor.Search:ASIAI0B
Importing 'GUID: 2d3a85ecde41a8246a79669975912b74 - Path: Assets/Starter Assets/Runtime/FirstPersonController/Prefabs/MainCamera.prefab - Importer: ScriptedImporter/UnityEditor.QuickSearchModule:UnityEditor.Search:ASIAI0B' with importer (ScriptedImporter : UnityEditor.QuickSearchModule:UnityEditor.Search:ASIAI0B)
Imported 'GUID: 2d3a85ecde41a8246a79669975912b74' -> (Import Result ID: '435caefda96920a2edb83662d9c984ff') in 0.029 seconds [static and dynamic dependencies]. Details - ImportResultOutputID=c02e2c25040134afadee6c5b03aca8b7 DependenciesID=f313e25a3c965198968622ef6af58143 StaticDependenciesID=73334036cf31de1c5a012ccaac38709e 
Number of updated asset objects reloaded before import = 0
Number of asset objects unloaded after import = 8
========================================================================
Received Import Request.
  Time of request: 2026-09-06T07:59:53.2540062Z
  Time since last request: 0.0005866 seconds.
  importAddress: GUID: 90fb794a295e73545af71bcdb7375791 - Path: Packages/com.unity.cinemachine/Runtime/Timeline/CinemachineShot.cs - Importer: ScriptedImporter/UnityEditor.QuickSearchModule:UnityEditor.Search:ASIAI0B
Importing 'GUID: 90fb794a295e73545af71bcdb7375791 - Path: Packages/com.unity.cinemachine/Runtime/Timeline/CinemachineShot.cs - Importer: ScriptedImporter/UnityEditor.QuickSearchModule:UnityEditor.Search:ASIAI0B' with importer (ScriptedImporter : UnityEditor.QuickSearchModule:UnityEditor.Search:ASIAI0B)
Imported 'GUID: 90fb794a295e73545af71bcdb7375791' -> (Import Result ID: '13755a234eb5a7d8e69c9d037d23d06d') in 0.003 seconds [static and dynamic dependencies]. Details - ImportResultOutputID=c0842a9989cc5d050d95315f3edf3df6 DependenciesID=80db0bfde89b21fcd2b1e4084fdf329d StaticDependenciesID=0af7061772c0ada2f720c7e07310a3e0 
Number of updated asset objects reloaded before import = 0
Number of asset objects unloaded after import = 0
========================================================================
Received Import Request.
  Time of request: 2026-09-06T07:59:53.2695419Z
  Time since last request: 0.0004183 seconds.
  importAddress: GUID: 901182334643ba1438a25accc6bd0c79 - Path: Assets/Starter Assets/Runtime/Mobile/Scripts/Utilities/MobileDisableAutoSwitchControls.cs - Importer: ScriptedImporter/UnityEditor.QuickSearchModule:UnityEditor.Search:ASIAI0B
Importing 'GUID: 901182334643ba1438a25accc6bd0c79 - Path: Assets/Starter Assets/Runtime/Mobile/Scripts/Utilities/MobileDisableAutoSwitchControls.cs - Importer: ScriptedImporter/UnityEditor.QuickSearchModule:UnityEditor.Search:ASIAI0B' with importer (ScriptedImporter : UnityEditor.QuickSearchModule:UnityEditor.Search:ASIAI0B)
Imported 'GUID: 901182334643ba1438a25accc6bd0c79' -> (Import Result ID: '5bece468c3ac71dffddf61b6bdd747bb') in 0.004 seconds [static and dynamic dependencies]. Details - ImportResultOutputID=b8fc6490e8954f47eff91e4a6a5ba6ac DependenciesID=27c0b7b3f667e2f216e65a1a66ad4a31 StaticDependenciesID=57d2fcdbd9061d3dc6c0bdd49dfa94de 
Number of updated asset objects reloaded before import = 0
Number of asset objects unloaded after import = 0
========================================================================
Received Import Request.
  Time of request: 2026-09-06T07:59:53.2848509Z
  Time since last request: 0.0004113 seconds.
  importAddress: GUID: 43714b68324cc2c409d534d9874f2a2b - Path: Assets/Starter Assets/Runtime/ThirdPersonController/Character/Materials/M_Armature_Body.mat - Importer: ScriptedImporter/UnityEditor.QuickSearchModule:UnityEditor.Search:ASIAI0B
Importing 'GUID: 43714b68324cc2c409d534d9874f2a2b - Path: Assets/Starter Assets/Runtime/ThirdPersonController/Character/Materials/M_Armature_Body.mat - Importer: ScriptedImporter/UnityEditor.QuickSearchModule:UnityEditor.Search:ASIAI0B' with importer (ScriptedImporter : UnityEditor.QuickSearchModule:UnityEditor.Search:ASIAI0B)
Imported 'GUID: 43714b68324cc2c409d534d9874f2a2b' -> (Import Result ID: 'cc644f93d93dc8541a53b127b335e38d') in 0.021 seconds [static and dynamic dependencies]. Details - ImportResultOutputID=34b04a1e0c7628c4cf71d29c06424d98 DependenciesID=6a7ec4bd7e010d9c6ef6b9383488586e StaticDependenciesID=5e0f2d7f52a819231a56e9ec06197504 
Number of updated asset objects reloaded before import = 0
Number of asset objects unloaded after import = 5
========================================================================
Received Import Request.
  Time of request: 2026-09-06T07:59:53.3168401Z
  Time since last request: 0.000357 seconds.
  importAddress: GUID: 57baee20e53f7b54782519af44a9468f - Path: Packages/com.unity.cinemachine/Editor/PropertyDrawers/EmbeddedAssetPropertyDrawer.cs - Importer: ScriptedImporter/UnityEditor.QuickSearchModule:UnityEditor.Search:ASIAI0B
Importing 'GUID: 57baee20e53f7b54782519af44a9468f - Path: Packages/com.unity.cinemachine/Editor/PropertyDrawers/EmbeddedAssetPropertyDrawer.cs - Importer: ScriptedImporter/UnityEditor.QuickSearchModule:UnityEditor.Search:ASIAI0B' with importer (ScriptedImporter : UnityEditor.QuickSearchModule:UnityEditor.Search:ASIAI0B)
Imported 'GUID: 57baee20e53f7b54782519af44a9468f' -> (Import Result ID: '6808d4ccd7dcd1acbde243e47f0e87f9') in 0.005 seconds [static and dynamic dependencies]. Details - ImportResultOutputID=fb89f38071547b03a06b4d540765bc7d DependenciesID=119bffcf04cf282a7d058266fb8af447 StaticDependenciesID=a168a35d39608b8df3895337280da427 
Number of updated asset objects reloaded before import = 0
Number of asset objects unloaded after import = 0
========================================================================
Received Import Request.
  Time of request: 2026-09-06T07:59:53.3443126Z
  Time since last request: 0.0115092 seconds.
  importAddress: GUID: 2da6d0ba602194831a1a64e5bc72f6ad - Path: Packages/com.unity.splines/Editor/Utilities/SplineHandleUtility.cs - Importer: ScriptedImporter/UnityEditor.QuickSearchModule:UnityEditor.Search:ASIAI0B
Importing 'GUID: 2da6d0ba602194831a1a64e5bc72f6ad - Path: Packages/com.unity.splines/Editor/Utilities/SplineHandleUtility.cs - Importer: ScriptedImporter/UnityEditor.QuickSearchModule:UnityEditor.Search:ASIAI0B' with importer (ScriptedImporter : UnityEditor.QuickSearchModule:UnityEditor.Search:ASIAI0B)
Imported 'GUID: 2da6d0ba602194831a1a64e5bc72f6ad' -> (Import Result ID: 'eece67c252e58fbe62a03027c1003ba1') in 0.004 seconds [static and dynamic dependencies]. Details - ImportResultOutputID=c5a6e7dd633af91183dae131bc7c1eb0 DependenciesID=754f536727a49e484f5d0ea7b8eedb04 StaticDependenciesID=e420438a8728338754e727f41879800f 
Number of updated asset objects reloaded before import = 0
Number of asset objects unloaded after import = 0
========================================================================
Received Import Request.
  Time of request: 2026-09-06T07:59:53.3581436Z
  Time since last request: 0.0004832 seconds.
  importAddress: GUID: 74e0f4cadf762ff468bb8bb11c2ca3c7 - Path: Packages/com.unity.splines/Editor/Editor Resources/Icons/SplineComponent@2x.png - Importer: ScriptedImporter/UnityEditor.QuickSearchModule:UnityEditor.Search:ASIAI0B
Importing 'GUID: 74e0f4cadf762ff468bb8bb11c2ca3c7 - Path: Packages/com.unity.splines/Editor/Editor Resources/Icons/SplineComponent@2x.png - Importer: ScriptedImporter/UnityEditor.QuickSearchModule:UnityEditor.Search:ASIAI0B' with importer (ScriptedImporter : UnityEditor.QuickSearchModule:UnityEditor.Search:ASIAI0B)
Imported 'GUID: 74e0f4cadf762ff468bb8bb11c2ca3c7' -> (Import Result ID: '514ac3a3cfaa24800cda43cc274c08f9') in 0.008 seconds [static and dynamic dependencies]. Details - ImportResultOutputID=4c391946a65c2fef32225797d9b7a6fe DependenciesID=64bc056524f6d7a6e5f0c0ed12906ad2 StaticDependenciesID=f3dd484cdc79939bb9291e0396e9142c 
Number of updated asset objects reloaded before import = 0
Number of asset objects unloaded after import = 1
========================================================================
Received Import Request.
  Time of request: 2026-09-06T07:59:53.3777511Z
  Time since last request: 0.0004863 seconds.
  importAddress: GUID: 886251e9a18ece04ea8e61686c173e1b - Path: Packages/com.unity.cinemachine/Runtime/Components/CinemachinePositionComposer.cs - Importer: ScriptedImporter/UnityEditor.QuickSearchModule:UnityEditor.Search:ASIAI0B
Importing 'GUID: 886251e9a18ece04ea8e61686c173e1b - Path: Packages/com.unity.cinemachine/Runtime/Components/CinemachinePositionComposer.cs - Importer: ScriptedImporter/UnityEditor.QuickSearchModule:UnityEditor.Search:ASIAI0B' with importer (ScriptedImporter : UnityEditor.QuickSearchModule:UnityEditor.Search:ASIAI0B)
Imported 'GUID: 886251e9a18ece04ea8e61686c173e1b' -> (Import Result ID: '6f0bd25545a8d3828d05dcb3c45cf5d8') in 0.007 seconds [static and dynamic dependencies]. Details - ImportResultOutputID=796bf363423cbc61df520e6c7f5669fb DependenciesID=5bcfce6d6f11a503fc017a152927770f StaticDependenciesID=5de2980689d16e4e9106f376e944f707 
Number of updated asset objects reloaded before import = 0
Number of asset objects unloaded after import = 1
========================================================================
Received Import Request.
  Time of request: 2026-09-06T07:59:53.3987274Z
  Time since last request: 0.0004281 seconds.
  importAddress: GUID: eb25eb9c85a88c94aa253071e03aca6e - Path: Packages/com.unity.cinemachine/Runtime/Impulse/CinemachineImpulseManager.cs - Importer: ScriptedImporter/UnityEditor.QuickSearchModule:UnityEditor.Search:ASIAI0B
Importing 'GUID: eb25eb9c85a88c94aa253071e03aca6e - Path: Packages/com.unity.cinemachine/Runtime/Impulse/CinemachineImpulseManager.cs - Importer: ScriptedImporter/UnityEditor.QuickSearchModule:UnityEditor.Search:ASIAI0B' with importer (ScriptedImporter : UnityEditor.QuickSearchModule:UnityEditor.Search:ASIAI0B)
Imported 'GUID: eb25eb9c85a88c94aa253071e03aca6e' -> (Import Result ID: '2c40d04d276e607d67145e4694a4cf33') in 0.004 seconds [static and dynamic dependencies]. Details - ImportResultOutputID=a9b05ae4e3486ccadd6134c5ea18a05e DependenciesID=7172c2cc7a689a571674778338e7e01f StaticDependenciesID=f8772bc3823c8a8470b73fb9159d0919 
Number of updated asset objects reloaded before import = 0
Number of asset objects unloaded after import = 0
========================================================================
Received Import Request.
  Time of request: 2026-09-06T07:59:53.4140064Z
  Time since last request: 0.0003632 seconds.
  importAddress: GUID: f7e6fc076c9242b19d42a4b2cc9d0507 - Path: Packages/com.unity.settings-manager/Tests/Editor/SettingsTestBase.cs - Importer: ScriptedImporter/UnityEditor.QuickSearchModule:UnityEditor.Search:ASIAI0B
Importing 'GUID: f7e6fc076c9242b19d42a4b2cc9d0507 - Path: Packages/com.unity.settings-manager/Tests/Editor/SettingsTestBase.cs - Importer: ScriptedImporter/UnityEditor.QuickSearchModule:UnityEditor.Search:ASIAI0B' with importer (ScriptedImporter : UnityEditor.QuickSearchModule:UnityEditor.Search:ASIAI0B)
Imported 'GUID: f7e6fc076c9242b19d42a4b2cc9d0507' -> (Import Result ID: 'b9d86d234c2ff223721e128e354cdd9e') in 0.004 seconds [static and dynamic dependencies]. Details - ImportResultOutputID=f50c103b42d69e6de9634f167276aad6 DependenciesID=bd5d5b640e7b43aa80070d979f93d7a1 StaticDependenciesID=b58c84761b60121f62947fb36f90dd08 
Number of updated asset objects reloaded before import = 0
Number of asset objects unloaded after import = 0
========================================================================
Received Import Request.
  Time of request: 2026-09-06T07:59:53.4297489Z
  Time since last request: 0.0004 seconds.
  importAddress: GUID: 36baaa8bdcb9d8b49b9199833965d2c3 - Path: Packages/com.unity.cinemachine/Runtime/Core/CinemachineBlenderSettings.cs - Importer: ScriptedImporter/UnityEditor.QuickSearchModule:UnityEditor.Search:ASIAI0B
Importing 'GUID: 36baaa8bdcb9d8b49b9199833965d2c3 - Path: Packages/com.unity.cinemachine/Runtime/Core/CinemachineBlenderSettings.cs - Importer: ScriptedImporter/UnityEditor.QuickSearchModule:UnityEditor.Search:ASIAI0B' with importer (ScriptedImporter : UnityEditor.QuickSearchModule:UnityEditor.Search:ASIAI0B)
Imported 'GUID: 36baaa8bdcb9d8b49b9199833965d2c3' -> (Import Result ID: '062f9783472aed98b72356d0e7f815b1') in 0.004 seconds [static and dynamic dependencies]. Details - ImportResultOutputID=b3e4c2f7ea59af91d70961d5b27ddaf7 DependenciesID=ab60ef20dc8358316934fe8eb24daa50 StaticDependenciesID=c0d072815d8d166aee2ca8d23e374327 
Number of updated asset objects reloaded before import = 0
Number of asset objects unloaded after import = 0
========================================================================
Received Import Request.
  Time of request: 2026-09-06T07:59:53.4448881Z
  Time since last request: 0.0003267 seconds.
  importAddress: GUID: 7be002d6127770a45b33b37bd3ba98ac - Path: Packages/com.unity.splines/Editor - Importer: ScriptedImporter/UnityEditor.QuickSearchModule:UnityEditor.Search:ASIAI0B
Importing 'GUID: 7be002d6127770a45b33b37bd3ba98ac - Path: Packages/com.unity.splines/Editor - Importer: ScriptedImporter/UnityEditor.QuickSearchModule:UnityEditor.Search:ASIAI0B' with importer (ScriptedImporter : UnityEditor.QuickSearchModule:UnityEditor.Search:ASIAI0B)
Imported 'GUID: 7be002d6127770a45b33b37bd3ba98ac' -> (Import Result ID: '8eca74cb4e696c3eb451eb85a4c8f43d') in 0.004 seconds [static and dynamic dependencies]. Details - ImportResultOutputID=e1ca0f01e8ec048c0a252ce87ed533d9 DependenciesID=90e6a9406eeba3339943d664c74db8af StaticDependenciesID=e2e58f81390a9cd80212037410b162d7 
Number of updated asset objects reloaded before import = 0
Number of asset objects unloaded after import = 1
========================================================================
Received Import Request.
  Time of request: 2026-09-06T07:59:53.4591832Z
  Time since last request: 0.0009346 seconds.
  importAddress: GUID: c2910bfb37c064309a7230f4175d6c3a - Path: Packages/com.unity.settings-manager/Editor - Importer: ScriptedImporter/UnityEditor.QuickSearchModule:UnityEditor.Search:ASIAI0B
Importing 'GUID: c2910bfb37c064309a7230f4175d6c3a - Path: Packages/com.unity.settings-manager/Editor - Importer: ScriptedImporter/UnityEditor.QuickSearchModule:UnityEditor.Search:ASIAI0B' with importer (ScriptedImporter : UnityEditor.QuickSearchModule:UnityEditor.Search:ASIAI0B)
Imported 'GUID: c2910bfb37c064309a7230f4175d6c3a' -> (Import Result ID: '522072f15357fedafae0452eaa0437be') in 0.004 seconds [static and dynamic dependencies]. Details - ImportResultOutputID=b7417732ca1599b46da2dead70284905 DependenciesID=06fa2381e5d80057c5e2348a85adb9c6 StaticDependenciesID=b9b388a10ba6b28f8d8a7bf053b51cd1 
Number of updated asset objects reloaded before import = 0
Number of asset objects unloaded after import = 1
========================================================================
Received Import Request.
  Time of request: 2026-09-06T07:59:53.475875Z
  Time since last request: 0.0008212 seconds.
  importAddress: GUID: a073c604c44135e438eeeaef77058ac5 - Path: Assets/Starter Assets/Runtime/ThirdPersonController/Character/Animations/Locomotion--Run_S.anim.fbx - Importer: ScriptedImporter/UnityEditor.QuickSearchModule:UnityEditor.Search:ASIAI0B
Importing 'GUID: a073c604c44135e438eeeaef77058ac5 - Path: Assets/Starter Assets/Runtime/ThirdPersonController/Character/Animations/Locomotion--Run_S.anim.fbx - Importer: ScriptedImporter/UnityEditor.QuickSearchModule:UnityEditor.Search:ASIAI0B' with importer (ScriptedImporter : UnityEditor.QuickSearchModule:UnityEditor.Search:ASIAI0B)
Imported 'GUID: a073c604c44135e438eeeaef77058ac5' -> (Import Result ID: 'd5cfb6f43edeaf670d059c0e72b676ad') in 0.011 seconds [static and dynamic dependencies]. Details - ImportResultOutputID=b54c45e64a4985d5a5e9eb4b1f276a61 DependenciesID=a2fa777fc5792d3051f4de600d52ca42 StaticDependenciesID=a0de172e3afe69b066bbbc61d3b76f97 
Number of updated asset objects reloaded before import = 0
Number of asset objects unloaded after import = 144
========================================================================
Received Import Request.
  Time of request: 2026-09-06T07:59:53.4994258Z
  Time since last request: 0.0004264 seconds.
  importAddress: GUID: f48f873ae78af40b9a7b8220a8c6f95f - Path: Assets/Starter Assets/Sample/Environment/RenderPipelineProfiles/StarterAssetsURPAsset.asset - Importer: ScriptedImporter/UnityEditor.QuickSearchModule:UnityEditor.Search:ASIAI0B
Importing 'GUID: f48f873ae78af40b9a7b8220a8c6f95f - Path: Assets/Starter Assets/Sample/Environment/RenderPipelineProfiles/StarterAssetsURPAsset.asset - Importer: ScriptedImporter/UnityEditor.QuickSearchModule:UnityEditor.Search:ASIAI0B' with importer (ScriptedImporter : UnityEditor.QuickSearchModule:UnityEditor.Search:ASIAI0B)
Imported 'GUID: f48f873ae78af40b9a7b8220a8c6f95f' -> (Import Result ID: '21953fee690cf725bac4c367df1e5f63') in 0.010 seconds [static and dynamic dependencies]. Details - ImportResultOutputID=2bfd4fd9badf85bd3db4b6505ef1e1cd DependenciesID=7f77319dba2b70a11e7512117721c210 StaticDependenciesID=9e765c3c23ec5eabffaa4c5c36cc94c7 
Number of updated asset objects reloaded before import = 0
Number of asset objects unloaded after import = 2
========================================================================
Received Import Request.
  Time of request: 2026-09-06T07:59:53.5215501Z
  Time since last request: 0.0004415 seconds.
  importAddress: GUID: 27264456a8bbc094d9479c5d5f9b0aa5 - Path: Packages/com.unity.settings-manager/LICENSE.md - Importer: ScriptedImporter/UnityEditor.QuickSearchModule:UnityEditor.Search:ASIAI0B
Importing 'GUID: 27264456a8bbc094d9479c5d5f9b0aa5 - Path: Packages/com.unity.settings-manager/LICENSE.md - Importer: ScriptedImporter/UnityEditor.QuickSearchModule:UnityEditor.Search:ASIAI0B' with importer (ScriptedImporter : UnityEditor.QuickSearchModule:UnityEditor.Search:ASIAI0B)
Imported 'GUID: 27264456a8bbc094d9479c5d5f9b0aa5' -> (Import Result ID: 'd1244812cb738f6306a505c55337cb41') in 0.004 seconds [static and dynamic dependencies]. Details - ImportResultOutputID=269b5f9cbdc1da3805a14644f71c185a DependenciesID=414fd57149652dfed9dbb6d5377350d5 StaticDependenciesID=039111c6f7132c839b6f537dd6fb9383 
Number of updated asset objects reloaded before import = 0
Number of asset objects unloaded after import = 1
========================================================================
Received Import Request.
  Time of request: 2026-09-06T07:59:53.5373276Z
  Time since last request: 0.0007331 seconds.
  importAddress: GUID: a0f0a86e2798fe04abd1dd818c42b82f - Path: Assets/Starter Assets/TutorialInfo - Importer: ScriptedImporter/UnityEditor.QuickSearchModule:UnityEditor.Search:ASIAI0B
Importing 'GUID: a0f0a86e2798fe04abd1dd818c42b82f - Path: Assets/Starter Assets/TutorialInfo - Importer: ScriptedImporter/UnityEditor.QuickSearchModule:UnityEditor.Search:ASIAI0B' with importer (ScriptedImporter : UnityEditor.QuickSearchModule:UnityEditor.Search:ASIAI0B)
Imported 'GUID: a0f0a86e2798fe04abd1dd818c42b82f' -> (Import Result ID: '80c5d007e7fa23363bdfb1f362789874') in 0.007 seconds [static and dynamic dependencies]. Details - ImportResultOutputID=0783549de56b9307f1b880a9e93d0a29 DependenciesID=6888fa4c810b29c0e03cd6222c6d2ae5 StaticDependenciesID=8c048a6e2f57f3e24d059ca72da827ad 
Number of updated asset objects reloaded before import = 0
Number of asset objects unloaded after import = 1
========================================================================
Received Import Request.
  Time of request: 2026-09-06T07:59:53.5558584Z
  Time since last request: 0.0004523 seconds.
  importAddress: GUID: 018f1adb8258a4133b73805294498947 - Path: Packages/com.unity.settings-manager/Tests/Editor/MultipleProjectSettings.cs - Importer: ScriptedImporter/UnityEditor.QuickSearchModule:UnityEditor.Search:ASIAI0B
Importing 'GUID: 018f1adb8258a4133b73805294498947 - Path: Packages/com.unity.settings-manager/Tests/Editor/MultipleProjectSettings.cs - Importer: ScriptedImporter/UnityEditor.QuickSearchModule:UnityEditor.Search:ASIAI0B' with importer (ScriptedImporter : UnityEditor.QuickSearchModule:UnityEditor.Search:ASIAI0B)
Imported 'GUID: 018f1adb8258a4133b73805294498947' -> (Import Result ID: 'b7bd17eccab19d81cbdbee9e8db5beea') in 0.004 seconds [static and dynamic dependencies]. Details - ImportResultOutputID=023a05a1319434f3e0aeb90fb19032d5 DependenciesID=2718a8dea851f57990edfd988c836e17 StaticDependenciesID=bdb626526a620ab15b4d41e8d04ffcb2 
Number of updated asset objects reloaded before import = 0
Number of asset objects unloaded after import = 0
========================================================================
Received Import Request.
  Time of request: 2026-09-06T07:59:53.5709762Z
  Time since last request: 0.0004102 seconds.
  importAddress: GUID: 33a510488cc26384ea9c0600441770b2 - Path: Packages/com.unity.cinemachine/Runtime/Helpers/CinemachineBrainEvents.cs - Importer: ScriptedImporter/UnityEditor.QuickSearchModule:UnityEditor.Search:ASIAI0B
Importing 'GUID: 33a510488cc26384ea9c0600441770b2 - Path: Packages/com.unity.cinemachine/Runtime/Helpers/CinemachineBrainEvents.cs - Importer: ScriptedImporter/UnityEditor.QuickSearchModule:UnityEditor.Search:ASIAI0B' with importer (ScriptedImporter : UnityEditor.QuickSearchModule:UnityEditor.Search:ASIAI0B)
Imported 'GUID: 33a510488cc26384ea9c0600441770b2' -> (Import Result ID: '0db06ba6b86db885d4198632906dd932') in 0.006 seconds [static and dynamic dependencies]. Details - ImportResultOutputID=363b851981a624fa1f45c7c23329fa2c DependenciesID=a689bf368904c2858e0a227d4489283a StaticDependenciesID=936be07295a8572241989900dae96280 
Number of updated asset objects reloaded before import = 0
Number of asset objects unloaded after import = 1
========================================================================
Received Import Request.
  Time of request: 2026-09-06T07:59:53.5889476Z
  Time since last request: 0.0007871 seconds.
  importAddress: GUID: e7fdf9603bb47074a9b04a3eb60ffcd8 - Path: Assets/Starter Assets/Runtime/Mobile/UI - Importer: ScriptedImporter/UnityEditor.QuickSearchModule:UnityEditor.Search:ASIAI0B
Importing 'GUID: e7fdf9603bb47074a9b04a3eb60ffcd8 - Path: Assets/Starter Assets/Runtime/Mobile/UI - Importer: ScriptedImporter/UnityEditor.QuickSearchModule:UnityEditor.Search:ASIAI0B' with importer (ScriptedImporter : UnityEditor.QuickSearchModule:UnityEditor.Search:ASIAI0B)
Imported 'GUID: e7fdf9603bb47074a9b04a3eb60ffcd8' -> (Import Result ID: '7ea65f029636e06d8216cc3db73c5f48') in 0.005 seconds [static and dynamic dependencies]. Details - ImportResultOutputID=ae7e61d796e4333ae20d4a00b38c3a53 DependenciesID=1ac66ca539a31fc8a5bb16e0d5d50342 StaticDependenciesID=68eb71edda7108850e7c79c594667681 
Number of updated asset objects reloaded before import = 0
Number of asset objects unloaded after import = 1
========================================================================
Received Import Request.
  Time of request: 2026-09-06T07:59:53.6053321Z
  Time since last request: 0.0003999 seconds.
  importAddress: GUID: 9aaf72ea152580747be7476003654a7f - Path: Packages/com.unity.cinemachine/Runtime/Core/CameraUpdateManager.cs - Importer: ScriptedImporter/UnityEditor.QuickSearchModule:UnityEditor.Search:ASIAI0B
Importing 'GUID: 9aaf72ea152580747be7476003654a7f - Path: Packages/com.unity.cinemachine/Runtime/Core/CameraUpdateManager.cs - Importer: ScriptedImporter/UnityEditor.QuickSearchModule:UnityEditor.Search:ASIAI0B' with importer (ScriptedImporter : UnityEditor.QuickSearchModule:UnityEditor.Search:ASIAI0B)
Imported 'GUID: 9aaf72ea152580747be7476003654a7f' -> (Import Result ID: 'c2866396220b9ec9f7f759e5e5e5a15b') in 0.004 seconds [static and dynamic dependencies]. Details - ImportResultOutputID=cdc351d49039cd09c0a54b590289fb3e DependenciesID=13a709bb11b6bd613eb29e2f4a6dba3c StaticDependenciesID=c574546ca4128d81e9f6bae682acf0b5 
Number of updated asset objects reloaded before import = 0
Number of asset objects unloaded after import = 0
========================================================================
Received Import Request.
  Time of request: 2026-09-06T07:59:53.6217589Z
  Time since last request: 0.0007909 seconds.
  importAddress: GUID: 2298d7737762c4efbbac29ffd335454a - Path: Packages/com.unity.cinemachine/Editor/EditorResources/Icons/Light/FOV.png - Importer: ScriptedImporter/UnityEditor.QuickSearchModule:UnityEditor.Search:ASIAI0B
Importing 'GUID: 2298d7737762c4efbbac29ffd335454a - Path: Packages/com.unity.cinemachine/Editor/EditorResources/Icons/Light/FOV.png - Importer: ScriptedImporter/UnityEditor.QuickSearchModule:UnityEditor.Search:ASIAI0B' with importer (ScriptedImporter : UnityEditor.QuickSearchModule:UnityEditor.Search:ASIAI0B)
Imported 'GUID: 2298d7737762c4efbbac29ffd335454a' -> (Import Result ID: '7217337a71bfdd73d685a86da63d9c5b') in 0.007 seconds [static and dynamic dependencies]. Details - ImportResultOutputID=df1a3d948d228fa32ba6f8f500a55b4b DependenciesID=1cd977a719c0b7247c01ff40434d3bc1 StaticDependenciesID=bb28cfe235f28e4670666dddf09bf49f 
Number of updated asset objects reloaded before import = 0
Number of asset objects unloaded after import = 1
========================================================================
Received Import Request.
  Time of request: 2026-09-06T07:59:53.641062Z
  Time since last request: 0.0004882 seconds.
  importAddress: GUID: d555e0f2952215f47ac6e88b239c19ff - Path: Packages/com.unity.cinemachine/Editor/SceneView/CinemachineCameraViewpoint.cs - Importer: ScriptedImporter/UnityEditor.QuickSearchModule:UnityEditor.Search:ASIAI0B
Importing 'GUID: d555e0f2952215f47ac6e88b239c19ff - Path: Packages/com.unity.cinemachine/Editor/SceneView/CinemachineCameraViewpoint.cs - Importer: ScriptedImporter/UnityEditor.QuickSearchModule:UnityEditor.Search:ASIAI0B' with importer (ScriptedImporter : UnityEditor.QuickSearchModule:UnityEditor.Search:ASIAI0B)
Imported 'GUID: d555e0f2952215f47ac6e88b239c19ff' -> (Import Result ID: '89ae598a5cec0b6c871fb10054c12210') in 0.004 seconds [static and dynamic dependencies]. Details - ImportResultOutputID=c69f3df919abc0dd4fd6f6af9ca443d4 DependenciesID=6966d9731f0680945d421589d1768555 StaticDependenciesID=8e4f47e509bdfbc616dd330969c637e2 
Number of updated asset objects reloaded before import = 0
Number of asset objects unloaded after import = 0
========================================================================
Received Import Request.
  Time of request: 2026-09-06T07:59:53.6588691Z
  Time since last request: 0.000656 seconds.
  importAddress: GUID: 4fe26578e79d7c94697707fdcc54e22f - Path: Packages/com.unity.cinemachine/Runtime/Deprecated - Importer: ScriptedImporter/UnityEditor.QuickSearchModule:UnityEditor.Search:ASIAI0B
Importing 'GUID: 4fe26578e79d7c94697707fdcc54e22f - Path: Packages/com.unity.cinemachine/Runtime/Deprecated - Importer: ScriptedImporter/UnityEditor.QuickSearchModule:UnityEditor.Search:ASIAI0B' with importer (ScriptedImporter : UnityEditor.QuickSearchModule:UnityEditor.Search:ASIAI0B)
Imported 'GUID: 4fe26578e79d7c94697707fdcc54e22f' -> (Import Result ID: 'bc71fb096414432dd41c3f5dd172830e') in 0.005 seconds [static and dynamic dependencies]. Details - ImportResultOutputID=40cf2cb9bc4e58b004d9cdaeb52ee643 DependenciesID=8940908082ac6479ae9631e34a36c219 StaticDependenciesID=1a2d9879af413096da6094a7accad839 
Number of updated asset objects reloaded before import = 0
Number of asset objects unloaded after import = 1
========================================================================
Received Import Request.
  Time of request: 2026-09-06T07:59:53.6755217Z
  Time since last request: 0.0009189 seconds.
  importAddress: GUID: 0c11265b855408d42af33d62691f5194 - Path: Packages/com.unity.cinemachine/Runtime/Impulse/CinemachinExternalImpulseListener.cs - Importer: ScriptedImporter/UnityEditor.QuickSearchModule:UnityEditor.Search:ASIAI0B
Importing 'GUID: 0c11265b855408d42af33d62691f5194 - Path: Packages/com.unity.cinemachine/Runtime/Impulse/CinemachinExternalImpulseListener.cs - Importer: ScriptedImporter/UnityEditor.QuickSearchModule:UnityEditor.Search:ASIAI0B' with importer (ScriptedImporter : UnityEditor.QuickSearchModule:UnityEditor.Search:ASIAI0B)
Imported 'GUID: 0c11265b855408d42af33d62691f5194' -> (Import Result ID: 'cb37700bd526d8419af4ee113af8a080') in 0.004 seconds [static and dynamic dependencies]. Details - ImportResultOutputID=635c90caae7e7882d07071b62d44c93b DependenciesID=177ddebc71a5930e40c3a8648fe750e1 StaticDependenciesID=f1027d6592add78507027f786f216f84 
Number of updated asset objects reloaded before import = 0
Number of asset objects unloaded after import = 0
========================================================================
Received Import Request.
  Time of request: 2026-09-06T07:59:53.6913683Z
  Time since last request: 0.0010533 seconds.
  importAddress: GUID: 5ca5d3d4919ce4b4bbbc4e3c67bf6320 - Path: Packages/com.unity.cinemachine/Editor/EditorResources/SceneToolsLabelBackground.png - Importer: ScriptedImporter/UnityEditor.QuickSearchModule:UnityEditor.Search:ASIAI0B
Importing 'GUID: 5ca5d3d4919ce4b4bbbc4e3c67bf6320 - Path: Packages/com.unity.cinemachine/Editor/EditorResources/SceneToolsLabelBackground.png - Importer: ScriptedImporter/UnityEditor.QuickSearchModule:UnityEditor.Search:ASIAI0B' with importer (ScriptedImporter : UnityEditor.QuickSearchModule:UnityEditor.Search:ASIAI0B)
Imported 'GUID: 5ca5d3d4919ce4b4bbbc4e3c67bf6320' -> (Import Result ID: '213ecd93828e80d299c21eb1b23fe7ad') in 0.007 seconds [static and dynamic dependencies]. Details - ImportResultOutputID=917abd60c10d269cdb4f5f0f2e961f5a DependenciesID=ad00a1c4a1ad84ea66124cda51acadb3 StaticDependenciesID=e0eeb51c54082c8e600769131cbcc376 
Number of updated asset objects reloaded before import = 0
Number of asset objects unloaded after import = 1
========================================================================
Received Import Request.
  Time of request: 2026-09-06T07:59:53.7107226Z
  Time since last request: 0.0003805 seconds.
  importAddress: GUID: 70f23d244938dbd44ad0541306db275b - Path: Packages/com.unity.cinemachine/Editor/PropertyDrawers/ChildCameraPropertyDrawer.cs - Importer: ScriptedImporter/UnityEditor.QuickSearchModule:UnityEditor.Search:ASIAI0B
Importing 'GUID: 70f23d244938dbd44ad0541306db275b - Path: Packages/com.unity.cinemachine/Editor/PropertyDrawers/ChildCameraPropertyDrawer.cs - Importer: ScriptedImporter/UnityEditor.QuickSearchModule:UnityEditor.Search:ASIAI0B' with importer (ScriptedImporter : UnityEditor.QuickSearchModule:UnityEditor.Search:ASIAI0B)
Imported 'GUID: 70f23d244938dbd44ad0541306db275b' -> (Import Result ID: 'e299dc0fccc38224c4ccc6aab3de4b7b') in 0.004 seconds [static and dynamic dependencies]. Details - ImportResultOutputID=a24532a6ba5432eb874be65ba8f74da8 DependenciesID=ffb4f86911cdf95ebb47d7285f7ef251 StaticDependenciesID=ffbcbfb7ab1a525b61ded812eac91538 
Number of updated asset objects reloaded before import = 0
Number of asset objects unloaded after import = 0
========================================================================
Received Import Request.
  Time of request: 2026-09-06T07:59:53.7261999Z
  Time since last request: 0.000476 seconds.
  importAddress: GUID: 002b168e31e0479e8b470eb4c02d87cf - Path: Packages/com.unity.cinemachine/Editor/Editors/CinemachineConfiner2DEditor.cs - Importer: ScriptedImporter/UnityEditor.QuickSearchModule:UnityEditor.Search:ASIAI0B
Importing 'GUID: 002b168e31e0479e8b470eb4c02d87cf - Path: Packages/com.unity.cinemachine/Editor/Editors/CinemachineConfiner2DEditor.cs - Importer: ScriptedImporter/UnityEditor.QuickSearchModule:UnityEditor.Search:ASIAI0B' with importer (ScriptedImporter : UnityEditor.QuickSearchModule:UnityEditor.Search:ASIAI0B)
Imported 'GUID: 002b168e31e0479e8b470eb4c02d87cf' -> (Import Result ID: '08aa0584233f861f34b15935ebf9eb99') in 0.007 seconds [static and dynamic dependencies]. Details - ImportResultOutputID=1bd72e452d66ff27b454047df1bba940 DependenciesID=c43e8594478c8bdbaf8f1ec81a30512e StaticDependenciesID=85069740bc152dcb78732b302e0dc23e 
Number of updated asset objects reloaded before import = 0
Number of asset objects unloaded after import = 0
========================================================================
Received Import Request.
  Time of request: 2026-09-06T07:59:53.7459419Z
  Time since last request: 0.0003829 seconds.
  importAddress: GUID: b1e8bfa6c48dec14793c3b140f549f44 - Path: Packages/com.unity.splines/Runtime/ISplineContainer.cs - Importer: ScriptedImporter/UnityEditor.QuickSearchModule:UnityEditor.Search:ASIAI0B
Importing 'GUID: b1e8bfa6c48dec14793c3b140f549f44 - Path: Packages/com.unity.splines/Runtime/ISplineContainer.cs - Importer: ScriptedImporter/UnityEditor.QuickSearchModule:UnityEditor.Search:ASIAI0B' with importer (ScriptedImporter : UnityEditor.QuickSearchModule:UnityEditor.Search:ASIAI0B)
Imported 'GUID: b1e8bfa6c48dec14793c3b140f549f44' -> (Import Result ID: 'a116c71ede839e23cd33681b080457d8') in 0.004 seconds [static and dynamic dependencies]. Details - ImportResultOutputID=94e61e8ef94a3305f65ff2762812d877 DependenciesID=264974b00a6d69bb54abf0c165d5eadf StaticDependenciesID=23c2a5479009358af5f6b2ed541adc2b 
Number of updated asset objects reloaded before import = 0
Number of asset objects unloaded after import = 0
========================================================================
Received Import Request.
  Time of request: 2026-09-06T07:59:53.7636718Z
  Time since last request: 0.0006664 seconds.
  importAddress: GUID: 104a45460231b8d4783e0bb2223be28c - Path: Assets/Starter Assets/Runtime/ThirdPersonController/Character/Textures/Armature_Arms_Normal.tif - Importer: ScriptedImporter/UnityEditor.QuickSearchModule:UnityEditor.Search:ASIAI0B
Importing 'GUID: 104a45460231b8d4783e0bb2223be28c - Path: Assets/Starter Assets/Runtime/ThirdPersonController/Character/Textures/Armature_Arms_Normal.tif - Importer: ScriptedImporter/UnityEditor.QuickSearchModule:UnityEditor.Search:ASIAI0B' with importer (ScriptedImporter : UnityEditor.QuickSearchModule:UnityEditor.Search:ASIAI0B)
Imported 'GUID: 104a45460231b8d4783e0bb2223be28c' -> (Import Result ID: '6e8cade88fa97d8731ba459814aaaf0d') in 0.011 seconds [static and dynamic dependencies]. Details - ImportResultOutputID=6afc6d48875dcf855cfa52991f808a03 DependenciesID=d6b847e5ebf512f2183f24ba7988d3db StaticDependenciesID=84bdf772e2016dcaac826c92f5c5cb34 
Number of updated asset objects reloaded before import = 0
Number of asset objects unloaded after import = 1
========================================================================
Received Import Request.
  Time of request: 2026-09-06T07:59:53.7858479Z
  Time since last request: 0.000475 seconds.
  importAddress: GUID: a725de072e7eb4d449d782a7c86fd0bf - Path: Assets/Starter Assets/Sample/Environment/Art/Models - Importer: ScriptedImporter/UnityEditor.QuickSearchModule:UnityEditor.Search:ASIAI0B
Importing 'GUID: a725de072e7eb4d449d782a7c86fd0bf - Path: Assets/Starter Assets/Sample/Environment/Art/Models - Importer: ScriptedImporter/UnityEditor.QuickSearchModule:UnityEditor.Search:ASIAI0B' with importer (ScriptedImporter : UnityEditor.QuickSearchModule:UnityEditor.Search:ASIAI0B)
Imported 'GUID: a725de072e7eb4d449d782a7c86fd0bf' -> (Import Result ID: 'c875800575c94ac4ac58ae959a885be1') in 0.004 seconds [static and dynamic dependencies]. Details - ImportResultOutputID=85c3d9df073e514ff3a848d037b1d290 DependenciesID=f7168785bc52fa8cd0990ae981370da8 StaticDependenciesID=1266b36c85ec6e30ab2f8efc2f661d08 
Number of updated asset objects reloaded before import = 0
Number of asset objects unloaded after import = 1
========================================================================
Received Import Request.
  Time of request: 2026-09-06T07:59:53.8009186Z
  Time since last request: 0.000409 seconds.
  importAddress: GUID: 7d304cb99396771448b369770d11ae5a - Path: Packages/com.unity.cinemachine/Editor/Utility/CinemachineChannelNames.cs - Importer: ScriptedImporter/UnityEditor.QuickSearchModule:UnityEditor.Search:ASIAI0B
Importing 'GUID: 7d304cb99396771448b369770d11ae5a - Path: Packages/com.unity.cinemachine/Editor/Utility/CinemachineChannelNames.cs - Importer: ScriptedImporter/UnityEditor.QuickSearchModule:UnityEditor.Search:ASIAI0B' with importer (ScriptedImporter : UnityEditor.QuickSearchModule:UnityEditor.Search:ASIAI0B)
Imported 'GUID: 7d304cb99396771448b369770d11ae5a' -> (Import Result ID: '9aac37e91234d1f8dd4389193ac4e8ac') in 0.005 seconds [static and dynamic dependencies]. Details - ImportResultOutputID=e782b5d241d944d38b3ab0d06d2686f5 DependenciesID=54fdf533f870a472dd57c9348dda5d7f StaticDependenciesID=9548764b5c654f835eb701db179ea633 
Number of updated asset objects reloaded before import = 0
Number of asset objects unloaded after import = 0
========================================================================
Received Import Request.
  Time of request: 2026-09-06T07:59:53.8170957Z
  Time since last request: 0.0004222 seconds.
  importAddress: GUID: 99a9c787e5d1bbf48a389834c4a9641c - Path: Packages/com.unity.cinemachine/Runtime/Deprecated/CinemachineDollyCart.cs - Importer: ScriptedImporter/UnityEditor.QuickSearchModule:UnityEditor.Search:ASIAI0B
Importing 'GUID: 99a9c787e5d1bbf48a389834c4a9641c - Path: Packages/com.unity.cinemachine/Runtime/Deprecated/CinemachineDollyCart.cs - Importer: ScriptedImporter/UnityEditor.QuickSearchModule:UnityEditor.Search:ASIAI0B' with importer (ScriptedImporter : UnityEditor.QuickSearchModule:UnityEditor.Search:ASIAI0B)
Imported 'GUID: 99a9c787e5d1bbf48a389834c4a9641c' -> (Import Result ID: '497bfe67213ba6cbbcf20aa7d28b0026') in 0.004 seconds [static and dynamic dependencies]. Details - ImportResultOutputID=17841dac7da505db538caae06e414b44 DependenciesID=4ff27bc92b6e729f946007652b3364bf StaticDependenciesID=fb9af9e9d91adba9ccb88e2c6c9a4da1 
Number of updated asset objects reloaded before import = 0
Number of asset objects unloaded after import = 0
========================================================================
Received Import Request.
  Time of request: 2026-09-06T07:59:53.8329607Z
  Time since last request: 0.0004044 seconds.
  importAddress: GUID: 1737f1b4489bd468cbf919947c6836e4 - Path: Packages/com.unity.splines/Runtime/Spline.cs - Importer: ScriptedImporter/UnityEditor.QuickSearchModule:UnityEditor.Search:ASIAI0B
Importing 'GUID: 1737f1b4489bd468cbf919947c6836e4 - Path: Packages/com.unity.splines/Runtime/Spline.cs - Importer: ScriptedImporter/UnityEditor.QuickSearchModule:UnityEditor.Search:ASIAI0B' with importer (ScriptedImporter : UnityEditor.QuickSearchModule:UnityEditor.Search:ASIAI0B)
Imported 'GUID: 1737f1b4489bd468cbf919947c6836e4' -> (Import Result ID: '2c2198f4a414e86982427b26ccf78416') in 0.004 seconds [static and dynamic dependencies]. Details - ImportResultOutputID=e77f810b6979b00cda09533df911c174 DependenciesID=5da5c3b112a97fb35364e724408d3995 StaticDependenciesID=b7f42c5fd1477eb44b163f7e83f6e04f 
Number of updated asset objects reloaded before import = 0
Number of asset objects unloaded after import = 0
========================================================================
Received Import Request.
  Time of request: 2026-09-06T07:59:53.8490984Z
  Time since last request: 0.0004181 seconds.
  importAddress: GUID: c88d2a04cc828c044b0fcc133fd481e6 - Path: Packages/com.unity.cinemachine/Editor/Obsolete/CinemachinePathEditor.cs - Importer: ScriptedImporter/UnityEditor.QuickSearchModule:UnityEditor.Search:ASIAI0B
Importing 'GUID: c88d2a04cc828c044b0fcc133fd481e6 - Path: Packages/com.unity.cinemachine/Editor/Obsolete/CinemachinePathEditor.cs - Importer: ScriptedImporter/UnityEditor.QuickSearchModule:UnityEditor.Search:ASIAI0B' with importer (ScriptedImporter : UnityEditor.QuickSearchModule:UnityEditor.Search:ASIAI0B)
Imported 'GUID: c88d2a04cc828c044b0fcc133fd481e6' -> (Import Result ID: 'f08b255e697219ba46a76f706122cb0b') in 0.004 seconds [static and dynamic dependencies]. Details - ImportResultOutputID=9b99edbaa2320bd18b1186d9c2db5819 DependenciesID=b905096a3ca4b24bced71955906c7f26 StaticDependenciesID=bff71819dbb0b8b462bf9b290898131f 
Number of updated asset objects reloaded before import = 0
Number of asset objects unloaded after import = 0
========================================================================
Received Import Request.
  Time of request: 2026-09-06T07:59:53.8651594Z
  Time since last request: 0.0003668 seconds.
  importAddress: GUID: 8d7dc1d7282474a53959abee88fa9f3e - Path: Packages/com.unity.cinemachine/Runtime/ThirdParty/Clipper.Offset.cs - Importer: ScriptedImporter/UnityEditor.QuickSearchModule:UnityEditor.Search:ASIAI0B
Importing 'GUID: 8d7dc1d7282474a53959abee88fa9f3e - Path: Packages/com.unity.cinemachine/Runtime/ThirdParty/Clipper.Offset.cs - Importer: ScriptedImporter/UnityEditor.QuickSearchModule:UnityEditor.Search:ASIAI0B' with importer (ScriptedImporter : UnityEditor.QuickSearchModule:UnityEditor.Search:ASIAI0B)
Imported 'GUID: 8d7dc1d7282474a53959abee88fa9f3e' -> (Import Result ID: '0fab32691bb5f35d0d333756c486cc09') in 0.005 seconds [static and dynamic dependencies]. Details - ImportResultOutputID=209d0690ab80b5653483fa9498650936 DependenciesID=e694dd4b311d799403714f3f51d63a6d StaticDependenciesID=c3854525808a631c51fbb04d780f3c49 
Number of updated asset objects reloaded before import = 0
Number of asset objects unloaded after import = 0
========================================================================
Received Import Request.
  Time of request: 2026-09-06T07:59:53.881375Z
  Time since last request: 0.0007603 seconds.
  importAddress: GUID: 20a705aea2d80e0478fb89b6f43d8530 - Path: Packages/com.unity.cinemachine/Presets/Noise/Handheld_normal_extreme.asset - Importer: ScriptedImporter/UnityEditor.QuickSearchModule:UnityEditor.Search:ASIAI0B
Importing 'GUID: 20a705aea2d80e0478fb89b6f43d8530 - Path: Packages/com.unity.cinemachine/Presets/Noise/Handheld_normal_extreme.asset - Importer: ScriptedImporter/UnityEditor.QuickSearchModule:UnityEditor.Search:ASIAI0B' with importer (ScriptedImporter : UnityEditor.QuickSearchModule:UnityEditor.Search:ASIAI0B)
Imported 'GUID: 20a705aea2d80e0478fb89b6f43d8530' -> (Import Result ID: '9d85ac140858d9541f8ad7b2ae552631') in 0.005 seconds [static and dynamic dependencies]. Details - ImportResultOutputID=8ad894c640b2e8a933e5d668f7ced2fd DependenciesID=24a3264a797e11441fc983f528f463d6 StaticDependenciesID=fe44f6bbf734f003bd8ba786bda9970c 
Number of updated asset objects reloaded before import = 0
Number of asset objects unloaded after import = 1
========================================================================
Received Import Request.
  Time of request: 2026-09-06T07:59:53.8991298Z
  Time since last request: 0.0004591 seconds.
  importAddress: GUID: 044eefcf244b249618f7860249c6a4d4 - Path: Packages/com.unity.cinemachine/Editor/Editors/CinemachineCameraEditor.cs - Importer: ScriptedImporter/UnityEditor.QuickSearchModule:UnityEditor.Search:ASIAI0B
Importing 'GUID: 044eefcf244b249618f7860249c6a4d4 - Path: Packages/com.unity.cinemachine/Editor/Editors/CinemachineCameraEditor.cs - Importer: ScriptedImporter/UnityEditor.QuickSearchModule:UnityEditor.Search:ASIAI0B' with importer (ScriptedImporter : UnityEditor.QuickSearchModule:UnityEditor.Search:ASIAI0B)
Imported 'GUID: 044eefcf244b249618f7860249c6a4d4' -> (Import Result ID: 'fbbd044a497ab230d21f35475cf1b9d2') in 0.004 seconds [static and dynamic dependencies]. Details - ImportResultOutputID=a27788394235f3f2c4bc54869275f540 DependenciesID=5ef172de7001b34c649f41e6084b1a2c StaticDependenciesID=dee07759650740aa4b30c3d9d61bd0e5 
Number of updated asset objects reloaded before import = 0
Number of asset objects unloaded after import = 0
========================================================================
Received Import Request.
  Time of request: 2026-09-06T07:59:53.9240049Z
  Time since last request: 0.0086944 seconds.
  importAddress: GUID: 3327a326efc0c4079a8eada111b11d29 - Path: Packages/com.unity.cinemachine/Editor/EditorResources/Icons/Light/CmExtension@256.png - Importer: ScriptedImporter/UnityEditor.QuickSearchModule:UnityEditor.Search:ASIAI0B
Importing 'GUID: 3327a326efc0c4079a8eada111b11d29 - Path: Packages/com.unity.cinemachine/Editor/EditorResources/Icons/Light/CmExtension@256.png - Importer: ScriptedImporter/UnityEditor.QuickSearchModule:UnityEditor.Search:ASIAI0B' with importer (ScriptedImporter : UnityEditor.QuickSearchModule:UnityEditor.Search:ASIAI0B)
Imported 'GUID: 3327a326efc0c4079a8eada111b11d29' -> (Import Result ID: 'bb17dd508a1b6e7983fae40316a3f30c') in 0.009 seconds [static and dynamic dependencies]. Details - ImportResultOutputID=b214ef9f77d589288d989a229a3a511c DependenciesID=88eda2a207ebbf5842e8284def8ae42b StaticDependenciesID=d9050f4adc14896cd5e6174ead203f72 
Number of updated asset objects reloaded before import = 0
Number of asset objects unloaded after import = 1
========================================================================
Received Import Request.
  Time of request: 2026-09-06T07:59:53.9443942Z
  Time since last request: 0.0006668 seconds.
  importAddress: GUID: 06ba237cdfbe2264f89158773bd6268b - Path: Packages/com.unity.splines/CHANGELOG.md - Importer: ScriptedImporter/UnityEditor.QuickSearchModule:UnityEditor.Search:ASIAI0B
Importing 'GUID: 06ba237cdfbe2264f89158773bd6268b - Path: Packages/com.unity.splines/CHANGELOG.md - Importer: ScriptedImporter/UnityEditor.QuickSearchModule:UnityEditor.Search:ASIAI0B' with importer (ScriptedImporter : UnityEditor.QuickSearchModule:UnityEditor.Search:ASIAI0B)
Imported 'GUID: 06ba237cdfbe2264f89158773bd6268b' -> (Import Result ID: '861a44da8c48bf7cf14a17f3c343c67f') in 0.006 seconds [static and dynamic dependencies]. Details - ImportResultOutputID=9d72bcad4076de072523e0e6c9c31c4e DependenciesID=92f8c4620301ce952c94e2040f1a789e StaticDependenciesID=65abd2aff1cc731f983d9751c311b5b5 
Number of updated asset objects reloaded before import = 0
Number of asset objects unloaded after import = 1
========================================================================
Received Import Request.
  Time of request: 2026-09-06T07:59:53.9621029Z
  Time since last request: 0.0004368 seconds.
  importAddress: GUID: aeab33f69c199e54794f516d31450ec4 - Path: Assets/Starter Assets/Sample/Environment/Art/Skybox/SkyboxLiteWarm.mat - Importer: ScriptedImporter/UnityEditor.QuickSearchModule:UnityEditor.Search:ASIAI0B
Importing 'GUID: aeab33f69c199e54794f516d31450ec4 - Path: Assets/Starter Assets/Sample/Environment/Art/Skybox/SkyboxLiteWarm.mat - Importer: ScriptedImporter/UnityEditor.QuickSearchModule:UnityEditor.Search:ASIAI0B' with importer (ScriptedImporter : UnityEditor.QuickSearchModule:UnityEditor.Search:ASIAI0B)
Imported 'GUID: aeab33f69c199e54794f516d31450ec4' -> (Import Result ID: '3a4010aeb21070401c3ca0301c72b8ad') in 0.008 seconds [static and dynamic dependencies]. Details - ImportResultOutputID=5e89cc288c16054044ece877587f7612 DependenciesID=fec0202472c9033eae7b83832a7d7961 StaticDependenciesID=7d704ce371c82515d5f45d43a94f3cae 
Number of updated asset objects reloaded before import = 0
Number of asset objects unloaded after import = 1
========================================================================
Received Import Request.
  Time of request: 2026-09-06T07:59:53.9819173Z
  Time since last request: 0.0004469 seconds.
  importAddress: GUID: 1112226500c624c40a5a3e75030be2f0 - Path: Packages/com.unity.cinemachine/Editor/EditorResources - Importer: ScriptedImporter/UnityEditor.QuickSearchModule:UnityEditor.Search:ASIAI0B
Importing 'GUID: 1112226500c624c40a5a3e75030be2f0 - Path: Packages/com.unity.cinemachine/Editor/EditorResources - Importer: ScriptedImporter/UnityEditor.QuickSearchModule:UnityEditor.Search:ASIAI0B' with importer (ScriptedImporter : UnityEditor.QuickSearchModule:UnityEditor.Search:ASIAI0B)
Imported 'GUID: 1112226500c624c40a5a3e75030be2f0' -> (Import Result ID: '092ac11fd87eb11854704dc590244719') in 0.005 seconds [static and dynamic dependencies]. Details - ImportResultOutputID=6bcc8fa21938839f5de3f6ff4ee999ed DependenciesID=14558453e312ff8816088b7e5a29c64c StaticDependenciesID=4c362e6fe4f3ebbdbc0fe6719960823f 
Number of updated asset objects reloaded before import = 0
Number of asset objects unloaded after import = 1
========================================================================
Received Import Request.
  Time of request: 2026-09-06T07:59:53.9985979Z
  Time since last request: 0.0008521 seconds.
  importAddress: GUID: 9935a56c1434b7845abe3f2b8f6600f4 - Path: Packages/com.unity.splines/Editor/GUI/ToolbarsOverlays/SplineHandleSettingsDropdown.cs - Importer: ScriptedImporter/UnityEditor.QuickSearchModule:UnityEditor.Search:ASIAI0B
Importing 'GUID: 9935a56c1434b7845abe3f2b8f6600f4 - Path: Packages/com.unity.splines/Editor/GUI/ToolbarsOverlays/SplineHandleSettingsDropdown.cs - Importer: ScriptedImporter/UnityEditor.QuickSearchModule:UnityEditor.Search:ASIAI0B' with importer (ScriptedImporter : UnityEditor.QuickSearchModule:UnityEditor.Search:ASIAI0B)
Imported 'GUID: 9935a56c1434b7845abe3f2b8f6600f4' -> (Import Result ID: '5a95179be3b044108cd7986fb94f1324') in 0.004 seconds [static and dynamic dependencies]. Details - ImportResultOutputID=f839f1c92292cdeaa1ed2f0ae35c5208 DependenciesID=8ba44f492166361c8cfbcc5fc16e3d66 StaticDependenciesID=e22f8a616fc8a2f58f4db5f3fc7bc9e4 
Number of updated asset objects reloaded before import = 0
Number of asset objects unloaded after import = 0
========================================================================
Received Import Request.
  Time of request: 2026-09-06T07:59:54.013429Z
  Time since last request: 0.0006203 seconds.
  importAddress: GUID: 65197035c7dd3894d8e8f7a6513ffc01 - Path: Assets/Starter Assets/Editor/Unity.StartAssets.Editor.asmdef - Importer: ScriptedImporter/UnityEditor.QuickSearchModule:UnityEditor.Search:ASIAI0B
Importing 'GUID: 65197035c7dd3894d8e8f7a6513ffc01 - Path: Assets/Starter Assets/Editor/Unity.StartAssets.Editor.asmdef - Importer: ScriptedImporter/UnityEditor.QuickSearchModule:UnityEditor.Search:ASIAI0B' with importer (ScriptedImporter : UnityEditor.QuickSearchModule:UnityEditor.Search:ASIAI0B)
Imported 'GUID: 65197035c7dd3894d8e8f7a6513ffc01' -> (Import Result ID: 'e913cef390a922389e0a26aa8c7abdc2') in 0.005 seconds [static and dynamic dependencies]. Details - ImportResultOutputID=dc5dd87bfe88050cefcd55fa1062c3e2 DependenciesID=1fa319fcca07666ceb2814c1f3e9f36c StaticDependenciesID=c74f0df4d0f3a8897fa6ad1e35d05a54 
Number of updated asset objects reloaded before import = 0
Number of asset objects unloaded after import = 1
========================================================================
Received Import Request.
  Time of request: 2026-09-06T07:59:54.0285004Z
  Time since last request: 0.0004291 seconds.
  importAddress: GUID: 78403350ac663ed44a801175a4fe1b8e - Path: Packages/com.unity.splines/Editor/Core/SplineElement.cs - Importer: ScriptedImporter/UnityEditor.QuickSearchModule:UnityEditor.Search:ASIAI0B
Importing 'GUID: 78403350ac663ed44a801175a4fe1b8e - Path: Packages/com.unity.splines/Editor/Core/SplineElement.cs - Importer: ScriptedImporter/UnityEditor.QuickSearchModule:UnityEditor.Search:ASIAI0B' with importer (ScriptedImporter : UnityEditor.QuickSearchModule:UnityEditor.Search:ASIAI0B)
Imported 'GUID: 78403350ac663ed44a801175a4fe1b8e' -> (Import Result ID: '1b61c0e6d446f0c3b1cc425589a86dd4') in 0.004 seconds [static and dynamic dependencies]. Details - ImportResultOutputID=b3a6e66f687340df676b6f5605b6f0c2 DependenciesID=83bf2928d66025746f4075faa7ab67b0 StaticDependenciesID=f619ad0260848a11846bd4088914ed34 
Number of updated asset objects reloaded before import = 0
Number of asset objects unloaded after import = 0
========================================================================
Received Import Request.
  Time of request: 2026-09-06T07:59:54.0450882Z
  Time since last request: 0.0004391 seconds.
  importAddress: GUID: 65945d4401044bc095f3fe90d615eb81 - Path: Packages/com.unity.splines/Runtime/BezierCurve.cs - Importer: ScriptedImporter/UnityEditor.QuickSearchModule:UnityEditor.Search:ASIAI0B
Importing 'GUID: 65945d4401044bc095f3fe90d615eb81 - Path: Packages/com.unity.splines/Runtime/BezierCurve.cs - Importer: ScriptedImporter/UnityEditor.QuickSearchModule:UnityEditor.Search:ASIAI0B' with importer (ScriptedImporter : UnityEditor.QuickSearchModule:UnityEditor.Search:ASIAI0B)
Imported 'GUID: 65945d4401044bc095f3fe90d615eb81' -> (Import Result ID: '003da12fb909ea17865c67c655603312') in 0.004 seconds [static and dynamic dependencies]. Details - ImportResultOutputID=cf11f0e8241f9ec11e531f98d3e2d2fe DependenciesID=3d2fa4bc95a7396e822fc5454b0b99d9 StaticDependenciesID=6ee5187332bf17f9db3ec3b235d7d34e 
Number of updated asset objects reloaded before import = 0
Number of asset objects unloaded after import = 0
========================================================================
Received Import Request.
  Time of request: 2026-09-06T07:59:54.061121Z
  Time since last request: 0.0007046 seconds.
  importAddress: GUID: dd1af302b8902684d9381de1f2d3a5af - Path: Assets/Starter Assets/Runtime/ThirdPersonController/Character/Sfx/Player_Footstep_07.wav - Importer: ScriptedImporter/UnityEditor.QuickSearchModule:UnityEditor.Search:ASIAI0B
Importing 'GUID: dd1af302b8902684d9381de1f2d3a5af - Path: Assets/Starter Assets/Runtime/ThirdPersonController/Character/Sfx/Player_Footstep_07.wav - Importer: ScriptedImporter/UnityEditor.QuickSearchModule:UnityEditor.Search:ASIAI0B' with importer (ScriptedImporter : UnityEditor.QuickSearchModule:UnityEditor.Search:ASIAI0B)
Imported 'GUID: dd1af302b8902684d9381de1f2d3a5af' -> (Import Result ID: '6e61ff3c48be9be912f932fd79e03f44') in 0.010 seconds [static and dynamic dependencies]. Details - ImportResultOutputID=72e0a051a0c7b1f895c171545b16f43a DependenciesID=3a92336d503724628a1f8e9a437a665d StaticDependenciesID=00b53e5217dfe7a31725848b76b66d83 
Number of updated asset objects reloaded before import = 0
Number of asset objects unloaded after import = 1
========================================================================
Received Import Request.
  Time of request: 2026-09-06T07:59:54.0822679Z
  Time since last request: 0.0003864 seconds.
  importAddress: GUID: 54b24e51e2a9fa242b38d80ee11f3b2d - Path: Packages/com.unity.cinemachine/Editor/Menus/CinemachineMenu.cs - Importer: ScriptedImporter/UnityEditor.QuickSearchModule:UnityEditor.Search:ASIAI0B
Importing 'GUID: 54b24e51e2a9fa242b38d80ee11f3b2d - Path: Packages/com.unity.cinemachine/Editor/Menus/CinemachineMenu.cs - Importer: ScriptedImporter/UnityEditor.QuickSearchModule:UnityEditor.Search:ASIAI0B' with importer (ScriptedImporter : UnityEditor.QuickSearchModule:UnityEditor.Search:ASIAI0B)
Imported 'GUID: 54b24e51e2a9fa242b38d80ee11f3b2d' -> (Import Result ID: '93b262a4c7ea6e4d7a2dd28fed3ab7f3') in 0.004 seconds [static and dynamic dependencies]. Details - ImportResultOutputID=3deed0bcc6418323626a01bb234f777b DependenciesID=5adde3b155ad8fe94dd111daa74bb58e StaticDependenciesID=d16c9fe0c0fa7cbb01e58068dcde2c66 
Number of updated asset objects reloaded before import = 0
Number of asset objects unloaded after import = 0
========================================================================
Received Import Request.
  Time of request: 2026-09-06T07:59:54.0974771Z
  Time since last request: 0.0003392 seconds.
  importAddress: GUID: 72ece51f2901e7445ab60da3685d6b5f - Path: Packages/com.unity.cinemachine/Runtime/Behaviours/CinemachineBrain.cs - Importer: ScriptedImporter/UnityEditor.QuickSearchModule:UnityEditor.Search:ASIAI0B
Importing 'GUID: 72ece51f2901e7445ab60da3685d6b5f - Path: Packages/com.unity.cinemachine/Runtime/Behaviours/CinemachineBrain.cs - Importer: ScriptedImporter/UnityEditor.QuickSearchModule:UnityEditor.Search:ASIAI0B' with importer (ScriptedImporter : UnityEditor.QuickSearchModule:UnityEditor.Search:ASIAI0B)
Imported 'GUID: 72ece51f2901e7445ab60da3685d6b5f' -> (Import Result ID: '0dbe0f3aa3dee2d86ad6233c11223e2c') in 0.006 seconds [static and dynamic dependencies]. Details - ImportResultOutputID=db973df481a81e57aadcee2747f6dba0 DependenciesID=92704c446d9591c7b9e96612b7514ee6 StaticDependenciesID=2686792998e84f28f55b1bbc955f9d1e 
Number of updated asset objects reloaded before import = 0
Number of asset objects unloaded after import = 1
========================================================================
Received Import Request.
  Time of request: 2026-09-06T07:59:54.114675Z
  Time since last request: 0.000436 seconds.
  importAddress: GUID: 118eaaeabde5fb9419b05ba3dd5e7078 - Path: Packages/com.unity.splines/Runtime/ArrayUtility.cs - Importer: ScriptedImporter/UnityEditor.QuickSearchModule:UnityEditor.Search:ASIAI0B
Importing 'GUID: 118eaaeabde5fb9419b05ba3dd5e7078 - Path: Packages/com.unity.splines/Runtime/ArrayUtility.cs - Importer: ScriptedImporter/UnityEditor.QuickSearchModule:UnityEditor.Search:ASIAI0B' with importer (ScriptedImporter : UnityEditor.QuickSearchModule:UnityEditor.Search:ASIAI0B)
Imported 'GUID: 118eaaeabde5fb9419b05ba3dd5e7078' -> (Import Result ID: 'e91d3ac9e307f31f0c8d63640d3e752f') in 0.005 seconds [static and dynamic dependencies]. Details - ImportResultOutputID=79d3e3a687f5d70e96292d1379b099fd DependenciesID=407523d49e601c8018e730700617916a StaticDependenciesID=5a1aecb6e282f45608d1ad6d6d9fac4e 
Number of updated asset objects reloaded before import = 0
Number of asset objects unloaded after import = 0
========================================================================
Received Import Request.
  Time of request: 2026-09-06T07:59:54.1309295Z
  Time since last request: 0.0003447 seconds.
  importAddress: GUID: 3d53800f587b60a4191877d7713cd17c - Path: Packages/com.unity.cinemachine/Runtime/Core - Importer: ScriptedImporter/UnityEditor.QuickSearchModule:UnityEditor.Search:ASIAI0B
Importing 'GUID: 3d53800f587b60a4191877d7713cd17c - Path: Packages/com.unity.cinemachine/Runtime/Core - Importer: ScriptedImporter/UnityEditor.QuickSearchModule:UnityEditor.Search:ASIAI0B' with importer (ScriptedImporter : UnityEditor.QuickSearchModule:UnityEditor.Search:ASIAI0B)
Imported 'GUID: 3d53800f587b60a4191877d7713cd17c' -> (Import Result ID: 'e66dfb71bb1b922ba9760574fc89f72b') in 0.004 seconds [static and dynamic dependencies]. Details - ImportResultOutputID=9a2b396ae9b7908cf1eec2310fa55a75 DependenciesID=a207ab9ac7f64adc7060f303e4a39b07 StaticDependenciesID=e757ac459f03d43d00ae2e5957870786 
Number of updated asset objects reloaded before import = 0
Number of asset objects unloaded after import = 1
========================================================================
Received Import Request.
  Time of request: 2026-09-06T07:59:54.1460356Z
  Time since last request: 0.0004261 seconds.
  importAddress: GUID: ff02a0a00ab750f48b09459b1cafd1b8 - Path: Assets/Starter Assets/Sample/Environment/Art/Models/Wall_Mesh.fbx - Importer: ScriptedImporter/UnityEditor.QuickSearchModule:UnityEditor.Search:ASIAI0B
Importing 'GUID: ff02a0a00ab750f48b09459b1cafd1b8 - Path: Assets/Starter Assets/Sample/Environment/Art/Models/Wall_Mesh.fbx - Importer: ScriptedImporter/UnityEditor.QuickSearchModule:UnityEditor.Search:ASIAI0B' with importer (ScriptedImporter : UnityEditor.QuickSearchModule:UnityEditor.Search:ASIAI0B)
Imported 'GUID: ff02a0a00ab750f48b09459b1cafd1b8' -> (Import Result ID: 'afe81b685862b3092d6cab8e52518522') in 0.010 seconds [static and dynamic dependencies]. Details - ImportResultOutputID=ae10b2a3a80fd8952607e09154017f3d DependenciesID=a026de282ad1a36a990383255a4a550b StaticDependenciesID=1e8b19045642a75a22512916b33599ae 
Number of updated asset objects reloaded before import = 0
Number of asset objects unloaded after import = 9
========================================================================
Received Import Request.
  Time of request: 2026-09-06T07:59:54.1688034Z
  Time since last request: 0.0009727 seconds.
  importAddress: GUID: fa78221ae4df49ddfb00a8ca3d980e19 - Path: Packages/com.unity.splines/Editor/Editor Resources/Icons/d_SplineContext@2x.png - Importer: ScriptedImporter/UnityEditor.QuickSearchModule:UnityEditor.Search:ASIAI0B
Importing 'GUID: fa78221ae4df49ddfb00a8ca3d980e19 - Path: Packages/com.unity.splines/Editor/Editor Resources/Icons/d_SplineContext@2x.png - Importer: ScriptedImporter/UnityEditor.QuickSearchModule:UnityEditor.Search:ASIAI0B' with importer (ScriptedImporter : UnityEditor.QuickSearchModule:UnityEditor.Search:ASIAI0B)
Imported 'GUID: fa78221ae4df49ddfb00a8ca3d980e19' -> (Import Result ID: '928e948430a2f0daa87912808b6f8237') in 0.008 seconds [static and dynamic dependencies]. Details - ImportResultOutputID=e15e422321038a1b3f3cfde5091597bb DependenciesID=5c6115bc7eb40700722d9a1dc420efe7 StaticDependenciesID=c9922ff14e1603171c646ab7476ecdf2 
Number of updated asset objects reloaded before import = 0
Number of asset objects unloaded after import = 1
========================================================================
Received Import Request.
  Time of request: 2026-09-06T07:59:54.1887661Z
  Time since last request: 0.0010712 seconds.
  importAddress: GUID: 3d68b08563e248f4a02b78fb710d36bf - Path: Packages/com.unity.splines/Editor/Controls/SplineElementRectSelector.cs - Importer: ScriptedImporter/UnityEditor.QuickSearchModule:UnityEditor.Search:ASIAI0B
Importing 'GUID: 3d68b08563e248f4a02b78fb710d36bf - Path: Packages/com.unity.splines/Editor/Controls/SplineElementRectSelector.cs - Importer: ScriptedImporter/UnityEditor.QuickSearchModule:UnityEditor.Search:ASIAI0B' with importer (ScriptedImporter : UnityEditor.QuickSearchModule:UnityEditor.Search:ASIAI0B)
Imported 'GUID: 3d68b08563e248f4a02b78fb710d36bf' -> (Import Result ID: '705abc5c1c2933a253c72e69889cf0e6') in 0.004 seconds [static and dynamic dependencies]. Details - ImportResultOutputID=7ef8750398a8f295a0adfe475f5feaa1 DependenciesID=89780dd32fde23df740c39e4e6d83179 StaticDependenciesID=117a677c959ee0af1f017cea942c0889 
Number of updated asset objects reloaded before import = 0
Number of asset objects unloaded after import = 0
========================================================================
Received Import Request.
  Time of request: 2026-09-06T07:59:54.2038712Z
  Time since last request: 0.0004103 seconds.
  importAddress: GUID: 8bff491709f26ca4d924ad2c5f505fb0 - Path: Packages/com.unity.splines/Editor/Controls/SplineHandleSettings.cs - Importer: ScriptedImporter/UnityEditor.QuickSearchModule:UnityEditor.Search:ASIAI0B
Importing 'GUID: 8bff491709f26ca4d924ad2c5f505fb0 - Path: Packages/com.unity.splines/Editor/Controls/SplineHandleSettings.cs - Importer: ScriptedImporter/UnityEditor.QuickSearchModule:UnityEditor.Search:ASIAI0B' with importer (ScriptedImporter : UnityEditor.QuickSearchModule:UnityEditor.Search:ASIAI0B)
Imported 'GUID: 8bff491709f26ca4d924ad2c5f505fb0' -> (Import Result ID: '6cfc30fad6abd550fec6415ec6679f2d') in 0.004 seconds [static and dynamic dependencies]. Details - ImportResultOutputID=6ca23bc9ae3cf741bd96ac915d539d2b DependenciesID=702e1b512981639cc2407074e8e75153 StaticDependenciesID=0ddbb13ea3c7624fe0a55a2181e36cd0 
Number of updated asset objects reloaded before import = 0
Number of asset objects unloaded after import = 0
========================================================================
Received Import Request.
  Time of request: 2026-09-06T07:59:54.2192379Z
  Time since last request: 0.0006336 seconds.
  importAddress: GUID: 3735bf6bd1171ad43896aaea4a3b417f - Path: Packages/com.unity.splines/Editor/Editor Resources/Icons/SplineComponent.png - Importer: ScriptedImporter/UnityEditor.QuickSearchModule:UnityEditor.Search:ASIAI0B
Importing 'GUID: 3735bf6bd1171ad43896aaea4a3b417f - Path: Packages/com.unity.splines/Editor/Editor Resources/Icons/SplineComponent.png - Importer: ScriptedImporter/UnityEditor.QuickSearchModule:UnityEditor.Search:ASIAI0B' with importer (ScriptedImporter : UnityEditor.QuickSearchModule:UnityEditor.Search:ASIAI0B)
Imported 'GUID: 3735bf6bd1171ad43896aaea4a3b417f' -> (Import Result ID: 'ce8a65e796255cd1c7a441dd65e8d428') in 0.008 seconds [static and dynamic dependencies]. Details - ImportResultOutputID=a2178e632a3a05a51ab527463d837456 DependenciesID=c9db615cffebf426750e2a5e3772410f StaticDependenciesID=528cfa4bb4880285928227c7fa9c2209 
Number of updated asset objects reloaded before import = 0
Number of asset objects unloaded after import = 1
========================================================================
Received Import Request.
  Time of request: 2026-09-06T07:59:54.2395376Z
  Time since last request: 0.0007898 seconds.
  importAddress: GUID: 7fbddc3d391b09748856824634187946 - Path: Packages/com.unity.splines/package.json - Importer: ScriptedImporter/UnityEditor.QuickSearchModule:UnityEditor.Search:ASIAI0B
Importing 'GUID: 7fbddc3d391b09748856824634187946 - Path: Packages/com.unity.splines/package.json - Importer: ScriptedImporter/UnityEditor.QuickSearchModule:UnityEditor.Search:ASIAI0B' with importer (ScriptedImporter : UnityEditor.QuickSearchModule:UnityEditor.Search:ASIAI0B)
Imported 'GUID: 7fbddc3d391b09748856824634187946' -> (Import Result ID: '51c5bcb43d19ec1722a77c82b62e32bd') in 0.004 seconds [static and dynamic dependencies]. Details - ImportResultOutputID=f4911ae1248997002df61dd77840ab79 DependenciesID=fe3f2f45530713b518007a2893541376 StaticDependenciesID=4c42d4ffa3d87b1cde3ba05f789a3e82 
Number of updated asset objects reloaded before import = 0
Number of asset objects unloaded after import = 1
========================================================================
Received Import Request.
  Time of request: 2026-09-06T07:59:54.2552582Z
  Time since last request: 0.0006506 seconds.
  importAddress: GUID: 67c8b33e424ccdc4486edf538ab91c5a - Path: Assets/Starter Assets/Runtime/ThirdPersonController/Character/Sfx/Player_Footstep_08.wav - Importer: ScriptedImporter/UnityEditor.QuickSearchModule:UnityEditor.Search:ASIAI0B
Importing 'GUID: 67c8b33e424ccdc4486edf538ab91c5a - Path: Assets/Starter Assets/Runtime/ThirdPersonController/Character/Sfx/Player_Footstep_08.wav - Importer: ScriptedImporter/UnityEditor.QuickSearchModule:UnityEditor.Search:ASIAI0B' with importer (ScriptedImporter : UnityEditor.QuickSearchModule:UnityEditor.Search:ASIAI0B)
Imported 'GUID: 67c8b33e424ccdc4486edf538ab91c5a' -> (Import Result ID: 'a4d4fd9e7b8ff7600c14d37fd011cf67') in 0.008 seconds [static and dynamic dependencies]. Details - ImportResultOutputID=de3ba514137a46d35a00f991e042e107 DependenciesID=23db3678d21de8e2bc9750edd9cfb3f3 StaticDependenciesID=730fce52bde84c8ed86c491fa37a9e62 
Number of updated asset objects reloaded before import = 0
Number of asset objects unloaded after import = 1
========================================================================
Received Import Request.
  Time of request: 2026-09-06T07:59:54.2778695Z
  Time since last request: 0.001175 seconds.
  importAddress: GUID: e00893132ee3140498fd2709faa1a711 - Path: Assets/Starter Assets/Runtime/Settings/Medium_PipelineAsset.asset - Importer: ScriptedImporter/UnityEditor.QuickSearchModule:UnityEditor.Search:ASIAI0B
Importing 'GUID: e00893132ee3140498fd2709faa1a711 - Path: Assets/Starter Assets/Runtime/Settings/Medium_PipelineAsset.asset - Importer: ScriptedImporter/UnityEditor.QuickSearchModule:UnityEditor.Search:ASIAI0B' with importer (ScriptedImporter : UnityEditor.QuickSearchModule:UnityEditor.Search:ASIAI0B)
Imported 'GUID: e00893132ee3140498fd2709faa1a711' -> (Import Result ID: 'a15fe70a00fa9771145aa57d62b73080') in 0.009 seconds [static and dynamic dependencies]. Details - ImportResultOutputID=aa9075899d5b81e839ba6bf984cfa6e1 DependenciesID=36693f600d4975c1613c8c6e8f0fdaa8 StaticDependenciesID=8c1f8296367c75f7c9ad4225739b557a 
Number of updated asset objects reloaded before import = 0
Number of asset objects unloaded after import = 2
========================================================================
Received Import Request.
  Time of request: 2026-09-06T07:59:54.2995111Z
  Time since last request: 0.0006854 seconds.
  importAddress: GUID: f0271df749728104eac22c3d897fd8ce - Path: Assets/Starter Assets/Runtime/Mobile/Prefabs/EventSystem/UI_EventSystem.prefab - Importer: ScriptedImporter/UnityEditor.QuickSearchModule:UnityEditor.Search:ASIAI0B
Importing 'GUID: f0271df749728104eac22c3d897fd8ce - Path: Assets/Starter Assets/Runtime/Mobile/Prefabs/EventSystem/UI_EventSystem.prefab - Importer: ScriptedImporter/UnityEditor.QuickSearchModule:UnityEditor.Search:ASIAI0B' with importer (ScriptedImporter : UnityEditor.QuickSearchModule:UnityEditor.Search:ASIAI0B)
Imported 'GUID: f0271df749728104eac22c3d897fd8ce' -> (Import Result ID: '009c280ab4338ec0569e1b040999b533') in 0.022 seconds [static and dynamic dependencies]. Details - ImportResultOutputID=021f27f93275ea9e114bd592c67821e8 DependenciesID=177bab8f0883427a12ed3cad1e0a5f16 StaticDependenciesID=a16514d35bb89df7513d8437c3773047 
Number of updated asset objects reloaded before import = 0
Number of asset objects unloaded after import = 19
========================================================================
Received Import Request.
  Time of request: 2026-09-06T07:59:54.3332983Z
  Time since last request: 0.00044 seconds.
  importAddress: GUID: 7cd5c5438d470aa429f0e8c58581471c - Path: Packages/com.unity.cinemachine/Runtime/Deprecated/CinemachineLegacyCameraEvents.cs - Importer: ScriptedImporter/UnityEditor.QuickSearchModule:UnityEditor.Search:ASIAI0B
Importing 'GUID: 7cd5c5438d470aa429f0e8c58581471c - Path: Packages/com.unity.cinemachine/Runtime/Deprecated/CinemachineLegacyCameraEvents.cs - Importer: ScriptedImporter/UnityEditor.QuickSearchModule:UnityEditor.Search:ASIAI0B' with importer (ScriptedImporter : UnityEditor.QuickSearchModule:UnityEditor.Search:ASIAI0B)
Imported 'GUID: 7cd5c5438d470aa429f0e8c58581471c' -> (Import Result ID: '17caba12e515788eea69fbda48098cb0') in 0.005 seconds [static and dynamic dependencies]. Details - ImportResultOutputID=fcca744d9d32b41bc877fa87af0e689a DependenciesID=3c61cc5959f63eba2d7752f6e5fd4eb4 StaticDependenciesID=8992112c664bf1c31becec97a21532f9 
Number of updated asset objects reloaded before import = 0
Number of asset objects unloaded after import = 0
========================================================================
Received Import Request.
  Time of request: 2026-09-06T07:59:54.3499151Z
  Time since last request: 0.0004301 seconds.
  importAddress: GUID: 989cd1dabf2a892459e96139bfdd4a4a - Path: Assets/Starter Assets/Runtime/FirstPersonController - Importer: ScriptedImporter/UnityEditor.QuickSearchModule:UnityEditor.Search:ASIAI0B
Importing 'GUID: 989cd1dabf2a892459e96139bfdd4a4a - Path: Assets/Starter Assets/Runtime/FirstPersonController - Importer: ScriptedImporter/UnityEditor.QuickSearchModule:UnityEditor.Search:ASIAI0B' with importer (ScriptedImporter : UnityEditor.QuickSearchModule:UnityEditor.Search:ASIAI0B)
Imported 'GUID: 989cd1dabf2a892459e96139bfdd4a4a' -> (Import Result ID: 'd7caec7b91437e1c0d4c7d756a3f1720') in 0.004 seconds [static and dynamic dependencies]. Details - ImportResultOutputID=423e6429496de87d80c1908db402ad89 DependenciesID=1671a9e4eb32872b088e7384c27eb673 StaticDependenciesID=d863856b7582397cda3bccf90701df39 
Number of updated asset objects reloaded before import = 0
Number of asset objects unloaded after import = 1
========================================================================
Received Import Request.
  Time of request: 2026-09-06T07:59:54.3655531Z
  Time since last request: 0.0006477 seconds.
  importAddress: GUID: 3845c0ed313b24e138f25ec5f2faacf0 - Path: Assets/Starter Assets/Runtime/Settings/High_PipelineAsset_ForwardRenderer.asset - Importer: ScriptedImporter/UnityEditor.QuickSearchModule:UnityEditor.Search:ASIAI0B
Importing 'GUID: 3845c0ed313b24e138f25ec5f2faacf0 - Path: Assets/Starter Assets/Runtime/Settings/High_PipelineAsset_ForwardRenderer.asset - Importer: ScriptedImporter/UnityEditor.QuickSearchModule:UnityEditor.Search:ASIAI0B' with importer (ScriptedImporter : UnityEditor.QuickSearchModule:UnityEditor.Search:ASIAI0B)
Imported 'GUID: 3845c0ed313b24e138f25ec5f2faacf0' -> (Import Result ID: '8be7b369c8855fa2e3b6867ee7dabeda') in 0.006 seconds [static and dynamic dependencies]. Details - ImportResultOutputID=c1f991681103327b7b17e055a15d7b34 DependenciesID=d3d90630e08e1351d7a0f54463f81d74 StaticDependenciesID=9c9d75ac41418c35f7972a50424f2932 
Number of updated asset objects reloaded before import = 0
Number of asset objects unloaded after import = 1
========================================================================
Received Import Request.
  Time of request: 2026-09-06T07:59:54.3813762Z
  Time since last request: 0.0003864 seconds.
  importAddress: GUID: 8000e8170b5e1374c9503b5255ccc7e8 - Path: Packages/com.unity.cinemachine/Editor/Editors/CinemachineNoiseSettingsEditor.cs - Importer: ScriptedImporter/UnityEditor.QuickSearchModule:UnityEditor.Search:ASIAI0B
Importing 'GUID: 8000e8170b5e1374c9503b5255ccc7e8 - Path: Packages/com.unity.cinemachine/Editor/Editors/CinemachineNoiseSettingsEditor.cs - Importer: ScriptedImporter/UnityEditor.QuickSearchModule:UnityEditor.Search:ASIAI0B' with importer (ScriptedImporter : UnityEditor.QuickSearchModule:UnityEditor.Search:ASIAI0B)
Imported 'GUID: 8000e8170b5e1374c9503b5255ccc7e8' -> (Import Result ID: 'e478459b21b68e653d96c429a5073e88') in 0.005 seconds [static and dynamic dependencies]. Details - ImportResultOutputID=8f2c4e7e6c1d613861886a8c036be384 DependenciesID=3bf3c2db4c02dc5ecd4450e73452d58a StaticDependenciesID=79adaecb82cbf08756699173ef246e29 
Number of updated asset objects reloaded before import = 0
Number of asset objects unloaded after import = 0
========================================================================
Received Import Request.
  Time of request: 2026-09-06T07:59:54.397946Z
  Time since last request: 0.0005907 seconds.
  importAddress: GUID: 485daebcb9b4a264ba4f878081549056 - Path: Packages/com.unity.splines/Editor/Controls/DirectManipulation.cs - Importer: ScriptedImporter/UnityEditor.QuickSearchModule:UnityEditor.Search:ASIAI0B
Importing 'GUID: 485daebcb9b4a264ba4f878081549056 - Path: Packages/com.unity.splines/Editor/Controls/DirectManipulation.cs - Importer: ScriptedImporter/UnityEditor.QuickSearchModule:UnityEditor.Search:ASIAI0B' with importer (ScriptedImporter : UnityEditor.QuickSearchModule:UnityEditor.Search:ASIAI0B)
Imported 'GUID: 485daebcb9b4a264ba4f878081549056' -> (Import Result ID: '8b1c7a843f7a9a575f86973ddab33e75') in 0.004 seconds [static and dynamic dependencies]. Details - ImportResultOutputID=bfab0a91d20c4734fc6514953c895ff9 DependenciesID=b13f028a36fbd9e4a82bad1e2ea17d2d StaticDependenciesID=456532f88c78e342698a85ab56949e82 
Number of updated asset objects reloaded before import = 0
Number of asset objects unloaded after import = 0
========================================================================
Received Import Request.
  Time of request: 2026-09-06T07:59:54.4127869Z
  Time since last request: 0.0004536 seconds.
  importAddress: GUID: 46965f9cbaf525742a6da4c2172a99cd - Path: Packages/com.unity.cinemachine/Presets/Noise/Handheld_normal_mild.asset - Importer: ScriptedImporter/UnityEditor.QuickSearchModule:UnityEditor.Search:ASIAI0B
Importing 'GUID: 46965f9cbaf525742a6da4c2172a99cd - Path: Packages/com.unity.cinemachine/Presets/Noise/Handheld_normal_mild.asset - Importer: ScriptedImporter/UnityEditor.QuickSearchModule:UnityEditor.Search:ASIAI0B' with importer (ScriptedImporter : UnityEditor.QuickSearchModule:UnityEditor.Search:ASIAI0B)
Imported 'GUID: 46965f9cbaf525742a6da4c2172a99cd' -> (Import Result ID: 'e4887da4e48facfb4db9a5cd4df646f3') in 0.005 seconds [static and dynamic dependencies]. Details - ImportResultOutputID=b7aa319bf2fede904e288e1100cd8cc0 DependenciesID=168bbea3aca4c7d35591ada01ef93c90 StaticDependenciesID=21c00b766aed363c563d7c1a11653396 
Number of updated asset objects reloaded before import = 0
Number of asset objects unloaded after import = 1
========================================================================
Received Import Request.
  Time of request: 2026-09-06T07:59:54.4294941Z
  Time since last request: 0.0005614 seconds.
  importAddress: GUID: 08c2d4950e5f2014dbf7d474c5987f47 - Path: Packages/com.unity.cinemachine/Editor/Editors/CinemachineFreeLookModifierEditor.cs - Importer: ScriptedImporter/UnityEditor.QuickSearchModule:UnityEditor.Search:ASIAI0B
Importing 'GUID: 08c2d4950e5f2014dbf7d474c5987f47 - Path: Packages/com.unity.cinemachine/Editor/Editors/CinemachineFreeLookModifierEditor.cs - Importer: ScriptedImporter/UnityEditor.QuickSearchModule:UnityEditor.Search:ASIAI0B' with importer (ScriptedImporter : UnityEditor.QuickSearchModule:UnityEditor.Search:ASIAI0B)
Imported 'GUID: 08c2d4950e5f2014dbf7d474c5987f47' -> (Import Result ID: 'c5d5eb979d128e6d087f61be4577b905') in 0.004 seconds [static and dynamic dependencies]. Details - ImportResultOutputID=5a091a37384325d41b134a3f559ec114 DependenciesID=8cd0dbf5e86772ba8bdb8abacbd18a80 StaticDependenciesID=ee3636190710c139f5f98b5c2c392c7c 
Number of updated asset objects reloaded before import = 0
Number of asset objects unloaded after import = 0
========================================================================
Received Import Request.
  Time of request: 2026-09-06T07:59:54.4445358Z
  Time since last request: 0.0003656 seconds.
  importAddress: GUID: 65f131e357a5ced4b9f5d34f036bd440 - Path: Assets/Starter Assets/Runtime/Mobile/UI/ToucScreenInputStyle.uss - Importer: ScriptedImporter/UnityEditor.QuickSearchModule:UnityEditor.Search:ASIAI0B
Importing 'GUID: 65f131e357a5ced4b9f5d34f036bd440 - Path: Assets/Starter Assets/Runtime/Mobile/UI/ToucScreenInputStyle.uss - Importer: ScriptedImporter/UnityEditor.QuickSearchModule:UnityEditor.Search:ASIAI0B' with importer (ScriptedImporter : UnityEditor.QuickSearchModule:UnityEditor.Search:ASIAI0B)
Imported 'GUID: 65f131e357a5ced4b9f5d34f036bd440' -> (Import Result ID: 'b19dc636ffca64ab4f224b0889602ab1') in 0.007 seconds [static and dynamic dependencies]. Details - ImportResultOutputID=7147dab2c387ab7c3df78bc484eee5bc DependenciesID=66ccc58733b1b0c6aef160d9a9b2b6b3 StaticDependenciesID=32eaaf25ed7f10b9746f7d0300ee5ea7 
Number of updated asset objects reloaded before import = 0
Number of asset objects unloaded after import = 7
========================================================================
Received Import Request.
  Time of request: 2026-09-06T07:59:54.462515Z
  Time since last request: 0.0008114 seconds.
  importAddress: GUID: 90eebaab98e4b44b0ba8c79821e554e1 - Path: Packages/com.unity.cinemachine/Runtime/Components/CinemachineSplineDolly.cs - Importer: ScriptedImporter/UnityEditor.QuickSearchModule:UnityEditor.Search:ASIAI0B
Importing 'GUID: 90eebaab98e4b44b0ba8c79821e554e1 - Path: Packages/com.unity.cinemachine/Runtime/Components/CinemachineSplineDolly.cs - Importer: ScriptedImporter/UnityEditor.QuickSearchModule:UnityEditor.Search:ASIAI0B' with importer (ScriptedImporter : UnityEditor.QuickSearchModule:UnityEditor.Search:ASIAI0B)
Imported 'GUID: 90eebaab98e4b44b0ba8c79821e554e1' -> (Import Result ID: 'f0b65e5241b9d65f6ff2cb826132b7a4') in 0.007 seconds [static and dynamic dependencies]. Details - ImportResultOutputID=51ba9bf0ed74352bdc2cfc86e731a1d1 DependenciesID=ccb80c167d80a713b4ee9dbc70432c37 StaticDependenciesID=9987fe415c858e179820ae77d306f1f7 
Number of updated asset objects reloaded before import = 0
Number of asset objects unloaded after import = 1
========================================================================
Received Import Request.
  Time of request: 2026-09-06T07:59:54.4802254Z
  Time since last request: 0.00033 seconds.
  importAddress: GUID: 00a29581dcde43288acba10562a4dc63 - Path: Packages/com.unity.splines/Runtime/SplineModificationData.cs - Importer: ScriptedImporter/UnityEditor.QuickSearchModule:UnityEditor.Search:ASIAI0B
Importing 'GUID: 00a29581dcde43288acba10562a4dc63 - Path: Packages/com.unity.splines/Runtime/SplineModificationData.cs - Importer: ScriptedImporter/UnityEditor.QuickSearchModule:UnityEditor.Search:ASIAI0B' with importer (ScriptedImporter : UnityEditor.QuickSearchModule:UnityEditor.Search:ASIAI0B)
Imported 'GUID: 00a29581dcde43288acba10562a4dc63' -> (Import Result ID: 'dd90b35b0634b2a7fd56f09d5feb6f15') in 0.005 seconds [static and dynamic dependencies]. Details - ImportResultOutputID=da2912691f6586d19cca5acd770e18aa DependenciesID=2093d10bbfe73586fac9d7d1e635cc96 StaticDependenciesID=68eace66b4bd7d034e290d15872a3e78 
Number of updated asset objects reloaded before import = 0
Number of asset objects unloaded after import = 0
========================================================================
Received Import Request.
  Time of request: 2026-09-06T07:59:54.514021Z
  Time since last request: 0.0168372 seconds.
  importAddress: GUID: e75357183ea302c4d998136de2cc9669 - Path: Assets/Starter Assets/Editor/StarterAssetsDeployMenu.cs - Importer: ScriptedImporter/UnityEditor.QuickSearchModule:UnityEditor.Search:ASIAI0B
Importing 'GUID: e75357183ea302c4d998136de2cc9669 - Path: Assets/Starter Assets/Editor/StarterAssetsDeployMenu.cs - Importer: ScriptedImporter/UnityEditor.QuickSearchModule:UnityEditor.Search:ASIAI0B' with importer (ScriptedImporter : UnityEditor.QuickSearchModule:UnityEditor.Search:ASIAI0B)
Imported 'GUID: e75357183ea302c4d998136de2cc9669' -> (Import Result ID: '8f7ac986900c72ab66037f69f38e34ad') in 0.003 seconds [static and dynamic dependencies]. Details - ImportResultOutputID=dfd5e1d3b8795343c2834902e7782e03 DependenciesID=cd14541274bf152afa86071da89f6dc4 StaticDependenciesID=adb5613c5be286db89fd7c8c00f1f442 
Number of updated asset objects reloaded before import = 0
Number of asset objects unloaded after import = 0
========================================================================
Received Import Request.
  Time of request: 2026-09-06T07:59:54.5278793Z
  Time since last request: 0.0005171 seconds.
  importAddress: GUID: a7362d5a2f8ea3347bfcc808a1e9290e - Path: Packages/com.unity.cinemachine/Runtime/PostProcessing/CinemachineAutoFocus.cs - Importer: ScriptedImporter/UnityEditor.QuickSearchModule:UnityEditor.Search:ASIAI0B
Importing 'GUID: a7362d5a2f8ea3347bfcc808a1e9290e - Path: Packages/com.unity.cinemachine/Runtime/PostProcessing/CinemachineAutoFocus.cs - Importer: ScriptedImporter/UnityEditor.QuickSearchModule:UnityEditor.Search:ASIAI0B' with importer (ScriptedImporter : UnityEditor.QuickSearchModule:UnityEditor.Search:ASIAI0B)
Imported 'GUID: a7362d5a2f8ea3347bfcc808a1e9290e' -> (Import Result ID: 'e9124bd841069311ec9b99941839acd3') in 0.007 seconds [static and dynamic dependencies]. Details - ImportResultOutputID=e63c940849dbe907734b9c8232719921 DependenciesID=714a3e2418dfc3bd6aa4043dcbc13b6f StaticDependenciesID=649f250295c547260dc590bf19040167 
Number of updated asset objects reloaded before import = 0
Number of asset objects unloaded after import = 1
========================================================================
Received Import Request.
  Time of request: 2026-09-06T07:59:54.5462269Z
  Time since last request: 0.0004532 seconds.
  importAddress: GUID: e1dec5e4d3c4dd84aab4dfbb3c8e6b48 - Path: Packages/com.unity.splines/Editor/GUI/ToolbarsOverlays/BezierKnotDrawer.cs - Importer: ScriptedImporter/UnityEditor.QuickSearchModule:UnityEditor.Search:ASIAI0B
Importing 'GUID: e1dec5e4d3c4dd84aab4dfbb3c8e6b48 - Path: Packages/com.unity.splines/Editor/GUI/ToolbarsOverlays/BezierKnotDrawer.cs - Importer: ScriptedImporter/UnityEditor.QuickSearchModule:UnityEditor.Search:ASIAI0B' with importer (ScriptedImporter : UnityEditor.QuickSearchModule:UnityEditor.Search:ASIAI0B)
Imported 'GUID: e1dec5e4d3c4dd84aab4dfbb3c8e6b48' -> (Import Result ID: '8fea3434e705d5352a69d65b6103c258') in 0.004 seconds [static and dynamic dependencies]. Details - ImportResultOutputID=5b2e8c2b37441b476f37ea3d37327275 DependenciesID=312736eac987d8db6433a16ad34fbed9 StaticDependenciesID=97dc4e6f2e4a24d5ea8d4b40d498269f 
Number of updated asset objects reloaded before import = 0
Number of asset objects unloaded after import = 0
========================================================================
Received Import Request.
  Time of request: 2026-09-06T07:59:54.562963Z
  Time since last request: 0.0007279 seconds.
  importAddress: GUID: 1b2b4365da9f1fe4ea910a6cc7b91b18 - Path: Packages/com.unity.cinemachine/Editor/EditorResources/Icons/Dark/CmSplineRollTool@256.png - Importer: ScriptedImporter/UnityEditor.QuickSearchModule:UnityEditor.Search:ASIAI0B
Importing 'GUID: 1b2b4365da9f1fe4ea910a6cc7b91b18 - Path: Packages/com.unity.cinemachine/Editor/EditorResources/Icons/Dark/CmSplineRollTool@256.png - Importer: ScriptedImporter/UnityEditor.QuickSearchModule:UnityEditor.Search:ASIAI0B' with importer (ScriptedImporter : UnityEditor.QuickSearchModule:UnityEditor.Search:ASIAI0B)
Imported 'GUID: 1b2b4365da9f1fe4ea910a6cc7b91b18' -> (Import Result ID: '986cd288d9f61a40c8135c3b94251f11') in 0.010 seconds [static and dynamic dependencies]. Details - ImportResultOutputID=abd3adf778d6c57875632a1c07de8461 DependenciesID=a56360cf8ebc288aeaa9bbc91ec24b4e StaticDependenciesID=c098297e5e8b92cf09519d73bcfe55d0 
Number of updated asset objects reloaded before import = 0
Number of asset objects unloaded after import = 1
========================================================================
Received Import Request.
  Time of request: 2026-09-06T07:59:54.5846124Z
  Time since last request: 0.0006045 seconds.
  importAddress: GUID: eec53699ff1322b4ea3ede142e1cdd9f - Path: Packages/com.unity.cinemachine/Editor/PropertyDrawers/DelayedVectorPropertyDrawer.cs - Importer: ScriptedImporter/UnityEditor.QuickSearchModule:UnityEditor.Search:ASIAI0B
Importing 'GUID: eec53699ff1322b4ea3ede142e1cdd9f - Path: Packages/com.unity.cinemachine/Editor/PropertyDrawers/DelayedVectorPropertyDrawer.cs - Importer: ScriptedImporter/UnityEditor.QuickSearchModule:UnityEditor.Search:ASIAI0B' with importer (ScriptedImporter : UnityEditor.QuickSearchModule:UnityEditor.Search:ASIAI0B)
Imported 'GUID: eec53699ff1322b4ea3ede142e1cdd9f' -> (Import Result ID: '7fb20f1c4575e0b114f66a5c68be7a6c') in 0.004 seconds [static and dynamic dependencies]. Details - ImportResultOutputID=72ebd936d30e274b269fbe020728b8f4 DependenciesID=785e4931cdcebed4ead653f13c2a31e1 StaticDependenciesID=f2691bc05f93ca6387077666d125518e 
Number of updated asset objects reloaded before import = 0
Number of asset objects unloaded after import = 0
========================================================================
Received Import Request.
  Time of request: 2026-09-06T07:59:54.599242Z
  Time since last request: 0.0004169 seconds.
  importAddress: GUID: 839dc049a7a3bd242a923dc9293caa66 - Path: Packages/com.unity.cinemachine/Editor/PropertyDrawers/CameraTargetPropertyDrawer.cs - Importer: ScriptedImporter/UnityEditor.QuickSearchModule:UnityEditor.Search:ASIAI0B
Importing 'GUID: 839dc049a7a3bd242a923dc9293caa66 - Path: Packages/com.unity.cinemachine/Editor/PropertyDrawers/CameraTargetPropertyDrawer.cs - Importer: ScriptedImporter/UnityEditor.QuickSearchModule:UnityEditor.Search:ASIAI0B' with importer (ScriptedImporter : UnityEditor.QuickSearchModule:UnityEditor.Search:ASIAI0B)
Imported 'GUID: 839dc049a7a3bd242a923dc9293caa66' -> (Import Result ID: 'c08cd5712384aaa785ee4b8e53f9cfb1') in 0.004 seconds [static and dynamic dependencies]. Details - ImportResultOutputID=d393a01e193095e0b2314bfabda68b66 DependenciesID=b9e047519a05064d444bc35eca7c9c9c StaticDependenciesID=578a886980712f464d86bda94451cd38 
Number of updated asset objects reloaded before import = 0
Number of asset objects unloaded after import = 0
========================================================================
Received Import Request.
  Time of request: 2026-09-06T07:59:54.6168283Z
  Time since last request: 0.0004989 seconds.
  importAddress: GUID: 5fddd5fc411394deea42ff11104f70a2 - Path: Packages/com.unity.cinemachine/README.md - Importer: ScriptedImporter/UnityEditor.QuickSearchModule:UnityEditor.Search:ASIAI0B
Importing 'GUID: 5fddd5fc411394deea42ff11104f70a2 - Path: Packages/com.unity.cinemachine/README.md - Importer: ScriptedImporter/UnityEditor.QuickSearchModule:UnityEditor.Search:ASIAI0B' with importer (ScriptedImporter : UnityEditor.QuickSearchModule:UnityEditor.Search:ASIAI0B)
Imported 'GUID: 5fddd5fc411394deea42ff11104f70a2' -> (Import Result ID: 'd549d7be1e67f6daeb38c4b505f758a1') in 0.004 seconds [static and dynamic dependencies]. Details - ImportResultOutputID=273cdd7dbc5ff8e715e8b95340d2e5e2 DependenciesID=8e9f991e2466eb3c93dab6fa18fd98d3 StaticDependenciesID=49a29e52daba8e33f0a138e6965fb184 
Number of updated asset objects reloaded before import = 0
Number of asset objects unloaded after import = 1
========================================================================
Received Import Request.
  Time of request: 2026-09-06T07:59:54.6335097Z
  Time since last request: 0.0004682 seconds.
  importAddress: GUID: 2a15a1e455bcc7543872f50762449739 - Path: Packages/com.unity.cinemachine/Editor/Utility/GameViewComposerGuides.cs - Importer: ScriptedImporter/UnityEditor.QuickSearchModule:UnityEditor.Search:ASIAI0B
Importing 'GUID: 2a15a1e455bcc7543872f50762449739 - Path: Packages/com.unity.cinemachine/Editor/Utility/GameViewComposerGuides.cs - Importer: ScriptedImporter/UnityEditor.QuickSearchModule:UnityEditor.Search:ASIAI0B' with importer (ScriptedImporter : UnityEditor.QuickSearchModule:UnityEditor.Search:ASIAI0B)
Imported 'GUID: 2a15a1e455bcc7543872f50762449739' -> (Import Result ID: 'be000953ccaaaee28d92b4863841a8fb') in 0.004 seconds [static and dynamic dependencies]. Details - ImportResultOutputID=f4ca84e362765c6c107f173fc3b8d0fe DependenciesID=fec30a6bb0faa2229e3a766adcdf6afa StaticDependenciesID=3fe6a2988acc9fe8a2e9ac1731da5b2c 
Number of updated asset objects reloaded before import = 0
Number of asset objects unloaded after import = 0
========================================================================
Received Import Request.
  Time of request: 2026-09-06T07:59:54.6541155Z
  Time since last request: 0.0005909 seconds.
  importAddress: GUID: 2588cc5dedbb75e49a44aada63f7b939 - Path: Packages/com.unity.cinemachine/Runtime/Behaviours/CinemachineThirdPersonAim.cs - Importer: ScriptedImporter/UnityEditor.QuickSearchModule:UnityEditor.Search:ASIAI0B
Importing 'GUID: 2588cc5dedbb75e49a44aada63f7b939 - Path: Packages/com.unity.cinemachine/Runtime/Behaviours/CinemachineThirdPersonAim.cs - Importer: ScriptedImporter/UnityEditor.QuickSearchModule:UnityEditor.Search:ASIAI0B' with importer (ScriptedImporter : UnityEditor.QuickSearchModule:UnityEditor.Search:ASIAI0B)
Imported 'GUID: 2588cc5dedbb75e49a44aada63f7b939' -> (Import Result ID: 'd847e30d5455fe18ffde5bc76d3a5b72') in 0.006 seconds [static and dynamic dependencies]. Details - ImportResultOutputID=29f09806312f60abc33df91e2133b068 DependenciesID=5371aefd44227c0b85831c4552450c91 StaticDependenciesID=16c982f5fd467e76a6339b3a668a139d 
Number of updated asset objects reloaded before import = 0
Number of asset objects unloaded after import = 1
========================================================================
Received Import Request.
  Time of request: 2026-09-06T07:59:54.6713622Z
  Time since last request: 0.0004007 seconds.
  importAddress: GUID: 22b1f48a2b5804151ae7f1171cc64c8c - Path: Packages/com.unity.cinemachine/Editor/EditorResources/Icons/Light/FarNearClip.png - Importer: ScriptedImporter/UnityEditor.QuickSearchModule:UnityEditor.Search:ASIAI0B
Importing 'GUID: 22b1f48a2b5804151ae7f1171cc64c8c - Path: Packages/com.unity.cinemachine/Editor/EditorResources/Icons/Light/FarNearClip.png - Importer: ScriptedImporter/UnityEditor.QuickSearchModule:UnityEditor.Search:ASIAI0B' with importer (ScriptedImporter : UnityEditor.QuickSearchModule:UnityEditor.Search:ASIAI0B)
Imported 'GUID: 22b1f48a2b5804151ae7f1171cc64c8c' -> (Import Result ID: '13a3fab329867d62f85a5bb734b9a710') in 0.009 seconds [static and dynamic dependencies]. Details - ImportResultOutputID=9d9c6ec688503d7bff4b3f7871322569 DependenciesID=85056ee89b18b7f74d990ffdd766e77a StaticDependenciesID=2fb0a629e2327c31ec5f474c7b487fcc 
Number of updated asset objects reloaded before import = 0
Number of asset objects unloaded after import = 1
========================================================================
Received Import Request.
  Time of request: 2026-09-06T07:59:54.6922288Z
  Time since last request: 0.0003763 seconds.
  importAddress: GUID: 0b2a7c32dd38d425f9a9418e85887dd9 - Path: Packages/com.unity.splines/Editor/Editor Resources/Icons/d_AutoSmoothKnot On@2x.png - Importer: ScriptedImporter/UnityEditor.QuickSearchModule:UnityEditor.Search:ASIAI0B
Importing 'GUID: 0b2a7c32dd38d425f9a9418e85887dd9 - Path: Packages/com.unity.splines/Editor/Editor Resources/Icons/d_AutoSmoothKnot On@2x.png - Importer: ScriptedImporter/UnityEditor.QuickSearchModule:UnityEditor.Search:ASIAI0B' with importer (ScriptedImporter : UnityEditor.QuickSearchModule:UnityEditor.Search:ASIAI0B)
Imported 'GUID: 0b2a7c32dd38d425f9a9418e85887dd9' -> (Import Result ID: '6d571d79e86483b85fb325de9d376658') in 0.008 seconds [static and dynamic dependencies]. Details - ImportResultOutputID=3e4d80b18a68ba156cc3f1f80dd07dea DependenciesID=c610e7884823c6cb4501c1ec53e4f949 StaticDependenciesID=4ee9973ced7f7247284ccecbf8b2c7f8 
Number of updated asset objects reloaded before import = 0
Number of asset objects unloaded after import = 1
========================================================================
Received Import Request.
  Time of request: 2026-09-06T07:59:54.7119082Z
  Time since last request: 0.0003883 seconds.
  importAddress: GUID: f8277034562bc4596b7a121435fe0caf - Path: Packages/com.unity.cinemachine/Editor/Utility/CinemachineEditorAnalytics.cs - Importer: ScriptedImporter/UnityEditor.QuickSearchModule:UnityEditor.Search:ASIAI0B
Importing 'GUID: f8277034562bc4596b7a121435fe0caf - Path: Packages/com.unity.cinemachine/Editor/Utility/CinemachineEditorAnalytics.cs - Importer: ScriptedImporter/UnityEditor.QuickSearchModule:UnityEditor.Search:ASIAI0B' with importer (ScriptedImporter : UnityEditor.QuickSearchModule:UnityEditor.Search:ASIAI0B)
Imported 'GUID: f8277034562bc4596b7a121435fe0caf' -> (Import Result ID: '6eaed932ae7b9f4c3b34ca3148e01597') in 0.004 seconds [static and dynamic dependencies]. Details - ImportResultOutputID=3aeedf6145805f8f6208a21517e5216a DependenciesID=78cab32242b1082fb6ad511cff1ce59a StaticDependenciesID=64a6d30d0d2d72718f83a3a235055f65 
Number of updated asset objects reloaded before import = 0
Number of asset objects unloaded after import = 0
========================================================================
Received Import Request.
  Time of request: 2026-09-06T07:59:54.7263539Z
  Time since last request: 0.0004788 seconds.
  importAddress: GUID: 0dc75b34a006d47f48c004031e6ef14d - Path: Packages/com.unity.settings-manager/Editor/UserSettingsProvider.cs - Importer: ScriptedImporter/UnityEditor.QuickSearchModule:UnityEditor.Search:ASIAI0B
Importing 'GUID: 0dc75b34a006d47f48c004031e6ef14d - Path: Packages/com.unity.settings-manager/Editor/UserSettingsProvider.cs - Importer: ScriptedImporter/UnityEditor.QuickSearchModule:UnityEditor.Search:ASIAI0B' with importer (ScriptedImporter : UnityEditor.QuickSearchModule:UnityEditor.Search:ASIAI0B)
Imported 'GUID: 0dc75b34a006d47f48c004031e6ef14d' -> (Import Result ID: '901725ed345ea20352aee04dce785646') in 0.004 seconds [static and dynamic dependencies]. Details - ImportResultOutputID=4934923002ed3939d68d40d7af85101c DependenciesID=a3c8c153eb35213559f92685c9ee6d9f StaticDependenciesID=dd621b9bd619dd9b9ff7c27662effa17 
Number of updated asset objects reloaded before import = 0
Number of asset objects unloaded after import = 0
========================================================================
Received Import Request.
  Time of request: 2026-09-06T07:59:54.7408982Z
  Time since last request: 0.000501 seconds.
  importAddress: GUID: a4c41ac9245b87c4192012080077d830 - Path: Packages/com.unity.cinemachine/Runtime/Deprecated/CinemachineSameAsFollowTarget.cs - Importer: ScriptedImporter/UnityEditor.QuickSearchModule:UnityEditor.Search:ASIAI0B
Importing 'GUID: a4c41ac9245b87c4192012080077d830 - Path: Packages/com.unity.cinemachine/Runtime/Deprecated/CinemachineSameAsFollowTarget.cs - Importer: ScriptedImporter/UnityEditor.QuickSearchModule:UnityEditor.Search:ASIAI0B' with importer (ScriptedImporter : UnityEditor.QuickSearchModule:UnityEditor.Search:ASIAI0B)
Imported 'GUID: a4c41ac9245b87c4192012080077d830' -> (Import Result ID: '6ff9805dc64a8e86f1c88849786d1530') in 0.004 seconds [static and dynamic dependencies]. Details - ImportResultOutputID=c4b958444557e35ca031d5879bb19ad4 DependenciesID=34312a23814d8bf06d6bd62f2ac9fc66 StaticDependenciesID=d44a4fddc0238fee608413e8021e3dc3 
Number of updated asset objects reloaded before import = 0
Number of asset objects unloaded after import = 0
========================================================================
Received Import Request.
  Time of request: 2026-09-06T07:59:54.7559255Z
  Time since last request: 0.0006395 seconds.
  importAddress: GUID: f34e35dc1dc67c54c841b728548d69cc - Path: Packages/com.unity.cinemachine/Editor/Obsolete/CinemachineTransposerEditor.cs - Importer: ScriptedImporter/UnityEditor.QuickSearchModule:UnityEditor.Search:ASIAI0B
Importing 'GUID: f34e35dc1dc67c54c841b728548d69cc - Path: Packages/com.unity.cinemachine/Editor/Obsolete/CinemachineTransposerEditor.cs - Importer: ScriptedImporter/UnityEditor.QuickSearchModule:UnityEditor.Search:ASIAI0B' with importer (ScriptedImporter : UnityEditor.QuickSearchModule:UnityEditor.Search:ASIAI0B)
Imported 'GUID: f34e35dc1dc67c54c841b728548d69cc' -> (Import Result ID: '42ee688ba034825a16272f0eb588bab3') in 0.003 seconds [static and dynamic dependencies]. Details - ImportResultOutputID=c7982ccfaeff4eb4f16f1c7e4816aac5 DependenciesID=b706821ea6817e681641bed507161869 StaticDependenciesID=ca6403733b21e3828cf3a18637a7ae52 
Number of updated asset objects reloaded before import = 0
Number of asset objects unloaded after import = 0
========================================================================
Received Import Request.
  Time of request: 2026-09-06T07:59:54.7715398Z
  Time since last request: 0.0008345 seconds.
  importAddress: GUID: ff697d3070687ce4583faa0561a145a2 - Path: Assets/Starter Assets/Runtime/ThirdPersonController/Character/Sfx/Player_Land.wav - Importer: ScriptedImporter/UnityEditor.QuickSearchModule:UnityEditor.Search:ASIAI0B
Importing 'GUID: ff697d3070687ce4583faa0561a145a2 - Path: Assets/Starter Assets/Runtime/ThirdPersonController/Character/Sfx/Player_Land.wav - Importer: ScriptedImporter/UnityEditor.QuickSearchModule:UnityEditor.Search:ASIAI0B' with importer (ScriptedImporter : UnityEditor.QuickSearchModule:UnityEditor.Search:ASIAI0B)
Imported 'GUID: ff697d3070687ce4583faa0561a145a2' -> (Import Result ID: '1dd544763ce5a094477bc1dac884261c') in 0.005 seconds [static and dynamic dependencies]. Details - ImportResultOutputID=a7b04698adeb077f5e0e77e8e41dc50e DependenciesID=433fdbdef9e0cebc6c2619cf0956af4f StaticDependenciesID=6862ae58c20ea7dc4de1c53d3209c812 
Number of updated asset objects reloaded before import = 0
Number of asset objects unloaded after import = 1
========================================================================
Received Import Request.
  Time of request: 2026-09-06T07:59:54.7877908Z
  Time since last request: 0.0003355 seconds.
  importAddress: GUID: 7e3f1677bc1aead4fb8791998078dcec - Path: Assets/Starter Assets/Sample/ThirdPersonController/Playground/ReflectionProbe-2.exr - Importer: ScriptedImporter/UnityEditor.QuickSearchModule:UnityEditor.Search:ASIAI0B
Importing 'GUID: 7e3f1677bc1aead4fb8791998078dcec - Path: Assets/Starter Assets/Sample/ThirdPersonController/Playground/ReflectionProbe-2.exr - Importer: ScriptedImporter/UnityEditor.QuickSearchModule:UnityEditor.Search:ASIAI0B' with importer (ScriptedImporter : UnityEditor.QuickSearchModule:UnityEditor.Search:ASIAI0B)
Imported 'GUID: 7e3f1677bc1aead4fb8791998078dcec' -> (Import Result ID: 'dbac22e8c07de0def85e2ca808aaa69e') in 0.007 seconds [static and dynamic dependencies]. Details - ImportResultOutputID=827f32ba1c9ec40519ebe96fe6d2dffb DependenciesID=58e56b42d6e15ae986d1c6ed96ed83b3 StaticDependenciesID=3da5be252905a0e820bf8310076450e6 
Number of updated asset objects reloaded before import = 0
Number of asset objects unloaded after import = 1
========================================================================
Received Import Request.
  Time of request: 2026-09-06T07:59:54.8078541Z
  Time since last request: 0.0004396 seconds.
  importAddress: GUID: 2adf148a19499274795e418631d7db45 - Path: Packages/com.unity.cinemachine/Runtime/Deprecated/CinemachineTouchInputMapper.cs - Importer: ScriptedImporter/UnityEditor.QuickSearchModule:UnityEditor.Search:ASIAI0B
Importing 'GUID: 2adf148a19499274795e418631d7db45 - Path: Packages/com.unity.cinemachine/Runtime/Deprecated/CinemachineTouchInputMapper.cs - Importer: ScriptedImporter/UnityEditor.QuickSearchModule:UnityEditor.Search:ASIAI0B' with importer (ScriptedImporter : UnityEditor.QuickSearchModule:UnityEditor.Search:ASIAI0B)
Imported 'GUID: 2adf148a19499274795e418631d7db45' -> (Import Result ID: '1a00a053db582cf0d3c8d45bff4f26dd') in 0.005 seconds [static and dynamic dependencies]. Details - ImportResultOutputID=5aaff71aee73a683db62c501496a151a DependenciesID=a557416dc0991372a56897bd8e57b255 StaticDependenciesID=4877a692daa13946d419dd8130c6b4f6 
Number of updated asset objects reloaded before import = 0
Number of asset objects unloaded after import = 0
========================================================================
Received Import Request.
  Time of request: 2026-09-06T07:59:54.8247045Z
  Time since last request: 0.0009381 seconds.
  importAddress: GUID: 1ff9d8296ed1f02419bf4f417ff2265e - Path: Packages/com.unity.cinemachine/Editor/Editors/CinemachineBlenderSettingsEditor.cs - Importer: ScriptedImporter/UnityEditor.QuickSearchModule:UnityEditor.Search:ASIAI0B
Importing 'GUID: 1ff9d8296ed1f02419bf4f417ff2265e - Path: Packages/com.unity.cinemachine/Editor/Editors/CinemachineBlenderSettingsEditor.cs - Importer: ScriptedImporter/UnityEditor.QuickSearchModule:UnityEditor.Search:ASIAI0B' with importer (ScriptedImporter : UnityEditor.QuickSearchModule:UnityEditor.Search:ASIAI0B)
Imported 'GUID: 1ff9d8296ed1f02419bf4f417ff2265e' -> (Import Result ID: '4baa26b14bb8933c2fb66661aa0d2499') in 0.004 seconds [static and dynamic dependencies]. Details - ImportResultOutputID=abd7499884026d3c9a6fc975df0e8fd0 DependenciesID=97cf3eddd2280a46a993e031ab5e425b StaticDependenciesID=d31579a2b3efe014fc5c5732a809db18 
Number of updated asset objects reloaded before import = 0
Number of asset objects unloaded after import = 0
========================================================================
Received Import Request.
  Time of request: 2026-09-06T07:59:54.8399582Z
  Time since last request: 0.0004257 seconds.
  importAddress: GUID: 8c72fdbfc38b7d048abe98fec566c634 - Path: Assets/Starter Assets/Sample/Environment - Importer: ScriptedImporter/UnityEditor.QuickSearchModule:UnityEditor.Search:ASIAI0B
Importing 'GUID: 8c72fdbfc38b7d048abe98fec566c634 - Path: Assets/Starter Assets/Sample/Environment - Importer: ScriptedImporter/UnityEditor.QuickSearchModule:UnityEditor.Search:ASIAI0B' with importer (ScriptedImporter : UnityEditor.QuickSearchModule:UnityEditor.Search:ASIAI0B)
Imported 'GUID: 8c72fdbfc38b7d048abe98fec566c634' -> (Import Result ID: '86b11ce1f6092e1dd62f0ca98effefdb') in 0.005 seconds [static and dynamic dependencies]. Details - ImportResultOutputID=521d7d2dd485a02bc795f1517609a394 DependenciesID=0bec7f8058f0b93f7a7bcb4e042962ae StaticDependenciesID=cdd827d5ad9bb64eb1a7a45cda6cb553 
Number of updated asset objects reloaded before import = 0
Number of asset objects unloaded after import = 1
========================================================================
Received Import Request.
  Time of request: 2026-09-06T07:59:54.859835Z
  Time since last request: 0.0009204 seconds.
  importAddress: GUID: f2fffbd3edfc4d078419c7771be03764 - Path: Packages/com.unity.splines/Runtime/SplineRange.cs - Importer: ScriptedImporter/UnityEditor.QuickSearchModule:UnityEditor.Search:ASIAI0B
Importing 'GUID: f2fffbd3edfc4d078419c7771be03764 - Path: Packages/com.unity.splines/Runtime/SplineRange.cs - Importer: ScriptedImporter/UnityEditor.QuickSearchModule:UnityEditor.Search:ASIAI0B' with importer (ScriptedImporter : UnityEditor.QuickSearchModule:UnityEditor.Search:ASIAI0B)
Imported 'GUID: f2fffbd3edfc4d078419c7771be03764' -> (Import Result ID: 'e4737d5b9f357e0cc8da031802203b5b') in 0.004 seconds [static and dynamic dependencies]. Details - ImportResultOutputID=4a3d3ca7b79943b9021fea478734dc3e DependenciesID=f7d7c54e5c8e5836bbd9a0e3fe439ccf StaticDependenciesID=3e5c19d6cbd229308642a185740d134b 
Number of updated asset objects reloaded before import = 0
Number of asset objects unloaded after import = 0
========================================================================
Received Import Request.
  Time of request: 2026-09-06T07:59:54.8762004Z
  Time since last request: 0.0004844 seconds.
  importAddress: GUID: 2764ce5fee86e464f92b661bbaa7ed45 - Path: Packages/com.unity.cinemachine/Third Party Notices.md - Importer: ScriptedImporter/UnityEditor.QuickSearchModule:UnityEditor.Search:ASIAI0B
Importing 'GUID: 2764ce5fee86e464f92b661bbaa7ed45 - Path: Packages/com.unity.cinemachine/Third Party Notices.md - Importer: ScriptedImporter/UnityEditor.QuickSearchModule:UnityEditor.Search:ASIAI0B' with importer (ScriptedImporter : UnityEditor.QuickSearchModule:UnityEditor.Search:ASIAI0B)
Imported 'GUID: 2764ce5fee86e464f92b661bbaa7ed45' -> (Import Result ID: 'c673a017c2b9d289588b5489fae120ce') in 0.004 seconds [static and dynamic dependencies]. Details - ImportResultOutputID=6f1a022707fd569502bdff875a96ea96 DependenciesID=2188bf04826eeea13b519370a3409e0e StaticDependenciesID=c7dbd7ae4f1e3b8b274c905ba609ee0b 
Number of updated asset objects reloaded before import = 0
Number of asset objects unloaded after import = 1
========================================================================
Received Import Request.
  Time of request: 2026-09-06T07:59:54.8914526Z
  Time since last request: 0.0007151 seconds.
  importAddress: GUID: b13e846ea7b7ce842abd5213c2d2f0b3 - Path: Packages/com.unity.cinemachine/Editor/Editors/CinemachinePanTiltEditor.cs - Importer: ScriptedImporter/UnityEditor.QuickSearchModule:UnityEditor.Search:ASIAI0B
Importing 'GUID: b13e846ea7b7ce842abd5213c2d2f0b3 - Path: Packages/com.unity.cinemachine/Editor/Editors/CinemachinePanTiltEditor.cs - Importer: ScriptedImporter/UnityEditor.QuickSearchModule:UnityEditor.Search:ASIAI0B' with importer (ScriptedImporter : UnityEditor.QuickSearchModule:UnityEditor.Search:ASIAI0B)
Imported 'GUID: b13e846ea7b7ce842abd5213c2d2f0b3' -> (Import Result ID: '562d2524b53c42217d773091fee14f92') in 0.005 seconds [static and dynamic dependencies]. Details - ImportResultOutputID=b9a99a047411f2990c4c1495e0953cb8 DependenciesID=6b95dd1412d2ce4c02c9f8f4813c19c4 StaticDependenciesID=5ee3599306fa28043fe46210ce47e198 
Number of updated asset objects reloaded before import = 0
Number of asset objects unloaded after import = 0
========================================================================
Received Import Request.
  Time of request: 2026-09-06T07:59:54.9077189Z
  Time since last request: 0.0009567 seconds.
  importAddress: GUID: 82e62c82b3be64042ac529dee964cc2f - Path: Packages/com.unity.cinemachine/Runtime/Behaviours/CinemachineStoryboard.cs - Importer: ScriptedImporter/UnityEditor.QuickSearchModule:UnityEditor.Search:ASIAI0B
Importing 'GUID: 82e62c82b3be64042ac529dee964cc2f - Path: Packages/com.unity.cinemachine/Runtime/Behaviours/CinemachineStoryboard.cs - Importer: ScriptedImporter/UnityEditor.QuickSearchModule:UnityEditor.Search:ASIAI0B' with importer (ScriptedImporter : UnityEditor.QuickSearchModule:UnityEditor.Search:ASIAI0B)
Imported 'GUID: 82e62c82b3be64042ac529dee964cc2f' -> (Import Result ID: 'f7514b5d4c03a0d90166086bb870f6dc') in 0.008 seconds [static and dynamic dependencies]. Details - ImportResultOutputID=c4c4363e13f12620338ce90eb9ffeeb9 DependenciesID=e8d457708743ecabc96c72ce94fc166e StaticDependenciesID=23c943ddfc15878d061ea6e05cf37c9c 
Number of updated asset objects reloaded before import = 0
Number of asset objects unloaded after import = 1
========================================================================
Received Import Request.
  Time of request: 2026-09-06T07:59:54.9276211Z
  Time since last request: 0.0007123 seconds.
  importAddress: GUID: d0dd2407e33307e4386616f5c33463fa - Path: Packages/com.unity.splines/Editor/GUI/Editors/CommonElementDrawer.cs - Importer: ScriptedImporter/UnityEditor.QuickSearchModule:UnityEditor.Search:ASIAI0B
Importing 'GUID: d0dd2407e33307e4386616f5c33463fa - Path: Packages/com.unity.splines/Editor/GUI/Editors/CommonElementDrawer.cs - Importer: ScriptedImporter/UnityEditor.QuickSearchModule:UnityEditor.Search:ASIAI0B' with importer (ScriptedImporter : UnityEditor.QuickSearchModule:UnityEditor.Search:ASIAI0B)
Imported 'GUID: d0dd2407e33307e4386616f5c33463fa' -> (Import Result ID: 'a61e02188c6072ed2c456df6b4a862a3') in 0.005 seconds [static and dynamic dependencies]. Details - ImportResultOutputID=98dc8a01b777db013c31bc0546da52cc DependenciesID=9dfc8bdab1db7feaa2b7aeeee7673891 StaticDependenciesID=2a08fed59317ccf2efd9844078c66513 
Number of updated asset objects reloaded before import = 0
Number of asset objects unloaded after import = 0
========================================================================
Received Import Request.
  Time of request: 2026-09-06T07:59:54.9441365Z
  Time since last request: 0.0003695 seconds.
  importAddress: GUID: 59c27bc09d9b426f9c90c5d8eb9a933a - Path: Packages/com.unity.splines/Runtime/SplineMath.cs - Importer: ScriptedImporter/UnityEditor.QuickSearchModule:UnityEditor.Search:ASIAI0B
Importing 'GUID: 59c27bc09d9b426f9c90c5d8eb9a933a - Path: Packages/com.unity.splines/Runtime/SplineMath.cs - Importer: ScriptedImporter/UnityEditor.QuickSearchModule:UnityEditor.Search:ASIAI0B' with importer (ScriptedImporter : UnityEditor.QuickSearchModule:UnityEditor.Search:ASIAI0B)
Imported 'GUID: 59c27bc09d9b426f9c90c5d8eb9a933a' -> (Import Result ID: '180c602e23e631055b85ff775987bced') in 0.004 seconds [static and dynamic dependencies]. Details - ImportResultOutputID=9026bdc9da04cf75786df0cc428baba7 DependenciesID=e8d494db34aafc3de9ace41da0f89795 StaticDependenciesID=143de32c10daa4fbbe486f66b886f332 
Number of updated asset objects reloaded before import = 0
Number of asset objects unloaded after import = 0
========================================================================
Received Import Request.
  Time of request: 2026-09-06T07:59:54.9591784Z
  Time since last request: 0.0003597 seconds.
  importAddress: GUID: 485306800ba13455ca2c05a5fb6b1309 - Path: Packages/com.unity.splines/Editor/Editor Resources/Icons/d_AutoSmoothKnot@2x.png - Importer: ScriptedImporter/UnityEditor.QuickSearchModule:UnityEditor.Search:ASIAI0B
Importing 'GUID: 485306800ba13455ca2c05a5fb6b1309 - Path: Packages/com.unity.splines/Editor/Editor Resources/Icons/d_AutoSmoothKnot@2x.png - Importer: ScriptedImporter/UnityEditor.QuickSearchModule:UnityEditor.Search:ASIAI0B' with importer (ScriptedImporter : UnityEditor.QuickSearchModule:UnityEditor.Search:ASIAI0B)
Imported 'GUID: 485306800ba13455ca2c05a5fb6b1309' -> (Import Result ID: 'c711b6621fc182413a3084faa728aa7c') in 0.009 seconds [static and dynamic dependencies]. Details - ImportResultOutputID=80f29a2b3c7302ddb0610036dd597278 DependenciesID=a5ce80154969c673f786218d3999f137 StaticDependenciesID=fcae627cad1bde1be54f2d60052c133d 
Number of updated asset objects reloaded before import = 0
Number of asset objects unloaded after import = 1
========================================================================
Received Import Request.
  Time of request: 2026-09-06T07:59:54.9824605Z
  Time since last request: 0.0004739 seconds.
  importAddress: GUID: 211d719bb25901043833928f50e9d0ea - Path: Packages/com.unity.cinemachine/Editor/Obsolete/CinemachineVirtualCameraBaseEditor.cs - Importer: ScriptedImporter/UnityEditor.QuickSearchModule:UnityEditor.Search:ASIAI0B
Importing 'GUID: 211d719bb25901043833928f50e9d0ea - Path: Packages/com.unity.cinemachine/Editor/Obsolete/CinemachineVirtualCameraBaseEditor.cs - Importer: ScriptedImporter/UnityEditor.QuickSearchModule:UnityEditor.Search:ASIAI0B' with importer (ScriptedImporter : UnityEditor.QuickSearchModule:UnityEditor.Search:ASIAI0B)
Imported 'GUID: 211d719bb25901043833928f50e9d0ea' -> (Import Result ID: 'e792ee1a2770276ecb2074bb91cdedaa') in 0.004 seconds [static and dynamic dependencies]. Details - ImportResultOutputID=eeadc45e880d5ad16e965938a756266c DependenciesID=556e819ada973511be7772c210c095ef StaticDependenciesID=b0d28d77faa42a1357c1ed09e13db8f1 
Number of updated asset objects reloaded before import = 0
Number of asset objects unloaded after import = 0
========================================================================
Received Import Request.
  Time of request: 2026-09-06T07:59:54.998718Z
  Time since last request: 0.0004223 seconds.
  importAddress: GUID: f6d148d888ffbf54b9afe9936dfaec1f - Path: Assets/Starter Assets/Runtime/ThirdPersonController/Prefabs/MainCamera.prefab - Importer: ScriptedImporter/UnityEditor.QuickSearchModule:UnityEditor.Search:ASIAI0B
Importing 'GUID: f6d148d888ffbf54b9afe9936dfaec1f - Path: Assets/Starter Assets/Runtime/ThirdPersonController/Prefabs/MainCamera.prefab - Importer: ScriptedImporter/UnityEditor.QuickSearchModule:UnityEditor.Search:ASIAI0B' with importer (ScriptedImporter : UnityEditor.QuickSearchModule:UnityEditor.Search:ASIAI0B)
Imported 'GUID: f6d148d888ffbf54b9afe9936dfaec1f' -> (Import Result ID: 'af09bc3c9a8951a9238173b64493521d') in 0.010 seconds [static and dynamic dependencies]. Details - ImportResultOutputID=8f9b685d58da75cdf928e94af1b3221b DependenciesID=13894479d867b2b81bba110bd2d4ba59 StaticDependenciesID=2fd5ca092d1fc044fa7ff58cbb3cb853 
Number of updated asset objects reloaded before import = 0
Number of asset objects unloaded after import = 8
========================================================================
Received Import Request.
  Time of request: 2026-09-06T07:59:55.0193571Z
  Time since last request: 0.0004458 seconds.
  importAddress: GUID: d4cfecd590dd84bae905de63a1fc94ae - Path: Packages/com.unity.splines/Editor/Editor Resources/Icons/ToolHandleParent@2x.png - Importer: ScriptedImporter/UnityEditor.QuickSearchModule:UnityEditor.Search:ASIAI0B
Importing 'GUID: d4cfecd590dd84bae905de63a1fc94ae - Path: Packages/com.unity.splines/Editor/Editor Resources/Icons/ToolHandleParent@2x.png - Importer: ScriptedImporter/UnityEditor.QuickSearchModule:UnityEditor.Search:ASIAI0B' with importer (ScriptedImporter : UnityEditor.QuickSearchModule:UnityEditor.Search:ASIAI0B)
Imported 'GUID: d4cfecd590dd84bae905de63a1fc94ae' -> (Import Result ID: '821c8c6ea74d144d7449d1497a9a35fa') in 0.008 seconds [static and dynamic dependencies]. Details - ImportResultOutputID=dab01b91bb4bb8cbbdac59e09a8be032 DependenciesID=b69024fa082b1be340711988409cafb9 StaticDependenciesID=72901cbafabb6b1b861fed6cdca5d32c 
Number of updated asset objects reloaded before import = 0
Number of asset objects unloaded after import = 1
========================================================================
Received Import Request.
  Time of request: 2026-09-06T07:59:55.0387682Z
  Time since last request: 0.0005225 seconds.
  importAddress: GUID: ba59c38a116ff2f4fb69f825ba0da3bc - Path: Packages/com.unity.cinemachine/Editor/Utility/ScriptableObjectUtility.cs - Importer: ScriptedImporter/UnityEditor.QuickSearchModule:UnityEditor.Search:ASIAI0B
Importing 'GUID: ba59c38a116ff2f4fb69f825ba0da3bc - Path: Packages/com.unity.cinemachine/Editor/Utility/ScriptableObjectUtility.cs - Importer: ScriptedImporter/UnityEditor.QuickSearchModule:UnityEditor.Search:ASIAI0B' with importer (ScriptedImporter : UnityEditor.QuickSearchModule:UnityEditor.Search:ASIAI0B)
Imported 'GUID: ba59c38a116ff2f4fb69f825ba0da3bc' -> (Import Result ID: 'b797afb16dda905a1c17ecb824ed75d5') in 0.005 seconds [static and dynamic dependencies]. Details - ImportResultOutputID=d5f3990869d282dd5194060d83bd1699 DependenciesID=cd9c4f8a38352214cd087f627e37ef50 StaticDependenciesID=946f49b34fdf3d7d5c35fa09a410816b 
Number of updated asset objects reloaded before import = 0
Number of asset objects unloaded after import = 0
========================================================================
Received Import Request.
  Time of request: 2026-09-06T07:59:55.0550541Z
  Time since last request: 0.0004758 seconds.
  importAddress: GUID: 8c3dbd03f036dc1428042ff045adbc66 - Path: Packages/com.unity.splines/Editor/Stylesheets - Importer: ScriptedImporter/UnityEditor.QuickSearchModule:UnityEditor.Search:ASIAI0B
Importing 'GUID: 8c3dbd03f036dc1428042ff045adbc66 - Path: Packages/com.unity.splines/Editor/Stylesheets - Importer: ScriptedImporter/UnityEditor.QuickSearchModule:UnityEditor.Search:ASIAI0B' with importer (ScriptedImporter : UnityEditor.QuickSearchModule:UnityEditor.Search:ASIAI0B)
Imported 'GUID: 8c3dbd03f036dc1428042ff045adbc66' -> (Import Result ID: '478b79bdef5efdf13b23ec4ffcdac47e') in 0.003 seconds [static and dynamic dependencies]. Details - ImportResultOutputID=74ecdc2b16ba4970191fc0c224409003 DependenciesID=87ca4f4ce4f42dbb8bd8393da4243f14 StaticDependenciesID=f5c88ce6c15d298f0e79480ebb9a4b80 
Number of updated asset objects reloaded before import = 0
Number of asset objects unloaded after import = 1
========================================================================
Received Import Request.
  Time of request: 2026-09-06T07:59:55.0905314Z
  Time since last request: 0.0216688 seconds.
  importAddress: GUID: 9e7be553448fa2546aea5752021cbcf7 - Path: Assets/Starter Assets/Runtime/InputSystem/StarterAssets.inputsettings.asset - Importer: ScriptedImporter/UnityEditor.QuickSearchModule:UnityEditor.Search:ASIAI0B
Importing 'GUID: 9e7be553448fa2546aea5752021cbcf7 - Path: Assets/Starter Assets/Runtime/InputSystem/StarterAssets.inputsettings.asset - Importer: ScriptedImporter/UnityEditor.QuickSearchModule:UnityEditor.Search:ASIAI0B' with importer (ScriptedImporter : UnityEditor.QuickSearchModule:UnityEditor.Search:ASIAI0B)
Imported 'GUID: 9e7be553448fa2546aea5752021cbcf7' -> (Import Result ID: '0f5b0a157a719ecf902a121d0e1973ed') in 0.006 seconds [static and dynamic dependencies]. Details - ImportResultOutputID=efa29d00888522651bc1f39ec7d4137f DependenciesID=2972ee63b73e4bd84ce0ed5a8e492a95 StaticDependenciesID=ee066ab8cbc84a58d9ed82f4fa48b5c3 
Number of updated asset objects reloaded before import = 0
Number of asset objects unloaded after import = 1
========================================================================
Received Import Request.
  Time of request: 2026-09-06T07:59:55.1060077Z
  Time since last request: 0.0005563 seconds.
  importAddress: GUID: ac0b09e7857660247b1477e93731de29 - Path: Packages/com.unity.cinemachine/Runtime/Deprecated/CinemachinePipeline.cs - Importer: ScriptedImporter/UnityEditor.QuickSearchModule:UnityEditor.Search:ASIAI0B
Importing 'GUID: ac0b09e7857660247b1477e93731de29 - Path: Packages/com.unity.cinemachine/Runtime/Deprecated/CinemachinePipeline.cs - Importer: ScriptedImporter/UnityEditor.QuickSearchModule:UnityEditor.Search:ASIAI0B' with importer (ScriptedImporter : UnityEditor.QuickSearchModule:UnityEditor.Search:ASIAI0B)
Imported 'GUID: ac0b09e7857660247b1477e93731de29' -> (Import Result ID: '47db6ca649d3a5f46227e1750987c900') in 0.005 seconds [static and dynamic dependencies]. Details - ImportResultOutputID=c35cf8fc0533e0e00df3a76d90921840 DependenciesID=1f47108ba577a8ab4b2e3ace1f8851cd StaticDependenciesID=0faedb009355d0f9a9bb0af9f2381780 
Number of updated asset objects reloaded before import = 0
Number of asset objects unloaded after import = 0
========================================================================
Received Import Request.
  Time of request: 2026-09-06T07:59:55.1237687Z
  Time since last request: 0.0007031 seconds.
  importAddress: GUID: d9c0dd5cdac07b145be73329e489869a - Path: Assets/Starter Assets/Sample/Environment/Art/Textures/Grid_02_BaseMap.png - Importer: ScriptedImporter/UnityEditor.QuickSearchModule:UnityEditor.Search:ASIAI0B
Importing 'GUID: d9c0dd5cdac07b145be73329e489869a - Path: Assets/Starter Assets/Sample/Environment/Art/Textures/Grid_02_BaseMap.png - Importer: ScriptedImporter/UnityEditor.QuickSearchModule:UnityEditor.Search:ASIAI0B' with importer (ScriptedImporter : UnityEditor.QuickSearchModule:UnityEditor.Search:ASIAI0B)
Imported 'GUID: d9c0dd5cdac07b145be73329e489869a' -> (Import Result ID: 'e45d2da091db8286e643c72dd411455d') in 0.009 seconds [static and dynamic dependencies]. Details - ImportResultOutputID=0f7fef1a21033f415f80a02563ad0e3e DependenciesID=4cf3feb992e07d72ac82656c6f004dc0 StaticDependenciesID=bbab2f20c71900b5092132c1469fb6af 
Number of updated asset objects reloaded before import = 0
Number of asset objects unloaded after import = 1
========================================================================
Received Import Request.
  Time of request: 2026-09-06T07:59:55.1454056Z
  Time since last request: 0.0004313 seconds.
  importAddress: GUID: 36d1163fa822e8b418a0a603ec078d5c - Path: Packages/com.unity.cinemachine/Runtime/Components/CinemachineHardLockToTarget.cs - Importer: ScriptedImporter/UnityEditor.QuickSearchModule:UnityEditor.Search:ASIAI0B
Importing 'GUID: 36d1163fa822e8b418a0a603ec078d5c - Path: Packages/com.unity.cinemachine/Runtime/Components/CinemachineHardLockToTarget.cs - Importer: ScriptedImporter/UnityEditor.QuickSearchModule:UnityEditor.Search:ASIAI0B' with importer (ScriptedImporter : UnityEditor.QuickSearchModule:UnityEditor.Search:ASIAI0B)
Imported 'GUID: 36d1163fa822e8b418a0a603ec078d5c' -> (Import Result ID: '7b4b8d2566f07e6898beddb3e036542f') in 0.006 seconds [static and dynamic dependencies]. Details - ImportResultOutputID=472d1b35aade820460f9082ea8579bab DependenciesID=b5ece52b613a15b6c107db99e23e87ed StaticDependenciesID=69750e80e56d59809cec6b54879d8ca2 
Number of updated asset objects reloaded before import = 0
Number of asset objects unloaded after import = 1
========================================================================
Received Import Request.
  Time of request: 2026-09-06T07:59:55.1635527Z
  Time since last request: 0.0005318 seconds.
  importAddress: GUID: fca2bf25139920d4f9bf86711457992e - Path: Packages/com.unity.cinemachine/Runtime/Core/SplineHelpers.cs - Importer: ScriptedImporter/UnityEditor.QuickSearchModule:UnityEditor.Search:ASIAI0B
Importing 'GUID: fca2bf25139920d4f9bf86711457992e - Path: Packages/com.unity.cinemachine/Runtime/Core/SplineHelpers.cs - Importer: ScriptedImporter/UnityEditor.QuickSearchModule:UnityEditor.Search:ASIAI0B' with importer (ScriptedImporter : UnityEditor.QuickSearchModule:UnityEditor.Search:ASIAI0B)
Imported 'GUID: fca2bf25139920d4f9bf86711457992e' -> (Import Result ID: '53ad700ce1e62a63436634198ed46211') in 0.005 seconds [static and dynamic dependencies]. Details - ImportResultOutputID=a8f0f8dd952fc7626e05a9caabda3d5b DependenciesID=b0fae1459cbdafe08835bb6f22cfea7c StaticDependenciesID=084b23e01f41e47ad9cd51fda449c8b2 
Number of updated asset objects reloaded before import = 0
Number of asset objects unloaded after import = 0
========================================================================
Received Import Request.
  Time of request: 2026-09-06T07:59:55.1800411Z
  Time since last request: 0.0011772 seconds.
  importAddress: GUID: 9daf1d5bb6317974faf250a976c20d0c - Path: Packages/com.unity.cinemachine/Runtime/Core/InputAxis.cs - Importer: ScriptedImporter/UnityEditor.QuickSearchModule:UnityEditor.Search:ASIAI0B
Importing 'GUID: 9daf1d5bb6317974faf250a976c20d0c - Path: Packages/com.unity.cinemachine/Runtime/Core/InputAxis.cs - Importer: ScriptedImporter/UnityEditor.QuickSearchModule:UnityEditor.Search:ASIAI0B' with importer (ScriptedImporter : UnityEditor.QuickSearchModule:UnityEditor.Search:ASIAI0B)
Imported 'GUID: 9daf1d5bb6317974faf250a976c20d0c' -> (Import Result ID: '2b87a132f5ab508594a97a54f90e703a') in 0.004 seconds [static and dynamic dependencies]. Details - ImportResultOutputID=cae96b176137909af0ff852031928340 DependenciesID=68904680cf59e1e2f2ff1a15e9fae392 StaticDependenciesID=0b2097b352a376f5fc22065352b380ae 
Number of updated asset objects reloaded before import = 0
Number of asset objects unloaded after import = 0
========================================================================
Received Import Request.
  Time of request: 2026-09-06T07:59:55.1941373Z
  Time since last request: 0.0004587 seconds.
  importAddress: GUID: da6f83a9449ae48458b549c1db0a17b7 - Path: Packages/com.unity.splines/Editor/Stylesheets/SplineAnimateInspectorDark.uss - Importer: ScriptedImporter/UnityEditor.QuickSearchModule:UnityEditor.Search:ASIAI0B
Importing 'GUID: da6f83a9449ae48458b549c1db0a17b7 - Path: Packages/com.unity.splines/Editor/Stylesheets/SplineAnimateInspectorDark.uss - Importer: ScriptedImporter/UnityEditor.QuickSearchModule:UnityEditor.Search:ASIAI0B' with importer (ScriptedImporter : UnityEditor.QuickSearchModule:UnityEditor.Search:ASIAI0B)
Imported 'GUID: da6f83a9449ae48458b549c1db0a17b7' -> (Import Result ID: '4a80ab47d77694fc57030b3e13d2ba21') in 0.004 seconds [static and dynamic dependencies]. Details - ImportResultOutputID=cefddd8e84c82d11ae8f6d6e1782c8df DependenciesID=9862d4120a4963a8fc27a4c4f9b3f695 StaticDependenciesID=f0aae49c57ce11dfedaff353cff382f7 
Number of updated asset objects reloaded before import = 0
Number of asset objects unloaded after import = 1
========================================================================
Received Import Request.
  Time of request: 2026-09-06T07:59:55.2092856Z
  Time since last request: 0.0004107 seconds.
  importAddress: GUID: f254493af340bfd48a3311e87b482712 - Path: Packages/com.unity.splines/Editor/Utilities/SplineExtrudeUtility.cs - Importer: ScriptedImporter/UnityEditor.QuickSearchModule:UnityEditor.Search:ASIAI0B
Importing 'GUID: f254493af340bfd48a3311e87b482712 - Path: Packages/com.unity.splines/Editor/Utilities/SplineExtrudeUtility.cs - Importer: ScriptedImporter/UnityEditor.QuickSearchModule:UnityEditor.Search:ASIAI0B' with importer (ScriptedImporter : UnityEditor.QuickSearchModule:UnityEditor.Search:ASIAI0B)
Imported 'GUID: f254493af340bfd48a3311e87b482712' -> (Import Result ID: '8e45f956471aeaa0e6e60cdedbb82654') in 0.004 seconds [static and dynamic dependencies]. Details - ImportResultOutputID=245d74cc0e41e3ec253e1d3acf6e33d7 DependenciesID=ae8ff85e019b8d83f3826491e4c7d608 StaticDependenciesID=586aca024cb9a3392b3a65867ae69980 
Number of updated asset objects reloaded before import = 0
Number of asset objects unloaded after import = 0
========================================================================
Received Import Request.
  Time of request: 2026-09-06T07:59:55.2252617Z
  Time since last request: 0.0003194 seconds.
  importAddress: GUID: fce3bf5a5b603db45ab0048fb6ab44df - Path: Assets/Starter Assets/Sample/Environment/Art/Models/Stairs_200x100x200_Mesh.fbx - Importer: ScriptedImporter/UnityEditor.QuickSearchModule:UnityEditor.Search:ASIAI0B
Importing 'GUID: fce3bf5a5b603db45ab0048fb6ab44df - Path: Assets/Starter Assets/Sample/Environment/Art/Models/Stairs_200x100x200_Mesh.fbx - Importer: ScriptedImporter/UnityEditor.QuickSearchModule:UnityEditor.Search:ASIAI0B' with importer (ScriptedImporter : UnityEditor.QuickSearchModule:UnityEditor.Search:ASIAI0B)
Imported 'GUID: fce3bf5a5b603db45ab0048fb6ab44df' -> (Import Result ID: 'd83eded9f7e01f056fb6bf3997b3723b') in 0.012 seconds [static and dynamic dependencies]. Details - ImportResultOutputID=b57696f9639d5b5eebb421e7f2b454e3 DependenciesID=6b6aa93d85433fdac305d82fa024efc1 StaticDependenciesID=5c84d5b31b392c28ebff07c96685d3f6 
Number of updated asset objects reloaded before import = 0
Number of asset objects unloaded after import = 16
========================================================================
Received Import Request.
  Time of request: 2026-09-06T07:59:55.2475917Z
  Time since last request: 0.0002915 seconds.
  importAddress: GUID: ff188f58422043f489060e28a5e4e0c0 - Path: Assets/Starter Assets/Sample/Environment/Art/Materials/GridBlue_01_Mat.mat - Importer: ScriptedImporter/UnityEditor.QuickSearchModule:UnityEditor.Search:ASIAI0B
Importing 'GUID: ff188f58422043f489060e28a5e4e0c0 - Path: Assets/Starter Assets/Sample/Environment/Art/Materials/GridBlue_01_Mat.mat - Importer: ScriptedImporter/UnityEditor.QuickSearchModule:UnityEditor.Search:ASIAI0B' with importer (ScriptedImporter : UnityEditor.QuickSearchModule:UnityEditor.Search:ASIAI0B)
Imported 'GUID: ff188f58422043f489060e28a5e4e0c0' -> (Import Result ID: 'eaf5f5e8f17df92719a3ccfad50048f1') in 0.017 seconds [static and dynamic dependencies]. Details - ImportResultOutputID=62eb2eeb4fa1d7a5e9cc9d08b6c702e4 DependenciesID=ad128f79bee80703fd86f4b86fd78242 StaticDependenciesID=84b0f749fade3417021e8b9574b3d63e 
Number of updated asset objects reloaded before import = 0
Number of asset objects unloaded after import = 5
========================================================================
Received Import Request.
  Time of request: 2026-09-06T07:59:55.275301Z
  Time since last request: 0.0004334 seconds.
  importAddress: GUID: acfb7c627ec0e8544a0e04b103d45615 - Path: Packages/com.unity.cinemachine/Presets - Importer: ScriptedImporter/UnityEditor.QuickSearchModule:UnityEditor.Search:ASIAI0B
Importing 'GUID: acfb7c627ec0e8544a0e04b103d45615 - Path: Packages/com.unity.cinemachine/Presets - Importer: ScriptedImporter/UnityEditor.QuickSearchModule:UnityEditor.Search:ASIAI0B' with importer (ScriptedImporter : UnityEditor.QuickSearchModule:UnityEditor.Search:ASIAI0B)
Imported 'GUID: acfb7c627ec0e8544a0e04b103d45615' -> (Import Result ID: 'ff8e59eb4c34404cc986747184b3a111') in 0.005 seconds [static and dynamic dependencies]. Details - ImportResultOutputID=ad58136f59a5b5537088363b531cc377 DependenciesID=be8cf6a8bb7199c19052cd41740601e7 StaticDependenciesID=fbeb9d3e6dd4551dc69c6dac5df8ab66 
Number of updated asset objects reloaded before import = 0
Number of asset objects unloaded after import = 1
========================================================================
Received Import Request.
  Time of request: 2026-09-06T07:59:55.2926383Z
  Time since last request: 0.0006051 seconds.
  importAddress: GUID: 1e8b78ac948f05a46a6d8339a503172b - Path: Packages/com.unity.cinemachine/Runtime/Components/CinemachineHardLookAt.cs - Importer: ScriptedImporter/UnityEditor.QuickSearchModule:UnityEditor.Search:ASIAI0B
Importing 'GUID: 1e8b78ac948f05a46a6d8339a503172b - Path: Packages/com.unity.cinemachine/Runtime/Components/CinemachineHardLookAt.cs - Importer: ScriptedImporter/UnityEditor.QuickSearchModule:UnityEditor.Search:ASIAI0B' with importer (ScriptedImporter : UnityEditor.QuickSearchModule:UnityEditor.Search:ASIAI0B)
Imported 'GUID: 1e8b78ac948f05a46a6d8339a503172b' -> (Import Result ID: '634954d273480eb3b3a0c58021d5784c') in 0.007 seconds [static and dynamic dependencies]. Details - ImportResultOutputID=305017c593bc92aaf856e2bcc036a1f5 DependenciesID=2bb51158014018cb9da3b8348a3e97c2 StaticDependenciesID=177829032405dd4307ebe659f7d80777 
Number of updated asset objects reloaded before import = 0
Number of asset objects unloaded after import = 1
========================================================================
Received Import Request.
  Time of request: 2026-09-06T07:59:55.311797Z
  Time since last request: 0.0005564 seconds.
  importAddress: GUID: 0dda34381c8748a7a8d49edc59ba0847 - Path: Packages/com.unity.splines/Editor/GUI/Editors/SplineReorderableList.cs - Importer: ScriptedImporter/UnityEditor.QuickSearchModule:UnityEditor.Search:ASIAI0B
Importing 'GUID: 0dda34381c8748a7a8d49edc59ba0847 - Path: Packages/com.unity.splines/Editor/GUI/Editors/SplineReorderableList.cs - Importer: ScriptedImporter/UnityEditor.QuickSearchModule:UnityEditor.Search:ASIAI0B' with importer (ScriptedImporter : UnityEditor.QuickSearchModule:UnityEditor.Search:ASIAI0B)
Imported 'GUID: 0dda34381c8748a7a8d49edc59ba0847' -> (Import Result ID: 'f52a0969ab8ded0a6e0d13f2f2e1332a') in 0.005 seconds [static and dynamic dependencies]. Details - ImportResultOutputID=fa076beb3689d05fe667d005401c58f5 DependenciesID=57701522581a45a352cecc7036c98707 StaticDependenciesID=4506e0d8bd577c9b9459891605aceb61 
Number of updated asset objects reloaded before import = 0
Number of asset objects unloaded after import = 0
========================================================================
Received Import Request.
  Time of request: 2026-09-06T07:59:55.3293439Z
  Time since last request: 0.0005317 seconds.
  importAddress: GUID: ebb13519e7af50b4dbc59d78b3bb6a32 - Path: Packages/com.unity.cinemachine/Editor/Utility/InspectorUtility.cs - Importer: ScriptedImporter/UnityEditor.QuickSearchModule:UnityEditor.Search:ASIAI0B
Importing 'GUID: ebb13519e7af50b4dbc59d78b3bb6a32 - Path: Packages/com.unity.cinemachine/Editor/Utility/InspectorUtility.cs - Importer: ScriptedImporter/UnityEditor.QuickSearchModule:UnityEditor.Search:ASIAI0B' with importer (ScriptedImporter : UnityEditor.QuickSearchModule:UnityEditor.Search:ASIAI0B)
Imported 'GUID: ebb13519e7af50b4dbc59d78b3bb6a32' -> (Import Result ID: 'fbf6855a5203020e44936018cdbaa163') in 0.004 seconds [static and dynamic dependencies]. Details - ImportResultOutputID=f70cb6d28dfb8092efa50c37f21251ff DependenciesID=3e535dc3146f4e7afeb8436340448f30 StaticDependenciesID=ed6144fe479b4adf209eb0a44113aa2d 
Number of updated asset objects reloaded before import = 0
Number of asset objects unloaded after import = 0
========================================================================
Received Import Request.
  Time of request: 2026-09-06T07:59:55.346257Z
  Time since last request: 0.0005799 seconds.
  importAddress: GUID: 60ad9e63a7aa54068bc8c58b858532db - Path: Packages/com.unity.splines/Editor/Editor Resources/UI - Importer: ScriptedImporter/UnityEditor.QuickSearchModule:UnityEditor.Search:ASIAI0B
Importing 'GUID: 60ad9e63a7aa54068bc8c58b858532db - Path: Packages/com.unity.splines/Editor/Editor Resources/UI - Importer: ScriptedImporter/UnityEditor.QuickSearchModule:UnityEditor.Search:ASIAI0B' with importer (ScriptedImporter : UnityEditor.QuickSearchModule:UnityEditor.Search:ASIAI0B)
Imported 'GUID: 60ad9e63a7aa54068bc8c58b858532db' -> (Import Result ID: '3995dbf25057ee9cc5f479a3b8c69908') in 0.007 seconds [static and dynamic dependencies]. Details - ImportResultOutputID=98cb9b94e2dd6caacd2844430c999e46 DependenciesID=3d50d5be0ca23166494d3dc686411d83 StaticDependenciesID=9ffa123c4c5b7bc5f1cd76e182d51521 
Number of updated asset objects reloaded before import = 0
Number of asset objects unloaded after import = 1
========================================================================
Received Import Request.
  Time of request: 2026-09-06T07:59:55.3668815Z
  Time since last request: 0.0009621 seconds.
  importAddress: GUID: c5efc39a8aaf6e64ea40e9ad573e9b47 - Path: Assets/Starter Assets/Runtime/FirstPersonController/Prefabs/PlayerCapsule.prefab - Importer: ScriptedImporter/UnityEditor.QuickSearchModule:UnityEditor.Search:ASIAI0B
Importing 'GUID: c5efc39a8aaf6e64ea40e9ad573e9b47 - Path: Assets/Starter Assets/Runtime/FirstPersonController/Prefabs/PlayerCapsule.prefab - Importer: ScriptedImporter/UnityEditor.QuickSearchModule:UnityEditor.Search:ASIAI0B' with importer (ScriptedImporter : UnityEditor.QuickSearchModule:UnityEditor.Search:ASIAI0B)
Imported 'GUID: c5efc39a8aaf6e64ea40e9ad573e9b47' -> (Import Result ID: '3e2c45e971e5496bb0b9966dd96dc2e7') in 0.010 seconds [static and dynamic dependencies]. Details - ImportResultOutputID=1dab1c04d50fad3dc8de0bcd04009192 DependenciesID=a442c15600ecafdcd1ae9aa73a16ac20 StaticDependenciesID=cc9a9403a2f637111a3dae11b61499a2 
Number of updated asset objects reloaded before import = 0
Number of asset objects unloaded after import = 18
========================================================================
Received Import Request.
  Time of request: 2026-09-06T07:59:55.3899179Z
  Time since last request: 0.0003714 seconds.
  importAddress: GUID: c8204899cee524bc2831d2745adc07e6 - Path: Packages/com.unity.cinemachine/Runtime/Behaviours/CinemachineSplineRoll.cs - Importer: ScriptedImporter/UnityEditor.QuickSearchModule:UnityEditor.Search:ASIAI0B
Importing 'GUID: c8204899cee524bc2831d2745adc07e6 - Path: Packages/com.unity.cinemachine/Runtime/Behaviours/CinemachineSplineRoll.cs - Importer: ScriptedImporter/UnityEditor.QuickSearchModule:UnityEditor.Search:ASIAI0B' with importer (ScriptedImporter : UnityEditor.QuickSearchModule:UnityEditor.Search:ASIAI0B)
Imported 'GUID: c8204899cee524bc2831d2745adc07e6' -> (Import Result ID: '58b616f9de48ef700e764c2602855789') in 0.006 seconds [static and dynamic dependencies]. Details - ImportResultOutputID=6d1c8798047aeaa2f68026cf71d0bb47 DependenciesID=f7bf17270a6d562cf612c1eae3727a5e StaticDependenciesID=7431edaf96bab1cde869bafff5143a0c 
Number of updated asset objects reloaded before import = 0
Number of asset objects unloaded after import = 1
========================================================================
Received Import Request.
  Time of request: 2026-09-06T07:59:55.408645Z
  Time since last request: 0.0005055 seconds.
  importAddress: GUID: 0c84b89b9ff3d6c4b948e83373c9caa8 - Path: Packages/com.unity.cinemachine/Editor/PropertyDrawers/SensorSizePropertyDrawer.cs - Importer: ScriptedImporter/UnityEditor.QuickSearchModule:UnityEditor.Search:ASIAI0B
Importing 'GUID: 0c84b89b9ff3d6c4b948e83373c9caa8 - Path: Packages/com.unity.cinemachine/Editor/PropertyDrawers/SensorSizePropertyDrawer.cs - Importer: ScriptedImporter/UnityEditor.QuickSearchModule:UnityEditor.Search:ASIAI0B' with importer (ScriptedImporter : UnityEditor.QuickSearchModule:UnityEditor.Search:ASIAI0B)
Imported 'GUID: 0c84b89b9ff3d6c4b948e83373c9caa8' -> (Import Result ID: 'aa3d15aad64cec96680df9d0d007182e') in 0.004 seconds [static and dynamic dependencies]. Details - ImportResultOutputID=32a6c866722ea57d177b174b4e479e9c DependenciesID=ccfcbbbbbb8da6a33777a91b496ccf7a StaticDependenciesID=d3e0adabfa31f48c6b0165455b84f7f2 
Number of updated asset objects reloaded before import = 0
Number of asset objects unloaded after import = 0
========================================================================
Received Import Request.
  Time of request: 2026-09-06T07:59:55.4253049Z
  Time since last request: 0.0009344 seconds.
  importAddress: GUID: e5eb80d8e62d9d145bb50fb783c0f731 - Path: Packages/com.unity.cinemachine/Runtime/Behaviours/CinemachineTargetGroup.cs - Importer: ScriptedImporter/UnityEditor.QuickSearchModule:UnityEditor.Search:ASIAI0B
Importing 'GUID: e5eb80d8e62d9d145bb50fb783c0f731 - Path: Packages/com.unity.cinemachine/Runtime/Behaviours/CinemachineTargetGroup.cs - Importer: ScriptedImporter/UnityEditor.QuickSearchModule:UnityEditor.Search:ASIAI0B' with importer (ScriptedImporter : UnityEditor.QuickSearchModule:UnityEditor.Search:ASIAI0B)
Imported 'GUID: e5eb80d8e62d9d145bb50fb783c0f731' -> (Import Result ID: '02a896f32718af11cb7b79af08e2c63d') in 0.005 seconds [static and dynamic dependencies]. Details - ImportResultOutputID=08d38e01292d54c4e016ed7ebc497332 DependenciesID=41481f99e5bb6f6548e3dd985567c6c4 StaticDependenciesID=6dba72c120e0837c809ce54e76cd0f5e 
Number of updated asset objects reloaded before import = 0
Number of asset objects unloaded after import = 0
========================================================================
Received Import Request.
  Time of request: 2026-09-06T07:59:55.4414928Z
  Time since last request: 0.0006321 seconds.
  importAddress: GUID: 65eebf71eb882124fa7f75085f367e5f - Path: Packages/com.unity.cinemachine/Runtime/Helpers/GroupWeightManipulator.cs - Importer: ScriptedImporter/UnityEditor.QuickSearchModule:UnityEditor.Search:ASIAI0B
Importing 'GUID: 65eebf71eb882124fa7f75085f367e5f - Path: Packages/com.unity.cinemachine/Runtime/Helpers/GroupWeightManipulator.cs - Importer: ScriptedImporter/UnityEditor.QuickSearchModule:UnityEditor.Search:ASIAI0B' with importer (ScriptedImporter : UnityEditor.QuickSearchModule:UnityEditor.Search:ASIAI0B)
Imported 'GUID: 65eebf71eb882124fa7f75085f367e5f' -> (Import Result ID: '10b4ef42e14faafeb7574a15c95e8091') in 0.004 seconds [static and dynamic dependencies]. Details - ImportResultOutputID=06c688408ade182b5bb0988d7ecfb1aa DependenciesID=896083a85b6ca25ccfaadece376a9f56 StaticDependenciesID=3db3e30887d6e02c9a3a8467b9b82b3b 
Number of updated asset objects reloaded before import = 0
Number of asset objects unloaded after import = 0
========================================================================
Received Import Request.
  Time of request: 2026-09-06T07:59:55.4579091Z
  Time since last request: 0.000458 seconds.
  importAddress: GUID: 186de84b3207156479abe98f4958fed0 - Path: Assets/Starter Assets/Runtime/ThirdPersonController/Character/Sfx/Player_Footstep_03.wav - Importer: ScriptedImporter/UnityEditor.QuickSearchModule:UnityEditor.Search:ASIAI0B
Importing 'GUID: 186de84b3207156479abe98f4958fed0 - Path: Assets/Starter Assets/Runtime/ThirdPersonController/Character/Sfx/Player_Footstep_03.wav - Importer: ScriptedImporter/UnityEditor.QuickSearchModule:UnityEditor.Search:ASIAI0B' with importer (ScriptedImporter : UnityEditor.QuickSearchModule:UnityEditor.Search:ASIAI0B)
Imported 'GUID: 186de84b3207156479abe98f4958fed0' -> (Import Result ID: 'f189046dd85226a40e9c17b98ec2dd83') in 0.006 seconds [static and dynamic dependencies]. Details - ImportResultOutputID=c9e56bb0170a11020952ea857edb4556 DependenciesID=9d082cd6b7e24e17e5ab171ed625a816 StaticDependenciesID=c2af575dcd601e6643882ea7fc57d449 
Number of updated asset objects reloaded before import = 0
Number of asset objects unloaded after import = 1
========================================================================
Received Import Request.
  Time of request: 2026-09-06T07:59:55.4757798Z
  Time since last request: 0.0010499 seconds.
  importAddress: GUID: b880c0b2ad1ba404391179484fbf51bf - Path: Packages/com.unity.cinemachine/Editor/EditorResources/Icons/Light/TrackedObjectOffset.png - Importer: ScriptedImporter/UnityEditor.QuickSearchModule:UnityEditor.Search:ASIAI0B
Importing 'GUID: b880c0b2ad1ba404391179484fbf51bf - Path: Packages/com.unity.cinemachine/Editor/EditorResources/Icons/Light/TrackedObjectOffset.png - Importer: ScriptedImporter/UnityEditor.QuickSearchModule:UnityEditor.Search:ASIAI0B' with importer (ScriptedImporter : UnityEditor.QuickSearchModule:UnityEditor.Search:ASIAI0B)
Imported 'GUID: b880c0b2ad1ba404391179484fbf51bf' -> (Import Result ID: 'dc130fd0888e71f08762e24a6d00256c') in 0.008 seconds [static and dynamic dependencies]. Details - ImportResultOutputID=45f0c33ed335a8ea3a47b84e253ab944 DependenciesID=8b981add259552b3f9c5739ec4b1265b StaticDependenciesID=279669b2fdcde52b0cb86830b7db8360 
Number of updated asset objects reloaded before import = 0
Number of asset objects unloaded after import = 1
========================================================================
Received Import Request.
  Time of request: 2026-09-06T07:59:55.4962883Z
  Time since last request: 0.000726 seconds.
  importAddress: GUID: 14e8a8d2158bec840b56c54f5266e692 - Path: Assets/Starter Assets/Runtime/ThirdPersonController/Character/Sfx/Player_Footstep_05.wav - Importer: ScriptedImporter/UnityEditor.QuickSearchModule:UnityEditor.Search:ASIAI0B
Importing 'GUID: 14e8a8d2158bec840b56c54f5266e692 - Path: Assets/Starter Assets/Runtime/ThirdPersonController/Character/Sfx/Player_Footstep_05.wav - Importer: ScriptedImporter/UnityEditor.QuickSearchModule:UnityEditor.Search:ASIAI0B' with importer (ScriptedImporter : UnityEditor.QuickSearchModule:UnityEditor.Search:ASIAI0B)
Imported 'GUID: 14e8a8d2158bec840b56c54f5266e692' -> (Import Result ID: '6dedf65c9f6502c7a69edc96b6455776') in 0.007 seconds [static and dynamic dependencies]. Details - ImportResultOutputID=e2c1ad73b02bf73489804850be6feeb0 DependenciesID=d5ac4e48ad8117e0ea9dbba13099fffc StaticDependenciesID=cecc80d5147a4cfa6a1356aab792eba0 
Number of updated asset objects reloaded before import = 0
Number of asset objects unloaded after import = 1
========================================================================
Received Import Request.
  Time of request: 2026-09-06T07:59:55.5164534Z
  Time since last request: 0.0004282 seconds.
  importAddress: GUID: ca7de3aefa901374ba29464584a3109a - Path: Packages/com.unity.cinemachine/Runtime/Behaviours/CinemachineDecollider.cs - Importer: ScriptedImporter/UnityEditor.QuickSearchModule:UnityEditor.Search:ASIAI0B
Importing 'GUID: ca7de3aefa901374ba29464584a3109a - Path: Packages/com.unity.cinemachine/Runtime/Behaviours/CinemachineDecollider.cs - Importer: ScriptedImporter/UnityEditor.QuickSearchModule:UnityEditor.Search:ASIAI0B' with importer (ScriptedImporter : UnityEditor.QuickSearchModule:UnityEditor.Search:ASIAI0B)
Imported 'GUID: ca7de3aefa901374ba29464584a3109a' -> (Import Result ID: 'fd03a0816b53e6c5e9f6f8b4d11f8e13') in 0.006 seconds [static and dynamic dependencies]. Details - ImportResultOutputID=f43d3d0f870e67c499b15d8915d69f74 DependenciesID=36a262718de5aaa58d4d93c390e982c3 StaticDependenciesID=bb4ff260aad09d559a3c81215dc6f16f 
Number of updated asset objects reloaded before import = 0
Number of asset objects unloaded after import = 1
========================================================================
Received Import Request.
  Time of request: 2026-09-06T07:59:55.5340117Z
  Time since last request: 0.0003717 seconds.
  importAddress: GUID: 9e355d6040d494ded95f7b8bd325e899 - Path: Packages/com.unity.cinemachine/Editor/EditorResources/Icons/Dark/FollowOffset.png - Importer: ScriptedImporter/UnityEditor.QuickSearchModule:UnityEditor.Search:ASIAI0B
Importing 'GUID: 9e355d6040d494ded95f7b8bd325e899 - Path: Packages/com.unity.cinemachine/Editor/EditorResources/Icons/Dark/FollowOffset.png - Importer: ScriptedImporter/UnityEditor.QuickSearchModule:UnityEditor.Search:ASIAI0B' with importer (ScriptedImporter : UnityEditor.QuickSearchModule:UnityEditor.Search:ASIAI0B)
Imported 'GUID: 9e355d6040d494ded95f7b8bd325e899' -> (Import Result ID: '953b226e35fe2ef8f7afb0685aa8e062') in 0.007 seconds [static and dynamic dependencies]. Details - ImportResultOutputID=b5f7394cf30bfce405c9042dd73778fc DependenciesID=6e584f08a72788d3ba8247f3680b1063 StaticDependenciesID=3ae6b65c3c46f6bf72064a286905a8e9 
Number of updated asset objects reloaded before import = 0
Number of asset objects unloaded after import = 1
========================================================================
Received Import Request.
  Time of request: 2026-09-06T07:59:55.5528431Z
  Time since last request: 0.0002758 seconds.
  importAddress: GUID: da047b2433894bf182b9e42abb971f5f - Path: Packages/com.unity.splines/Editor/Tools/SplineToolContext.cs - Importer: ScriptedImporter/UnityEditor.QuickSearchModule:UnityEditor.Search:ASIAI0B
Importing 'GUID: da047b2433894bf182b9e42abb971f5f - Path: Packages/com.unity.splines/Editor/Tools/SplineToolContext.cs - Importer: ScriptedImporter/UnityEditor.QuickSearchModule:UnityEditor.Search:ASIAI0B' with importer (ScriptedImporter : UnityEditor.QuickSearchModule:UnityEditor.Search:ASIAI0B)
Imported 'GUID: da047b2433894bf182b9e42abb971f5f' -> (Import Result ID: '68448f4ec727cb6daa280a480f679c63') in 0.004 seconds [static and dynamic dependencies]. Details - ImportResultOutputID=cefd1a89d1f34cb9b05ae0ebdb81def3 DependenciesID=9869ac55be4660bd91d60d414efaa3db StaticDependenciesID=c2c77d7466c2e3298293ee7eb96304f6 
Number of updated asset objects reloaded before import = 0
Number of asset objects unloaded after import = 0
========================================================================
Received Import Request.
  Time of request: 2026-09-06T07:59:55.5687225Z
  Time since last request: 0.0005631 seconds.
  importAddress: GUID: 2a3daea46c599324e873f935ab08000a - Path: Assets/Starter Assets/Runtime/ThirdPersonController/Character/Textures/Armature_Body_Normal.tif - Importer: ScriptedImporter/UnityEditor.QuickSearchModule:UnityEditor.Search:ASIAI0B
Importing 'GUID: 2a3daea46c599324e873f935ab08000a - Path: Assets/Starter Assets/Runtime/ThirdPersonController/Character/Textures/Armature_Body_Normal.tif - Importer: ScriptedImporter/UnityEditor.QuickSearchModule:UnityEditor.Search:ASIAI0B' with importer (ScriptedImporter : UnityEditor.QuickSearchModule:UnityEditor.Search:ASIAI0B)
Imported 'GUID: 2a3daea46c599324e873f935ab08000a' -> (Import Result ID: '3c39fd12ec962ed7533bda07b37c1ee0') in 0.011 seconds [static and dynamic dependencies]. Details - ImportResultOutputID=bb50044a935de8cfacdb5b84c268207f DependenciesID=caca9de441f0f3586c7f0bcfe2465d28 StaticDependenciesID=fa497b778e8dd3895f1bca65e27ab143 
Number of updated asset objects reloaded before import = 0
Number of asset objects unloaded after import = 1
========================================================================
Received Import Request.
  Time of request: 2026-09-06T07:59:55.5899725Z
  Time since last request: 0.000354 seconds.
  importAddress: GUID: 7b0e507958fc3a940b3afabb02fdb2cc - Path: Assets/Starter Assets/Runtime/Mobile/Scripts - Importer: ScriptedImporter/UnityEditor.QuickSearchModule:UnityEditor.Search:ASIAI0B
Importing 'GUID: 7b0e507958fc3a940b3afabb02fdb2cc - Path: Assets/Starter Assets/Runtime/Mobile/Scripts - Importer: ScriptedImporter/UnityEditor.QuickSearchModule:UnityEditor.Search:ASIAI0B' with importer (ScriptedImporter : UnityEditor.QuickSearchModule:UnityEditor.Search:ASIAI0B)
Imported 'GUID: 7b0e507958fc3a940b3afabb02fdb2cc' -> (Import Result ID: 'eced87e3a9274ca422e79ee75d9d5fac') in 0.004 seconds [static and dynamic dependencies]. Details - ImportResultOutputID=0d75a10f8c692b73faba5c09b77dcac9 DependenciesID=9513eca21ae8a9e5e61e06523055c9d7 StaticDependenciesID=3ef7d3b94884cb8a860b59384920dfd1 
Number of updated asset objects reloaded before import = 0
Number of asset objects unloaded after import = 1
========================================================================
Received Import Request.
  Time of request: 2026-09-06T07:59:55.6064554Z
  Time since last request: 0.0004032 seconds.
  importAddress: GUID: 107f80db9cc8434c94d28d818be09f54 - Path: Packages/com.unity.splines/Runtime/SplinePath.cs - Importer: ScriptedImporter/UnityEditor.QuickSearchModule:UnityEditor.Search:ASIAI0B
Importing 'GUID: 107f80db9cc8434c94d28d818be09f54 - Path: Packages/com.unity.splines/Runtime/SplinePath.cs - Importer: ScriptedImporter/UnityEditor.QuickSearchModule:UnityEditor.Search:ASIAI0B' with importer (ScriptedImporter : UnityEditor.QuickSearchModule:UnityEditor.Search:ASIAI0B)
Imported 'GUID: 107f80db9cc8434c94d28d818be09f54' -> (Import Result ID: 'f0ce2a16a4b46b769c0a91c4cc6ac677') in 0.004 seconds [static and dynamic dependencies]. Details - ImportResultOutputID=0dd538edfffbb7a5ee6367f565d41fe7 DependenciesID=084ed6946c9986aa1c6e893fbcb0553b StaticDependenciesID=52a2a2533f0fbd6d49ab8fcf178a9239 
Number of updated asset objects reloaded before import = 0
Number of asset objects unloaded after import = 0
========================================================================
Received Import Request.
  Time of request: 2026-09-06T07:59:55.622279Z
  Time since last request: 0.0004179 seconds.
  importAddress: GUID: 8ad60cb17f7694c43a8190c617281753 - Path: Packages/com.unity.cinemachine/Editor/Editors/CinemachineMixingCameraEditor.cs - Importer: ScriptedImporter/UnityEditor.QuickSearchModule:UnityEditor.Search:ASIAI0B
Importing 'GUID: 8ad60cb17f7694c43a8190c617281753 - Path: Packages/com.unity.cinemachine/Editor/Editors/CinemachineMixingCameraEditor.cs - Importer: ScriptedImporter/UnityEditor.QuickSearchModule:UnityEditor.Search:ASIAI0B' with importer (ScriptedImporter : UnityEditor.QuickSearchModule:UnityEditor.Search:ASIAI0B)
Imported 'GUID: 8ad60cb17f7694c43a8190c617281753' -> (Import Result ID: 'c60a9403bea79017c292d1745b3e3811') in 0.005 seconds [static and dynamic dependencies]. Details - ImportResultOutputID=9c0f650dc239bf070e1a94f96c701317 DependenciesID=a41d2a5412ef9db4a680de197c16d0bc StaticDependenciesID=e8df3b33ec2533878fd399f0eac1b860 
Number of updated asset objects reloaded before import = 0
Number of asset objects unloaded after import = 0
========================================================================
Received Import Request.
  Time of request: 2026-09-06T07:59:55.6389224Z
  Time since last request: 0.0004586 seconds.
  importAddress: GUID: ede6128040e87a146aa6430dfad44478 - Path: Packages/com.unity.splines/Runtime/AssemblyInfo.cs - Importer: ScriptedImporter/UnityEditor.QuickSearchModule:UnityEditor.Search:ASIAI0B
Importing 'GUID: ede6128040e87a146aa6430dfad44478 - Path: Packages/com.unity.splines/Runtime/AssemblyInfo.cs - Importer: ScriptedImporter/UnityEditor.QuickSearchModule:UnityEditor.Search:ASIAI0B' with importer (ScriptedImporter : UnityEditor.QuickSearchModule:UnityEditor.Search:ASIAI0B)
Imported 'GUID: ede6128040e87a146aa6430dfad44478' -> (Import Result ID: 'b228482d1bd48a9fa5e2cbd14bce9baf') in 0.004 seconds [static and dynamic dependencies]. Details - ImportResultOutputID=ee667e375d106776ceab69f2b0928cac DependenciesID=83d740f000cce774694bbd8faea1be0e StaticDependenciesID=6f6620a61b0506d7f10dca89296d1cc7 
Number of updated asset objects reloaded before import = 0
Number of asset objects unloaded after import = 0
========================================================================
Received Import Request.
  Time of request: 2026-09-06T07:59:55.6556312Z
  Time since last request: 0.000743 seconds.
  importAddress: GUID: a2bcf7dacc7ccab43a56f7d1e685e89d - Path: Packages/com.unity.cinemachine/Runtime/Core/SplineContainerExtensions.cs - Importer: ScriptedImporter/UnityEditor.QuickSearchModule:UnityEditor.Search:ASIAI0B
Importing 'GUID: a2bcf7dacc7ccab43a56f7d1e685e89d - Path: Packages/com.unity.cinemachine/Runtime/Core/SplineContainerExtensions.cs - Importer: ScriptedImporter/UnityEditor.QuickSearchModule:UnityEditor.Search:ASIAI0B' with importer (ScriptedImporter : UnityEditor.QuickSearchModule:UnityEditor.Search:ASIAI0B)
Imported 'GUID: a2bcf7dacc7ccab43a56f7d1e685e89d' -> (Import Result ID: '93ef2cb70d7b307a42a3d3117337329f') in 0.005 seconds [static and dynamic dependencies]. Details - ImportResultOutputID=a96a9ee5353fb9e5b589ba2381bce32f DependenciesID=e983c30a2d3294650a840c6c1fbfd367 StaticDependenciesID=af9050863ee7b9e015ac350cef03186b 
Number of updated asset objects reloaded before import = 0
Number of asset objects unloaded after import = 0
========================================================================
Received Import Request.
  Time of request: 2026-09-06T07:59:55.6876633Z
  Time since last request: 0.0158996 seconds.
  importAddress: GUID: fabb19b3ae73449c856bc82fcaf6831c - Path: Packages/com.unity.cinemachine/Runtime/Core/ConfinerOven.cs - Importer: ScriptedImporter/UnityEditor.QuickSearchModule:UnityEditor.Search:ASIAI0B
Importing 'GUID: fabb19b3ae73449c856bc82fcaf6831c - Path: Packages/com.unity.cinemachine/Runtime/Core/ConfinerOven.cs - Importer: ScriptedImporter/UnityEditor.QuickSearchModule:UnityEditor.Search:ASIAI0B' with importer (ScriptedImporter : UnityEditor.QuickSearchModule:UnityEditor.Search:ASIAI0B)
Imported 'GUID: fabb19b3ae73449c856bc82fcaf6831c' -> (Import Result ID: '90917debb3e0995183cf157ed1061e08') in 0.003 seconds [static and dynamic dependencies]. Details - ImportResultOutputID=f97bb8d29311341e74a5606439e0c679 DependenciesID=c371040c5bf9a9bd722fe9acd5684ffd StaticDependenciesID=17de010c08433d2464e44dc8f44d08e8 
Number of updated asset objects reloaded before import = 0
Number of asset objects unloaded after import = 0
========================================================================
Received Import Request.
  Time of request: 2026-09-06T07:59:55.7008488Z
  Time since last request: 0.000871 seconds.
  importAddress: GUID: e73adacd5e8f6fc45a491dbd62e71ead - Path: Assets/Starter Assets/Runtime/ThirdPersonController/Character/Textures/Armature_Body_MetallicSmoothness.tif - Importer: ScriptedImporter/UnityEditor.QuickSearchModule:UnityEditor.Search:ASIAI0B
Importing 'GUID: e73adacd5e8f6fc45a491dbd62e71ead - Path: Assets/Starter Assets/Runtime/ThirdPersonController/Character/Textures/Armature_Body_MetallicSmoothness.tif - Importer: ScriptedImporter/UnityEditor.QuickSearchModule:UnityEditor.Search:ASIAI0B' with importer (ScriptedImporter : UnityEditor.QuickSearchModule:UnityEditor.Search:ASIAI0B)
Imported 'GUID: e73adacd5e8f6fc45a491dbd62e71ead' -> (Import Result ID: 'a90ce2d5c4f97a2b9f4053d94af2178d') in 0.013 seconds [static and dynamic dependencies]. Details - ImportResultOutputID=e6de6553491719842bc32306748df583 DependenciesID=2fa8bc80acc5121e5c71c48768e7f679 StaticDependenciesID=cfb910fa74f7785dd5a7b4b75a1574ba 
Number of updated asset objects reloaded before import = 0
Number of asset objects unloaded after import = 1
========================================================================
Received Import Request.
  Time of request: 2026-09-06T07:59:55.7251695Z
  Time since last request: 0.0003691 seconds.
  importAddress: GUID: ef6290eaad7c44a918886c5d1995a421 - Path: Packages/com.unity.splines/Editor/Editor Resources/Icons/d_ToolHandleElement.png - Importer: ScriptedImporter/UnityEditor.QuickSearchModule:UnityEditor.Search:ASIAI0B
Importing 'GUID: ef6290eaad7c44a918886c5d1995a421 - Path: Packages/com.unity.splines/Editor/Editor Resources/Icons/d_ToolHandleElement.png - Importer: ScriptedImporter/UnityEditor.QuickSearchModule:UnityEditor.Search:ASIAI0B' with importer (ScriptedImporter : UnityEditor.QuickSearchModule:UnityEditor.Search:ASIAI0B)
Imported 'GUID: ef6290eaad7c44a918886c5d1995a421' -> (Import Result ID: '7617ef22965a3e94aa12e771374e9039') in 0.008 seconds [static and dynamic dependencies]. Details - ImportResultOutputID=cfeb8c6a1a95cea9888b4b6b1c42abac DependenciesID=68dc1145ad8a0746602dfa8ec1b7afb5 StaticDependenciesID=73a818406af9eaef14523c30c5a7a435 
Number of updated asset objects reloaded before import = 0
Number of asset objects unloaded after import = 1
========================================================================
Received Import Request.
  Time of request: 2026-09-06T07:59:55.7441777Z
  Time since last request: 0.0005488 seconds.
  importAddress: GUID: 004bce94384eadb4ebd753c96f4ecc5f - Path: Packages/com.unity.splines/Editor/Utilities/SplineGizmoUtility.cs - Importer: ScriptedImporter/UnityEditor.QuickSearchModule:UnityEditor.Search:ASIAI0B
Importing 'GUID: 004bce94384eadb4ebd753c96f4ecc5f - Path: Packages/com.unity.splines/Editor/Utilities/SplineGizmoUtility.cs - Importer: ScriptedImporter/UnityEditor.QuickSearchModule:UnityEditor.Search:ASIAI0B' with importer (ScriptedImporter : UnityEditor.QuickSearchModule:UnityEditor.Search:ASIAI0B)
Imported 'GUID: 004bce94384eadb4ebd753c96f4ecc5f' -> (Import Result ID: 'a451d871a694a7c05336134245a77a68') in 0.004 seconds [static and dynamic dependencies]. Details - ImportResultOutputID=d27991442a13d56c04eb01569fb1db43 DependenciesID=b293ca573f0a8717c6f7aa43fe91b5b2 StaticDependenciesID=28d405e7b0934ac7b52d0f5a012432dc 
Number of updated asset objects reloaded before import = 0
Number of asset objects unloaded after import = 0
========================================================================
Received Import Request.
  Time of request: 2026-09-06T07:59:55.7591987Z
  Time since last request: 0.0005324 seconds.
  importAddress: GUID: eac3fab9344333949be4dd5d505179d9 - Path: Packages/com.unity.splines/Editor/Editor Resources/Icons/d_Tangent_Continuous@2x.png - Importer: ScriptedImporter/UnityEditor.QuickSearchModule:UnityEditor.Search:ASIAI0B
Importing 'GUID: eac3fab9344333949be4dd5d505179d9 - Path: Packages/com.unity.splines/Editor/Editor Resources/Icons/d_Tangent_Continuous@2x.png - Importer: ScriptedImporter/UnityEditor.QuickSearchModule:UnityEditor.Search:ASIAI0B' with importer (ScriptedImporter : UnityEditor.QuickSearchModule:UnityEditor.Search:ASIAI0B)
Imported 'GUID: eac3fab9344333949be4dd5d505179d9' -> (Import Result ID: 'a9e54713849379748779b4805e35dd68') in 0.008 seconds [static and dynamic dependencies]. Details - ImportResultOutputID=f5c64ed787301c6ad7d9e22acaae1390 DependenciesID=7554b76c04c613ebe2a7812161150900 StaticDependenciesID=2cbc144969f356c672f4f1210472030f 
Number of updated asset objects reloaded before import = 0
Number of asset objects unloaded after import = 1
========================================================================
Received Import Request.
  Time of request: 2026-09-06T07:59:55.7784977Z
  Time since last request: 0.0004139 seconds.
  importAddress: GUID: 26228ca4ee1f8eb44b0c159e0fc0ddec - Path: Packages/com.unity.splines/Editor/GUI/Editors/TangentPropertyField.cs - Importer: ScriptedImporter/UnityEditor.QuickSearchModule:UnityEditor.Search:ASIAI0B
Importing 'GUID: 26228ca4ee1f8eb44b0c159e0fc0ddec - Path: Packages/com.unity.splines/Editor/GUI/Editors/TangentPropertyField.cs - Importer: ScriptedImporter/UnityEditor.QuickSearchModule:UnityEditor.Search:ASIAI0B' with importer (ScriptedImporter : UnityEditor.QuickSearchModule:UnityEditor.Search:ASIAI0B)
Imported 'GUID: 26228ca4ee1f8eb44b0c159e0fc0ddec' -> (Import Result ID: '6305acc1bafcd6a82ba8fe8a35486bad') in 0.005 seconds [static and dynamic dependencies]. Details - ImportResultOutputID=bdfd6f27430961627d69fa671f4420ae DependenciesID=bcc9231dfd2b2a7f459c17a25bc5a432 StaticDependenciesID=906007208d2eacbbb91b84e4138c456c 
Number of updated asset objects reloaded before import = 0
Number of asset objects unloaded after import = 0
========================================================================
Received Import Request.
  Time of request: 2026-09-06T07:59:55.7954974Z
  Time since last request: 0.0008352 seconds.
  importAddress: GUID: a6c59f50ab3b47fba320494d3f3defa5 - Path: Packages/com.unity.splines/Runtime/CurveUtility.cs - Importer: ScriptedImporter/UnityEditor.QuickSearchModule:UnityEditor.Search:ASIAI0B
Importing 'GUID: a6c59f50ab3b47fba320494d3f3defa5 - Path: Packages/com.unity.splines/Runtime/CurveUtility.cs - Importer: ScriptedImporter/UnityEditor.QuickSearchModule:UnityEditor.Search:ASIAI0B' with importer (ScriptedImporter : UnityEditor.QuickSearchModule:UnityEditor.Search:ASIAI0B)
Imported 'GUID: a6c59f50ab3b47fba320494d3f3defa5' -> (Import Result ID: '03a6d6157803e6f0d02802319f7e7287') in 0.003 seconds [static and dynamic dependencies]. Details - ImportResultOutputID=c7b8ed547a686628e0cae10e6baf580f DependenciesID=af84fbc2e849ed57231a9907e44b0882 StaticDependenciesID=69128955421342616714301decf0a582 
Number of updated asset objects reloaded before import = 0
Number of asset objects unloaded after import = 0
========================================================================
Received Import Request.
  Time of request: 2026-09-06T07:59:55.8114191Z
  Time since last request: 0.000563 seconds.
  importAddress: GUID: 22db1f6f78cfb3440835ed6dee5f8e9e - Path: Assets/Starter Assets/Runtime/ThirdPersonController/Scripts - Importer: ScriptedImporter/UnityEditor.QuickSearchModule:UnityEditor.Search:ASIAI0B
Importing 'GUID: 22db1f6f78cfb3440835ed6dee5f8e9e - Path: Assets/Starter Assets/Runtime/ThirdPersonController/Scripts - Importer: ScriptedImporter/UnityEditor.QuickSearchModule:UnityEditor.Search:ASIAI0B' with importer (ScriptedImporter : UnityEditor.QuickSearchModule:UnityEditor.Search:ASIAI0B)
Imported 'GUID: 22db1f6f78cfb3440835ed6dee5f8e9e' -> (Import Result ID: 'b3749037d9beba3cf332617c38093513') in 0.003 seconds [static and dynamic dependencies]. Details - ImportResultOutputID=4367252706eec87410abd3a5d664efbe DependenciesID=d593b16799a0097644c8a18138a10f88 StaticDependenciesID=cab2299ea8437effde1b0c15edd3536b 
Number of updated asset objects reloaded before import = 0
Number of asset objects unloaded after import = 1
========================================================================
Received Import Request.
  Time of request: 2026-09-06T07:59:55.8265033Z
  Time since last request: 0.0007283 seconds.
  importAddress: GUID: 15ef94834d9e4aa44ac8fe619843346b - Path: Packages/com.unity.cinemachine/Editor/Obsolete/BaseEditor.cs - Importer: ScriptedImporter/UnityEditor.QuickSearchModule:UnityEditor.Search:ASIAI0B
Importing 'GUID: 15ef94834d9e4aa44ac8fe619843346b - Path: Packages/com.unity.cinemachine/Editor/Obsolete/BaseEditor.cs - Importer: ScriptedImporter/UnityEditor.QuickSearchModule:UnityEditor.Search:ASIAI0B' with importer (ScriptedImporter : UnityEditor.QuickSearchModule:UnityEditor.Search:ASIAI0B)
Imported 'GUID: 15ef94834d9e4aa44ac8fe619843346b' -> (Import Result ID: '32cb2173c5ad946d50f2f2f82a95fcd2') in 0.004 seconds [static and dynamic dependencies]. Details - ImportResultOutputID=0b306c14714529c9edd748129c09ff0f DependenciesID=968afb69b920d3892811f26ddbdd4547 StaticDependenciesID=07a2e5ffcb809604e65288b59a349657 
Number of updated asset objects reloaded before import = 0
Number of asset objects unloaded after import = 0
========================================================================
Received Import Request.
  Time of request: 2026-09-06T07:59:55.8418077Z
  Time since last request: 0.000647 seconds.
  importAddress: GUID: 0b9129ed6a1eebe48b297bed06a9694e - Path: Packages/com.unity.splines/Editor/GUI/SplineMenu.cs - Importer: ScriptedImporter/UnityEditor.QuickSearchModule:UnityEditor.Search:ASIAI0B
Importing 'GUID: 0b9129ed6a1eebe48b297bed06a9694e - Path: Packages/com.unity.splines/Editor/GUI/SplineMenu.cs - Importer: ScriptedImporter/UnityEditor.QuickSearchModule:UnityEditor.Search:ASIAI0B' with importer (ScriptedImporter : UnityEditor.QuickSearchModule:UnityEditor.Search:ASIAI0B)
Imported 'GUID: 0b9129ed6a1eebe48b297bed06a9694e' -> (Import Result ID: 'ff04e2f25e517a9230a68a1f7c7edd41') in 0.004 seconds [static and dynamic dependencies]. Details - ImportResultOutputID=0c7e255990fdd493824df83253268fcb DependenciesID=53b1462a6c50efc89cd5767cf3f18951 StaticDependenciesID=ba9caa2c628d66914f2f3bb9995a62af 
Number of updated asset objects reloaded before import = 0
Number of asset objects unloaded after import = 0
========================================================================
Received Import Request.
  Time of request: 2026-09-06T07:59:55.8581314Z
  Time since last request: 0.0004192 seconds.
  importAddress: GUID: 3b3f7400d3526e9429c39d03afb714b3 - Path: Assets/Starter Assets/Sample/ThirdPersonController/PlaygroundSettings.lighting - Importer: ScriptedImporter/UnityEditor.QuickSearchModule:UnityEditor.Search:ASIAI0B
Importing 'GUID: 3b3f7400d3526e9429c39d03afb714b3 - Path: Assets/Starter Assets/Sample/ThirdPersonController/PlaygroundSettings.lighting - Importer: ScriptedImporter/UnityEditor.QuickSearchModule:UnityEditor.Search:ASIAI0B' with importer (ScriptedImporter : UnityEditor.QuickSearchModule:UnityEditor.Search:ASIAI0B)
LightingSettings: switching bake backend from 2 to 1.
Imported 'GUID: 3b3f7400d3526e9429c39d03afb714b3' -> (Import Result ID: 'eaf0d039d71caf88afa3eb087ac254e4') in 0.011 seconds [static and dynamic dependencies]. Details - ImportResultOutputID=81991dbf77c205b1f49d80b57d7ba828 DependenciesID=c4824d163c95369137c681f39e42fded StaticDependenciesID=f6a3b2084793a30ad6a3660d6dba3060 
Number of updated asset objects reloaded before import = 0
Number of asset objects unloaded after import = 1
========================================================================
Received Import Request.
  Time of request: 2026-09-06T07:59:55.8847119Z
  Time since last request: 0.0003962 seconds.
  importAddress: GUID: fb024c18385f48b2a19f13c118236f4a - Path: Packages/com.unity.cinemachine/Editor/Utility/IconUtility.cs - Importer: ScriptedImporter/UnityEditor.QuickSearchModule:UnityEditor.Search:ASIAI0B
Importing 'GUID: fb024c18385f48b2a19f13c118236f4a - Path: Packages/com.unity.cinemachine/Editor/Utility/IconUtility.cs - Importer: ScriptedImporter/UnityEditor.QuickSearchModule:UnityEditor.Search:ASIAI0B' with importer (ScriptedImporter : UnityEditor.QuickSearchModule:UnityEditor.Search:ASIAI0B)
Imported 'GUID: fb024c18385f48b2a19f13c118236f4a' -> (Import Result ID: 'db94185a6359e01bea659def42a8fe10') in 0.004 seconds [static and dynamic dependencies]. Details - ImportResultOutputID=638a10898313b960bcb72d2d50d23b65 DependenciesID=632d31c6309bc36ea7cbca708e3ab1ed StaticDependenciesID=1ef1c4ed3fae9a97d0a24fdde48d98ba 
Number of updated asset objects reloaded before import = 0
Number of asset objects unloaded after import = 0
========================================================================
Received Import Request.
  Time of request: 2026-09-06T07:59:55.9008046Z
  Time since last request: 0.0012095 seconds.
  importAddress: GUID: e2408873163918f4da4afc37c51b1586 - Path: Packages/com.unity.cinemachine/Runtime/Impulse - Importer: ScriptedImporter/UnityEditor.QuickSearchModule:UnityEditor.Search:ASIAI0B
Importing 'GUID: e2408873163918f4da4afc37c51b1586 - Path: Packages/com.unity.cinemachine/Runtime/Impulse - Importer: ScriptedImporter/UnityEditor.QuickSearchModule:UnityEditor.Search:ASIAI0B' with importer (ScriptedImporter : UnityEditor.QuickSearchModule:UnityEditor.Search:ASIAI0B)
Imported 'GUID: e2408873163918f4da4afc37c51b1586' -> (Import Result ID: 'ee9dff8b656dd31a84d15fc6ff555ed1') in 0.004 seconds [static and dynamic dependencies]. Details - ImportResultOutputID=6703c98db2e0676a834ee0187c3d59e3 DependenciesID=b1b601783e033fb30ee2154477e4520f StaticDependenciesID=31aaf9c4a1f5a31c92695958ba4926b3 
Number of updated asset objects reloaded before import = 0
Number of asset objects unloaded after import = 1
========================================================================
Received Import Request.
  Time of request: 2026-09-06T07:59:55.9154992Z
  Time since last request: 0.0003958 seconds.
  importAddress: GUID: 40db3173a05ae3242b1c182a09b0a183 - Path: Assets/Starter Assets/Runtime/ThirdPersonController/Character/Animations/StarterAssetsThirdPerson.controller - Importer: ScriptedImporter/UnityEditor.QuickSearchModule:UnityEditor.Search:ASIAI0B
Importing 'GUID: 40db3173a05ae3242b1c182a09b0a183 - Path: Assets/Starter Assets/Runtime/ThirdPersonController/Character/Animations/StarterAssetsThirdPerson.controller - Importer: ScriptedImporter/UnityEditor.QuickSearchModule:UnityEditor.Search:ASIAI0B' with importer (ScriptedImporter : UnityEditor.QuickSearchModule:UnityEditor.Search:ASIAI0B)
Imported 'GUID: 40db3173a05ae3242b1c182a09b0a183' -> (Import Result ID: '0cd41b5a6740500d447f8b64eaca807d') in 0.013 seconds [static and dynamic dependencies]. Details - ImportResultOutputID=e16e3611fc11672b17e187585a5bdbf5 DependenciesID=78a6ec1bb892fbee5ca5ec0cbc28b2b7 StaticDependenciesID=f5c3f5aa46d57999474044502e8e7a7f 
Number of updated asset objects reloaded before import = 0
Number of asset objects unloaded after import = 21
========================================================================
Received Import Request.
  Time of request: 2026-09-06T07:59:55.9396339Z
  Time since last request: 0.0000276 seconds.
  importAddress: GUID: e594e6332dafb25439a0297f02522be5 - Path: Packages/com.unity.cinemachine/Runtime/SaveDuringPlay/Attributes.cs - Importer: ScriptedImporter/UnityEditor.QuickSearchModule:UnityEditor.Search:ASIAI0B
Importing 'GUID: e594e6332dafb25439a0297f02522be5 - Path: Packages/com.unity.cinemachine/Runtime/SaveDuringPlay/Attributes.cs - Importer: ScriptedImporter/UnityEditor.QuickSearchModule:UnityEditor.Search:ASIAI0B' with importer (ScriptedImporter : UnityEditor.QuickSearchModule:UnityEditor.Search:ASIAI0B)
Imported 'GUID: e594e6332dafb25439a0297f02522be5' -> (Import Result ID: 'dc0c032df9d4117b8b3767c6dfa5675d') in 0.003 seconds [static and dynamic dependencies]. Details - ImportResultOutputID=922c48ca9c98fb5a86b1ccf86bd72ef5 DependenciesID=43b8bfa9d0213b3d14ed797c72fc7610 StaticDependenciesID=50163934e1541699c345d9770bf170ad 
Number of updated asset objects reloaded before import = 0
Number of asset objects unloaded after import = 0
========================================================================
Received Import Request.
  Time of request: 2026-09-06T07:59:55.9567733Z
  Time since last request: 0.000571 seconds.
  importAddress: GUID: 6042ea3ccf1fb5c45b533a9d67e956b7 - Path: Packages/com.unity.splines/Editor/Controls - Importer: ScriptedImporter/UnityEditor.QuickSearchModule:UnityEditor.Search:ASIAI0B
Importing 'GUID: 6042ea3ccf1fb5c45b533a9d67e956b7 - Path: Packages/com.unity.splines/Editor/Controls - Importer: ScriptedImporter/UnityEditor.QuickSearchModule:UnityEditor.Search:ASIAI0B' with importer (ScriptedImporter : UnityEditor.QuickSearchModule:UnityEditor.Search:ASIAI0B)
Imported 'GUID: 6042ea3ccf1fb5c45b533a9d67e956b7' -> (Import Result ID: 'aae02a8850b21d45a3eb439bf3abd34c') in 0.004 seconds [static and dynamic dependencies]. Details - ImportResultOutputID=e6cc23baf69b3d867a78183684efdbe7 DependenciesID=27f110ff4ff716fefb38eff614e2b705 StaticDependenciesID=7dfbdd2f3c5fe39cfec4656f74f4186c 
Number of updated asset objects reloaded before import = 0
Number of asset objects unloaded after import = 1
========================================================================
Received Import Request.
  Time of request: 2026-09-06T07:59:55.973639Z
  Time since last request: 0.0004368 seconds.
  importAddress: GUID: 4589b87b8508f6e48b8fddb385924b16 - Path: Assets/Starter Assets/Sample/Environment/Art/Materials/URP_HDRP_ShaderGraph/ShaderGraphGrid_01_Mat.mat - Importer: ScriptedImporter/UnityEditor.QuickSearchModule:UnityEditor.Search:ASIAI0B
Importing 'GUID: 4589b87b8508f6e48b8fddb385924b16 - Path: Assets/Starter Assets/Sample/Environment/Art/Materials/URP_HDRP_ShaderGraph/ShaderGraphGrid_01_Mat.mat - Importer: ScriptedImporter/UnityEditor.QuickSearchModule:UnityEditor.Search:ASIAI0B' with importer (ScriptedImporter : UnityEditor.QuickSearchModule:UnityEditor.Search:ASIAI0B)
Imported 'GUID: 4589b87b8508f6e48b8fddb385924b16' -> (Import Result ID: '3208ae9521675dfe2151efea93eed627') in 0.183 seconds [static and dynamic dependencies]. Details - ImportResultOutputID=a194d5e7f542bdf37fcc00d12a0baaa7 DependenciesID=a3aaf490575a19946e58eccf85ea909b StaticDependenciesID=7bb9892ad987d8f32012750c29fe6458 
Number of updated asset objects reloaded before import = 0
Number of asset objects unloaded after import = 9
========================================================================
Received Import Request.
  Time of request: 2026-09-06T07:59:56.1694464Z
  Time since last request: 0.0000263 seconds.
  importAddress: GUID: 8fc7f39a958ecd34bb26780bce46186a - Path: Packages/com.unity.cinemachine/Editor/Editors/CinemachinePixelPerfectEditor.cs - Importer: ScriptedImporter/UnityEditor.QuickSearchModule:UnityEditor.Search:ASIAI0B
Importing 'GUID: 8fc7f39a958ecd34bb26780bce46186a - Path: Packages/com.unity.cinemachine/Editor/Editors/CinemachinePixelPerfectEditor.cs - Importer: ScriptedImporter/UnityEditor.QuickSearchModule:UnityEditor.Search:ASIAI0B' with importer (ScriptedImporter : UnityEditor.QuickSearchModule:UnityEditor.Search:ASIAI0B)
Imported 'GUID: 8fc7f39a958ecd34bb26780bce46186a' -> (Import Result ID: 'e69a4abe25c4230f5a299dc5bbf7c515') in 0.008 seconds [static and dynamic dependencies]. Details - ImportResultOutputID=2f54afe630d52098dad6394b4e720ee6 DependenciesID=d7af3ed88467c305b0f3aff9aa555853 StaticDependenciesID=30e7eda4dbe70e9abc4959f6f01663a4 
Number of updated asset objects reloaded before import = 0
Number of asset objects unloaded after import = 0
========================================================================
Received Import Request.
  Time of request: 2026-09-06T07:59:56.1893524Z
  Time since last request: 0.0007725 seconds.
  importAddress: GUID: d24df0ec3bfaed049b831d1729b637ab - Path: Packages/com.unity.cinemachine/Editor/Editors/InputAxisControllerEditor.cs - Importer: ScriptedImporter/UnityEditor.QuickSearchModule:UnityEditor.Search:ASIAI0B
Importing 'GUID: d24df0ec3bfaed049b831d1729b637ab - Path: Packages/com.unity.cinemachine/Editor/Editors/InputAxisControllerEditor.cs - Importer: ScriptedImporter/UnityEditor.QuickSearchModule:UnityEditor.Search:ASIAI0B' with importer (ScriptedImporter : UnityEditor.QuickSearchModule:UnityEditor.Search:ASIAI0B)
Imported 'GUID: d24df0ec3bfaed049b831d1729b637ab' -> (Import Result ID: 'ff5823ca0077366b44177d83d5fc955f') in 0.005 seconds [static and dynamic dependencies]. Details - ImportResultOutputID=28a53e862f83bf842c80eaee20bf3557 DependenciesID=f93cd25a7617c129fcac46fd19636875 StaticDependenciesID=5ca622affa2e0549826ae58e7f867794 
Number of updated asset objects reloaded before import = 0
Number of asset objects unloaded after import = 0
========================================================================
Received Import Request.
  Time of request: 2026-09-06T07:59:56.2053626Z
  Time since last request: 0.0003548 seconds.
  importAddress: GUID: 20e46be82478fa24b90f748044c06b4b - Path: Packages/com.unity.cinemachine/Presets/Noise/Handheld_wideangle_strong.asset - Importer: ScriptedImporter/UnityEditor.QuickSearchModule:UnityEditor.Search:ASIAI0B
Importing 'GUID: 20e46be82478fa24b90f748044c06b4b - Path: Packages/com.unity.cinemachine/Presets/Noise/Handheld_wideangle_strong.asset - Importer: ScriptedImporter/UnityEditor.QuickSearchModule:UnityEditor.Search:ASIAI0B' with importer (ScriptedImporter : UnityEditor.QuickSearchModule:UnityEditor.Search:ASIAI0B)
Imported 'GUID: 20e46be82478fa24b90f748044c06b4b' -> (Import Result ID: '29712edfaa1b017288825b5265a7beb3') in 0.005 seconds [static and dynamic dependencies]. Details - ImportResultOutputID=b7900527d7e30aef47b7e3ef13291fd9 DependenciesID=2591022db1509b9470dc1136ffdcaa86 StaticDependenciesID=ffc09bce21e5c37a993c64d4028e09df 
Number of updated asset objects reloaded before import = 0
Number of asset objects unloaded after import = 1
========================================================================
Received Import Request.
  Time of request: 2026-09-06T07:59:56.2222963Z
  Time since last request: 0.0007914 seconds.
  importAddress: GUID: 8332b7ba9ad58d641bb71880befb7da1 - Path: Assets/Starter Assets/Runtime/InputSystem - Importer: ScriptedImporter/UnityEditor.QuickSearchModule:UnityEditor.Search:ASIAI0B
Importing 'GUID: 8332b7ba9ad58d641bb71880befb7da1 - Path: Assets/Starter Assets/Runtime/InputSystem - Importer: ScriptedImporter/UnityEditor.QuickSearchModule:UnityEditor.Search:ASIAI0B' with importer (ScriptedImporter : UnityEditor.QuickSearchModule:UnityEditor.Search:ASIAI0B)
Imported 'GUID: 8332b7ba9ad58d641bb71880befb7da1' -> (Import Result ID: '81fc77ed25e97748575b5c03e24bc130') in 0.004 seconds [static and dynamic dependencies]. Details - ImportResultOutputID=8eea3316c343885ec93d895fb1e3bc0a DependenciesID=e54c9653fb3147dc4da91cf9af3858b7 StaticDependenciesID=63856452de432df809967563ab8c9543 
Number of updated asset objects reloaded before import = 0
Number of asset objects unloaded after import = 1
========================================================================
Received Import Request.
  Time of request: 2026-09-06T07:59:56.2383108Z
  Time since last request: 0.0008281 seconds.
  importAddress: GUID: f99c02f4392c29d4dad06bad32b0bfb1 - Path: Assets/Starter Assets/Runtime/ThirdPersonController/Character/Models - Importer: ScriptedImporter/UnityEditor.QuickSearchModule:UnityEditor.Search:ASIAI0B
Importing 'GUID: f99c02f4392c29d4dad06bad32b0bfb1 - Path: Assets/Starter Assets/Runtime/ThirdPersonController/Character/Models - Importer: ScriptedImporter/UnityEditor.QuickSearchModule:UnityEditor.Search:ASIAI0B' with importer (ScriptedImporter : UnityEditor.QuickSearchModule:UnityEditor.Search:ASIAI0B)
Imported 'GUID: f99c02f4392c29d4dad06bad32b0bfb1' -> (Import Result ID: 'd426176da50d8dbd2889a5a7711ed690') in 0.006 seconds [static and dynamic dependencies]. Details - ImportResultOutputID=9aa5baee41962156b85e19255432e59e DependenciesID=54af557f7705a9fc8641c91eb5229fd4 StaticDependenciesID=59af0fc08a9d57966d6fd6839526a133 
Number of updated asset objects reloaded before import = 0
Number of asset objects unloaded after import = 1
========================================================================
Received Import Request.
  Time of request: 2026-09-06T07:59:56.256156Z
  Time since last request: 0.0003768 seconds.
  importAddress: GUID: 8288e6110e30c49fe94fa5891135b64d - Path: Packages/com.unity.splines/Editor/Editor Resources/Icons/d_SplineEditMode-Info.png - Importer: ScriptedImporter/UnityEditor.QuickSearchModule:UnityEditor.Search:ASIAI0B
Importing 'GUID: 8288e6110e30c49fe94fa5891135b64d - Path: Packages/com.unity.splines/Editor/Editor Resources/Icons/d_SplineEditMode-Info.png - Importer: ScriptedImporter/UnityEditor.QuickSearchModule:UnityEditor.Search:ASIAI0B' with importer (ScriptedImporter : UnityEditor.QuickSearchModule:UnityEditor.Search:ASIAI0B)
Imported 'GUID: 8288e6110e30c49fe94fa5891135b64d' -> (Import Result ID: 'dcf221ced7b50c137a690046fd5ebbb4') in 0.008 seconds [static and dynamic dependencies]. Details - ImportResultOutputID=b6c9b8058b0d6a0414890f2f5dc8f62d DependenciesID=dfad6db05cb58db97be58e1af7412ecb StaticDependenciesID=d67b356c0ea3fbe9a8807c4da11ec98a 
Number of updated asset objects reloaded before import = 0
Number of asset objects unloaded after import = 1
========================================================================
Received Import Request.
  Time of request: 2026-09-06T07:59:56.2778517Z
  Time since last request: 0.0006777 seconds.
  importAddress: GUID: a936c3509519d6b48bb3a44692f8695a - Path: Assets/Starter Assets/Editor/URPWizard - Importer: ScriptedImporter/UnityEditor.QuickSearchModule:UnityEditor.Search:ASIAI0B
Importing 'GUID: a936c3509519d6b48bb3a44692f8695a - Path: Assets/Starter Assets/Editor/URPWizard - Importer: ScriptedImporter/UnityEditor.QuickSearchModule:UnityEditor.Search:ASIAI0B' with importer (ScriptedImporter : UnityEditor.QuickSearchModule:UnityEditor.Search:ASIAI0B)
Imported 'GUID: a936c3509519d6b48bb3a44692f8695a' -> (Import Result ID: '12091ae292e24560bd77a13456a36021') in 0.004 seconds [static and dynamic dependencies]. Details - ImportResultOutputID=193c5f6bea571152ecd3e0033993b7e7 DependenciesID=b6adc706503d501f676b2ae32cb3e652 StaticDependenciesID=4e6651dd6a38db241fda38d5cba49958 
Number of updated asset objects reloaded before import = 0
Number of asset objects unloaded after import = 1
========================================================================
Received Import Request.
  Time of request: 2026-09-06T07:59:56.2927722Z
  Time since last request: 0.0008924 seconds.
  importAddress: GUID: 33dac614537a60e43ac2b6692f9dc39a - Path: Packages/com.unity.splines/Editor/Core/SelectionContext.cs - Importer: ScriptedImporter/UnityEditor.QuickSearchModule:UnityEditor.Search:ASIAI0B
Importing 'GUID: 33dac614537a60e43ac2b6692f9dc39a - Path: Packages/com.unity.splines/Editor/Core/SelectionContext.cs - Importer: ScriptedImporter/UnityEditor.QuickSearchModule:UnityEditor.Search:ASIAI0B' with importer (ScriptedImporter : UnityEditor.QuickSearchModule:UnityEditor.Search:ASIAI0B)
Imported 'GUID: 33dac614537a60e43ac2b6692f9dc39a' -> (Import Result ID: '760bc8d4a76f39489998297c960c43c7') in 0.003 seconds [static and dynamic dependencies]. Details - ImportResultOutputID=d0fabc7e8b35b31eeb6fcaa8360cce7f DependenciesID=0c630fb7902794cac07dc67932b746c3 StaticDependenciesID=9054e86e320f53ec57b44cef04cab9b4 
Number of updated asset objects reloaded before import = 0
Number of asset objects unloaded after import = 0
========================================================================
Received Import Request.
  Time of request: 2026-09-06T07:59:56.3073749Z
  Time since last request: 0.0005164 seconds.
  importAddress: GUID: 29841e7d5bbfb5b419c9ad16ca8bc4c1 - Path: Assets/Starter Assets/Runtime/ThirdPersonController/Character/Sfx/Player_Footstep_06.wav - Importer: ScriptedImporter/UnityEditor.QuickSearchModule:UnityEditor.Search:ASIAI0B
Importing 'GUID: 29841e7d5bbfb5b419c9ad16ca8bc4c1 - Path: Assets/Starter Assets/Runtime/ThirdPersonController/Character/Sfx/Player_Footstep_06.wav - Importer: ScriptedImporter/UnityEditor.QuickSearchModule:UnityEditor.Search:ASIAI0B' with importer (ScriptedImporter : UnityEditor.QuickSearchModule:UnityEditor.Search:ASIAI0B)
Imported 'GUID: 29841e7d5bbfb5b419c9ad16ca8bc4c1' -> (Import Result ID: 'e30ce33467bcc680e6f883be7277eb4f') in 0.007 seconds [static and dynamic dependencies]. Details - ImportResultOutputID=62af0c928a7b951d7e3048399a351790 DependenciesID=120421d4fbdda888e69fb439d1a1633b StaticDependenciesID=30e97fe301ee07ab76640b2fd8e469db 
Number of updated asset objects reloaded before import = 0
Number of asset objects unloaded after import = 1
========================================================================
Received Import Request.
  Time of request: 2026-09-06T07:59:56.3256868Z
  Time since last request: 0.0003873 seconds.
  importAddress: GUID: 466621a4836aa504c87c15d88722d465 - Path: Assets/Starter Assets/Sample/Environment/Prefabs/Stairs_200x100x200_Prefab.prefab - Importer: ScriptedImporter/UnityEditor.QuickSearchModule:UnityEditor.Search:ASIAI0B
Importing 'GUID: 466621a4836aa504c87c15d88722d465 - Path: Assets/Starter Assets/Sample/Environment/Prefabs/Stairs_200x100x200_Prefab.prefab - Importer: ScriptedImporter/UnityEditor.QuickSearchModule:UnityEditor.Search:ASIAI0B' with importer (ScriptedImporter : UnityEditor.QuickSearchModule:UnityEditor.Search:ASIAI0B)
Imported 'GUID: 466621a4836aa504c87c15d88722d465' -> (Import Result ID: '62fd3e6dafec90f24f3960d2cf1cc2d0') in 0.010 seconds [static and dynamic dependencies]. Details - ImportResultOutputID=7dd9de4617fd861ca2dbfbb8e0e624a1 DependenciesID=a5435d280de1bb923707af7df5d4b867 StaticDependenciesID=36de0cb5195bfd8801452091fe2ac69a 
Number of updated asset objects reloaded before import = 0
Number of asset objects unloaded after import = 10
========================================================================
Received Import Request.
  Time of request: 2026-09-06T07:59:56.3598058Z
  Time since last request: 0.0141136 seconds.
  importAddress: GUID: 6c78c14c4228d46a29bda6557d8041f9 - Path: Assets/Starter Assets/Runtime/Settings/Very High_PipelineAsset.asset - Importer: ScriptedImporter/UnityEditor.QuickSearchModule:UnityEditor.Search:ASIAI0B
Importing 'GUID: 6c78c14c4228d46a29bda6557d8041f9 - Path: Assets/Starter Assets/Runtime/Settings/Very High_PipelineAsset.asset - Importer: ScriptedImporter/UnityEditor.QuickSearchModule:UnityEditor.Search:ASIAI0B' with importer (ScriptedImporter : UnityEditor.QuickSearchModule:UnityEditor.Search:ASIAI0B)
Imported 'GUID: 6c78c14c4228d46a29bda6557d8041f9' -> (Import Result ID: '66f45d495e2387deeeaddaae6d81c0ce') in 0.010 seconds [static and dynamic dependencies]. Details - ImportResultOutputID=13a4a1eafaaeb3e1d0e2b2b0a1586a5e DependenciesID=11147db80b5a71194346c24bff85040a StaticDependenciesID=8fec87c4925f711c46ae7bc8c2c8f8a4 
Number of updated asset objects reloaded before import = 0
Number of asset objects unloaded after import = 2
========================================================================
Received Import Request.
  Time of request: 2026-09-06T07:59:56.3802455Z
  Time since last request: 0.0005011 seconds.
  importAddress: GUID: e21391b51918435b9e07d2f917a37c79 - Path: Packages/com.unity.splines/Editor/GUI/ToolbarsOverlays - Importer: ScriptedImporter/UnityEditor.QuickSearchModule:UnityEditor.Search:ASIAI0B
Importing 'GUID: e21391b51918435b9e07d2f917a37c79 - Path: Packages/com.unity.splines/Editor/GUI/ToolbarsOverlays - Importer: ScriptedImporter/UnityEditor.QuickSearchModule:UnityEditor.Search:ASIAI0B' with importer (ScriptedImporter : UnityEditor.QuickSearchModule:UnityEditor.Search:ASIAI0B)
Imported 'GUID: e21391b51918435b9e07d2f917a37c79' -> (Import Result ID: 'bc34e88393bb636377ee9a24bd44ace5') in 0.004 seconds [static and dynamic dependencies]. Details - ImportResultOutputID=d1fbc58ff5c5cdf7db07b1fdfa6d2124 DependenciesID=e23311c692974743890c9c4df6d0ab48 StaticDependenciesID=97545791bac50078f33c69a1e4081b81 
Number of updated asset objects reloaded before import = 0
Number of asset objects unloaded after import = 1
========================================================================
Received Import Request.
  Time of request: 2026-09-06T07:59:56.3963698Z
  Time since last request: 0.0004568 seconds.
  importAddress: GUID: cdae7080c9b7421bbca5d79fd103c8dd - Path: Packages/com.unity.splines/Runtime/IExtrudeShape.cs - Importer: ScriptedImporter/UnityEditor.QuickSearchModule:UnityEditor.Search:ASIAI0B
Importing 'GUID: cdae7080c9b7421bbca5d79fd103c8dd - Path: Packages/com.unity.splines/Runtime/IExtrudeShape.cs - Importer: ScriptedImporter/UnityEditor.QuickSearchModule:UnityEditor.Search:ASIAI0B' with importer (ScriptedImporter : UnityEditor.QuickSearchModule:UnityEditor.Search:ASIAI0B)
Imported 'GUID: cdae7080c9b7421bbca5d79fd103c8dd' -> (Import Result ID: '447c5a8b20bec3a7adde12bd905a00d2') in 0.004 seconds [static and dynamic dependencies]. Details - ImportResultOutputID=7086d783d1850b6199f02e02379d990a DependenciesID=7b8bf4da40d1b444acb32472fa6b040b StaticDependenciesID=fd48b6391e14f0dc6aa032cc4e5b57f4 
Number of updated asset objects reloaded before import = 0
Number of asset objects unloaded after import = 0
========================================================================
Received Import Request.
  Time of request: 2026-09-06T07:59:56.4136601Z
  Time since last request: 0.0004751 seconds.
  importAddress: GUID: 6d7e4e4868ed5df4b928c22423c690a0 - Path: Assets/Starter Assets/Runtime/Mobile/Scripts/TouchscreenInput.cs - Importer: ScriptedImporter/UnityEditor.QuickSearchModule:UnityEditor.Search:ASIAI0B
Importing 'GUID: 6d7e4e4868ed5df4b928c22423c690a0 - Path: Assets/Starter Assets/Runtime/Mobile/Scripts/TouchscreenInput.cs - Importer: ScriptedImporter/UnityEditor.QuickSearchModule:UnityEditor.Search:ASIAI0B' with importer (ScriptedImporter : UnityEditor.QuickSearchModule:UnityEditor.Search:ASIAI0B)
Imported 'GUID: 6d7e4e4868ed5df4b928c22423c690a0' -> (Import Result ID: 'd95187b67ba53457bed6625707056eb6') in 0.004 seconds [static and dynamic dependencies]. Details - ImportResultOutputID=28192b4d01474d2b99340fc80fbf647a DependenciesID=c31c777484eb1016a41333f11ecad669 StaticDependenciesID=fea2c4b7c2c24e8eb684ae1ab779ae69 
Number of updated asset objects reloaded before import = 0
Number of asset objects unloaded after import = 0
========================================================================
Received Import Request.
  Time of request: 2026-09-06T07:59:56.4326465Z
  Time since last request: 0.0005133 seconds.
  importAddress: GUID: fb7194dc27b9df64c8beca7482ee8e0d - Path: Packages/com.unity.cinemachine/Runtime/Deprecated/CinemachineInputProvider.cs - Importer: ScriptedImporter/UnityEditor.QuickSearchModule:UnityEditor.Search:ASIAI0B
Importing 'GUID: fb7194dc27b9df64c8beca7482ee8e0d - Path: Packages/com.unity.cinemachine/Runtime/Deprecated/CinemachineInputProvider.cs - Importer: ScriptedImporter/UnityEditor.QuickSearchModule:UnityEditor.Search:ASIAI0B' with importer (ScriptedImporter : UnityEditor.QuickSearchModule:UnityEditor.Search:ASIAI0B)
Imported 'GUID: fb7194dc27b9df64c8beca7482ee8e0d' -> (Import Result ID: '5e39f269a5f53e3151ea40b012cd745c') in 0.004 seconds [static and dynamic dependencies]. Details - ImportResultOutputID=20d07dbeaa6fe6ce884c40157066f148 DependenciesID=1ff8fe3d25d5cbae1b0f50875b92ec17 StaticDependenciesID=274477cac51c5bb04debd11e805cc98d 
Number of updated asset objects reloaded before import = 0
Number of asset objects unloaded after import = 0
========================================================================
Received Import Request.
  Time of request: 2026-09-06T07:59:56.4476234Z
  Time since last request: 0.0004045 seconds.
  importAddress: GUID: 2cf15e72bac216b9684886fb42a35910 - Path: Packages/com.unity.splines/Shader - Importer: ScriptedImporter/UnityEditor.QuickSearchModule:UnityEditor.Search:ASIAI0B
Importing 'GUID: 2cf15e72bac216b9684886fb42a35910 - Path: Packages/com.unity.splines/Shader - Importer: ScriptedImporter/UnityEditor.QuickSearchModule:UnityEditor.Search:ASIAI0B' with importer (ScriptedImporter : UnityEditor.QuickSearchModule:UnityEditor.Search:ASIAI0B)
Imported 'GUID: 2cf15e72bac216b9684886fb42a35910' -> (Import Result ID: '17c756abcb6a649e2a9d4152d70f954d') in 0.005 seconds [static and dynamic dependencies]. Details - ImportResultOutputID=bd6046b578afb733425cfecc6e08b78d DependenciesID=5183d639c9edb53fbf474b992ca2de37 StaticDependenciesID=5a44963523fd15cc8789fe4b4e2c378a 
Number of updated asset objects reloaded before import = 0
Number of asset objects unloaded after import = 1
========================================================================
Received Import Request.
  Time of request: 2026-09-06T07:59:56.4654424Z
  Time since last request: 0.0004109 seconds.
  importAddress: GUID: 9973ae8b03a8ccd4aafd1477225380eb - Path: Packages/com.unity.splines/Runtime/KnotLinkCollection.cs - Importer: ScriptedImporter/UnityEditor.QuickSearchModule:UnityEditor.Search:ASIAI0B
Importing 'GUID: 9973ae8b03a8ccd4aafd1477225380eb - Path: Packages/com.unity.splines/Runtime/KnotLinkCollection.cs - Importer: ScriptedImporter/UnityEditor.QuickSearchModule:UnityEditor.Search:ASIAI0B' with importer (ScriptedImporter : UnityEditor.QuickSearchModule:UnityEditor.Search:ASIAI0B)
Imported 'GUID: 9973ae8b03a8ccd4aafd1477225380eb' -> (Import Result ID: '20af220e00c0a78d0bb0f306baa3e12c') in 0.004 seconds [static and dynamic dependencies]. Details - ImportResultOutputID=185b3f25d8cf0d98dafb835d3dda7ba8 DependenciesID=1e740e782a701cd30cab34c215c2fdcb StaticDependenciesID=4c5d32d0a214bf5695afe3fb127ca1bc 
Number of updated asset objects reloaded before import = 0
Number of asset objects unloaded after import = 0
========================================================================
Received Import Request.
  Time of request: 2026-09-06T07:59:56.4801241Z
  Time since last request: 0.0007127 seconds.
  importAddress: GUID: d4f55083f70d585428f73165589909b3 - Path: Packages/com.unity.splines/Editor/Tools/KnotPlacementTool.cs - Importer: ScriptedImporter/UnityEditor.QuickSearchModule:UnityEditor.Search:ASIAI0B
Importing 'GUID: d4f55083f70d585428f73165589909b3 - Path: Packages/com.unity.splines/Editor/Tools/KnotPlacementTool.cs - Importer: ScriptedImporter/UnityEditor.QuickSearchModule:UnityEditor.Search:ASIAI0B' with importer (ScriptedImporter : UnityEditor.QuickSearchModule:UnityEditor.Search:ASIAI0B)
Imported 'GUID: d4f55083f70d585428f73165589909b3' -> (Import Result ID: '14afd076387f12c5dd6709626a524c07') in 0.006 seconds [static and dynamic dependencies]. Details - ImportResultOutputID=6452879f517dea6a4abfc19ce6b1c96a DependenciesID=7915976505abb64451049aeaedf0094c StaticDependenciesID=8e67f0aa1785cbc2a2364b1d5cbce620 
Number of updated asset objects reloaded before import = 0
Number of asset objects unloaded after import = 0
========================================================================
Received Import Request.
  Time of request: 2026-09-06T07:59:56.4986186Z
  Time since last request: 0.0004686 seconds.
  importAddress: GUID: 8594d6ceba4b4bd3bda82bd87b23bb44 - Path: Packages/com.unity.splines/Runtime/SplineSlice.cs - Importer: ScriptedImporter/UnityEditor.QuickSearchModule:UnityEditor.Search:ASIAI0B
Importing 'GUID: 8594d6ceba4b4bd3bda82bd87b23bb44 - Path: Packages/com.unity.splines/Runtime/SplineSlice.cs - Importer: ScriptedImporter/UnityEditor.QuickSearchModule:UnityEditor.Search:ASIAI0B' with importer (ScriptedImporter : UnityEditor.QuickSearchModule:UnityEditor.Search:ASIAI0B)
Imported 'GUID: 8594d6ceba4b4bd3bda82bd87b23bb44' -> (Import Result ID: '42a4bcced2921869bfde649e53e0a6b7') in 0.004 seconds [static and dynamic dependencies]. Details - ImportResultOutputID=c2a10f86bccf63e9b2a2284c8515e431 DependenciesID=56f6efac1ed0af488fd3de48ec0336ed StaticDependenciesID=f9e85b5711a9810218a4ea8dd1a0b570 
Number of updated asset objects reloaded before import = 0
Number of asset objects unloaded after import = 0
========================================================================
Received Import Request.
  Time of request: 2026-09-06T07:59:56.5162605Z
  Time since last request: 0.0006901 seconds.
  importAddress: GUID: 8f491bec7bcc4db45ad9590a6158e0fd - Path: Packages/com.unity.settings-manager/Tests - Importer: ScriptedImporter/UnityEditor.QuickSearchModule:UnityEditor.Search:ASIAI0B
Importing 'GUID: 8f491bec7bcc4db45ad9590a6158e0fd - Path: Packages/com.unity.settings-manager/Tests - Importer: ScriptedImporter/UnityEditor.QuickSearchModule:UnityEditor.Search:ASIAI0B' with importer (ScriptedImporter : UnityEditor.QuickSearchModule:UnityEditor.Search:ASIAI0B)
Imported 'GUID: 8f491bec7bcc4db45ad9590a6158e0fd' -> (Import Result ID: '940e2c82a3ddde1075817b9d229e794e') in 0.004 seconds [static and dynamic dependencies]. Details - ImportResultOutputID=646c6a6166a2acd59d9d24211092c30f DependenciesID=9cbecafc3eaae25d5bedcc189da73ba2 StaticDependenciesID=c856293c692d5df02b7557fbfd77e396 
Number of updated asset objects reloaded before import = 0
Number of asset objects unloaded after import = 1
========================================================================
Received Import Request.
  Time of request: 2026-09-06T07:59:56.5317974Z
  Time since last request: 0.0003731 seconds.
  importAddress: GUID: 9103eb7dcd041455886438d75625d19c - Path: Packages/com.unity.splines/Editor/Components/SplineComponentEditor.cs - Importer: ScriptedImporter/UnityEditor.QuickSearchModule:UnityEditor.Search:ASIAI0B
Importing 'GUID: 9103eb7dcd041455886438d75625d19c - Path: Packages/com.unity.splines/Editor/Components/SplineComponentEditor.cs - Importer: ScriptedImporter/UnityEditor.QuickSearchModule:UnityEditor.Search:ASIAI0B' with importer (ScriptedImporter : UnityEditor.QuickSearchModule:UnityEditor.Search:ASIAI0B)
Imported 'GUID: 9103eb7dcd041455886438d75625d19c' -> (Import Result ID: 'e4849c80ae1b0790fe4619d5b6b5bffe') in 0.004 seconds [static and dynamic dependencies]. Details - ImportResultOutputID=680a674506d83fd6159c7938f85f165b DependenciesID=a212547b65d79bff19d61bcf49f2c914 StaticDependenciesID=bcdeb4ef8f7aef8b2256c65d5b32eb77 
Number of updated asset objects reloaded before import = 0
Number of asset objects unloaded after import = 0
========================================================================
Received Import Request.
  Time of request: 2026-09-06T07:59:56.5465622Z
  Time since last request: 0.00042 seconds.
  importAddress: GUID: 28e2023ac4c6b204e9bad440d2cea142 - Path: Packages/com.unity.cinemachine/Runtime/Components/CinemachineSplineDollyLookAtTargets.cs - Importer: ScriptedImporter/UnityEditor.QuickSearchModule:UnityEditor.Search:ASIAI0B
Importing 'GUID: 28e2023ac4c6b204e9bad440d2cea142 - Path: Packages/com.unity.cinemachine/Runtime/Components/CinemachineSplineDollyLookAtTargets.cs - Importer: ScriptedImporter/UnityEditor.QuickSearchModule:UnityEditor.Search:ASIAI0B' with importer (ScriptedImporter : UnityEditor.QuickSearchModule:UnityEditor.Search:ASIAI0B)
Imported 'GUID: 28e2023ac4c6b204e9bad440d2cea142' -> (Import Result ID: '66fe839e49943e2e6a0eebcc75d3bc22') in 0.006 seconds [static and dynamic dependencies]. Details - ImportResultOutputID=a956dc6d40357e570cd15a6c26e29af1 DependenciesID=0382293e184d01054195fef87538d558 StaticDependenciesID=14b82b809624062797f7eb5068dd7a46 
Number of updated asset objects reloaded before import = 0
Number of asset objects unloaded after import = 1
========================================================================
Received Import Request.
  Time of request: 2026-09-06T07:59:56.5664331Z
  Time since last request: 0.0004796 seconds.
  importAddress: GUID: 0544e7b14d134a1449e61175446cfb95 - Path: Packages/com.unity.cinemachine/Runtime/Behaviours/CinemachineRecomposer.cs - Importer: ScriptedImporter/UnityEditor.QuickSearchModule:UnityEditor.Search:ASIAI0B
Importing 'GUID: 0544e7b14d134a1449e61175446cfb95 - Path: Packages/com.unity.cinemachine/Runtime/Behaviours/CinemachineRecomposer.cs - Importer: ScriptedImporter/UnityEditor.QuickSearchModule:UnityEditor.Search:ASIAI0B' with importer (ScriptedImporter : UnityEditor.QuickSearchModule:UnityEditor.Search:ASIAI0B)
Imported 'GUID: 0544e7b14d134a1449e61175446cfb95' -> (Import Result ID: '44ce854907229415d523abb57c2acf2f') in 0.007 seconds [static and dynamic dependencies]. Details - ImportResultOutputID=1246b926c825481e3f36666c695a862f DependenciesID=c5935e2b0f7f234b751c1b829afe7ac4 StaticDependenciesID=ed8c44be96db4189aa79f7978520a7ae 
Number of updated asset objects reloaded before import = 0
Number of asset objects unloaded after import = 1
========================================================================
Received Import Request.
  Time of request: 2026-09-06T07:59:56.5848907Z
  Time since last request: 0.0004434 seconds.
  importAddress: GUID: c913d3391dba90d4c8036f589722a8f6 - Path: Packages/com.unity.splines/Editor/Tools/SplineTool.cs - Importer: ScriptedImporter/UnityEditor.QuickSearchModule:UnityEditor.Search:ASIAI0B
Importing 'GUID: c913d3391dba90d4c8036f589722a8f6 - Path: Packages/com.unity.splines/Editor/Tools/SplineTool.cs - Importer: ScriptedImporter/UnityEditor.QuickSearchModule:UnityEditor.Search:ASIAI0B' with importer (ScriptedImporter : UnityEditor.QuickSearchModule:UnityEditor.Search:ASIAI0B)
Imported 'GUID: c913d3391dba90d4c8036f589722a8f6' -> (Import Result ID: 'a464520171c4e62564b9e1895bafff21') in 0.004 seconds [static and dynamic dependencies]. Details - ImportResultOutputID=d91102e0f2717f2b610da1fff2dfa352 DependenciesID=889a3fe019bdbee34fe4aef6093942b5 StaticDependenciesID=9942e4fe2ca069d5272978d875f70eac 
Number of updated asset objects reloaded before import = 0
Number of asset objects unloaded after import = 0
========================================================================
Received Import Request.
  Time of request: 2026-09-06T07:59:56.6006927Z
  Time since last request: 0.0003964 seconds.
  importAddress: GUID: 44b37c8f6729f41cfac615998e7cc9f7 - Path: Assets/Starter Assets/Runtime/Settings/Low_PipelineAsset_ForwardRenderer.asset - Importer: ScriptedImporter/UnityEditor.QuickSearchModule:UnityEditor.Search:ASIAI0B
Importing 'GUID: 44b37c8f6729f41cfac615998e7cc9f7 - Path: Assets/Starter Assets/Runtime/Settings/Low_PipelineAsset_ForwardRenderer.asset - Importer: ScriptedImporter/UnityEditor.QuickSearchModule:UnityEditor.Search:ASIAI0B' with importer (ScriptedImporter : UnityEditor.QuickSearchModule:UnityEditor.Search:ASIAI0B)
Imported 'GUID: 44b37c8f6729f41cfac615998e7cc9f7' -> (Import Result ID: 'd2f3082e217de8efd38e2b8fc8642cc8') in 0.006 seconds [static and dynamic dependencies]. Details - ImportResultOutputID=69f9a6f50a092390d76da732ab72d53a DependenciesID=364f3fa8791c71c5c358b909a1554726 StaticDependenciesID=4b75b0282743494f44fd60dbe00573b9 
Number of updated asset objects reloaded before import = 0
Number of asset objects unloaded after import = 1
========================================================================
Received Import Request.
  Time of request: 2026-09-06T07:59:56.6176486Z
  Time since last request: 0.0004989 seconds.
  importAddress: GUID: 4a12a4d2ef7f03c49b93b5e1dc150ae3 - Path: Assets/Starter Assets/Editor - Importer: ScriptedImporter/UnityEditor.QuickSearchModule:UnityEditor.Search:ASIAI0B
Importing 'GUID: 4a12a4d2ef7f03c49b93b5e1dc150ae3 - Path: Assets/Starter Assets/Editor - Importer: ScriptedImporter/UnityEditor.QuickSearchModule:UnityEditor.Search:ASIAI0B' with importer (ScriptedImporter : UnityEditor.QuickSearchModule:UnityEditor.Search:ASIAI0B)
Imported 'GUID: 4a12a4d2ef7f03c49b93b5e1dc150ae3' -> (Import Result ID: 'cfb0ef41301ed105d67e34b511c373f2') in 0.004 seconds [static and dynamic dependencies]. Details - ImportResultOutputID=73a2f5dfbf0901e8ac1018d3956c1e6c DependenciesID=c06d3b8eca3f403c88304cc1c3a64fef StaticDependenciesID=208ac49d99b872dad25fce0d30b22586 
Number of updated asset objects reloaded before import = 0
Number of asset objects unloaded after import = 1
========================================================================
Received Import Request.
  Time of request: 2026-09-06T07:59:56.633084Z
  Time since last request: 0.0005987 seconds.
  importAddress: GUID: 791534d5bcdfacc47adfc7ba394b17ae - Path: Packages/com.unity.cinemachine/Editor/PropertyDrawers/FoldoutWithEnabledButtonPropertyDrawer.cs - Importer: ScriptedImporter/UnityEditor.QuickSearchModule:UnityEditor.Search:ASIAI0B
Importing 'GUID: 791534d5bcdfacc47adfc7ba394b17ae - Path: Packages/com.unity.cinemachine/Editor/PropertyDrawers/FoldoutWithEnabledButtonPropertyDrawer.cs - Importer: ScriptedImporter/UnityEditor.QuickSearchModule:UnityEditor.Search:ASIAI0B' with importer (ScriptedImporter : UnityEditor.QuickSearchModule:UnityEditor.Search:ASIAI0B)
Imported 'GUID: 791534d5bcdfacc47adfc7ba394b17ae' -> (Import Result ID: '3f63380f9d19ea36b3267df35057065f') in 0.004 seconds [static and dynamic dependencies]. Details - ImportResultOutputID=94d213445431cedf87d0b53635dd3e4a DependenciesID=a4d745aae4919533893c28567c49e15e StaticDependenciesID=a3c54eb0671c0413685645ba5fef2d8d 
Number of updated asset objects reloaded before import = 0
Number of asset objects unloaded after import = 0
========================================================================
Received Import Request.
  Time of request: 2026-09-06T07:59:56.648768Z
  Time since last request: 0.000419 seconds.
  importAddress: GUID: b96c3a8372a8f9945bc2e2b906ac79a3 - Path: Packages/com.unity.splines/Editor/Controls/KnotHandles.cs - Importer: ScriptedImporter/UnityEditor.QuickSearchModule:UnityEditor.Search:ASIAI0B
Importing 'GUID: b96c3a8372a8f9945bc2e2b906ac79a3 - Path: Packages/com.unity.splines/Editor/Controls/KnotHandles.cs - Importer: ScriptedImporter/UnityEditor.QuickSearchModule:UnityEditor.Search:ASIAI0B' with importer (ScriptedImporter : UnityEditor.QuickSearchModule:UnityEditor.Search:ASIAI0B)
Imported 'GUID: b96c3a8372a8f9945bc2e2b906ac79a3' -> (Import Result ID: '02c85819b576bad232f74a7cc4336514') in 0.004 seconds [static and dynamic dependencies]. Details - ImportResultOutputID=b96c821502b15f1d2a21b96d9bfd4a1c DependenciesID=c4a547218b53e710399bef364c7179a8 StaticDependenciesID=35756ca3183cdfa6882b89551981c60f 
Number of updated asset objects reloaded before import = 0
Number of asset objects unloaded after import = 0
========================================================================
Received Import Request.
  Time of request: 2026-09-06T07:59:56.6651135Z
  Time since last request: 0.0006114 seconds.
  importAddress: GUID: d6898ced4e4514f55ab4909252c72153 - Path: Assets/Starter Assets/Runtime/Settings/Low_PipelineAsset.asset - Importer: ScriptedImporter/UnityEditor.QuickSearchModule:UnityEditor.Search:ASIAI0B
Importing 'GUID: d6898ced4e4514f55ab4909252c72153 - Path: Assets/Starter Assets/Runtime/Settings/Low_PipelineAsset.asset - Importer: ScriptedImporter/UnityEditor.QuickSearchModule:UnityEditor.Search:ASIAI0B' with importer (ScriptedImporter : UnityEditor.QuickSearchModule:UnityEditor.Search:ASIAI0B)
Imported 'GUID: d6898ced4e4514f55ab4909252c72153' -> (Import Result ID: 'c2a10ca11093087de5e549e8407a3fb3') in 0.011 seconds [static and dynamic dependencies]. Details - ImportResultOutputID=e090527ee7d8fbec0d5a4fb4083a1ae1 DependenciesID=9a40e038abfc960692f7c6bb4f3191b0 StaticDependenciesID=c24068fd481aa56eb6079f568d8e70c6 
Number of updated asset objects reloaded before import = 0
Number of asset objects unloaded after import = 2
========================================================================
Received Import Request.
  Time of request: 2026-09-06T07:59:56.6883886Z
  Time since last request: 0.000448 seconds.
  importAddress: GUID: 323a5a17a4cfa5f93a7952c2ff357455 - Path: Packages/com.unity.splines/Shader/Spline.cginc - Importer: ScriptedImporter/UnityEditor.QuickSearchModule:UnityEditor.Search:ASIAI0B
Importing 'GUID: 323a5a17a4cfa5f93a7952c2ff357455 - Path: Packages/com.unity.splines/Shader/Spline.cginc - Importer: ScriptedImporter/UnityEditor.QuickSearchModule:UnityEditor.Search:ASIAI0B' with importer (ScriptedImporter : UnityEditor.QuickSearchModule:UnityEditor.Search:ASIAI0B)
Imported 'GUID: 323a5a17a4cfa5f93a7952c2ff357455' -> (Import Result ID: '7a3832cac61edd0ed2eadcfaab5ca2ba') in 0.004 seconds [static and dynamic dependencies]. Details - ImportResultOutputID=f6bf41df59e52118646ac87a79b01477 DependenciesID=8e573d61ff8eb481e01cfdbd6f58f826 StaticDependenciesID=35fec1c7d31c3612077d08129bd8b2a9 
Number of updated asset objects reloaded before import = 0
Number of asset objects unloaded after import = 1
========================================================================
Received Import Request.
  Time of request: 2026-09-06T07:59:56.7058232Z
  Time since last request: 0.0007589 seconds.
  importAddress: GUID: efc4142e9b4b1a140a5c029f15ca125f - Path: Packages/com.unity.splines/Editor/Editor Resources/Icons/d_Tangent_Continuous On.png - Importer: ScriptedImporter/UnityEditor.QuickSearchModule:UnityEditor.Search:ASIAI0B
Importing 'GUID: efc4142e9b4b1a140a5c029f15ca125f - Path: Packages/com.unity.splines/Editor/Editor Resources/Icons/d_Tangent_Continuous On.png - Importer: ScriptedImporter/UnityEditor.QuickSearchModule:UnityEditor.Search:ASIAI0B' with importer (ScriptedImporter : UnityEditor.QuickSearchModule:UnityEditor.Search:ASIAI0B)
Imported 'GUID: efc4142e9b4b1a140a5c029f15ca125f' -> (Import Result ID: '549a26ac82051fd4605e2856806bfe5a') in 0.007 seconds [static and dynamic dependencies]. Details - ImportResultOutputID=be672dd9a0d09f94ba5f8e84db3125eb DependenciesID=3547d42ace533e0e0b374e7a4a66ee24 StaticDependenciesID=93cc47afe896f8b738b6c6c0dd1670e0 
Number of updated asset objects reloaded before import = 0
Number of asset objects unloaded after import = 1
========================================================================
Received Import Request.
  Time of request: 2026-09-06T07:59:56.7242609Z
  Time since last request: 0.0005918 seconds.
  importAddress: GUID: a5810db7e2f75fd4281a8ace4949bec8 - Path: Assets/Starter Assets/Sample/Environment/Art/Skybox - Importer: ScriptedImporter/UnityEditor.QuickSearchModule:UnityEditor.Search:ASIAI0B
Importing 'GUID: a5810db7e2f75fd4281a8ace4949bec8 - Path: Assets/Starter Assets/Sample/Environment/Art/Skybox - Importer: ScriptedImporter/UnityEditor.QuickSearchModule:UnityEditor.Search:ASIAI0B' with importer (ScriptedImporter : UnityEditor.QuickSearchModule:UnityEditor.Search:ASIAI0B)
Imported 'GUID: a5810db7e2f75fd4281a8ace4949bec8' -> (Import Result ID: '0456a60dc2f2a04818be578fc49fd8cf') in 0.004 seconds [static and dynamic dependencies]. Details - ImportResultOutputID=98e478a6b99734a8d1f7fbd547d91392 DependenciesID=392720952ca30960f9bc14ed647c43d7 StaticDependenciesID=43527544b26a15a8273efaac188b3045 
Number of updated asset objects reloaded before import = 0
Number of asset objects unloaded after import = 1
========================================================================
Received Import Request.
  Time of request: 2026-09-06T07:59:56.7407989Z
  Time since last request: 0.0003703 seconds.
  importAddress: GUID: 7b16fa41e13f2ad41b39ae9ac0547c0d - Path: Packages/com.unity.cinemachine/Editor/Editors/CinemachineFollowEditor.cs - Importer: ScriptedImporter/UnityEditor.QuickSearchModule:UnityEditor.Search:ASIAI0B
Importing 'GUID: 7b16fa41e13f2ad41b39ae9ac0547c0d - Path: Packages/com.unity.cinemachine/Editor/Editors/CinemachineFollowEditor.cs - Importer: ScriptedImporter/UnityEditor.QuickSearchModule:UnityEditor.Search:ASIAI0B' with importer (ScriptedImporter : UnityEditor.QuickSearchModule:UnityEditor.Search:ASIAI0B)
Imported 'GUID: 7b16fa41e13f2ad41b39ae9ac0547c0d' -> (Import Result ID: 'c65ed03a240b7bdf34a70d89879dfee5') in 0.004 seconds [static and dynamic dependencies]. Details - ImportResultOutputID=1d1a49ef627e08017e9782e902db25f9 DependenciesID=b5ec064376e1395f349f665f6ac695a2 StaticDependenciesID=2a3293d444797d731b590c21366d34b2 
Number of updated asset objects reloaded before import = 0
Number of asset objects unloaded after import = 0
========================================================================
Received Import Request.
  Time of request: 2026-09-06T07:59:56.7567462Z
  Time since last request: 0.0003717 seconds.
  importAddress: GUID: 41a7beeb0ec57584382c8170981d8ac1 - Path: Packages/com.unity.cinemachine/Runtime/Core/UpdateTracker.cs - Importer: ScriptedImporter/UnityEditor.QuickSearchModule:UnityEditor.Search:ASIAI0B
Importing 'GUID: 41a7beeb0ec57584382c8170981d8ac1 - Path: Packages/com.unity.cinemachine/Runtime/Core/UpdateTracker.cs - Importer: ScriptedImporter/UnityEditor.QuickSearchModule:UnityEditor.Search:ASIAI0B' with importer (ScriptedImporter : UnityEditor.QuickSearchModule:UnityEditor.Search:ASIAI0B)
Imported 'GUID: 41a7beeb0ec57584382c8170981d8ac1' -> (Import Result ID: '77f468e91e15ec315108c3f5a7ade6c1') in 0.004 seconds [static and dynamic dependencies]. Details - ImportResultOutputID=2a62c8089f6e86a081558f460c202f8d DependenciesID=a4b0f4efafb748fc2b414d80c5a0b999 StaticDependenciesID=3b63e824f3e52b6423d21026f336a813 
Number of updated asset objects reloaded before import = 0
Number of asset objects unloaded after import = 0
========================================================================
Received Import Request.
  Time of request: 2026-09-06T07:59:56.7721639Z
  Time since last request: 0.0004383 seconds.
  importAddress: GUID: a9e53e24e3101cb4a84e12fe16a9e2c1 - Path: Packages/com.unity.cinemachine/Editor/Upgrader/UpgradeObjectToCm3.cs - Importer: ScriptedImporter/UnityEditor.QuickSearchModule:UnityEditor.Search:ASIAI0B
Importing 'GUID: a9e53e24e3101cb4a84e12fe16a9e2c1 - Path: Packages/com.unity.cinemachine/Editor/Upgrader/UpgradeObjectToCm3.cs - Importer: ScriptedImporter/UnityEditor.QuickSearchModule:UnityEditor.Search:ASIAI0B' with importer (ScriptedImporter : UnityEditor.QuickSearchModule:UnityEditor.Search:ASIAI0B)
Imported 'GUID: a9e53e24e3101cb4a84e12fe16a9e2c1' -> (Import Result ID: '8662704a8fa1d620fadb77c317a3fda3') in 0.004 seconds [static and dynamic dependencies]. Details - ImportResultOutputID=66fe2a6274f55b135537f12842c80fe4 DependenciesID=f097dee60bb27178f0b851c6775b1822 StaticDependenciesID=17839befcedb26e407a454b2cd7497a8 
Number of updated asset objects reloaded before import = 0
Number of asset objects unloaded after import = 0
========================================================================
Received Import Request.
  Time of request: 2026-09-06T07:59:56.788096Z
  Time since last request: 0.0006843 seconds.
  importAddress: GUID: ed5cc06472bb24d419458b6ece5b79eb - Path: Assets/Starter Assets/Sample/Environment/Art/Textures - Importer: ScriptedImporter/UnityEditor.QuickSearchModule:UnityEditor.Search:ASIAI0B
Importing 'GUID: ed5cc06472bb24d419458b6ece5b79eb - Path: Assets/Starter Assets/Sample/Environment/Art/Textures - Importer: ScriptedImporter/UnityEditor.QuickSearchModule:UnityEditor.Search:ASIAI0B' with importer (ScriptedImporter : UnityEditor.QuickSearchModule:UnityEditor.Search:ASIAI0B)
Imported 'GUID: ed5cc06472bb24d419458b6ece5b79eb' -> (Import Result ID: 'b4497b1e7f81f9b27ebaefa9085d1437') in 0.004 seconds [static and dynamic dependencies]. Details - ImportResultOutputID=41da69574634b4b80eb86b9c4563b8d2 DependenciesID=ab84934bacd1a15dafe2ae0a9b3f5101 StaticDependenciesID=4d17bcc97fa7c7b8d7d06197b093faa6 
Number of updated asset objects reloaded before import = 0
Number of asset objects unloaded after import = 1
========================================================================
Received Import Request.
  Time of request: 2026-09-06T07:59:56.8039365Z
  Time since last request: 0.0008446 seconds.
  importAddress: GUID: 9c489a8547f4d9e4387da15a4ff82c81 - Path: Assets/Starter Assets/Runtime/FirstPersonController/Prefabs/PlayerFollowCamera.prefab - Importer: ScriptedImporter/UnityEditor.QuickSearchModule:UnityEditor.Search:ASIAI0B
Importing 'GUID: 9c489a8547f4d9e4387da15a4ff82c81 - Path: Assets/Starter Assets/Runtime/FirstPersonController/Prefabs/PlayerFollowCamera.prefab - Importer: ScriptedImporter/UnityEditor.QuickSearchModule:UnityEditor.Search:ASIAI0B' with importer (ScriptedImporter : UnityEditor.QuickSearchModule:UnityEditor.Search:ASIAI0B)
Imported 'GUID: 9c489a8547f4d9e4387da15a4ff82c81' -> (Import Result ID: 'e2b5b2a428a9ec7059b7dde7365a514c') in 0.012 seconds [static and dynamic dependencies]. Details - ImportResultOutputID=844395ccc1303b9b5e9c3de8849b59f4 DependenciesID=5d2957179728883b16b529894a173eb3 StaticDependenciesID=2383368adb069de9676dc127fa705934 
Number of updated asset objects reloaded before import = 0
Number of asset objects unloaded after import = 8
========================================================================
Received Import Request.
  Time of request: 2026-09-06T07:59:56.8279312Z
  Time since last request: 0.0008369 seconds.
  importAddress: GUID: 5703201e903d44191959e7b8d400f961 - Path: Packages/com.unity.splines/Editor/Editor Resources/Icons/AutoSmoothKnot@2x.png - Importer: ScriptedImporter/UnityEditor.QuickSearchModule:UnityEditor.Search:ASIAI0B
Importing 'GUID: 5703201e903d44191959e7b8d400f961 - Path: Packages/com.unity.splines/Editor/Editor Resources/Icons/AutoSmoothKnot@2x.png - Importer: ScriptedImporter/UnityEditor.QuickSearchModule:UnityEditor.Search:ASIAI0B' with importer (ScriptedImporter : UnityEditor.QuickSearchModule:UnityEditor.Search:ASIAI0B)
Imported 'GUID: 5703201e903d44191959e7b8d400f961' -> (Import Result ID: 'ffe41dfb30296301e05daeac83fe4d06') in 0.007 seconds [static and dynamic dependencies]. Details - ImportResultOutputID=06c96233deea66f4306bb59ac2c9e73e DependenciesID=408f2f1e710516f1ca3a4d893ef2d2d9 StaticDependenciesID=0c190daeaadf5194cc9da710969e4e42 
Number of updated asset objects reloaded before import = 0
Number of asset objects unloaded after import = 1
========================================================================
Received Import Request.
  Time of request: 2026-09-06T07:59:56.8454502Z
  Time since last request: 0.0004193 seconds.
  importAddress: GUID: 032119d7426fa4256a408afec1829ac7 - Path: Packages/com.unity.cinemachine/Editor/EditorResources/Icons/Dark/CmExtension@256.png - Importer: ScriptedImporter/UnityEditor.QuickSearchModule:UnityEditor.Search:ASIAI0B
Importing 'GUID: 032119d7426fa4256a408afec1829ac7 - Path: Packages/com.unity.cinemachine/Editor/EditorResources/Icons/Dark/CmExtension@256.png - Importer: ScriptedImporter/UnityEditor.QuickSearchModule:UnityEditor.Search:ASIAI0B' with importer (ScriptedImporter : UnityEditor.QuickSearchModule:UnityEditor.Search:ASIAI0B)
Imported 'GUID: 032119d7426fa4256a408afec1829ac7' -> (Import Result ID: 'f6393a10ba2d77a2eaf907c192203b1e') in 0.011 seconds [static and dynamic dependencies]. Details - ImportResultOutputID=b05beef154fa9789007e2b20ae4cd305 DependenciesID=8afa2208877c41a229368647817c0a9e StaticDependenciesID=28783fb0e16856318e4aed29ee8f5631 
Number of updated asset objects reloaded before import = 0
Number of asset objects unloaded after import = 1
========================================================================
Received Import Request.
  Time of request: 2026-09-06T07:59:56.8672218Z
  Time since last request: 0.0004466 seconds.
  importAddress: GUID: 18828b1d1020dde47bec693eef18a5b9 - Path: Assets/Starter Assets/Editor/URPWizard/URPWizard.asmdef - Importer: ScriptedImporter/UnityEditor.QuickSearchModule:UnityEditor.Search:ASIAI0B
Importing 'GUID: 18828b1d1020dde47bec693eef18a5b9 - Path: Assets/Starter Assets/Editor/URPWizard/URPWizard.asmdef - Importer: ScriptedImporter/UnityEditor.QuickSearchModule:UnityEditor.Search:ASIAI0B' with importer (ScriptedImporter : UnityEditor.QuickSearchModule:UnityEditor.Search:ASIAI0B)
Imported 'GUID: 18828b1d1020dde47bec693eef18a5b9' -> (Import Result ID: 'eed3c6e050eb5e596822db86033c7bf1') in 0.005 seconds [static and dynamic dependencies]. Details - ImportResultOutputID=652723b9bae396af81fc4cce5fd654c8 DependenciesID=51ba955b6afd369dce8a07b7fc40ebf0 StaticDependenciesID=db9c4d5a6a7a755f92392da076168c4e 
Number of updated asset objects reloaded before import = 0
Number of asset objects unloaded after import = 1
========================================================================
Received Import Request.
  Time of request: 2026-09-06T07:59:56.8838109Z
  Time since last request: 0.0004097 seconds.
  importAddress: GUID: 79e624e6a8770a946afb866fd94b394b - Path: Assets/Starter Assets/Sample/Environment/Prefabs/Structure_Prefab.prefab - Importer: ScriptedImporter/UnityEditor.QuickSearchModule:UnityEditor.Search:ASIAI0B
Importing 'GUID: 79e624e6a8770a946afb866fd94b394b - Path: Assets/Starter Assets/Sample/Environment/Prefabs/Structure_Prefab.prefab - Importer: ScriptedImporter/UnityEditor.QuickSearchModule:UnityEditor.Search:ASIAI0B' with importer (ScriptedImporter : UnityEditor.QuickSearchModule:UnityEditor.Search:ASIAI0B)
Imported 'GUID: 79e624e6a8770a946afb866fd94b394b' -> (Import Result ID: 'f3b2f22cbc4e3dbdc6dc71c4906dc3e3') in 0.009 seconds [static and dynamic dependencies]. Details - ImportResultOutputID=2e49bffc241be64c1338024fbd1d99e5 DependenciesID=6bd868178b5b493b57c4e432b04d7a77 StaticDependenciesID=bbb5a83af6b442c6bd43f2dd1a884c22 
Number of updated asset objects reloaded before import = 0
Number of asset objects unloaded after import = 116
========================================================================
Received Import Request.
  Time of request: 2026-09-06T07:59:56.9047398Z
  Time since last request: 0.0001654 seconds.
  importAddress: GUID: bbc431a04275ad548881a7d180b07e47 - Path: Assets/Starter Assets/Runtime/SpaceRobotKyle/Materials/KyleRobot.mat - Importer: ScriptedImporter/UnityEditor.QuickSearchModule:UnityEditor.Search:ASIAI0B
Importing 'GUID: bbc431a04275ad548881a7d180b07e47 - Path: Assets/Starter Assets/Runtime/SpaceRobotKyle/Materials/KyleRobot.mat - Importer: ScriptedImporter/UnityEditor.QuickSearchModule:UnityEditor.Search:ASIAI0B' with importer (ScriptedImporter : UnityEditor.QuickSearchModule:UnityEditor.Search:ASIAI0B)
Imported 'GUID: bbc431a04275ad548881a7d180b07e47' -> (Import Result ID: '0cd3a67f01d0e12d70613a322d939b7d') in 0.017 seconds [static and dynamic dependencies]. Details - ImportResultOutputID=61cdd76c3cf3706c6b4eb005cce14f0b DependenciesID=78deea7e18245d86333033e914597786 StaticDependenciesID=8c82a268937e933a37875ee0946badce 
Number of updated asset objects reloaded before import = 0
Number of asset objects unloaded after import = 5
========================================================================
Received Import Request.
  Time of request: 2026-09-06T07:59:56.9500609Z
  Time since last request: 0.0150098 seconds.
  importAddress: GUID: 7ea67431821494cfca380c0e07258751 - Path: Packages/com.unity.settings-manager/Editor/Attributes.cs - Importer: ScriptedImporter/UnityEditor.QuickSearchModule:UnityEditor.Search:ASIAI0B
Importing 'GUID: 7ea67431821494cfca380c0e07258751 - Path: Packages/com.unity.settings-manager/Editor/Attributes.cs - Importer: ScriptedImporter/UnityEditor.QuickSearchModule:UnityEditor.Search:ASIAI0B' with importer (ScriptedImporter : UnityEditor.QuickSearchModule:UnityEditor.Search:ASIAI0B)
Imported 'GUID: 7ea67431821494cfca380c0e07258751' -> (Import Result ID: '114d37c1075e3e7dd7a69451ce5e04fe') in 0.005 seconds [static and dynamic dependencies]. Details - ImportResultOutputID=28cd275677227f322b39ac4ef4027b08 DependenciesID=267d33c36ad5587148c5a9b9d3cad4f5 StaticDependenciesID=39164784b6fc5111a56b36c836f72b57 
Number of updated asset objects reloaded before import = 0
Number of asset objects unloaded after import = 0
========================================================================
Received Import Request.
  Time of request: 2026-09-06T07:59:56.9656419Z
  Time since last request: 0.0003117 seconds.
  importAddress: GUID: 0eb9f23cde3a1734da334cfa0831dd25 - Path: Packages/com.unity.cinemachine/Editor/Editors/CinemachineStateDrivenCameraEditor.cs - Importer: ScriptedImporter/UnityEditor.QuickSearchModule:UnityEditor.Search:ASIAI0B
Importing 'GUID: 0eb9f23cde3a1734da334cfa0831dd25 - Path: Packages/com.unity.cinemachine/Editor/Editors/CinemachineStateDrivenCameraEditor.cs - Importer: ScriptedImporter/UnityEditor.QuickSearchModule:UnityEditor.Search:ASIAI0B' with importer (ScriptedImporter : UnityEditor.QuickSearchModule:UnityEditor.Search:ASIAI0B)
Imported 'GUID: 0eb9f23cde3a1734da334cfa0831dd25' -> (Import Result ID: '2130b00906a243c1a5d6ab72ea553777') in 0.004 seconds [static and dynamic dependencies]. Details - ImportResultOutputID=09bdcdb5e319a7d5aba19cb2ab9d958f DependenciesID=213af9f571efc83fcc863a879c365619 StaticDependenciesID=570aa4a01863fb52dfe8c8063764cb7b 
Number of updated asset objects reloaded before import = 0
Number of asset objects unloaded after import = 0
========================================================================
Received Import Request.
  Time of request: 2026-09-06T07:59:56.9812075Z
  Time since last request: 0.0004195 seconds.
  importAddress: GUID: 18765187b8112724fa8fae832924ae55 - Path: Assets/Starter Assets/Runtime/ThirdPersonController - Importer: ScriptedImporter/UnityEditor.QuickSearchModule:UnityEditor.Search:ASIAI0B
Importing 'GUID: 18765187b8112724fa8fae832924ae55 - Path: Assets/Starter Assets/Runtime/ThirdPersonController - Importer: ScriptedImporter/UnityEditor.QuickSearchModule:UnityEditor.Search:ASIAI0B' with importer (ScriptedImporter : UnityEditor.QuickSearchModule:UnityEditor.Search:ASIAI0B)
Imported 'GUID: 18765187b8112724fa8fae832924ae55' -> (Import Result ID: '88850d4a0b199d25e492dcf1b0a161ff') in 0.004 seconds [static and dynamic dependencies]. Details - ImportResultOutputID=29130e6c08a933bbd2919a0b761ecb29 DependenciesID=cbb374e97ae8e8ba2d28c2b6f16ff0a6 StaticDependenciesID=d26e8c92972da0e57f3322f7df962fec 
Number of updated asset objects reloaded before import = 0
Number of asset objects unloaded after import = 1
========================================================================
Received Import Request.
  Time of request: 2026-09-06T07:59:56.9963375Z
  Time since last request: 0.0005714 seconds.
  importAddress: GUID: ca693ed6c42a60448aa5e8970c46a736 - Path: Packages/com.unity.cinemachine/Runtime/Core/IShotQualityEvaluator.cs - Importer: ScriptedImporter/UnityEditor.QuickSearchModule:UnityEditor.Search:ASIAI0B
Importing 'GUID: ca693ed6c42a60448aa5e8970c46a736 - Path: Packages/com.unity.cinemachine/Runtime/Core/IShotQualityEvaluator.cs - Importer: ScriptedImporter/UnityEditor.QuickSearchModule:UnityEditor.Search:ASIAI0B' with importer (ScriptedImporter : UnityEditor.QuickSearchModule:UnityEditor.Search:ASIAI0B)
Imported 'GUID: ca693ed6c42a60448aa5e8970c46a736' -> (Import Result ID: 'db7a374d7ac15e11566734609ffc9de6') in 0.003 seconds [static and dynamic dependencies]. Details - ImportResultOutputID=c701fc8dff012656079edc1aec996666 DependenciesID=9c9d31687fb69c9c264ade2f8f83b50e StaticDependenciesID=f7ef2ccab2f680f42b8759deeedfcd14 
Number of updated asset objects reloaded before import = 0
Number of asset objects unloaded after import = 0
========================================================================
Received Import Request.
  Time of request: 2026-09-06T07:59:57.0094155Z
  Time since last request: 0.0006451 seconds.
  importAddress: GUID: f6adb0b82e1af42789fe5f59234e3a1b - Path: Packages/com.unity.splines/Editor/Editor Resources/Icons/d_AutoSmoothKnot.png - Importer: ScriptedImporter/UnityEditor.QuickSearchModule:UnityEditor.Search:ASIAI0B
Importing 'GUID: f6adb0b82e1af42789fe5f59234e3a1b - Path: Packages/com.unity.splines/Editor/Editor Resources/Icons/d_AutoSmoothKnot.png - Importer: ScriptedImporter/UnityEditor.QuickSearchModule:UnityEditor.Search:ASIAI0B' with importer (ScriptedImporter : UnityEditor.QuickSearchModule:UnityEditor.Search:ASIAI0B)
Imported 'GUID: f6adb0b82e1af42789fe5f59234e3a1b' -> (Import Result ID: '84bffe873e95ae4df750946c7d663e3d') in 0.008 seconds [static and dynamic dependencies]. Details - ImportResultOutputID=3cf7e79933bab9fe4e1d41e7303ef34e DependenciesID=6b9fcbccb9d7d360e5127677b36bf1dd StaticDependenciesID=4ae7d671f9e810fe60c5d1d171e7cab9 
Number of updated asset objects reloaded before import = 0
Number of asset objects unloaded after import = 1
========================================================================
Received Import Request.
  Time of request: 2026-09-06T07:59:57.0283249Z
  Time since last request: 0.0004425 seconds.
  importAddress: GUID: 1f8c114a760bf8d48866c11850dac920 - Path: Packages/com.unity.cinemachine/Editor/Editors/CinemachineSplineDollyLookAtTargetsEditor.cs - Importer: ScriptedImporter/UnityEditor.QuickSearchModule:UnityEditor.Search:ASIAI0B
Importing 'GUID: 1f8c114a760bf8d48866c11850dac920 - Path: Packages/com.unity.cinemachine/Editor/Editors/CinemachineSplineDollyLookAtTargetsEditor.cs - Importer: ScriptedImporter/UnityEditor.QuickSearchModule:UnityEditor.Search:ASIAI0B' with importer (ScriptedImporter : UnityEditor.QuickSearchModule:UnityEditor.Search:ASIAI0B)
Imported 'GUID: 1f8c114a760bf8d48866c11850dac920' -> (Import Result ID: 'c49ac3bd8eddace055329a12991df343') in 0.005 seconds [static and dynamic dependencies]. Details - ImportResultOutputID=fba5fdc72cb18b16b08c4a6a6401ce87 DependenciesID=43ba9ceb0c1d3f5d682f34f4f22bb0d3 StaticDependenciesID=f747e06b904bba8de418f7908d50900c 
Number of updated asset objects reloaded before import = 0
Number of asset objects unloaded after import = 0
========================================================================
Received Import Request.
  Time of request: 2026-09-06T07:59:57.0456222Z
  Time since last request: 0.0004767 seconds.
  importAddress: GUID: 6dd3f00b9032de54c8784df7bdc6fdf8 - Path: Packages/com.unity.cinemachine/Editor/EditorResources/CMWaveform.compute - Importer: ScriptedImporter/UnityEditor.QuickSearchModule:UnityEditor.Search:ASIAI0B
Importing 'GUID: 6dd3f00b9032de54c8784df7bdc6fdf8 - Path: Packages/com.unity.cinemachine/Editor/EditorResources/CMWaveform.compute - Importer: ScriptedImporter/UnityEditor.QuickSearchModule:UnityEditor.Search:ASIAI0B' with importer (ScriptedImporter : UnityEditor.QuickSearchModule:UnityEditor.Search:ASIAI0B)
Imported 'GUID: 6dd3f00b9032de54c8784df7bdc6fdf8' -> (Import Result ID: '8095e1cc00ac5f14d04f32deda749b3f') in 0.007 seconds [static and dynamic dependencies]. Details - ImportResultOutputID=63689df3ecdc813955815b7838d0f15c DependenciesID=35e865493a8a3276e67fa3ec0b9acddd StaticDependenciesID=09b027e4d06d5461312dd4f24b5afca4 
Number of updated asset objects reloaded before import = 0
Number of asset objects unloaded after import = 1
========================================================================
Received Import Request.
  Time of request: 2026-09-06T07:59:57.068575Z
  Time since last request: 0.0005463 seconds.
  importAddress: GUID: 180ecf9b41d478f468eb3e9083753217 - Path: Packages/com.unity.cinemachine/Runtime/Impulse/CinemachineImpulseSource.cs - Importer: ScriptedImporter/UnityEditor.QuickSearchModule:UnityEditor.Search:ASIAI0B
Importing 'GUID: 180ecf9b41d478f468eb3e9083753217 - Path: Packages/com.unity.cinemachine/Runtime/Impulse/CinemachineImpulseSource.cs - Importer: ScriptedImporter/UnityEditor.QuickSearchModule:UnityEditor.Search:ASIAI0B' with importer (ScriptedImporter : UnityEditor.QuickSearchModule:UnityEditor.Search:ASIAI0B)
Imported 'GUID: 180ecf9b41d478f468eb3e9083753217' -> (Import Result ID: '13508912f924c00b5fc105cfcd547644') in 0.004 seconds [static and dynamic dependencies]. Details - ImportResultOutputID=c78331056f2e27b0d2af0798b89316cb DependenciesID=50b31fafb3eedbc958a593e4a75b9758 StaticDependenciesID=a1dc0e8cd28043292163fa1ad9434173 
Number of updated asset objects reloaded before import = 0
Number of asset objects unloaded after import = 0
========================================================================
Received Import Request.
  Time of request: 2026-09-06T07:59:57.085611Z
  Time since last request: 0.0004241 seconds.
  importAddress: GUID: f6c51332ac7d92541a38fb263b09d2a8 - Path: Assets/Starter Assets/Sample/Environment/Art/Skybox/SkyboxLite.mat - Importer: ScriptedImporter/UnityEditor.QuickSearchModule:UnityEditor.Search:ASIAI0B
Importing 'GUID: f6c51332ac7d92541a38fb263b09d2a8 - Path: Assets/Starter Assets/Sample/Environment/Art/Skybox/SkyboxLite.mat - Importer: ScriptedImporter/UnityEditor.QuickSearchModule:UnityEditor.Search:ASIAI0B' with importer (ScriptedImporter : UnityEditor.QuickSearchModule:UnityEditor.Search:ASIAI0B)
Imported 'GUID: f6c51332ac7d92541a38fb263b09d2a8' -> (Import Result ID: '204f9ed505ba9bc1cef9f8af552882dd') in 0.005 seconds [static and dynamic dependencies]. Details - ImportResultOutputID=5c9386dd0adc43608c77dc8199bafe50 DependenciesID=ad179533f37842ad7f1018d3710f836e StaticDependenciesID=4aac316fd4cd9601e04f04ad624bf4bc 
Number of updated asset objects reloaded before import = 0
Number of asset objects unloaded after import = 1
========================================================================
Received Import Request.
  Time of request: 2026-09-06T07:59:57.1022908Z
  Time since last request: 0.0005571 seconds.
  importAddress: GUID: 0aa26b55dba50a24ba30bb759b2db4e9 - Path: Packages/com.unity.cinemachine/Runtime/Core/TargetTracking.cs - Importer: ScriptedImporter/UnityEditor.QuickSearchModule:UnityEditor.Search:ASIAI0B
Importing 'GUID: 0aa26b55dba50a24ba30bb759b2db4e9 - Path: Packages/com.unity.cinemachine/Runtime/Core/TargetTracking.cs - Importer: ScriptedImporter/UnityEditor.QuickSearchModule:UnityEditor.Search:ASIAI0B' with importer (ScriptedImporter : UnityEditor.QuickSearchModule:UnityEditor.Search:ASIAI0B)
Imported 'GUID: 0aa26b55dba50a24ba30bb759b2db4e9' -> (Import Result ID: '80d1a79e0d522c9567477de710574303') in 0.003 seconds [static and dynamic dependencies]. Details - ImportResultOutputID=73acfea1a565f392d60873ef419bd10d DependenciesID=1a2c2db88a8dfea75fe676e556a1ce63 StaticDependenciesID=64a711804760119cf252cdb1eb69e651 
Number of updated asset objects reloaded before import = 0
Number of asset objects unloaded after import = 0
========================================================================
Received Import Request.
  Time of request: 2026-09-06T07:59:57.1170548Z
  Time since last request: 0.0004475 seconds.
  importAddress: GUID: 49852dd85b2de7b4997a61317937f2e1 - Path: Assets/Starter Assets/Runtime/Mobile/Prefabs - Importer: ScriptedImporter/UnityEditor.QuickSearchModule:UnityEditor.Search:ASIAI0B
Importing 'GUID: 49852dd85b2de7b4997a61317937f2e1 - Path: Assets/Starter Assets/Runtime/Mobile/Prefabs - Importer: ScriptedImporter/UnityEditor.QuickSearchModule:UnityEditor.Search:ASIAI0B' with importer (ScriptedImporter : UnityEditor.QuickSearchModule:UnityEditor.Search:ASIAI0B)
Imported 'GUID: 49852dd85b2de7b4997a61317937f2e1' -> (Import Result ID: '0ef6108c44ad4fdd158771d3a9aa8fea') in 0.005 seconds [static and dynamic dependencies]. Details - ImportResultOutputID=742a4eff903b8b77b49cc08ffaf6b944 DependenciesID=5fa224a8bbba7a5a75ee88888498ed60 StaticDependenciesID=50c883553c0590452a07c7f168604d83 
Number of updated asset objects reloaded before import = 0
Number of asset objects unloaded after import = 1
========================================================================
Received Import Request.
  Time of request: 2026-09-06T07:59:57.1349026Z
  Time since last request: 0.0006264 seconds.
  importAddress: GUID: 70ebf5536475b4f6d837fb3fd1208155 - Path: Packages/com.unity.splines/Editor/Editor Resources/Icons/ToolHandleParent.png - Importer: ScriptedImporter/UnityEditor.QuickSearchModule:UnityEditor.Search:ASIAI0B
Importing 'GUID: 70ebf5536475b4f6d837fb3fd1208155 - Path: Packages/com.unity.splines/Editor/Editor Resources/Icons/ToolHandleParent.png - Importer: ScriptedImporter/UnityEditor.QuickSearchModule:UnityEditor.Search:ASIAI0B' with importer (ScriptedImporter : UnityEditor.QuickSearchModule:UnityEditor.Search:ASIAI0B)
Imported 'GUID: 70ebf5536475b4f6d837fb3fd1208155' -> (Import Result ID: 'caa1e2837992d83c92f60dd6580a370f') in 0.009 seconds [static and dynamic dependencies]. Details - ImportResultOutputID=12e15c3cac01230c96af7802b85c5bcb DependenciesID=af51d59621b91eb1b582982bc45d1a1f StaticDependenciesID=6fdd86f1430ff57fad8ac3ef458daa2b 
Number of updated asset objects reloaded before import = 0
Number of asset objects unloaded after import = 1
========================================================================
Received Import Request.
  Time of request: 2026-09-06T07:59:57.1558719Z
  Time since last request: 0.0007385 seconds.
  importAddress: GUID: 6d862fce0b0707949bb86058d777b116 - Path: Packages/com.unity.cinemachine/Runtime/Deprecated/CinemachineInputAxisDriver.cs - Importer: ScriptedImporter/UnityEditor.QuickSearchModule:UnityEditor.Search:ASIAI0B
Importing 'GUID: 6d862fce0b0707949bb86058d777b116 - Path: Packages/com.unity.cinemachine/Runtime/Deprecated/CinemachineInputAxisDriver.cs - Importer: ScriptedImporter/UnityEditor.QuickSearchModule:UnityEditor.Search:ASIAI0B' with importer (ScriptedImporter : UnityEditor.QuickSearchModule:UnityEditor.Search:ASIAI0B)
Imported 'GUID: 6d862fce0b0707949bb86058d777b116' -> (Import Result ID: '2994f326fd82876362732e304312e5ba') in 0.004 seconds [static and dynamic dependencies]. Details - ImportResultOutputID=77fe3a7cc6f0c2eb8eaf37c12815a686 DependenciesID=efb237cf1bb3abbbfa64cdbd23bf8af8 StaticDependenciesID=37b1c8fd3977adfac0666fa67f58a68b 
Number of updated asset objects reloaded before import = 0
Number of asset objects unloaded after import = 0
========================================================================
Received Import Request.
  Time of request: 2026-09-06T07:59:57.1733982Z
  Time since last request: 0.0004496 seconds.
  importAddress: GUID: 7a5cdb188f8a44c4fba093aad252e18a - Path: Packages/com.unity.cinemachine/Editor/Obsolete/CinemachineTool.cs - Importer: ScriptedImporter/UnityEditor.QuickSearchModule:UnityEditor.Search:ASIAI0B
Importing 'GUID: 7a5cdb188f8a44c4fba093aad252e18a - Path: Packages/com.unity.cinemachine/Editor/Obsolete/CinemachineTool.cs - Importer: ScriptedImporter/UnityEditor.QuickSearchModule:UnityEditor.Search:ASIAI0B' with importer (ScriptedImporter : UnityEditor.QuickSearchModule:UnityEditor.Search:ASIAI0B)
Imported 'GUID: 7a5cdb188f8a44c4fba093aad252e18a' -> (Import Result ID: 'f2444b549b51daf632a3b461eadc6877') in 0.004 seconds [static and dynamic dependencies]. Details - ImportResultOutputID=a1e19fb616d4d2c103b42e30ae75f20a DependenciesID=0a6f91108251928ad308ad50db20de22 StaticDependenciesID=5e2ea4482263b4bac21dc6de3991f734 
Number of updated asset objects reloaded before import = 0
Number of asset objects unloaded after import = 0
========================================================================
Received Import Request.
  Time of request: 2026-09-06T07:59:57.1885622Z
  Time since last request: 0.0006946 seconds.
  importAddress: GUID: 67c0fca06520e4f78923163f9541ba6c - Path: Packages/com.unity.settings-manager/Editor/SettingsDictionary.cs - Importer: ScriptedImporter/UnityEditor.QuickSearchModule:UnityEditor.Search:ASIAI0B
Importing 'GUID: 67c0fca06520e4f78923163f9541ba6c - Path: Packages/com.unity.settings-manager/Editor/SettingsDictionary.cs - Importer: ScriptedImporter/UnityEditor.QuickSearchModule:UnityEditor.Search:ASIAI0B' with importer (ScriptedImporter : UnityEditor.QuickSearchModule:UnityEditor.Search:ASIAI0B)
Imported 'GUID: 67c0fca06520e4f78923163f9541ba6c' -> (Import Result ID: '6d7374e748e3e3390dda16e5cdd0c26a') in 0.004 seconds [static and dynamic dependencies]. Details - ImportResultOutputID=27d45b8fa22ce7b110c78535bd807607 DependenciesID=9f6eddaa1b5c871157bbf8eaffca9ac6 StaticDependenciesID=4b86e5613e64a52cdfb050e4e879b461 
Number of updated asset objects reloaded before import = 0
Number of asset objects unloaded after import = 0
========================================================================
Received Import Request.
  Time of request: 2026-09-06T07:59:57.2048416Z
  Time since last request: 0.0004345 seconds.
  importAddress: GUID: c89b887ca267db84f895ccd75713a923 - Path: Assets/Starter Assets/Runtime/Mobile/Prefabs/EventSystem - Importer: ScriptedImporter/UnityEditor.QuickSearchModule:UnityEditor.Search:ASIAI0B
Importing 'GUID: c89b887ca267db84f895ccd75713a923 - Path: Assets/Starter Assets/Runtime/Mobile/Prefabs/EventSystem - Importer: ScriptedImporter/UnityEditor.QuickSearchModule:UnityEditor.Search:ASIAI0B' with importer (ScriptedImporter : UnityEditor.QuickSearchModule:UnityEditor.Search:ASIAI0B)
Imported 'GUID: c89b887ca267db84f895ccd75713a923' -> (Import Result ID: '3e8d7c0e58fb38943308d5cdf4e0afd8') in 0.004 seconds [static and dynamic dependencies]. Details - ImportResultOutputID=ad58cdc85d7a0f2afc29ef06f2a6d536 DependenciesID=16992d0b38cb1ff2b507a4600b49c17d StaticDependenciesID=4a81d272c6b81f8e20c6f9c70677f159 
Number of updated asset objects reloaded before import = 0
Number of asset objects unloaded after import = 1
========================================================================
Received Import Request.
  Time of request: 2026-09-06T07:59:57.2206421Z
  Time since last request: 0.0003427 seconds.
  importAddress: GUID: 105b9c594d5d52c438095221ba29cdab - Path: Packages/com.unity.cinemachine/Runtime/Core/DeltaTimeScaleProcessor.cs - Importer: ScriptedImporter/UnityEditor.QuickSearchModule:UnityEditor.Search:ASIAI0B
Importing 'GUID: 105b9c594d5d52c438095221ba29cdab - Path: Packages/com.unity.cinemachine/Runtime/Core/DeltaTimeScaleProcessor.cs - Importer: ScriptedImporter/UnityEditor.QuickSearchModule:UnityEditor.Search:ASIAI0B' with importer (ScriptedImporter : UnityEditor.QuickSearchModule:UnityEditor.Search:ASIAI0B)
Imported 'GUID: 105b9c594d5d52c438095221ba29cdab' -> (Import Result ID: '6688f3376a756ec126a4bb28cf085b99') in 0.004 seconds [static and dynamic dependencies]. Details - ImportResultOutputID=18f1ba03909db93d37fdb0f7fa27fd41 DependenciesID=20f304f7a938562d0f15f728987f7f12 StaticDependenciesID=cb5d654de7a81ccef52cfbb8b9bff33b 
Number of updated asset objects reloaded before import = 0
Number of asset objects unloaded after import = 0
========================================================================
Received Import Request.
  Time of request: 2026-09-06T07:59:57.2386276Z
  Time since last request: 0.0004063 seconds.
  importAddress: GUID: ed3efd28525441947b55ec9b5d68ba31 - Path: Packages/com.unity.cinemachine/Editor/PropertyDrawers/TagFieldPropertyDrawer.cs - Importer: ScriptedImporter/UnityEditor.QuickSearchModule:UnityEditor.Search:ASIAI0B
Importing 'GUID: ed3efd28525441947b55ec9b5d68ba31 - Path: Packages/com.unity.cinemachine/Editor/PropertyDrawers/TagFieldPropertyDrawer.cs - Importer: ScriptedImporter/UnityEditor.QuickSearchModule:UnityEditor.Search:ASIAI0B' with importer (ScriptedImporter : UnityEditor.QuickSearchModule:UnityEditor.Search:ASIAI0B)
Imported 'GUID: ed3efd28525441947b55ec9b5d68ba31' -> (Import Result ID: '9e01d9ef6aa6f5ba8c6e089f74810141') in 0.004 seconds [static and dynamic dependencies]. Details - ImportResultOutputID=b4f08e89653c85cde565073a4c5a1ca5 DependenciesID=fcc228e1c1cc7776b78f04c1ee9add7f StaticDependenciesID=a0fa24446f8249004363c81e9e295939 
Number of updated asset objects reloaded before import = 0
Number of asset objects unloaded after import = 0
========================================================================
Received Import Request.
  Time of request: 2026-09-06T07:59:57.2545378Z
  Time since last request: 0.0008042 seconds.
  importAddress: GUID: a922762599641445b9b96fc3bcafcf8b - Path: Packages/com.unity.splines/Editor/Editor Resources/Icons/d_ToolHandleParent.png - Importer: ScriptedImporter/UnityEditor.QuickSearchModule:UnityEditor.Search:ASIAI0B
Importing 'GUID: a922762599641445b9b96fc3bcafcf8b - Path: Packages/com.unity.splines/Editor/Editor Resources/Icons/d_ToolHandleParent.png - Importer: ScriptedImporter/UnityEditor.QuickSearchModule:UnityEditor.Search:ASIAI0B' with importer (ScriptedImporter : UnityEditor.QuickSearchModule:UnityEditor.Search:ASIAI0B)
Imported 'GUID: a922762599641445b9b96fc3bcafcf8b' -> (Import Result ID: '29446a0ec762af32d6bbd9ce5b845dca') in 0.009 seconds [static and dynamic dependencies]. Details - ImportResultOutputID=ce58e8dc966aec850aeab1cb80beca7e DependenciesID=0e16b4c2cc7391be4092fd12260bb14d StaticDependenciesID=bfec2f1a735e6df122807f1c75e383a5 
Number of updated asset objects reloaded before import = 0
Number of asset objects unloaded after import = 1
========================================================================
Received Import Request.
  Time of request: 2026-09-06T07:59:57.2746523Z
  Time since last request: 0.0004829 seconds.
  importAddress: GUID: 72fb38b12e406494493310b49ccb8384 - Path: Packages/com.unity.splines/Editor/Editor Resources/Textures - Importer: ScriptedImporter/UnityEditor.QuickSearchModule:UnityEditor.Search:ASIAI0B
Importing 'GUID: 72fb38b12e406494493310b49ccb8384 - Path: Packages/com.unity.splines/Editor/Editor Resources/Textures - Importer: ScriptedImporter/UnityEditor.QuickSearchModule:UnityEditor.Search:ASIAI0B' with importer (ScriptedImporter : UnityEditor.QuickSearchModule:UnityEditor.Search:ASIAI0B)
Imported 'GUID: 72fb38b12e406494493310b49ccb8384' -> (Import Result ID: '26626cdcbb98641090106c110b837aa2') in 0.004 seconds [static and dynamic dependencies]. Details - ImportResultOutputID=a761c20d9919f0aa35d2d1427807c544 DependenciesID=19742bdaa27d33a85e1d6115fded3beb StaticDependenciesID=988c1308261581fc12498a6193f61280 
Number of updated asset objects reloaded before import = 0
Number of asset objects unloaded after import = 1
========================================================================
Received Import Request.
  Time of request: 2026-09-06T07:59:57.2903986Z
  Time since last request: 0.0004521 seconds.
  importAddress: GUID: 9b46b2c2f21deb843b7ac9242d5f13e6 - Path: Assets/Starter Assets/Runtime/ThirdPersonController/Character/Textures/Armature_Arms_RGB.tif - Importer: ScriptedImporter/UnityEditor.QuickSearchModule:UnityEditor.Search:ASIAI0B
Importing 'GUID: 9b46b2c2f21deb843b7ac9242d5f13e6 - Path: Assets/Starter Assets/Runtime/ThirdPersonController/Character/Textures/Armature_Arms_RGB.tif - Importer: ScriptedImporter/UnityEditor.QuickSearchModule:UnityEditor.Search:ASIAI0B' with importer (ScriptedImporter : UnityEditor.QuickSearchModule:UnityEditor.Search:ASIAI0B)
Imported 'GUID: 9b46b2c2f21deb843b7ac9242d5f13e6' -> (Import Result ID: '1222db042c8fc44512adc6d1859ec789') in 0.014 seconds [static and dynamic dependencies]. Details - ImportResultOutputID=7da65c764e7d3a08fa181476f557b5ae DependenciesID=d27a86036c1dc6fb37c4fe7b22ed0acc StaticDependenciesID=a22d74149a57387b1ca4458bcfc4401b 
Number of updated asset objects reloaded before import = 0
Number of asset objects unloaded after import = 1
========================================================================
Received Import Request.
  Time of request: 2026-09-06T07:59:57.3159052Z
  Time since last request: 0.0008625 seconds.
  importAddress: GUID: f73582510601d4be083d9a53c0f8ee48 - Path: Packages/com.unity.cinemachine/Runtime/ThirdParty/Clipper.Core.cs - Importer: ScriptedImporter/UnityEditor.QuickSearchModule:UnityEditor.Search:ASIAI0B
Importing 'GUID: f73582510601d4be083d9a53c0f8ee48 - Path: Packages/com.unity.cinemachine/Runtime/ThirdParty/Clipper.Core.cs - Importer: ScriptedImporter/UnityEditor.QuickSearchModule:UnityEditor.Search:ASIAI0B' with importer (ScriptedImporter : UnityEditor.QuickSearchModule:UnityEditor.Search:ASIAI0B)
Imported 'GUID: f73582510601d4be083d9a53c0f8ee48' -> (Import Result ID: 'f32c5a8c0f8ce44322efa05dfddae92e') in 0.004 seconds [static and dynamic dependencies]. Details - ImportResultOutputID=e9a614cf84570f3fc7187ea23c48cf11 DependenciesID=cd5af96c8a2af63decb7b775e770106f StaticDependenciesID=a2709c5ef4e53cd558dd65c6dfa930ef 
Number of updated asset objects reloaded before import = 0
Number of asset objects unloaded after import = 0
========================================================================
Received Import Request.
  Time of request: 2026-09-06T07:59:57.3305205Z
  Time since last request: 0.0007107 seconds.
  importAddress: GUID: 3b4c7a3b070417e469f3e51165d2e011 - Path: Packages/com.unity.cinemachine/Editor/PropertyDrawers/SplineSettingsPropertyDrawer.cs - Importer: ScriptedImporter/UnityEditor.QuickSearchModule:UnityEditor.Search:ASIAI0B
Importing 'GUID: 3b4c7a3b070417e469f3e51165d2e011 - Path: Packages/com.unity.cinemachine/Editor/PropertyDrawers/SplineSettingsPropertyDrawer.cs - Importer: ScriptedImporter/UnityEditor.QuickSearchModule:UnityEditor.Search:ASIAI0B' with importer (ScriptedImporter : UnityEditor.QuickSearchModule:UnityEditor.Search:ASIAI0B)
Imported 'GUID: 3b4c7a3b070417e469f3e51165d2e011' -> (Import Result ID: '089626ea5f4313231f9a6d9cc7c9609a') in 0.005 seconds [static and dynamic dependencies]. Details - ImportResultOutputID=3ca0c06aff7c1008916e754032050126 DependenciesID=6b90774e2a34c8be31fbe98ffb2f2758 StaticDependenciesID=b0ea22fa38916b55ddc96f314ac92a50 
Number of updated asset objects reloaded before import = 0
Number of asset objects unloaded after import = 0
========================================================================
Received Import Request.
  Time of request: 2026-09-06T07:59:57.3483342Z
  Time since last request: 0.0009857 seconds.
  importAddress: GUID: d64c7205ca5bb264892c91598b5e1402 - Path: Packages/com.unity.splines/Editor/Editor Resources/Icons/Tangent_Continuous On.png - Importer: ScriptedImporter/UnityEditor.QuickSearchModule:UnityEditor.Search:ASIAI0B
Importing 'GUID: d64c7205ca5bb264892c91598b5e1402 - Path: Packages/com.unity.splines/Editor/Editor Resources/Icons/Tangent_Continuous On.png - Importer: ScriptedImporter/UnityEditor.QuickSearchModule:UnityEditor.Search:ASIAI0B' with importer (ScriptedImporter : UnityEditor.QuickSearchModule:UnityEditor.Search:ASIAI0B)
Imported 'GUID: d64c7205ca5bb264892c91598b5e1402' -> (Import Result ID: 'e3bce891d4e5b744cd361b89887e6794') in 0.007 seconds [static and dynamic dependencies]. Details - ImportResultOutputID=d410fe0531cee7133e2bb3e65f30e01b DependenciesID=f1fcac3702b60aeb8dd562504da72925 StaticDependenciesID=727ca6c3dbd43d0879da148ff69989c1 
Number of updated asset objects reloaded before import = 0
Number of asset objects unloaded after import = 1
========================================================================
Received Import Request.
  Time of request: 2026-09-06T07:59:57.3673045Z
  Time since last request: 0.0006144 seconds.
  importAddress: GUID: 990a7dc69d2190e4794d6c36679a4f2e - Path: Packages/com.unity.splines/Editor/Editor Resources/Icons/Tangent_Continuous@2x.png - Importer: ScriptedImporter/UnityEditor.QuickSearchModule:UnityEditor.Search:ASIAI0B
Importing 'GUID: 990a7dc69d2190e4794d6c36679a4f2e - Path: Packages/com.unity.splines/Editor/Editor Resources/Icons/Tangent_Continuous@2x.png - Importer: ScriptedImporter/UnityEditor.QuickSearchModule:UnityEditor.Search:ASIAI0B' with importer (ScriptedImporter : UnityEditor.QuickSearchModule:UnityEditor.Search:ASIAI0B)
Imported 'GUID: 990a7dc69d2190e4794d6c36679a4f2e' -> (Import Result ID: '76edbddb2714f600ac03ca277b2ff48a') in 0.007 seconds [static and dynamic dependencies]. Details - ImportResultOutputID=a8d0a2c587866239b734ef71db6f8bea DependenciesID=a0fc9c25729e5f5764e454e031afcf33 StaticDependenciesID=4b132d74f2d1ad28a1fa151a2ec27fa7 
Number of updated asset objects reloaded before import = 0
Number of asset objects unloaded after import = 1
========================================================================
Received Import Request.
  Time of request: 2026-09-06T07:59:57.3847312Z
  Time since last request: 0.0003946 seconds.
  importAddress: GUID: 68839a4bf8790cd449d4043f5efb5aec - Path: Packages/com.unity.cinemachine/Runtime/Core/GaussianFilter.cs - Importer: ScriptedImporter/UnityEditor.QuickSearchModule:UnityEditor.Search:ASIAI0B
Importing 'GUID: 68839a4bf8790cd449d4043f5efb5aec - Path: Packages/com.unity.cinemachine/Runtime/Core/GaussianFilter.cs - Importer: ScriptedImporter/UnityEditor.QuickSearchModule:UnityEditor.Search:ASIAI0B' with importer (ScriptedImporter : UnityEditor.QuickSearchModule:UnityEditor.Search:ASIAI0B)
Imported 'GUID: 68839a4bf8790cd449d4043f5efb5aec' -> (Import Result ID: '9fba9469c4e51d3ce2712661f30f954a') in 0.004 seconds [static and dynamic dependencies]. Details - ImportResultOutputID=325039c88f84f113e7009684312c5816 DependenciesID=fb66ce19a528c150d479beab16122c74 StaticDependenciesID=93b8bffb780d1e5824b2b5eb3a4d86f3 
Number of updated asset objects reloaded before import = 0
Number of asset objects unloaded after import = 0
========================================================================
Received Import Request.
  Time of request: 2026-09-06T07:59:57.4000468Z
  Time since last request: 0.000742 seconds.
  importAddress: GUID: 767365db77168f744af8685807ad7f4b - Path: Packages/com.unity.settings-manager/Tests/Editor/SettingsTests.cs - Importer: ScriptedImporter/UnityEditor.QuickSearchModule:UnityEditor.Search:ASIAI0B
Importing 'GUID: 767365db77168f744af8685807ad7f4b - Path: Packages/com.unity.settings-manager/Tests/Editor/SettingsTests.cs - Importer: ScriptedImporter/UnityEditor.QuickSearchModule:UnityEditor.Search:ASIAI0B' with importer (ScriptedImporter : UnityEditor.QuickSearchModule:UnityEditor.Search:ASIAI0B)
Imported 'GUID: 767365db77168f744af8685807ad7f4b' -> (Import Result ID: '15c2c3af6d3fb93d898fa863cb03a403') in 0.003 seconds [static and dynamic dependencies]. Details - ImportResultOutputID=71ea653ae6ed82d97f1e63a47a7ded5b DependenciesID=6a8e4b722b47a3e4f544295f367e01f9 StaticDependenciesID=6ee4919916e48c2d5c8a94203da0947e 
Number of updated asset objects reloaded before import = 0
Number of asset objects unloaded after import = 0
========================================================================
Received Import Request.
  Time of request: 2026-09-06T07:59:57.4176057Z
  Time since last request: 0.0005901 seconds.
  importAddress: GUID: b8c433db06b595546b18ebbe3e27c83f - Path: Packages/com.unity.splines/Editor/GUI/ToolbarsOverlays/SplineHandleSettingsWindow.cs - Importer: ScriptedImporter/UnityEditor.QuickSearchModule:UnityEditor.Search:ASIAI0B
Importing 'GUID: b8c433db06b595546b18ebbe3e27c83f - Path: Packages/com.unity.splines/Editor/GUI/ToolbarsOverlays/SplineHandleSettingsWindow.cs - Importer: ScriptedImporter/UnityEditor.QuickSearchModule:UnityEditor.Search:ASIAI0B' with importer (ScriptedImporter : UnityEditor.QuickSearchModule:UnityEditor.Search:ASIAI0B)
Imported 'GUID: b8c433db06b595546b18ebbe3e27c83f' -> (Import Result ID: 'f4d45895fa466d6daf535ae18a9434b4') in 0.004 seconds [static and dynamic dependencies]. Details - ImportResultOutputID=2b0381af739e7f7027a4f4754b358677 DependenciesID=57016b70705ed8217aa075871cc997ef StaticDependenciesID=bdc0d6fce7cd227af82085cf8676b9cb 
Number of updated asset objects reloaded before import = 0
Number of asset objects unloaded after import = 0
========================================================================
Received Import Request.
  Time of request: 2026-09-06T07:59:57.432742Z
  Time since last request: 0.0004002 seconds.
  importAddress: GUID: b438b521cf750477d9ad76cbbffe9be3 - Path: Packages/com.unity.cinemachine/Runtime/ThirdParty - Importer: ScriptedImporter/UnityEditor.QuickSearchModule:UnityEditor.Search:ASIAI0B
Importing 'GUID: b438b521cf750477d9ad76cbbffe9be3 - Path: Packages/com.unity.cinemachine/Runtime/ThirdParty - Importer: ScriptedImporter/UnityEditor.QuickSearchModule:UnityEditor.Search:ASIAI0B' with importer (ScriptedImporter : UnityEditor.QuickSearchModule:UnityEditor.Search:ASIAI0B)
Imported 'GUID: b438b521cf750477d9ad76cbbffe9be3' -> (Import Result ID: '96b4f2f86e830d4b9a461c5fa95f33a4') in 0.003 seconds [static and dynamic dependencies]. Details - ImportResultOutputID=6b59243fd7d0465fcb39b7954e8006a9 DependenciesID=48303381b36ab4e3e94ddd28a9a96bcf StaticDependenciesID=72288667ed01cddb27c93ed4c287c49d 
Number of updated asset objects reloaded before import = 0
Number of asset objects unloaded after import = 1
========================================================================
Received Import Request.
  Time of request: 2026-09-06T07:59:57.4472145Z
  Time since last request: 0.0004501 seconds.
  importAddress: GUID: e7363f1a86c8d4620b2e20ff9a768e6a - Path: Packages/com.unity.splines/Editor/Utilities/EditorSplineUtility.cs - Importer: ScriptedImporter/UnityEditor.QuickSearchModule:UnityEditor.Search:ASIAI0B
Importing 'GUID: e7363f1a86c8d4620b2e20ff9a768e6a - Path: Packages/com.unity.splines/Editor/Utilities/EditorSplineUtility.cs - Importer: ScriptedImporter/UnityEditor.QuickSearchModule:UnityEditor.Search:ASIAI0B' with importer (ScriptedImporter : UnityEditor.QuickSearchModule:UnityEditor.Search:ASIAI0B)
Imported 'GUID: e7363f1a86c8d4620b2e20ff9a768e6a' -> (Import Result ID: '525b6ffe835da3ca03d38472b04f8499') in 0.005 seconds [static and dynamic dependencies]. Details - ImportResultOutputID=7c45708b2c8dcf7f8ba7ae0b7f1b3703 DependenciesID=33a99a68a41a5960dbf00b86c2a9bd33 StaticDependenciesID=ff8d7d795f96b23fb492c9051d7c8d4e 
Number of updated asset objects reloaded before import = 0
Number of asset objects unloaded after import = 0
========================================================================
Received Import Request.
  Time of request: 2026-09-06T07:59:57.4653769Z
  Time since last request: 0.0005344 seconds.
  importAddress: GUID: 2c760cb7073c57e44959f36cbed8ed39 - Path: Packages/com.unity.cinemachine/Runtime/Core/CinemachinePropertyAttribute.cs - Importer: ScriptedImporter/UnityEditor.QuickSearchModule:UnityEditor.Search:ASIAI0B
Importing 'GUID: 2c760cb7073c57e44959f36cbed8ed39 - Path: Packages/com.unity.cinemachine/Runtime/Core/CinemachinePropertyAttribute.cs - Importer: ScriptedImporter/UnityEditor.QuickSearchModule:UnityEditor.Search:ASIAI0B' with importer (ScriptedImporter : UnityEditor.QuickSearchModule:UnityEditor.Search:ASIAI0B)
Imported 'GUID: 2c760cb7073c57e44959f36cbed8ed39' -> (Import Result ID: 'c0f845a35690bb42ca5f281141a9b0b4') in 0.004 seconds [static and dynamic dependencies]. Details - ImportResultOutputID=a56f93840942d4217af67eddc428d270 DependenciesID=68096733446dea33c57a2ab57edb9408 StaticDependenciesID=12627ff8286bd20bd6ff10c73d044794 
Number of updated asset objects reloaded before import = 0
Number of asset objects unloaded after import = 0
========================================================================
Received Import Request.
  Time of request: 2026-09-06T07:59:57.481088Z
  Time since last request: 0.0003511 seconds.
  importAddress: GUID: e43142fc3fec6554980dde6126631f1d - Path: Packages/com.unity.splines/Editor/Unity.Splines.Editor.asmdef - Importer: ScriptedImporter/UnityEditor.QuickSearchModule:UnityEditor.Search:ASIAI0B
Importing 'GUID: e43142fc3fec6554980dde6126631f1d - Path: Packages/com.unity.splines/Editor/Unity.Splines.Editor.asmdef - Importer: ScriptedImporter/UnityEditor.QuickSearchModule:UnityEditor.Search:ASIAI0B' with importer (ScriptedImporter : UnityEditor.QuickSearchModule:UnityEditor.Search:ASIAI0B)
Imported 'GUID: e43142fc3fec6554980dde6126631f1d' -> (Import Result ID: 'bbdbce4b73e01ab37aa0037a73263237') in 0.005 seconds [static and dynamic dependencies]. Details - ImportResultOutputID=236cb874f9bf37abf49979052a75d381 DependenciesID=76d9d082769648f2860a88d08757cc7c StaticDependenciesID=6a47baf73febaf09e5281c9c092412ba 
Number of updated asset objects reloaded before import = 0
Number of asset objects unloaded after import = 1
========================================================================
Received Import Request.
  Time of request: 2026-09-06T07:59:57.4994104Z
  Time since last request: 0.0004246 seconds.
  importAddress: GUID: 0818766e048304a559acbbf4aeab2d2e - Path: Packages/com.unity.cinemachine/Runtime/ThirdParty/Clipper.Engine.cs - Importer: ScriptedImporter/UnityEditor.QuickSearchModule:UnityEditor.Search:ASIAI0B
Importing 'GUID: 0818766e048304a559acbbf4aeab2d2e - Path: Packages/com.unity.cinemachine/Runtime/ThirdParty/Clipper.Engine.cs - Importer: ScriptedImporter/UnityEditor.QuickSearchModule:UnityEditor.Search:ASIAI0B' with importer (ScriptedImporter : UnityEditor.QuickSearchModule:UnityEditor.Search:ASIAI0B)
Imported 'GUID: 0818766e048304a559acbbf4aeab2d2e' -> (Import Result ID: '246a04d8f11935e238fdf80de3cab0d0') in 0.004 seconds [static and dynamic dependencies]. Details - ImportResultOutputID=1d19d19795276180efdcde4bcc76e833 DependenciesID=7f9695f5061d7e9db73c5a9c95720b36 StaticDependenciesID=4c76551b9e61a98feecc2d785f7af787 
Number of updated asset objects reloaded before import = 0
Number of asset objects unloaded after import = 0
========================================================================
Received Import Request.
  Time of request: 2026-09-06T07:59:57.5272621Z
  Time since last request: 0.0124356 seconds.
  importAddress: GUID: ee42f1964a0e8224c90be81905946699 - Path: Packages/com.unity.cinemachine/Editor/Editors/CinemachineBasicMultiChannelPerlinEditor.cs - Importer: ScriptedImporter/UnityEditor.QuickSearchModule:UnityEditor.Search:ASIAI0B
Importing 'GUID: ee42f1964a0e8224c90be81905946699 - Path: Packages/com.unity.cinemachine/Editor/Editors/CinemachineBasicMultiChannelPerlinEditor.cs - Importer: ScriptedImporter/UnityEditor.QuickSearchModule:UnityEditor.Search:ASIAI0B' with importer (ScriptedImporter : UnityEditor.QuickSearchModule:UnityEditor.Search:ASIAI0B)
Imported 'GUID: ee42f1964a0e8224c90be81905946699' -> (Import Result ID: '65bcff84705cf543545c87728dde97d2') in 0.003 seconds [static and dynamic dependencies]. Details - ImportResultOutputID=4518837215400696edebcc26690aa43f DependenciesID=0b199d48cf53b70424e1f780d69a7604 StaticDependenciesID=7cca3c9d5ee5e2d0b0371e0c01ab6534 
Number of updated asset objects reloaded before import = 0
Number of asset objects unloaded after import = 0
========================================================================
Received Import Request.
  Time of request: 2026-09-06T07:59:57.5409819Z
  Time since last request: 0.0004758 seconds.
  importAddress: GUID: 6c26251a3e1f5ac41afa5ffb404c5f71 - Path: Packages/com.unity.cinemachine/Runtime/Behaviours/CinemachineMixingCamera.cs - Importer: ScriptedImporter/UnityEditor.QuickSearchModule:UnityEditor.Search:ASIAI0B
Importing 'GUID: 6c26251a3e1f5ac41afa5ffb404c5f71 - Path: Packages/com.unity.cinemachine/Runtime/Behaviours/CinemachineMixingCamera.cs - Importer: ScriptedImporter/UnityEditor.QuickSearchModule:UnityEditor.Search:ASIAI0B' with importer (ScriptedImporter : UnityEditor.QuickSearchModule:UnityEditor.Search:ASIAI0B)
Imported 'GUID: 6c26251a3e1f5ac41afa5ffb404c5f71' -> (Import Result ID: 'bf1c8adb4b62da94619df17c0b01e93d') in 0.008 seconds [static and dynamic dependencies]. Details - ImportResultOutputID=bcc0f74f64136761fc19ead196c7e40a DependenciesID=4ddf58c30bb62faacef8cacde348f7cf StaticDependenciesID=95b6453b087b35c2e7a14fbfcd4ff32d 
Number of updated asset objects reloaded before import = 0
Number of asset objects unloaded after import = 1
========================================================================
Received Import Request.
  Time of request: 2026-09-06T07:59:57.5623195Z
  Time since last request: 0.0005818 seconds.
  importAddress: GUID: 4181bfe715a83e843b7538d750dc57cc - Path: Assets/Starter Assets/TutorialInfo/Readme.asset - Importer: ScriptedImporter/UnityEditor.QuickSearchModule:UnityEditor.Search:ASIAI0B
Importing 'GUID: 4181bfe715a83e843b7538d750dc57cc - Path: Assets/Starter Assets/TutorialInfo/Readme.asset - Importer: ScriptedImporter/UnityEditor.QuickSearchModule:UnityEditor.Search:ASIAI0B' with importer (ScriptedImporter : UnityEditor.QuickSearchModule:UnityEditor.Search:ASIAI0B)
Imported 'GUID: 4181bfe715a83e843b7538d750dc57cc' -> (Import Result ID: '8b1f2ed809c16d2ca9de106fb14f7c61') in 0.007 seconds [static and dynamic dependencies]. Details - ImportResultOutputID=2c96465236844936830abd3a85776098 DependenciesID=5885f32f84dcb2bc18f7c833646146f6 StaticDependenciesID=b918ad6c2ae54ecb9bebbf753af61a3f 
Number of updated asset objects reloaded before import = 0
Number of asset objects unloaded after import = 2
========================================================================
Received Import Request.
  Time of request: 2026-09-06T07:59:57.5811681Z
  Time since last request: 0.0003714 seconds.
  importAddress: GUID: 3fed8968b96eb924891cf86f5c51f661 - Path: Packages/com.unity.cinemachine/Runtime/Core/CinemachineBlend.cs - Importer: ScriptedImporter/UnityEditor.QuickSearchModule:UnityEditor.Search:ASIAI0B
Importing 'GUID: 3fed8968b96eb924891cf86f5c51f661 - Path: Packages/com.unity.cinemachine/Runtime/Core/CinemachineBlend.cs - Importer: ScriptedImporter/UnityEditor.QuickSearchModule:UnityEditor.Search:ASIAI0B' with importer (ScriptedImporter : UnityEditor.QuickSearchModule:UnityEditor.Search:ASIAI0B)
Imported 'GUID: 3fed8968b96eb924891cf86f5c51f661' -> (Import Result ID: '57412d6e7281ec05de343c9766352ea1') in 0.005 seconds [static and dynamic dependencies]. Details - ImportResultOutputID=fc74cd805b64d9f18ebe094213a57fb4 DependenciesID=4f2f4f27f1ceb0ec8927936fe23ab6f0 StaticDependenciesID=d2b9d8df0c46c12c63b936212e09995f 
Number of updated asset objects reloaded before import = 0
Number of asset objects unloaded after import = 0
========================================================================
Received Import Request.
  Time of request: 2026-09-06T07:59:57.5975707Z
  Time since last request: 0.0003701 seconds.
  importAddress: GUID: e9d35cf5830b403f8a24cef0e22ee40c - Path: Packages/com.unity.splines/Runtime/SplineFactory.cs - Importer: ScriptedImporter/UnityEditor.QuickSearchModule:UnityEditor.Search:ASIAI0B
Importing 'GUID: e9d35cf5830b403f8a24cef0e22ee40c - Path: Packages/com.unity.splines/Runtime/SplineFactory.cs - Importer: ScriptedImporter/UnityEditor.QuickSearchModule:UnityEditor.Search:ASIAI0B' with importer (ScriptedImporter : UnityEditor.QuickSearchModule:UnityEditor.Search:ASIAI0B)
Imported 'GUID: e9d35cf5830b403f8a24cef0e22ee40c' -> (Import Result ID: '6ecce8ab815f3d4f750ce9fec529651a') in 0.004 seconds [static and dynamic dependencies]. Details - ImportResultOutputID=24d83bd1ae8a95adac0b81c9f538ff28 DependenciesID=b879731e91182b3d1599c1be21df84d2 StaticDependenciesID=2edeee1c766f73b885a7bd1c0d0fb311 
Number of updated asset objects reloaded before import = 0
Number of asset objects unloaded after import = 0
========================================================================
Received Import Request.
  Time of request: 2026-09-06T07:59:57.6130923Z
  Time since last request: 0.0004473 seconds.
  importAddress: GUID: c1afd5e71b4a42a196c82053c9212199 - Path: Packages/com.unity.cinemachine/Editor/Upgrader/UpgradeObjectToCm3.Data.cs - Importer: ScriptedImporter/UnityEditor.QuickSearchModule:UnityEditor.Search:ASIAI0B
Importing 'GUID: c1afd5e71b4a42a196c82053c9212199 - Path: Packages/com.unity.cinemachine/Editor/Upgrader/UpgradeObjectToCm3.Data.cs - Importer: ScriptedImporter/UnityEditor.QuickSearchModule:UnityEditor.Search:ASIAI0B' with importer (ScriptedImporter : UnityEditor.QuickSearchModule:UnityEditor.Search:ASIAI0B)
Imported 'GUID: c1afd5e71b4a42a196c82053c9212199' -> (Import Result ID: '942be7f2afcadf11af4696851e095cc3') in 0.003 seconds [static and dynamic dependencies]. Details - ImportResultOutputID=8e830b81ca351d5adb2273bce174556c DependenciesID=29fbfe8c6559c0818a477738edd5b108 StaticDependenciesID=e26be2117c0b2d3f451952b1d357558b 
Number of updated asset objects reloaded before import = 0
Number of asset objects unloaded after import = 0
========================================================================
Received Import Request.
  Time of request: 2026-09-06T07:59:57.6280593Z
  Time since last request: 0.0005235 seconds.
  importAddress: GUID: 15ebf04de67923d41a36c21e1fc63718 - Path: Packages/com.unity.cinemachine/Runtime/Core/CinemachineVirtualCameraBase.cs - Importer: ScriptedImporter/UnityEditor.QuickSearchModule:UnityEditor.Search:ASIAI0B
Importing 'GUID: 15ebf04de67923d41a36c21e1fc63718 - Path: Packages/com.unity.cinemachine/Runtime/Core/CinemachineVirtualCameraBase.cs - Importer: ScriptedImporter/UnityEditor.QuickSearchModule:UnityEditor.Search:ASIAI0B' with importer (ScriptedImporter : UnityEditor.QuickSearchModule:UnityEditor.Search:ASIAI0B)
Imported 'GUID: 15ebf04de67923d41a36c21e1fc63718' -> (Import Result ID: '33d574acffdbe8360bfa11e7ab58a8a7') in 0.004 seconds [static and dynamic dependencies]. Details - ImportResultOutputID=72e6fd17fc4ed6aed00b2a5edcacd028 DependenciesID=f9eb85ff70c4026b9a553c7bbfc8fcd2 StaticDependenciesID=a3f9c66bf942b0a290c3e1e89980e8f6 
Number of updated asset objects reloaded before import = 0
Number of asset objects unloaded after import = 0
========================================================================
Received Import Request.
  Time of request: 2026-09-06T07:59:57.6442492Z
  Time since last request: 0.0007875 seconds.
  importAddress: GUID: 6d5b9345e21dd9641bc2689c45e4e021 - Path: Packages/com.unity.cinemachine/Runtime/Core/CinemachineCameraManagerBase.cs - Importer: ScriptedImporter/UnityEditor.QuickSearchModule:UnityEditor.Search:ASIAI0B
Importing 'GUID: 6d5b9345e21dd9641bc2689c45e4e021 - Path: Packages/com.unity.cinemachine/Runtime/Core/CinemachineCameraManagerBase.cs - Importer: ScriptedImporter/UnityEditor.QuickSearchModule:UnityEditor.Search:ASIAI0B' with importer (ScriptedImporter : UnityEditor.QuickSearchModule:UnityEditor.Search:ASIAI0B)
Imported 'GUID: 6d5b9345e21dd9641bc2689c45e4e021' -> (Import Result ID: '7d985efcbec3c6ba56e38308bab7854b') in 0.004 seconds [static and dynamic dependencies]. Details - ImportResultOutputID=22cf8fffe3ab1f268b65b0103519070d DependenciesID=06f5c87bc06ff2e89b8d10ed83d0b03c StaticDependenciesID=6f66b50138e2d4563f2d5135b53bca91 
Number of updated asset objects reloaded before import = 0
Number of asset objects unloaded after import = 0
========================================================================
Received Import Request.
  Time of request: 2026-09-06T07:59:57.6590798Z
  Time since last request: 0.000499 seconds.
  importAddress: GUID: a0357b2fb04a410d8dc62740f4fe4cbb - Path: Packages/com.unity.splines/Editor/GUI/EditorSplineGizmos.cs - Importer: ScriptedImporter/UnityEditor.QuickSearchModule:UnityEditor.Search:ASIAI0B
Importing 'GUID: a0357b2fb04a410d8dc62740f4fe4cbb - Path: Packages/com.unity.splines/Editor/GUI/EditorSplineGizmos.cs - Importer: ScriptedImporter/UnityEditor.QuickSearchModule:UnityEditor.Search:ASIAI0B' with importer (ScriptedImporter : UnityEditor.QuickSearchModule:UnityEditor.Search:ASIAI0B)
Imported 'GUID: a0357b2fb04a410d8dc62740f4fe4cbb' -> (Import Result ID: 'c7db75f8e7357cf3d5822ff98de918d5') in 0.004 seconds [static and dynamic dependencies]. Details - ImportResultOutputID=074a7790e2d23dc0b5a0be44b7405113 DependenciesID=0b77cd211db4969c9b99303bfc0b5b1d StaticDependenciesID=bba905f3e3137c5f21e57669833a09c2 
Number of updated asset objects reloaded before import = 0
Number of asset objects unloaded after import = 0
========================================================================
Received Import Request.
  Time of request: 2026-09-06T07:59:57.6747331Z
  Time since last request: 0.0005357 seconds.
  importAddress: GUID: 8a7437817844dce4894b049de73b75f2 - Path: Assets/Starter Assets/Sample/Environment/Prefabs/Ramp_Prefab.prefab - Importer: ScriptedImporter/UnityEditor.QuickSearchModule:UnityEditor.Search:ASIAI0B
Importing 'GUID: 8a7437817844dce4894b049de73b75f2 - Path: Assets/Starter Assets/Sample/Environment/Prefabs/Ramp_Prefab.prefab - Importer: ScriptedImporter/UnityEditor.QuickSearchModule:UnityEditor.Search:ASIAI0B' with importer (ScriptedImporter : UnityEditor.QuickSearchModule:UnityEditor.Search:ASIAI0B)
Imported 'GUID: 8a7437817844dce4894b049de73b75f2' -> (Import Result ID: '0a6e38c3a8ed1c69bbebabe1bd6dfcb5') in 0.008 seconds [static and dynamic dependencies]. Details - ImportResultOutputID=6cf3bd5f5eabf2d27427c1a3ced1b89e DependenciesID=b908f4cfb1362e4d0f886680d8a6dc53 StaticDependenciesID=b307f1b035b6fb97e5400f26d7936266 
Number of updated asset objects reloaded before import = 0
Number of asset objects unloaded after import = 9
========================================================================
Received Import Request.
  Time of request: 2026-09-06T07:59:57.6964805Z
  Time since last request: 0.0016154 seconds.
  importAddress: GUID: c6dc62700fa06274b9608a9fce8ed21b - Path: Assets/Starter Assets/Runtime/ThirdPersonController/Character/Textures/Armature_Arms_AlbedoTransparency.tif - Importer: ScriptedImporter/UnityEditor.QuickSearchModule:UnityEditor.Search:ASIAI0B
Importing 'GUID: c6dc62700fa06274b9608a9fce8ed21b - Path: Assets/Starter Assets/Runtime/ThirdPersonController/Character/Textures/Armature_Arms_AlbedoTransparency.tif - Importer: ScriptedImporter/UnityEditor.QuickSearchModule:UnityEditor.Search:ASIAI0B' with importer (ScriptedImporter : UnityEditor.QuickSearchModule:UnityEditor.Search:ASIAI0B)
Imported 'GUID: c6dc62700fa06274b9608a9fce8ed21b' -> (Import Result ID: 'e12b974eb10b9bb527b741962c36c1f3') in 0.010 seconds [static and dynamic dependencies]. Details - ImportResultOutputID=0cfef38bf87b6eb397fc28a356e2dac1 DependenciesID=c338fa29300c951b705373ffbd5d6ae3 StaticDependenciesID=bbbaf11a4ff93e2ce99862ac4d837d9a 
Number of updated asset objects reloaded before import = 0
Number of asset objects unloaded after import = 1
========================================================================
Received Import Request.
  Time of request: 2026-09-06T07:59:57.71854Z
  Time since last request: 0.0008463 seconds.
  importAddress: GUID: bea6b12ab5854760b485bc57408b9c3e - Path: Packages/com.unity.splines/Editor/GUI/SplineDataHandles.cs - Importer: ScriptedImporter/UnityEditor.QuickSearchModule:UnityEditor.Search:ASIAI0B
Importing 'GUID: bea6b12ab5854760b485bc57408b9c3e - Path: Packages/com.unity.splines/Editor/GUI/SplineDataHandles.cs - Importer: ScriptedImporter/UnityEditor.QuickSearchModule:UnityEditor.Search:ASIAI0B' with importer (ScriptedImporter : UnityEditor.QuickSearchModule:UnityEditor.Search:ASIAI0B)
Imported 'GUID: bea6b12ab5854760b485bc57408b9c3e' -> (Import Result ID: '1966dd94698d129e54e8bb81a9b6dfa7') in 0.005 seconds [static and dynamic dependencies]. Details - ImportResultOutputID=4ec8a875274cec7fe0c6d986e3cf4c2f DependenciesID=edb902ecd4eb75ae7fda4ef6406169a2 StaticDependenciesID=c3982044f476e1c0b1aa4368410d6ca3 
Number of updated asset objects reloaded before import = 0
Number of asset objects unloaded after import = 0
========================================================================
Received Import Request.
  Time of request: 2026-09-06T07:59:57.7356939Z
  Time since last request: 0.0006969 seconds.
  importAddress: GUID: e4e5d566a8aa9914c906555a6857fcb9 - Path: Packages/com.unity.cinemachine/Editor/EditorResources/CMWaveform.shader - Importer: ScriptedImporter/UnityEditor.QuickSearchModule:UnityEditor.Search:ASIAI0B
Importing 'GUID: e4e5d566a8aa9914c906555a6857fcb9 - Path: Packages/com.unity.cinemachine/Editor/EditorResources/CMWaveform.shader - Importer: ScriptedImporter/UnityEditor.QuickSearchModule:UnityEditor.Search:ASIAI0B' with importer (ScriptedImporter : UnityEditor.QuickSearchModule:UnityEditor.Search:ASIAI0B)
Imported 'GUID: e4e5d566a8aa9914c906555a6857fcb9' -> (Import Result ID: '571d643ab6cd4b3299fe3058aaf83436') in 0.005 seconds [static and dynamic dependencies]. Details - ImportResultOutputID=d064115ea35e76be684c0f1485554cbe DependenciesID=bd835c851f266f308537b3ba4100460e StaticDependenciesID=6a8271af92c8cc86e7654d8eb4a6816e 
Number of updated asset objects reloaded before import = 0
Number of asset objects unloaded after import = 1
========================================================================
Received Import Request.
  Time of request: 2026-09-06T07:59:57.7526587Z
  Time since last request: 0.000313 seconds.
  importAddress: GUID: f4044717213e31446939f7bd49c896ea - Path: Packages/com.unity.cinemachine/Runtime/Deprecated/CinemachineComposer.cs - Importer: ScriptedImporter/UnityEditor.QuickSearchModule:UnityEditor.Search:ASIAI0B
Importing 'GUID: f4044717213e31446939f7bd49c896ea - Path: Packages/com.unity.cinemachine/Runtime/Deprecated/CinemachineComposer.cs - Importer: ScriptedImporter/UnityEditor.QuickSearchModule:UnityEditor.Search:ASIAI0B' with importer (ScriptedImporter : UnityEditor.QuickSearchModule:UnityEditor.Search:ASIAI0B)
Imported 'GUID: f4044717213e31446939f7bd49c896ea' -> (Import Result ID: '04440cdeed209b09362b4f8e475ca3ff') in 0.004 seconds [static and dynamic dependencies]. Details - ImportResultOutputID=cc989edfbc77f18667b66907061b062e DependenciesID=c89d78b7c4a9ed141aff48546c10c011 StaticDependenciesID=28914a3cf1525053a97699187f244d12 
Number of updated asset objects reloaded before import = 0
Number of asset objects unloaded after import = 0
========================================================================
Received Import Request.
  Time of request: 2026-09-06T07:59:57.7696079Z
  Time since last request: 0.0005083 seconds.
  importAddress: GUID: f23d52331ea559841a7b7c27ca58037c - Path: Packages/com.unity.cinemachine/Editor/Timeline/CinemachineShotClipEditor.cs - Importer: ScriptedImporter/UnityEditor.QuickSearchModule:UnityEditor.Search:ASIAI0B
Importing 'GUID: f23d52331ea559841a7b7c27ca58037c - Path: Packages/com.unity.cinemachine/Editor/Timeline/CinemachineShotClipEditor.cs - Importer: ScriptedImporter/UnityEditor.QuickSearchModule:UnityEditor.Search:ASIAI0B' with importer (ScriptedImporter : UnityEditor.QuickSearchModule:UnityEditor.Search:ASIAI0B)
Imported 'GUID: f23d52331ea559841a7b7c27ca58037c' -> (Import Result ID: '3f27b1785ac1215e2fcd4ab175f382d8') in 0.004 seconds [static and dynamic dependencies]. Details - ImportResultOutputID=39d4fa826ca4c96cb8c9481aba9c3445 DependenciesID=28254174f6bc966f678302e518f5bd1b StaticDependenciesID=8146407f59d17816031746f7c2580fe9 
Number of updated asset objects reloaded before import = 0
Number of asset objects unloaded after import = 0
========================================================================
Received Import Request.
  Time of request: 2026-09-06T07:59:57.787355Z
  Time since last request: 0.0010058 seconds.
  importAddress: GUID: 30e7b5764902497297f0c9ca80bb179a - Path: Packages/com.unity.settings-manager/Editor/ProjectUserSettings.cs - Importer: ScriptedImporter/UnityEditor.QuickSearchModule:UnityEditor.Search:ASIAI0B
Importing 'GUID: 30e7b5764902497297f0c9ca80bb179a - Path: Packages/com.unity.settings-manager/Editor/ProjectUserSettings.cs - Importer: ScriptedImporter/UnityEditor.QuickSearchModule:UnityEditor.Search:ASIAI0B' with importer (ScriptedImporter : UnityEditor.QuickSearchModule:UnityEditor.Search:ASIAI0B)
Imported 'GUID: 30e7b5764902497297f0c9ca80bb179a' -> (Import Result ID: '733f4491e9995efd344ab8a5e24187bd') in 0.007 seconds [static and dynamic dependencies]. Details - ImportResultOutputID=2231463bf82c96de25f401d915a18a1a DependenciesID=445204ebbf975d16311a1eff85626aee StaticDependenciesID=834c0868f1ef0927aca3dd4c5029912c 
Number of updated asset objects reloaded before import = 0
Number of asset objects unloaded after import = 0
========================================================================
Received Import Request.
  Time of request: 2026-09-06T07:59:57.8062899Z
  Time since last request: 0.0007916 seconds.
  importAddress: GUID: 924d241f19612fa45bd388dc28955fad - Path: Packages/com.unity.cinemachine/Runtime/Helpers - Importer: ScriptedImporter/UnityEditor.QuickSearchModule:UnityEditor.Search:ASIAI0B
Importing 'GUID: 924d241f19612fa45bd388dc28955fad - Path: Packages/com.unity.cinemachine/Runtime/Helpers - Importer: ScriptedImporter/UnityEditor.QuickSearchModule:UnityEditor.Search:ASIAI0B' with importer (ScriptedImporter : UnityEditor.QuickSearchModule:UnityEditor.Search:ASIAI0B)
Imported 'GUID: 924d241f19612fa45bd388dc28955fad' -> (Import Result ID: 'b5eeab9f0ddf49d307f4ee3faa43fd79') in 0.004 seconds [static and dynamic dependencies]. Details - ImportResultOutputID=79318d7495c009de4868ac6d1974578f DependenciesID=f62caf92d8cf5128a89faff1b70b9a4a StaticDependenciesID=fc7b9ab7367d5c23c737b3b111da77a4 
Number of updated asset objects reloaded before import = 0
Number of asset objects unloaded after import = 1
========================================================================
Received Import Request.
  Time of request: 2026-09-06T07:59:57.8231845Z
  Time since last request: 0.0004478 seconds.
  importAddress: GUID: 4fa53a91a43ae1a4bbf6b29961b45c38 - Path: Packages/com.unity.cinemachine/Runtime/Core/CinemachineExtension.cs - Importer: ScriptedImporter/UnityEditor.QuickSearchModule:UnityEditor.Search:ASIAI0B
Importing 'GUID: 4fa53a91a43ae1a4bbf6b29961b45c38 - Path: Packages/com.unity.cinemachine/Runtime/Core/CinemachineExtension.cs - Importer: ScriptedImporter/UnityEditor.QuickSearchModule:UnityEditor.Search:ASIAI0B' with importer (ScriptedImporter : UnityEditor.QuickSearchModule:UnityEditor.Search:ASIAI0B)
Imported 'GUID: 4fa53a91a43ae1a4bbf6b29961b45c38' -> (Import Result ID: '2b1df333aa1e0fa6520bd7b562aee270') in 0.003 seconds [static and dynamic dependencies]. Details - ImportResultOutputID=22ac603cf27dd797b8812ec23475e464 DependenciesID=bf86beef149b6b1e3546ce4a71cfc6ff StaticDependenciesID=41499bbe5e37d0925e99bb40b6a20d76 
Number of updated asset objects reloaded before import = 0
Number of asset objects unloaded after import = 0
========================================================================
Received Import Request.
  Time of request: 2026-09-06T07:59:57.8397269Z
  Time since last request: 0.0009237 seconds.
  importAddress: GUID: c7d73314dfe49f8458398c6dc8edcda8 - Path: Packages/com.unity.cinemachine/Runtime/Core/CinemachineCore.cs - Importer: ScriptedImporter/UnityEditor.QuickSearchModule:UnityEditor.Search:ASIAI0B
Importing 'GUID: c7d73314dfe49f8458398c6dc8edcda8 - Path: Packages/com.unity.cinemachine/Runtime/Core/CinemachineCore.cs - Importer: ScriptedImporter/UnityEditor.QuickSearchModule:UnityEditor.Search:ASIAI0B' with importer (ScriptedImporter : UnityEditor.QuickSearchModule:UnityEditor.Search:ASIAI0B)
Imported 'GUID: c7d73314dfe49f8458398c6dc8edcda8' -> (Import Result ID: '45a4f0b7469659b325a6f1507f1f548e') in 0.004 seconds [static and dynamic dependencies]. Details - ImportResultOutputID=532b430f220f164f8232f32d277921ca DependenciesID=5f34e057bde3e2ae39ddc39afa1d05e7 StaticDependenciesID=21aafd787e34d9bd57e361b08b3a2ad0 
Number of updated asset objects reloaded before import = 0
Number of asset objects unloaded after import = 0
========================================================================
Received Import Request.
  Time of request: 2026-09-06T07:59:57.8557725Z
  Time since last request: 0.0004597 seconds.
  importAddress: GUID: dab5c7d4c32e743048dfca98e2d5914f - Path: Packages/com.unity.splines/Runtime/SplineContainer.cs - Importer: ScriptedImporter/UnityEditor.QuickSearchModule:UnityEditor.Search:ASIAI0B
Importing 'GUID: dab5c7d4c32e743048dfca98e2d5914f - Path: Packages/com.unity.splines/Runtime/SplineContainer.cs - Importer: ScriptedImporter/UnityEditor.QuickSearchModule:UnityEditor.Search:ASIAI0B' with importer (ScriptedImporter : UnityEditor.QuickSearchModule:UnityEditor.Search:ASIAI0B)
Imported 'GUID: dab5c7d4c32e743048dfca98e2d5914f' -> (Import Result ID: 'fc6fcab667478b989dceb838d32e58b2') in 0.003 seconds [static and dynamic dependencies]. Details - ImportResultOutputID=0766b746fc3ecf62365ce6be14acf25f DependenciesID=d5999b196ffda75ea6dd532b842bdc3f StaticDependenciesID=854a57dee7114908d20923e6cc72cd37 
Number of updated asset objects reloaded before import = 0
Number of asset objects unloaded after import = 0
========================================================================
Received Import Request.
  Time of request: 2026-09-06T07:59:57.8711067Z
  Time since last request: 0.0003689 seconds.
  importAddress: GUID: c2a918f460a69394eb9726b31e1d404c - Path: Packages/com.unity.cinemachine/Runtime/Core/CameraState.cs - Importer: ScriptedImporter/UnityEditor.QuickSearchModule:UnityEditor.Search:ASIAI0B
Importing 'GUID: c2a918f460a69394eb9726b31e1d404c - Path: Packages/com.unity.cinemachine/Runtime/Core/CameraState.cs - Importer: ScriptedImporter/UnityEditor.QuickSearchModule:UnityEditor.Search:ASIAI0B' with importer (ScriptedImporter : UnityEditor.QuickSearchModule:UnityEditor.Search:ASIAI0B)
Imported 'GUID: c2a918f460a69394eb9726b31e1d404c' -> (Import Result ID: 'a96b0e23a0c729f5ab275969c493a103') in 0.004 seconds [static and dynamic dependencies]. Details - ImportResultOutputID=933c3fd0a373308e2055b933cf6613eb DependenciesID=34d3ef937576bf018374723429eb4a81 StaticDependenciesID=83a42459a133d8aecbf2dce389757309 
Number of updated asset objects reloaded before import = 0
Number of asset objects unloaded after import = 0
========================================================================
Received Import Request.
  Time of request: 2026-09-06T07:59:57.8870404Z
  Time since last request: 0.0004433 seconds.
  importAddress: GUID: 0834e0204621424449fe7f88d7127f07 - Path: Packages/com.unity.splines/Editor/Core/PathSettings.cs - Importer: ScriptedImporter/UnityEditor.QuickSearchModule:UnityEditor.Search:ASIAI0B
Importing 'GUID: 0834e0204621424449fe7f88d7127f07 - Path: Packages/com.unity.splines/Editor/Core/PathSettings.cs - Importer: ScriptedImporter/UnityEditor.QuickSearchModule:UnityEditor.Search:ASIAI0B' with importer (ScriptedImporter : UnityEditor.QuickSearchModule:UnityEditor.Search:ASIAI0B)
Imported 'GUID: 0834e0204621424449fe7f88d7127f07' -> (Import Result ID: '8cc3d65f2c9e846bc9cef9db29e48e0e') in 0.004 seconds [static and dynamic dependencies]. Details - ImportResultOutputID=b56d85b843e3405484443b3428b85a7e DependenciesID=961182ddae0481e0433ec3701674d96b StaticDependenciesID=d24b3e75ec0c82945652daea699354a1 
Number of updated asset objects reloaded before import = 0
Number of asset objects unloaded after import = 0
========================================================================
Received Import Request.
  Time of request: 2026-09-06T07:59:57.9025143Z
  Time since last request: 0.0003945 seconds.
  importAddress: GUID: 4852296b344778d4a91e6fc37030d745 - Path: Assets/Starter Assets/Sample/FirstPersonController - Importer: ScriptedImporter/UnityEditor.QuickSearchModule:UnityEditor.Search:ASIAI0B
Importing 'GUID: 4852296b344778d4a91e6fc37030d745 - Path: Assets/Starter Assets/Sample/FirstPersonController - Importer: ScriptedImporter/UnityEditor.QuickSearchModule:UnityEditor.Search:ASIAI0B' with importer (ScriptedImporter : UnityEditor.QuickSearchModule:UnityEditor.Search:ASIAI0B)
Imported 'GUID: 4852296b344778d4a91e6fc37030d745' -> (Import Result ID: '7778082e8071ce494b024914df26411b') in 0.004 seconds [static and dynamic dependencies]. Details - ImportResultOutputID=76b93b8bf9318d7f4fca8e8ed8941721 DependenciesID=a2a1deda09ef7adbeeef5ad930285094 StaticDependenciesID=ac29c22009b0c460f0f0eb6b7fd62e03 
Number of updated asset objects reloaded before import = 0
Number of asset objects unloaded after import = 1
========================================================================
Received Import Request.
  Time of request: 2026-09-06T07:59:57.9177303Z
  Time since last request: 0.0003728 seconds.
  importAddress: GUID: 222dc08d484f16869bdd89edd9d368fc - Path: Packages/com.unity.splines/Runtime/SplineExtrude.cs - Importer: ScriptedImporter/UnityEditor.QuickSearchModule:UnityEditor.Search:ASIAI0B
Importing 'GUID: 222dc08d484f16869bdd89edd9d368fc - Path: Packages/com.unity.splines/Runtime/SplineExtrude.cs - Importer: ScriptedImporter/UnityEditor.QuickSearchModule:UnityEditor.Search:ASIAI0B' with importer (ScriptedImporter : UnityEditor.QuickSearchModule:UnityEditor.Search:ASIAI0B)
Imported 'GUID: 222dc08d484f16869bdd89edd9d368fc' -> (Import Result ID: 'b22da64ccda79b945e753291cdc4a062') in 0.003 seconds [static and dynamic dependencies]. Details - ImportResultOutputID=82168ab78e4c3eb4cf15ae0dc3c7d907 DependenciesID=8a9f277f7b5431c0d8f709f051d6a402 StaticDependenciesID=3b3a8d0863fb22b745bbe77fd09bde28 
Number of updated asset objects reloaded before import = 0
Number of asset objects unloaded after import = 0
========================================================================
Received Import Request.
  Time of request: 2026-09-06T07:59:57.9323145Z
  Time since last request: 0.0004027 seconds.
  importAddress: GUID: 53258ad9ad6e71e48bb8643c9522112e - Path: Packages/com.unity.cinemachine/Runtime/Behaviours/CinemachineSequencerCamera.cs - Importer: ScriptedImporter/UnityEditor.QuickSearchModule:UnityEditor.Search:ASIAI0B
Importing 'GUID: 53258ad9ad6e71e48bb8643c9522112e - Path: Packages/com.unity.cinemachine/Runtime/Behaviours/CinemachineSequencerCamera.cs - Importer: ScriptedImporter/UnityEditor.QuickSearchModule:UnityEditor.Search:ASIAI0B' with importer (ScriptedImporter : UnityEditor.QuickSearchModule:UnityEditor.Search:ASIAI0B)
Imported 'GUID: 53258ad9ad6e71e48bb8643c9522112e' -> (Import Result ID: '6f5c186a546d002f647653a3f4fe3234') in 0.006 seconds [static and dynamic dependencies]. Details - ImportResultOutputID=7b9ed93f2c4217032d4e1aed412ffbd7 DependenciesID=3250fa5627af9937122890bed60acf9f StaticDependenciesID=0b70007a42baec0e37017ba1c5b426b7 
Number of updated asset objects reloaded before import = 0
Number of asset objects unloaded after import = 1
========================================================================
Received Import Request.
  Time of request: 2026-09-06T07:59:57.9507635Z
  Time since last request: 0.0003744 seconds.
  importAddress: GUID: c708a3b79cd542b42bbfedb17e213bc1 - Path: Assets/Starter Assets/Runtime/ThirdPersonController/Prefabs/NestedParentArmature_Unpack.prefab - Importer: ScriptedImporter/UnityEditor.QuickSearchModule:UnityEditor.Search:ASIAI0B
Importing 'GUID: c708a3b79cd542b42bbfedb17e213bc1 - Path: Assets/Starter Assets/Runtime/ThirdPersonController/Prefabs/NestedParentArmature_Unpack.prefab - Importer: ScriptedImporter/UnityEditor.QuickSearchModule:UnityEditor.Search:ASIAI0B' with importer (ScriptedImporter : UnityEditor.QuickSearchModule:UnityEditor.Search:ASIAI0B)
Imported 'GUID: c708a3b79cd542b42bbfedb17e213bc1' -> (Import Result ID: 'c6e0c668ad40664b634b82f3462d35ac') in 0.022 seconds [static and dynamic dependencies]. Details - ImportResultOutputID=19608a5eb0fe09534b060ed356f48ee0 DependenciesID=1a9e6b01a6c2b79a5a30d15b259f4266 StaticDependenciesID=383ea83e11c2066e9366a9d83b7d4557 
Number of updated asset objects reloaded before import = 0
Number of asset objects unloaded after import = 197
========================================================================
Received Import Request.
  Time of request: 2026-09-06T07:59:57.9843615Z
  Time since last request: 0.0000231 seconds.
  importAddress: GUID: 8647d8846516479e99dbf89e8b927446 - Path: Packages/com.unity.splines/Runtime/SplineComponent.cs - Importer: ScriptedImporter/UnityEditor.QuickSearchModule:UnityEditor.Search:ASIAI0B
Importing 'GUID: 8647d8846516479e99dbf89e8b927446 - Path: Packages/com.unity.splines/Runtime/SplineComponent.cs - Importer: ScriptedImporter/UnityEditor.QuickSearchModule:UnityEditor.Search:ASIAI0B' with importer (ScriptedImporter : UnityEditor.QuickSearchModule:UnityEditor.Search:ASIAI0B)
Imported 'GUID: 8647d8846516479e99dbf89e8b927446' -> (Import Result ID: 'ec60256fd48695e98d79cdb84c4d73f8') in 0.003 seconds [static and dynamic dependencies]. Details - ImportResultOutputID=713d17c2bf868961c229e3fe5f624b3f DependenciesID=9332eaca2c2cde7bf306de028df41759 StaticDependenciesID=87f25f1da0114b20193f07bd46ace195 
Number of updated asset objects reloaded before import = 0
Number of asset objects unloaded after import = 0
========================================================================
Received Import Request.
  Time of request: 2026-09-06T07:59:57.9995492Z
  Time since last request: 0.0005838 seconds.
  importAddress: GUID: 557c6f70a7173744abaa3967b6da6f5d - Path: Packages/com.unity.cinemachine/Runtime/Deprecated/AxisState.cs - Importer: ScriptedImporter/UnityEditor.QuickSearchModule:UnityEditor.Search:ASIAI0B
Importing 'GUID: 557c6f70a7173744abaa3967b6da6f5d - Path: Packages/com.unity.cinemachine/Runtime/Deprecated/AxisState.cs - Importer: ScriptedImporter/UnityEditor.QuickSearchModule:UnityEditor.Search:ASIAI0B' with importer (ScriptedImporter : UnityEditor.QuickSearchModule:UnityEditor.Search:ASIAI0B)
Imported 'GUID: 557c6f70a7173744abaa3967b6da6f5d' -> (Import Result ID: '5e79d48f34bc4d2e4320d1b68d6d3fb4') in 0.005 seconds [static and dynamic dependencies]. Details - ImportResultOutputID=ade034abe2ef52812805fb0385339968 DependenciesID=42d77430882c797e219c3008200dea9b StaticDependenciesID=98aee3a73ae413154079d21e58cc25bb 
Number of updated asset objects reloaded before import = 0
Number of asset objects unloaded after import = 0
========================================================================
Received Import Request.
  Time of request: 2026-09-06T07:59:58.0171057Z
  Time since last request: 0.000431 seconds.
  importAddress: GUID: f24a4388d07ef494e8516cb859803e09 - Path: Packages/com.unity.cinemachine/Editor/Timeline/CinemachineShotEditor.cs - Importer: ScriptedImporter/UnityEditor.QuickSearchModule:UnityEditor.Search:ASIAI0B
Importing 'GUID: f24a4388d07ef494e8516cb859803e09 - Path: Packages/com.unity.cinemachine/Editor/Timeline/CinemachineShotEditor.cs - Importer: ScriptedImporter/UnityEditor.QuickSearchModule:UnityEditor.Search:ASIAI0B' with importer (ScriptedImporter : UnityEditor.QuickSearchModule:UnityEditor.Search:ASIAI0B)
Imported 'GUID: f24a4388d07ef494e8516cb859803e09' -> (Import Result ID: '1615073b215b7b9d9d1791b841387dd9') in 0.004 seconds [static and dynamic dependencies]. Details - ImportResultOutputID=403745b515b3105a13900c5e2356ad00 DependenciesID=10edd1bce85ecda10186b283374b43f0 StaticDependenciesID=a3729f62c93425a87c73f56b0671588d 
Number of updated asset objects reloaded before import = 0
Number of asset objects unloaded after import = 0
========================================================================
Received Import Request.
  Time of request: 2026-09-06T07:59:58.0324184Z
  Time since last request: 0.0003899 seconds.
  importAddress: GUID: 3ffbe936d08df274e97d160a90856750 - Path: Assets/Starter Assets/Runtime/ThirdPersonController/Character/Materials/Built-in_RP/M_ArmatureColor_Legs.mat - Importer: ScriptedImporter/UnityEditor.QuickSearchModule:UnityEditor.Search:ASIAI0B
Importing 'GUID: 3ffbe936d08df274e97d160a90856750 - Path: Assets/Starter Assets/Runtime/ThirdPersonController/Character/Materials/Built-in_RP/M_ArmatureColor_Legs.mat - Importer: ScriptedImporter/UnityEditor.QuickSearchModule:UnityEditor.Search:ASIAI0B' with importer (ScriptedImporter : UnityEditor.QuickSearchModule:UnityEditor.Search:ASIAI0B)
Imported 'GUID: 3ffbe936d08df274e97d160a90856750' -> (Import Result ID: '12a8e812f9f3d42fdf23dfe05740b482') in 0.024 seconds [static and dynamic dependencies]. Details - ImportResultOutputID=e8089829a54b48bf332beaea52f3679b DependenciesID=e889ad825d514009f53e625886a11685 StaticDependenciesID=6c8a76f32337a88d80fe732747bbdada 
Number of updated asset objects reloaded before import = 0
Number of asset objects unloaded after import = 6
========================================================================
Received Import Request.
  Time of request: 2026-09-06T07:59:58.0693424Z
  Time since last request: 0.0000933 seconds.
  importAddress: GUID: 5db90e771d0224015980a051350f12b3 - Path: Packages/com.unity.splines/Editor/Editor Resources/Icons/d_ToolHandleParent@2x.png - Importer: ScriptedImporter/UnityEditor.QuickSearchModule:UnityEditor.Search:ASIAI0B
Importing 'GUID: 5db90e771d0224015980a051350f12b3 - Path: Packages/com.unity.splines/Editor/Editor Resources/Icons/d_ToolHandleParent@2x.png - Importer: ScriptedImporter/UnityEditor.QuickSearchModule:UnityEditor.Search:ASIAI0B' with importer (ScriptedImporter : UnityEditor.QuickSearchModule:UnityEditor.Search:ASIAI0B)
Imported 'GUID: 5db90e771d0224015980a051350f12b3' -> (Import Result ID: '676d9db2b33ec23cc3c42f5fe439d478') in 0.009 seconds [static and dynamic dependencies]. Details - ImportResultOutputID=6a26d465428e3c27efb5521831f4e651 DependenciesID=692fc2a5c820c75b1858ffa645dbbd89 StaticDependenciesID=2119f67e083c3b10dd571c4edac89abf 
Number of updated asset objects reloaded before import = 0
Number of asset objects unloaded after import = 1
========================================================================
Received Import Request.
  Time of request: 2026-09-06T07:59:58.0895004Z
  Time since last request: 0.0003285 seconds.
  importAddress: GUID: f5dc161b954c4dd6a149b642c8e53bf9 - Path: Packages/com.unity.splines/Editor/GUI/Editors/SplinePropertyDrawer.cs - Importer: ScriptedImporter/UnityEditor.QuickSearchModule:UnityEditor.Search:ASIAI0B
Importing 'GUID: f5dc161b954c4dd6a149b642c8e53bf9 - Path: Packages/com.unity.splines/Editor/GUI/Editors/SplinePropertyDrawer.cs - Importer: ScriptedImporter/UnityEditor.QuickSearchModule:UnityEditor.Search:ASIAI0B' with importer (ScriptedImporter : UnityEditor.QuickSearchModule:UnityEditor.Search:ASIAI0B)
Imported 'GUID: f5dc161b954c4dd6a149b642c8e53bf9' -> (Import Result ID: 'df0429e36678cd3b453f730b60590a63') in 0.003 seconds [static and dynamic dependencies]. Details - ImportResultOutputID=5d3e8e082ad9e90975b46a3008455202 DependenciesID=7b07c364d634a4c22c80135b3fc602e6 StaticDependenciesID=c190549cd753e5095c49ad5cacb197ae 
Number of updated asset objects reloaded before import = 0
Number of asset objects unloaded after import = 0
========================================================================
Received Import Request.
  Time of request: 2026-09-06T07:59:58.103682Z
  Time since last request: 0.0005279 seconds.
  importAddress: GUID: 4948b50a839a1c6419fdd70e2555ba44 - Path: Packages/com.unity.cinemachine/Runtime - Importer: ScriptedImporter/UnityEditor.QuickSearchModule:UnityEditor.Search:ASIAI0B
Importing 'GUID: 4948b50a839a1c6419fdd70e2555ba44 - Path: Packages/com.unity.cinemachine/Runtime - Importer: ScriptedImporter/UnityEditor.QuickSearchModule:UnityEditor.Search:ASIAI0B' with importer (ScriptedImporter : UnityEditor.QuickSearchModule:UnityEditor.Search:ASIAI0B)
Imported 'GUID: 4948b50a839a1c6419fdd70e2555ba44' -> (Import Result ID: '68e65904a716335510b2e167b700ec20') in 0.004 seconds [static and dynamic dependencies]. Details - ImportResultOutputID=8e5b72c97dc2710272fcee953ec5f13e DependenciesID=a16e6bedfb00ad641a46333e6788993a StaticDependenciesID=2876a02729bb3b5251d37118d78eceae 
Number of updated asset objects reloaded before import = 0
Number of asset objects unloaded after import = 1
========================================================================
Received Import Request.
  Time of request: 2026-09-06T07:59:58.1385247Z
  Time since last request: 0.0198205 seconds.
  importAddress: GUID: b2de2755a80c04b7298ad0f3d58e8119 - Path: Assets/IUH_Campus/Scenes/IUH_Campus_Main.unity - Importer: ScriptedImporter/UnityEditor.QuickSearchModule:UnityEditor.Search:ASIAI0B
Importing 'GUID: b2de2755a80c04b7298ad0f3d58e8119 - Path: Assets/IUH_Campus/Scenes/IUH_Campus_Main.unity - Importer: ScriptedImporter/UnityEditor.QuickSearchModule:UnityEditor.Search:ASIAI0B' with importer (ScriptedImporter : UnityEditor.QuickSearchModule:UnityEditor.Search:ASIAI0B)
Imported 'GUID: b2de2755a80c04b7298ad0f3d58e8119' -> (Import Result ID: '854c2a3f091b1ecb8f1dab91df3fee34') in 0.006 seconds [static and dynamic dependencies]. Details - ImportResultOutputID=7273a6e6ca387fcefd342fc6b2a6a540 DependenciesID=98c4e6b364e32fdf1896be5204d91b63 StaticDependenciesID=921d6622ef7755e5411c0b70e4acab82 
Number of updated asset objects reloaded before import = 0
Number of asset objects unloaded after import = 1
========================================================================
Received Prepare
Default GameObject Tag: Player already registered
Default GameObject Tag: MainCamera already registered
AcceleratorClientConnectionCallback - disconnected - :0
Assembly reference Packages/com.unity.cinemachine/Editor/Samples/ExposeHDRPInternals/HDRP-Editor-ref.asmref has no target assembly definition
Assembly reference Packages/com.unity.cinemachine/Editor/Samples/ExposeHDRPInternals/HDRP-Editor-ref.asmref has no target assembly definition
[Licensing::Client] Successfully resolved entitlement details
Begin MonoManager ReloadAssembly
ADTM: Control thread waiting for realtime thread timed out, have to lock...
Symbol file LoadedFromMemory is not a mono symbol file
Assembly reference Packages/com.unity.cinemachine/Editor/Samples/ExposeHDRPInternals/HDRP-Editor-ref.asmref has no target assembly definition
Assembly reference Packages/com.unity.cinemachine/Editor/Samples/ExposeHDRPInternals/HDRP-Editor-ref.asmref has no target assembly definition
'Packages/com.unity.cinemachine/Editor/Obsolete/CinemachineVirtualCameraBaseEditor.cs' contains partial class of Unity.Object, exactly 1 of the partial classes needs to be in a file with the same filename. This is to know the one that can be referenced from ie. GameObjects
'Packages/com.unity.cinemachine/Editor/Editors/CinemachineVirtualCameraBaseEditor.cs' contains partial class of Unity.Object, exactly 1 of the partial classes needs to be in a file with the same filename. This is to know the one that can be referenced from ie. GameObjects
Native extension for WindowsStandalone target not found
[Package Manager] Failed to launch server process. Reason: Unity was launched with the -noUpm command-line argument
[Package Manager] Unable to send message (not connected to server process).
[Package Manager] Cannot connect to Unity Package Manager local server
[Package Manager] Failed to launch server process. Reason: Unity was launched with the -noUpm command-line argument
[Package Manager] Unable to send message (not connected to server process).
[Package Manager] Cannot connect to Unity Package Manager local server
[Package Manager] Failed to launch server process. Reason: Unity was launched with the -noUpm command-line argument
[Package Manager] Unable to send message (not connected to server process).
[Package Manager] Cannot connect to Unity Package Manager local server
ScheduleIndexationOnStartup MainProcess:False IndexOnStartup:True
Mono: successfully reloaded assembly
- Finished resetting the current domain, in  0.927 seconds
Domain Reload Profiling: 2713ms
	BeginReloadAssembly (1287ms)
		DisableScriptedObjects (26ms)
		CreateAndSetChildDomain (1087ms)
	RebuildCommonClasses (8ms)
	RebuildNativeTypeToScriptingClass (15ms)
	initialDomainReloadingComplete (69ms)
	LoadAllAssembliesAndSetupDomain (407ms)
		LoadAssemblies (363ms)
		AnalyzeDomain (17ms)
			TypeCache.Refresh (8ms)
			ResolveRequiredComponents (6ms)
	FinalizeReload (928ms)
		SetupLoadedEditorAssemblies (0ms)
			BeforeProcessingInitializeOnLoad (98ms)
			ProcessInitializeOnLoadAttributes (391ms)
			ProcessInitializeOnLoadMethodAttributes (156ms)
			AfterProcessingInitializeOnLoad (7ms)
		AwakeInstancesAfterBackupRestoration (25ms)
Refreshing native plugins compatible for Editor in 2.15 ms, found 4 plugins.
Unloading 26 Unused Serialized files (Serialized files now loaded: 0)
Unloading 7390 unused Assets / (8.8 MB). Loaded Objects now: 8501.
Memory consumption went from 0.59 GB to 0.58 GB.
Total: 14.745400 ms (FindLiveObjects: 0.855500 ms CreateObjectMapping: 3.109000 ms MarkObjects: 5.305700 ms  DeleteObjects: 5.473200 ms)

Prepare: number of updated asset objects reloaded= 0
========================================================================
Received Import Request.
  Time of request: 2026-09-06T08:21:32.2829443Z
  Time since last request: 1294.12877909999997 seconds.
  importAddress: GUID: c708a3b79cd542b42bbfedb17e213bc1 - Path: Assets/Starter Assets/Runtime/ThirdPersonController/Prefabs/NestedParentArmature_Unpack.prefab - Importer: PreviewImporter
Importing 'GUID: c708a3b79cd542b42bbfedb17e213bc1 - Path: Assets/Starter Assets/Runtime/ThirdPersonController/Prefabs/NestedParentArmature_Unpack.prefab - Importer: PreviewImporter' with importer (PreviewImporter)
Imported 'GUID: c708a3b79cd542b42bbfedb17e213bc1' -> (Import Result ID: 'aa36ccb8473fa7dd4934a430b283f6a1') in 3.789 seconds [static and dynamic dependencies]. Details - ImportResultOutputID=fc37151cac1513ba76768be76473a9b4 DependenciesID=dc886a970054cdde36c1cebc8696fdeb StaticDependenciesID=1324e0ff1d295717e5bb3f110fd3dd90 
Number of updated asset objects reloaded before import = 0
Number of asset objects unloaded after import = 412
========================================================================
Received Import Request.
  Time of request: 2026-09-06T08:21:36.1114158Z
  Time since last request: 0.000079 seconds.
  importAddress: GUID: a1a802ecaf6775746bb2a929fb554ad8 - Path: Assets/Starter Assets/Runtime/ThirdPersonController/Prefabs/PlayerFollowCamera.prefab - Importer: PreviewImporter
Importing 'GUID: a1a802ecaf6775746bb2a929fb554ad8 - Path: Assets/Starter Assets/Runtime/ThirdPersonController/Prefabs/PlayerFollowCamera.prefab - Importer: PreviewImporter' with importer (PreviewImporter)
Imported 'GUID: a1a802ecaf6775746bb2a929fb554ad8' -> (Import Result ID: '853344a7f72cf3cb1cd6dbbafe3355cb') in 0.006 seconds [static and dynamic dependencies]. Details - ImportResultOutputID=0f20d3c7899a125c0fc64ff310bb4b75 DependenciesID=8dca87942cd08135575f418a7c9bbed9 StaticDependenciesID=9e8aa1c9642e9000f3c95418ddae7979 
Number of updated asset objects reloaded before import = 0
Number of asset objects unloaded after import = 8
========================================================================
Received Prepare
Default GameObject Tag: Player already registered
Default GameObject Tag: MainCamera already registered
AcceleratorClientConnectionCallback - disconnected - :0
Refreshing native plugins compatible for Editor in 4.48 ms, found 4 plugins.
Unloading 26 Unused Serialized files (Serialized files now loaded: 0)
Unloading 26 unused Assets / (3.4 MB). Loaded Objects now: 8614.
Memory consumption went from 0.60 GB to 0.59 GB.
Total: 8.257200 ms (FindLiveObjects: 0.464700 ms CreateObjectMapping: 0.983600 ms MarkObjects: 6.006800 ms  DeleteObjects: 0.800700 ms)

Prepare: number of updated asset objects reloaded= 0
========================================================================
Received Import Request.
  Time of request: 2026-09-06T08:22:14.2113246Z
  Time since last request: 38.0827089 seconds.
  importAddress: GUID: 2553cec8fdb3eb643bbe9f2ec880c472 - Path: Assets/Starter Assets/Runtime/ThirdPersonController/Prefabs/PlayerCapsule.prefab - Importer: PreviewImporter
Importing 'GUID: 2553cec8fdb3eb643bbe9f2ec880c472 - Path: Assets/Starter Assets/Runtime/ThirdPersonController/Prefabs/PlayerCapsule.prefab - Importer: PreviewImporter' with importer (PreviewImporter)
Imported 'GUID: 2553cec8fdb3eb643bbe9f2ec880c472' -> (Import Result ID: '3f7b466c92e0fc33b5e4fe189c628481') in 1.686 seconds [static and dynamic dependencies]. Details - ImportResultOutputID=6c53bc8cd797be8fdd1866220b7ac4fc DependenciesID=c19de7e0bd56d796c0cd0638f09fbc91 StaticDependenciesID=649ed247418d2b8da135d12120f53381 
Number of updated asset objects reloaded before import = 0
Number of asset objects unloaded after import = 20
========================================================================
Received Prepare
Default GameObject Tag: Player already registered
Default GameObject Tag: MainCamera already registered
AcceleratorClientConnectionCallback - disconnected - :0
Assembly reference Packages/com.unity.cinemachine/Editor/Samples/ExposeHDRPInternals/HDRP-Editor-ref.asmref has no target assembly definition
Assembly reference Packages/com.unity.cinemachine/Editor/Samples/ExposeHDRPInternals/HDRP-Editor-ref.asmref has no target assembly definition
[Licensing::Client] Successfully resolved entitlement details
Begin MonoManager ReloadAssembly
ADTM: Control thread waiting for realtime thread timed out, have to lock...
Symbol file LoadedFromMemory is not a mono symbol file
Assembly reference Packages/com.unity.cinemachine/Editor/Samples/ExposeHDRPInternals/HDRP-Editor-ref.asmref has no target assembly definition
Assembly reference Packages/com.unity.cinemachine/Editor/Samples/ExposeHDRPInternals/HDRP-Editor-ref.asmref has no target assembly definition
'Packages/com.unity.cinemachine/Editor/Obsolete/CinemachineVirtualCameraBaseEditor.cs' contains partial class of Unity.Object, exactly 1 of the partial classes needs to be in a file with the same filename. This is to know the one that can be referenced from ie. GameObjects
'Packages/com.unity.cinemachine/Editor/Editors/CinemachineVirtualCameraBaseEditor.cs' contains partial class of Unity.Object, exactly 1 of the partial classes needs to be in a file with the same filename. This is to know the one that can be referenced from ie. GameObjects
Native extension for WindowsStandalone target not found
[Package Manager] Failed to launch server process. Reason: Unity was launched with the -noUpm command-line argument
[Package Manager] Unable to send message (not connected to server process).
[Package Manager] Cannot connect to Unity Package Manager local server
[Package Manager] Failed to launch server process. Reason: Unity was launched with the -noUpm command-line argument
[Package Manager] Unable to send message (not connected to server process).
[Package Manager] Cannot connect to Unity Package Manager local server
[Package Manager] Failed to launch server process. Reason: Unity was launched with the -noUpm command-line argument
[Package Manager] Unable to send message (not connected to server process).
[Package Manager] Cannot connect to Unity Package Manager local server
ScheduleIndexationOnStartup MainProcess:False IndexOnStartup:True
Mono: successfully reloaded assembly
- Finished resetting the current domain, in  0.913 seconds
Domain Reload Profiling: 2686ms
	BeginReloadAssembly (1270ms)
		DisableScriptedObjects (24ms)
		CreateAndSetChildDomain (1073ms)
	RebuildCommonClasses (9ms)
	RebuildNativeTypeToScriptingClass (15ms)
	initialDomainReloadingComplete (69ms)
	LoadAllAssembliesAndSetupDomain (409ms)
		LoadAssemblies (363ms)
		AnalyzeDomain (19ms)
			TypeCache.Refresh (9ms)
			ResolveRequiredComponents (6ms)
	FinalizeReload (914ms)
		SetupLoadedEditorAssemblies (0ms)
			BeforeProcessingInitializeOnLoad (100ms)
			ProcessInitializeOnLoadAttributes (393ms)
			ProcessInitializeOnLoadMethodAttributes (148ms)
			AfterProcessingInitializeOnLoad (7ms)
		AwakeInstancesAfterBackupRestoration (25ms)
Unloading 26 Unused Serialized files (Serialized files now loaded: 0)
Unloading 7390 unused Assets / (8.9 MB). Loaded Objects now: 8527.
Memory consumption went from 0.60 GB to 0.59 GB.
Total: 12.339200 ms (FindLiveObjects: 0.637400 ms CreateObjectMapping: 2.542100 ms MarkObjects: 4.704000 ms  DeleteObjects: 4.454100 ms)

Prepare: number of updated asset objects reloaded= 0
========================================================================
Received Import Request.
  Time of request: 2026-09-06T08:28:03.2020625Z
  Time since last request: 347.29499970000001 seconds.
  importAddress: GUID: ff188f58422043f489060e28a5e4e0c0 - Path: Assets/Starter Assets/Sample/Environment/Art/Materials/GridBlue_01_Mat.mat - Importer: ScriptedImporter/UnityEditor.QuickSearchModule:UnityEditor.Search:ASIAI0B
Importing 'GUID: ff188f58422043f489060e28a5e4e0c0 - Path: Assets/Starter Assets/Sample/Environment/Art/Materials/GridBlue_01_Mat.mat - Importer: ScriptedImporter/UnityEditor.QuickSearchModule:UnityEditor.Search:ASIAI0B' with importer (ScriptedImporter : UnityEditor.QuickSearchModule:UnityEditor.Search:ASIAI0B)
Imported 'GUID: ff188f58422043f489060e28a5e4e0c0' -> (Import Result ID: '49bf99517d03717c9334a0202c871837') in 0.107 seconds [static and dynamic dependencies]. Details - ImportResultOutputID=568bfa33f605467ab37b8269af5e2311 DependenciesID=763f1292664b69c5b69217228a6acbb8 StaticDependenciesID=3cdc0f7e78c1b3d6b6b752408eb72e2f 
Number of updated asset objects reloaded before import = 0
Number of asset objects unloaded after import = 5
========================================================================
Received Import Request.
  Time of request: 2026-09-06T08:28:03.3233773Z
  Time since last request: 0.000274 seconds.
  importAddress: GUID: 6b911390c5825014e8377183a7837d3f - Path: Assets/Starter Assets/Sample/Environment/Art/Materials/GreyBlue_Mat.mat - Importer: ScriptedImporter/UnityEditor.QuickSearchModule:UnityEditor.Search:ASIAI0B
Importing 'GUID: 6b911390c5825014e8377183a7837d3f - Path: Assets/Starter Assets/Sample/Environment/Art/Materials/GreyBlue_Mat.mat - Importer: ScriptedImporter/UnityEditor.QuickSearchModule:UnityEditor.Search:ASIAI0B' with importer (ScriptedImporter : UnityEditor.QuickSearchModule:UnityEditor.Search:ASIAI0B)
Imported 'GUID: 6b911390c5825014e8377183a7837d3f' -> (Import Result ID: '88026852c8433e62c0a9fe52749466d1') in 0.009 seconds [static and dynamic dependencies]. Details - ImportResultOutputID=3886ed511c333fc847561f9d51a69ee9 DependenciesID=fdf7edcacce42f26d07a15dc48bd375b StaticDependenciesID=df323a5944e92b56aafddc986191a63a 
Number of updated asset objects reloaded before import = 0
Number of asset objects unloaded after import = 2
========================================================================
Received Prepare
Default GameObject Tag: Player already registered
Default GameObject Tag: MainCamera already registered
AcceleratorClientConnectionCallback - disconnected - :0
Unloading 26 Unused Serialized files (Serialized files now loaded: 0)
Unloading 26 unused Assets / (3.4 MB). Loaded Objects now: 8527.
Memory consumption went from 0.59 GB to 0.59 GB.
Total: 9.555200 ms (FindLiveObjects: 0.714500 ms CreateObjectMapping: 1.170300 ms MarkObjects: 6.724700 ms  DeleteObjects: 0.943800 ms)

Prepare: number of updated asset objects reloaded= 0
========================================================================
Received Prepare
Default GameObject Tag: Player already registered
Default GameObject Tag: MainCamera already registered
AcceleratorClientConnectionCallback - disconnected - :0
Assembly reference Packages/com.unity.cinemachine/Editor/Samples/ExposeHDRPInternals/HDRP-Editor-ref.asmref has no target assembly definition
Assembly reference Packages/com.unity.cinemachine/Editor/Samples/ExposeHDRPInternals/HDRP-Editor-ref.asmref has no target assembly definition
[Licensing::Client] Successfully resolved entitlement details
Begin MonoManager ReloadAssembly
ADTM: Control thread waiting for realtime thread timed out, have to lock...
Symbol file LoadedFromMemory is not a mono symbol file
Assembly reference Packages/com.unity.cinemachine/Editor/Samples/ExposeHDRPInternals/HDRP-Editor-ref.asmref has no target assembly definition
Assembly reference Packages/com.unity.cinemachine/Editor/Samples/ExposeHDRPInternals/HDRP-Editor-ref.asmref has no target assembly definition
'Packages/com.unity.cinemachine/Editor/Obsolete/CinemachineVirtualCameraBaseEditor.cs' contains partial class of Unity.Object, exactly 1 of the partial classes needs to be in a file with the same filename. This is to know the one that can be referenced from ie. GameObjects
'Packages/com.unity.cinemachine/Editor/Editors/CinemachineVirtualCameraBaseEditor.cs' contains partial class of Unity.Object, exactly 1 of the partial classes needs to be in a file with the same filename. This is to know the one that can be referenced from ie. GameObjects
Native extension for WindowsStandalone target not found
[Package Manager] Failed to launch server process. Reason: Unity was launched with the -noUpm command-line argument
[Package Manager] Unable to send message (not connected to server process).
[Package Manager] Cannot connect to Unity Package Manager local server
[Package Manager] Failed to launch server process. Reason: Unity was launched with the -noUpm command-line argument
[Package Manager] Unable to send message (not connected to server process).
[Package Manager] Cannot connect to Unity Package Manager local server
[Package Manager] Failed to launch server process. Reason: Unity was launched with the -noUpm command-line argument
[Package Manager] Unable to send message (not connected to server process).
[Package Manager] Cannot connect to Unity Package Manager local server
ScheduleIndexationOnStartup MainProcess:False IndexOnStartup:True
Mono: successfully reloaded assembly
- Finished resetting the current domain, in  0.918 seconds
Domain Reload Profiling: 2688ms
	BeginReloadAssembly (1250ms)
		DisableScriptedObjects (11ms)
		CreateAndSetChildDomain (1067ms)
	RebuildCommonClasses (9ms)
	RebuildNativeTypeToScriptingClass (14ms)
	initialDomainReloadingComplete (67ms)
	LoadAllAssembliesAndSetupDomain (428ms)
		LoadAssemblies (374ms)
		AnalyzeDomain (19ms)
			TypeCache.Refresh (8ms)
			ResolveRequiredComponents (6ms)
	FinalizeReload (919ms)
		SetupLoadedEditorAssemblies (0ms)
			BeforeProcessingInitializeOnLoad (101ms)
			ProcessInitializeOnLoadAttributes (389ms)
			ProcessInitializeOnLoadMethodAttributes (135ms)
			AfterProcessingInitializeOnLoad (8ms)
		AwakeInstancesAfterBackupRestoration (25ms)
Unloading 26 Unused Serialized files (Serialized files now loaded: 0)
Unloading 7390 unused Assets / (8.3 MB). Loaded Objects now: 8531.
Memory consumption went from 0.60 GB to 0.59 GB.
Total: 12.080900 ms (FindLiveObjects: 0.661600 ms CreateObjectMapping: 2.508600 ms MarkObjects: 4.563100 ms  DeleteObjects: 4.346500 ms)

Prepare: number of updated asset objects reloaded= 0
========================================================================
Received Import Request.
  Time of request: 2026-09-06T08:38:37.1845677Z
  Time since last request: 633.8417915 seconds.
  importAddress: GUID: 9e7be553448fa2546aea5752021cbcf7 - Path: Assets/Starter Assets/Runtime/InputSystem/StarterAssets.inputsettings.asset - Importer: PreviewImporter
Importing 'GUID: 9e7be553448fa2546aea5752021cbcf7 - Path: Assets/Starter Assets/Runtime/InputSystem/StarterAssets.inputsettings.asset - Importer: PreviewImporter' with importer (PreviewImporter)
Imported 'GUID: 9e7be553448fa2546aea5752021cbcf7' -> (Import Result ID: '77b5a91f1e20a4ca38186863a0bc42d2') in 0.024 seconds [static and dynamic dependencies]. Details - ImportResultOutputID=fd0a133cb5e8c78ff739f97ab544e95c DependenciesID=14cf549591e1a3e447e626b610dfef4f StaticDependenciesID=c3542a0db6c44dabbd1fd9f2ae8de092 
Number of updated asset objects reloaded before import = 0
Number of asset objects unloaded after import = 1
========================================================================
Received Import Request.
  Time of request: 2026-09-06T08:38:39.4570282Z
  Time since last request: 2.2342328 seconds.
  importAddress: GUID: 85f61ec9fa7114d5f88c736532abeeef - Path: Assets/Starter Assets/Runtime/Settings/High_PipelineAsset.asset - Importer: PreviewImporter
Importing 'GUID: 85f61ec9fa7114d5f88c736532abeeef - Path: Assets/Starter Assets/Runtime/Settings/High_PipelineAsset.asset - Importer: PreviewImporter' with importer (PreviewImporter)
Imported 'GUID: 85f61ec9fa7114d5f88c736532abeeef' -> (Import Result ID: '26d9b82cc38dcc5cd7d52f5d8605e9ca') in 0.002 seconds [static and dynamic dependencies]. Details - ImportResultOutputID=1500d441b90333ab31adda43159034f9 DependenciesID=4529dda30fd8f33fb7c16b2d72017798 StaticDependenciesID=8dbd8ae6b8f51bf2afccd971782dae7a 
Number of updated asset objects reloaded before import = 0
Number of asset objects unloaded after import = 2
========================================================================
Received Import Request.
  Time of request: 2026-09-06T08:38:39.4676373Z
  Time since last request: 0.0003391 seconds.
  importAddress: GUID: 3845c0ed313b24e138f25ec5f2faacf0 - Path: Assets/Starter Assets/Runtime/Settings/High_PipelineAsset_ForwardRenderer.asset - Importer: PreviewImporter
Importing 'GUID: 3845c0ed313b24e138f25ec5f2faacf0 - Path: Assets/Starter Assets/Runtime/Settings/High_PipelineAsset_ForwardRenderer.asset - Importer: PreviewImporter' with importer (PreviewImporter)
Imported 'GUID: 3845c0ed313b24e138f25ec5f2faacf0' -> (Import Result ID: '3657b97cca0ff619c09b0f14f8d7f4ba') in 0.004 seconds [static and dynamic dependencies]. Details - ImportResultOutputID=fe633d5676edda498a964313cd1efb85 DependenciesID=37362b843e93edcc36fd198bb4c8cc40 StaticDependenciesID=ca0e514c127287083d483a001b4e9e2c 
Number of updated asset objects reloaded before import = 0
Number of asset objects unloaded after import = 1
========================================================================
Received Import Request.
  Time of request: 2026-09-06T08:38:39.4822731Z
  Time since last request: 0.000515 seconds.
  importAddress: GUID: 4962dd039b8344ed295c4518245d6c7b - Path: Assets/Starter Assets/Runtime/Settings/Very High_PipelineAsset_ForwardRenderer.asset - Importer: PreviewImporter
Importing 'GUID: 4962dd039b8344ed295c4518245d6c7b - Path: Assets/Starter Assets/Runtime/Settings/Very High_PipelineAsset_ForwardRenderer.asset - Importer: PreviewImporter' with importer (PreviewImporter)
Imported 'GUID: 4962dd039b8344ed295c4518245d6c7b' -> (Import Result ID: '67c23655fb016bcae2d598460dc72f13') in 0.001 seconds [static and dynamic dependencies]. Details - ImportResultOutputID=b9050d0c0bbd1e7093d1be457a511a25 DependenciesID=e069de71eb0eea976e5faf12c3790898 StaticDependenciesID=f617f69c99ec7a8f0bff686536a418fa 
Number of updated asset objects reloaded before import = 0
Number of asset objects unloaded after import = 1
========================================================================
Received Import Request.
  Time of request: 2026-09-06T08:38:39.4931118Z
  Time since last request: 0.0005756 seconds.
  importAddress: GUID: 8b79b977e86dc420c9a4b7b6c05a74a8 - Path: Assets/Starter Assets/Runtime/Settings/Ultra_PipelineAsset.asset - Importer: PreviewImporter
Importing 'GUID: 8b79b977e86dc420c9a4b7b6c05a74a8 - Path: Assets/Starter Assets/Runtime/Settings/Ultra_PipelineAsset.asset - Importer: PreviewImporter' with importer (PreviewImporter)
Imported 'GUID: 8b79b977e86dc420c9a4b7b6c05a74a8' -> (Import Result ID: '32bd1b234b46affcca492a5ebdb501a7') in 0.001 seconds [static and dynamic dependencies]. Details - ImportResultOutputID=b195538c16847e92a1d9968c283726c9 DependenciesID=ec46c50f67563612401f739c09490364 StaticDependenciesID=ea79ff782bec525ea5bb4973044f4edc 
Number of updated asset objects reloaded before import = 0
Number of asset objects unloaded after import = 2
========================================================================
Received Import Request.
  Time of request: 2026-09-06T08:38:39.5042438Z
  Time since last request: 0.0002865 seconds.
  importAddress: GUID: 68e7634ac637d4fa3b93ca66af33aa8a - Path: Assets/Starter Assets/Runtime/Settings/Very Low_PipelineAsset_ForwardRenderer.asset - Importer: PreviewImporter
Importing 'GUID: 68e7634ac637d4fa3b93ca66af33aa8a - Path: Assets/Starter Assets/Runtime/Settings/Very Low_PipelineAsset_ForwardRenderer.asset - Importer: PreviewImporter' with importer (PreviewImporter)
Imported 'GUID: 68e7634ac637d4fa3b93ca66af33aa8a' -> (Import Result ID: '45cd6c748059eccf131ff3477118c8ba') in 0.001 seconds [static and dynamic dependencies]. Details - ImportResultOutputID=bb4f96988368275b77583936b6c95cd2 DependenciesID=3e0255eb7201860d8b38623e4f157587 StaticDependenciesID=e47c5352f1846bc5b0eebcbc548ca5d6 
Number of updated asset objects reloaded before import = 0
Number of asset objects unloaded after import = 1
========================================================================
Received Import Request.
  Time of request: 2026-09-06T08:38:39.5142089Z
  Time since last request: 0.0004418 seconds.
  importAddress: GUID: 4ee808e09c6774436b0c2a048e53e708 - Path: Assets/Starter Assets/Runtime/Settings/Ultra_PipelineAsset_ForwardRenderer.asset - Importer: PreviewImporter
Importing 'GUID: 4ee808e09c6774436b0c2a048e53e708 - Path: Assets/Starter Assets/Runtime/Settings/Ultra_PipelineAsset_ForwardRenderer.asset - Importer: PreviewImporter' with importer (PreviewImporter)
Imported 'GUID: 4ee808e09c6774436b0c2a048e53e708' -> (Import Result ID: '34ddab83b33444aa9ab1d1fa22541c81') in 0.001 seconds [static and dynamic dependencies]. Details - ImportResultOutputID=4391cdc88956bdf21926bfcbef9800d4 DependenciesID=4cc7409e67aef7699ecfb2445d66c82d StaticDependenciesID=367fdbaf6b27e078974bd61246056335 
Number of updated asset objects reloaded before import = 0
Number of asset objects unloaded after import = 1
========================================================================
Received Import Request.
  Time of request: 2026-09-06T08:38:39.5240015Z
  Time since last request: 0.0005145 seconds.
  importAddress: GUID: 44b37c8f6729f41cfac615998e7cc9f7 - Path: Assets/Starter Assets/Runtime/Settings/Low_PipelineAsset_ForwardRenderer.asset - Importer: PreviewImporter
Importing 'GUID: 44b37c8f6729f41cfac615998e7cc9f7 - Path: Assets/Starter Assets/Runtime/Settings/Low_PipelineAsset_ForwardRenderer.asset - Importer: PreviewImporter' with importer (PreviewImporter)
Imported 'GUID: 44b37c8f6729f41cfac615998e7cc9f7' -> (Import Result ID: '71b3732e26e0ba76e247689cc4ac3410') in 0.001 seconds [static and dynamic dependencies]. Details - ImportResultOutputID=c423495731a05650644fafdf9cbcc8f2 DependenciesID=bc095ba2f61f5b709b6c23f4b14f6b96 StaticDependenciesID=1bfde6260f9a199018e596d6b2e0bf51 
Number of updated asset objects reloaded before import = 0
Number of asset objects unloaded after import = 1
========================================================================
Received Prepare
Default GameObject Tag: Player already registered
Default GameObject Tag: MainCamera already registered
AcceleratorClientConnectionCallback - disconnected - :0
Unloading 26 Unused Serialized files (Serialized files now loaded: 0)
Unloading 26 unused Assets / (3.4 MB). Loaded Objects now: 8531.
Memory consumption went from 0.59 GB to 0.59 GB.
Total: 8.605300 ms (FindLiveObjects: 0.435200 ms CreateObjectMapping: 0.988900 ms MarkObjects: 6.300900 ms  DeleteObjects: 0.878800 ms)

Prepare: number of updated asset objects reloaded= 0
========================================================================
Received Prepare
Default GameObject Tag: Player already registered
Default GameObject Tag: MainCamera already registered
AcceleratorClientConnectionCallback - disconnected - :0
Assembly reference Packages/com.unity.cinemachine/Editor/Samples/ExposeHDRPInternals/HDRP-Editor-ref.asmref has no target assembly definition
Assembly reference Packages/com.unity.cinemachine/Editor/Samples/ExposeHDRPInternals/HDRP-Editor-ref.asmref has no target assembly definition
[Licensing::Client] Successfully resolved entitlement details
Begin MonoManager ReloadAssembly
ADTM: Control thread waiting for realtime thread timed out, have to lock...
Symbol file LoadedFromMemory is not a mono symbol file
Assembly reference Packages/com.unity.cinemachine/Editor/Samples/ExposeHDRPInternals/HDRP-Editor-ref.asmref has no target assembly definition
Assembly reference Packages/com.unity.cinemachine/Editor/Samples/ExposeHDRPInternals/HDRP-Editor-ref.asmref has no target assembly definition
'Packages/com.unity.cinemachine/Editor/Obsolete/CinemachineVirtualCameraBaseEditor.cs' contains partial class of Unity.Object, exactly 1 of the partial classes needs to be in a file with the same filename. This is to know the one that can be referenced from ie. GameObjects
'Packages/com.unity.cinemachine/Editor/Editors/CinemachineVirtualCameraBaseEditor.cs' contains partial class of Unity.Object, exactly 1 of the partial classes needs to be in a file with the same filename. This is to know the one that can be referenced from ie. GameObjects
Native extension for WindowsStandalone target not found
[Package Manager] Failed to launch server process. Reason: Unity was launched with the -noUpm command-line argument
[Package Manager] Unable to send message (not connected to server process).
[Package Manager] Cannot connect to Unity Package Manager local server
[Package Manager] Failed to launch server process. Reason: Unity was launched with the -noUpm command-line argument
[Package Manager] Unable to send message (not connected to server process).
[Package Manager] Cannot connect to Unity Package Manager local server
[Package Manager] Failed to launch server process. Reason: Unity was launched with the -noUpm command-line argument
[Package Manager] Unable to send message (not connected to server process).
[Package Manager] Cannot connect to Unity Package Manager local server
ScheduleIndexationOnStartup MainProcess:False IndexOnStartup:True
Mono: successfully reloaded assembly
- Finished resetting the current domain, in  0.908 seconds
Domain Reload Profiling: 2663ms
	BeginReloadAssembly (1246ms)
		DisableScriptedObjects (10ms)
		CreateAndSetChildDomain (1063ms)
	RebuildCommonClasses (9ms)
	RebuildNativeTypeToScriptingClass (15ms)
	initialDomainReloadingComplete (69ms)
	LoadAllAssembliesAndSetupDomain (415ms)
		LoadAssemblies (364ms)
		AnalyzeDomain (17ms)
			TypeCache.Refresh (8ms)
			ResolveRequiredComponents (6ms)
	FinalizeReload (909ms)
		SetupLoadedEditorAssemblies (0ms)
			BeforeProcessingInitializeOnLoad (95ms)
			ProcessInitializeOnLoadAttributes (384ms)
			ProcessInitializeOnLoadMethodAttributes (151ms)
			AfterProcessingInitializeOnLoad (11ms)
		AwakeInstancesAfterBackupRestoration (25ms)
Unloading 26 Unused Serialized files (Serialized files now loaded: 0)
Unloading 7390 unused Assets / (8.3 MB). Loaded Objects now: 8535.
Memory consumption went from 0.60 GB to 0.59 GB.
Total: 11.870900 ms (FindLiveObjects: 0.757600 ms CreateObjectMapping: 2.654300 ms MarkObjects: 4.499400 ms  DeleteObjects: 3.958400 ms)

Prepare: number of updated asset objects reloaded= 0
========================================================================
Received Prepare
Default GameObject Tag: Player already registered
Default GameObject Tag: MainCamera already registered
AcceleratorClientConnectionCallback - disconnected - :0
Unloading 26 Unused Serialized files (Serialized files now loaded: 0)
Unloading 26 unused Assets / (3.4 MB). Loaded Objects now: 8535.
Memory consumption went from 0.59 GB to 0.59 GB.
Total: 7.872400 ms (FindLiveObjects: 0.445600 ms CreateObjectMapping: 1.024900 ms MarkObjects: 5.616800 ms  DeleteObjects: 0.784100 ms)

Prepare: number of updated asset objects reloaded= 0
========================================================================
Received Prepare
Default GameObject Tag: Player already registered
Default GameObject Tag: MainCamera already registered
AcceleratorClientConnectionCallback - disconnected - :0
Assembly reference Packages/com.unity.cinemachine/Editor/Samples/ExposeHDRPInternals/HDRP-Editor-ref.asmref has no target assembly definition
Assembly reference Packages/com.unity.cinemachine/Editor/Samples/ExposeHDRPInternals/HDRP-Editor-ref.asmref has no target assembly definition
[Licensing::Client] Successfully resolved entitlement details
Begin MonoManager ReloadAssembly
ADTM: Control thread waiting for realtime thread timed out, have to lock...
Symbol file LoadedFromMemory is not a mono symbol file
Assembly reference Packages/com.unity.cinemachine/Editor/Samples/ExposeHDRPInternals/HDRP-Editor-ref.asmref has no target assembly definition
Assembly reference Packages/com.unity.cinemachine/Editor/Samples/ExposeHDRPInternals/HDRP-Editor-ref.asmref has no target assembly definition
'Packages/com.unity.cinemachine/Editor/Obsolete/CinemachineVirtualCameraBaseEditor.cs' contains partial class of Unity.Object, exactly 1 of the partial classes needs to be in a file with the same filename. This is to know the one that can be referenced from ie. GameObjects
'Packages/com.unity.cinemachine/Editor/Editors/CinemachineVirtualCameraBaseEditor.cs' contains partial class of Unity.Object, exactly 1 of the partial classes needs to be in a file with the same filename. This is to know the one that can be referenced from ie. GameObjects
Native extension for WindowsStandalone target not found
[Package Manager] Failed to launch server process. Reason: Unity was launched with the -noUpm command-line argument
[Package Manager] Unable to send message (not connected to server process).
[Package Manager] Cannot connect to Unity Package Manager local server
[Package Manager] Failed to launch server process. Reason: Unity was launched with the -noUpm command-line argument
[Package Manager] Unable to send message (not connected to server process).
[Package Manager] Cannot connect to Unity Package Manager local server
[Package Manager] Failed to launch server process. Reason: Unity was launched with the -noUpm command-line argument
[Package Manager] Unable to send message (not connected to server process).
[Package Manager] Cannot connect to Unity Package Manager local server
ScheduleIndexationOnStartup MainProcess:False IndexOnStartup:True
Mono: successfully reloaded assembly
- Finished resetting the current domain, in  0.905 seconds
Domain Reload Profiling: 2661ms
	BeginReloadAssembly (1245ms)
		DisableScriptedObjects (9ms)
		CreateAndSetChildDomain (1064ms)
	RebuildCommonClasses (9ms)
	RebuildNativeTypeToScriptingClass (14ms)
	initialDomainReloadingComplete (70ms)
	LoadAllAssembliesAndSetupDomain (417ms)
		LoadAssemblies (367ms)
		AnalyzeDomain (18ms)
			TypeCache.Refresh (8ms)
			ResolveRequiredComponents (6ms)
	FinalizeReload (907ms)
		SetupLoadedEditorAssemblies (0ms)
			BeforeProcessingInitializeOnLoad (95ms)
			ProcessInitializeOnLoadAttributes (389ms)
			ProcessInitializeOnLoadMethodAttributes (143ms)
			AfterProcessingInitializeOnLoad (7ms)
		AwakeInstancesAfterBackupRestoration (24ms)
Unloading 26 Unused Serialized files (Serialized files now loaded: 0)
Unloading 7390 unused Assets / (8.3 MB). Loaded Objects now: 8539.
Memory consumption went from 0.60 GB to 0.59 GB.
Total: 11.823000 ms (FindLiveObjects: 0.625300 ms CreateObjectMapping: 2.648700 ms MarkObjects: 4.458000 ms  DeleteObjects: 4.089500 ms)

Prepare: number of updated asset objects reloaded= 0
========================================================================
Received Prepare
Default GameObject Tag: Player already registered
Default GameObject Tag: MainCamera already registered
AcceleratorClientConnectionCallback - disconnected - :0
Unloading 26 Unused Serialized files (Serialized files now loaded: 0)
Unloading 26 unused Assets / (3.4 MB). Loaded Objects now: 8539.
Memory consumption went from 0.60 GB to 0.60 GB.
Total: 8.015400 ms (FindLiveObjects: 0.368100 ms CreateObjectMapping: 1.047600 ms MarkObjects: 5.669900 ms  DeleteObjects: 0.928500 ms)

Prepare: number of updated asset objects reloaded= 0
========================================================================
Received Prepare
Default GameObject Tag: Player already registered
Default GameObject Tag: MainCamera already registered
AcceleratorClientConnectionCallback - disconnected - :0
Assembly reference Packages/com.unity.cinemachine/Editor/Samples/ExposeHDRPInternals/HDRP-Editor-ref.asmref has no target assembly definition
Assembly reference Packages/com.unity.cinemachine/Editor/Samples/ExposeHDRPInternals/HDRP-Editor-ref.asmref has no target assembly definition
Begin MonoManager ReloadAssembly
ADTM: Control thread waiting for realtime thread timed out, have to lock...
Symbol file LoadedFromMemory is not a mono symbol file
Assembly reference Packages/com.unity.cinemachine/Editor/Samples/ExposeHDRPInternals/HDRP-Editor-ref.asmref has no target assembly definition
Assembly reference Packages/com.unity.cinemachine/Editor/Samples/ExposeHDRPInternals/HDRP-Editor-ref.asmref has no target assembly definition
'Packages/com.unity.cinemachine/Editor/Obsolete/CinemachineVirtualCameraBaseEditor.cs' contains partial class of Unity.Object, exactly 1 of the partial classes needs to be in a file with the same filename. This is to know the one that can be referenced from ie. GameObjects
'Packages/com.unity.cinemachine/Editor/Editors/CinemachineVirtualCameraBaseEditor.cs' contains partial class of Unity.Object, exactly 1 of the partial classes needs to be in a file with the same filename. This is to know the one that can be referenced from ie. GameObjects
Native extension for WindowsStandalone target not found
[Package Manager] Failed to launch server process. Reason: Unity was launched with the -noUpm command-line argument
[Package Manager] Unable to send message (not connected to server process).
[Package Manager] Cannot connect to Unity Package Manager local server
[Package Manager] Failed to launch server process. Reason: Unity was launched with the -noUpm command-line argument
[Package Manager] Unable to send message (not connected to server process).
[Package Manager] Cannot connect to Unity Package Manager local server
[Package Manager] Failed to launch server process. Reason: Unity was launched with the -noUpm command-line argument
[Package Manager] Unable to send message (not connected to server process).
[Package Manager] Cannot connect to Unity Package Manager local server
ScheduleIndexationOnStartup MainProcess:False IndexOnStartup:True
Mono: successfully reloaded assembly
- Finished resetting the current domain, in  0.919 seconds
Domain Reload Profiling: 2723ms
	BeginReloadAssembly (1262ms)
		DisableScriptedObjects (12ms)
		CreateAndSetChildDomain (1077ms)
	RebuildCommonClasses (9ms)
	RebuildNativeTypeToScriptingClass (17ms)
	initialDomainReloadingComplete (68ms)
	LoadAllAssembliesAndSetupDomain (446ms)
		LoadAssemblies (376ms)
		AnalyzeDomain (19ms)
			TypeCache.Refresh (8ms)
			ResolveRequiredComponents (7ms)
	FinalizeReload (920ms)
		SetupLoadedEditorAssemblies (0ms)
			BeforeProcessingInitializeOnLoad (104ms)
			ProcessInitializeOnLoadAttributes (393ms)
			ProcessInitializeOnLoadMethodAttributes (145ms)
			AfterProcessingInitializeOnLoad (6ms)
		AwakeInstancesAfterBackupRestoration (22ms)
Unloading 26 Unused Serialized files (Serialized files now loaded: 0)
Unloading 7390 unused Assets / (8.3 MB). Loaded Objects now: 8543.
Memory consumption went from 0.61 GB to 0.60 GB.
Total: 12.375400 ms (FindLiveObjects: 0.690300 ms CreateObjectMapping: 2.744700 ms MarkObjects: 4.658900 ms  DeleteObjects: 4.280000 ms)

Prepare: number of updated asset objects reloaded= 0
========================================================================
Received Prepare
Default GameObject Tag: Player already registered
Default GameObject Tag: MainCamera already registered
AcceleratorClientConnectionCallback - disconnected - :0
Unloading 26 Unused Serialized files (Serialized files now loaded: 0)
Unloading 26 unused Assets / (3.4 MB). Loaded Objects now: 8543.
Memory consumption went from 0.60 GB to 0.60 GB.
Total: 8.526200 ms (FindLiveObjects: 0.413500 ms CreateObjectMapping: 1.165800 ms MarkObjects: 6.083900 ms  DeleteObjects: 0.860800 ms)

Prepare: number of updated asset objects reloaded= 0
========================================================================
Received Prepare
Default GameObject Tag: Player already registered
Default GameObject Tag: MainCamera already registered
AcceleratorClientConnectionCallback - disconnected - :0
Assembly reference Packages/com.unity.cinemachine/Editor/Samples/ExposeHDRPInternals/HDRP-Editor-ref.asmref has no target assembly definition
Assembly reference Packages/com.unity.cinemachine/Editor/Samples/ExposeHDRPInternals/HDRP-Editor-ref.asmref has no target assembly definition
[Licensing::Client] Successfully resolved entitlement details
Begin MonoManager ReloadAssembly
ADTM: Control thread waiting for realtime thread timed out, have to lock...
Symbol file LoadedFromMemory is not a mono symbol file
Assembly reference Packages/com.unity.cinemachine/Editor/Samples/ExposeHDRPInternals/HDRP-Editor-ref.asmref has no target assembly definition
Assembly reference Packages/com.unity.cinemachine/Editor/Samples/ExposeHDRPInternals/HDRP-Editor-ref.asmref has no target assembly definition
'Packages/com.unity.cinemachine/Editor/Obsolete/CinemachineVirtualCameraBaseEditor.cs' contains partial class of Unity.Object, exactly 1 of the partial classes needs to be in a file with the same filename. This is to know the one that can be referenced from ie. GameObjects
'Packages/com.unity.cinemachine/Editor/Editors/CinemachineVirtualCameraBaseEditor.cs' contains partial class of Unity.Object, exactly 1 of the partial classes needs to be in a file with the same filename. This is to know the one that can be referenced from ie. GameObjects
Native extension for WindowsStandalone target not found
[Package Manager] Failed to launch server process. Reason: Unity was launched with the -noUpm command-line argument
[Package Manager] Unable to send message (not connected to server process).
[Package Manager] Cannot connect to Unity Package Manager local server
[Package Manager] Failed to launch server process. Reason: Unity was launched with the -noUpm command-line argument
[Package Manager] Unable to send message (not connected to server process).
[Package Manager] Cannot connect to Unity Package Manager local server
[Package Manager] Failed to launch server process. Reason: Unity was launched with the -noUpm command-line argument
[Package Manager] Unable to send message (not connected to server process).
[Package Manager] Cannot connect to Unity Package Manager local server
ScheduleIndexationOnStartup MainProcess:False IndexOnStartup:True
Mono: successfully reloaded assembly
- Finished resetting the current domain, in  0.840 seconds
Domain Reload Profiling: 2577ms
	BeginReloadAssembly (1247ms)
		DisableScriptedObjects (11ms)
		CreateAndSetChildDomain (1070ms)
	RebuildCommonClasses (9ms)
	RebuildNativeTypeToScriptingClass (14ms)
	initialDomainReloadingComplete (65ms)
	LoadAllAssembliesAndSetupDomain (400ms)
		LoadAssemblies (341ms)
		AnalyzeDomain (20ms)
			TypeCache.Refresh (9ms)
			ResolveRequiredComponents (7ms)
	FinalizeReload (841ms)
		SetupLoadedEditorAssemblies (0ms)
			BeforeProcessingInitializeOnLoad (90ms)
			ProcessInitializeOnLoadAttributes (360ms)
			ProcessInitializeOnLoadMethodAttributes (137ms)
			AfterProcessingInitializeOnLoad (6ms)
		AwakeInstancesAfterBackupRestoration (21ms)
Refreshing native plugins compatible for Editor in 2.10 ms, found 4 plugins.
Unloading 26 Unused Serialized files (Serialized files now loaded: 0)
Unloading 7390 unused Assets / (8.7 MB). Loaded Objects now: 8547.
Memory consumption went from 0.61 GB to 0.60 GB.
Total: 12.288400 ms (FindLiveObjects: 0.652700 ms CreateObjectMapping: 2.823800 ms MarkObjects: 4.580700 ms  DeleteObjects: 4.230200 ms)

Prepare: number of updated asset objects reloaded= 0
========================================================================
Received Prepare
Default GameObject Tag: Player already registered
Default GameObject Tag: MainCamera already registered
AcceleratorClientConnectionCallback - disconnected - :0
Unloading 26 Unused Serialized files (Serialized files now loaded: 0)
Unloading 26 unused Assets / (3.4 MB). Loaded Objects now: 8547.
Memory consumption went from 0.61 GB to 0.60 GB.
Total: 7.411900 ms (FindLiveObjects: 0.388600 ms CreateObjectMapping: 1.081200 ms MarkObjects: 5.091500 ms  DeleteObjects: 0.849800 ms)

Prepare: number of updated asset objects reloaded= 0
========================================================================
Received Prepare
Default GameObject Tag: Player already registered
Default GameObject Tag: MainCamera already registered
AcceleratorClientConnectionCallback - disconnected - :0
Assembly reference Packages/com.unity.cinemachine/Editor/Samples/ExposeHDRPInternals/HDRP-Editor-ref.asmref has no target assembly definition
Assembly reference Packages/com.unity.cinemachine/Editor/Samples/ExposeHDRPInternals/HDRP-Editor-ref.asmref has no target assembly definition
Begin MonoManager ReloadAssembly
ADTM: Control thread waiting for realtime thread timed out, have to lock...
[Licensing::Client] Successfully resolved entitlement details
Symbol file LoadedFromMemory is not a mono symbol file
Assembly reference Packages/com.unity.cinemachine/Editor/Samples/ExposeHDRPInternals/HDRP-Editor-ref.asmref has no target assembly definition
Assembly reference Packages/com.unity.cinemachine/Editor/Samples/ExposeHDRPInternals/HDRP-Editor-ref.asmref has no target assembly definition
'Packages/com.unity.cinemachine/Editor/Obsolete/CinemachineVirtualCameraBaseEditor.cs' contains partial class of Unity.Object, exactly 1 of the partial classes needs to be in a file with the same filename. This is to know the one that can be referenced from ie. GameObjects
'Packages/com.unity.cinemachine/Editor/Editors/CinemachineVirtualCameraBaseEditor.cs' contains partial class of Unity.Object, exactly 1 of the partial classes needs to be in a file with the same filename. This is to know the one that can be referenced from ie. GameObjects
Native extension for WindowsStandalone target not found
[Package Manager] Failed to launch server process. Reason: Unity was launched with the -noUpm command-line argument
[Package Manager] Unable to send message (not connected to server process).
[Package Manager] Cannot connect to Unity Package Manager local server
[Package Manager] Failed to launch server process. Reason: Unity was launched with the -noUpm command-line argument
[Package Manager] Unable to send message (not connected to server process).
[Package Manager] Cannot connect to Unity Package Manager local server
[Package Manager] Failed to launch server process. Reason: Unity was launched with the -noUpm command-line argument
[Package Manager] Unable to send message (not connected to server process).
[Package Manager] Cannot connect to Unity Package Manager local server
ScheduleIndexationOnStartup MainProcess:False IndexOnStartup:True
Mono: successfully reloaded assembly
- Finished resetting the current domain, in  0.901 seconds
Domain Reload Profiling: 2660ms
	BeginReloadAssembly (1256ms)
		DisableScriptedObjects (11ms)
		CreateAndSetChildDomain (1073ms)
	RebuildCommonClasses (9ms)
	RebuildNativeTypeToScriptingClass (15ms)
	initialDomainReloadingComplete (67ms)
	LoadAllAssembliesAndSetupDomain (411ms)
		LoadAssemblies (353ms)
		AnalyzeDomain (18ms)
			TypeCache.Refresh (8ms)
			ResolveRequiredComponents (6ms)
	FinalizeReload (902ms)
		SetupLoadedEditorAssemblies (0ms)
			BeforeProcessingInitializeOnLoad (95ms)
			ProcessInitializeOnLoadAttributes (382ms)
			ProcessInitializeOnLoadMethodAttributes (142ms)
			AfterProcessingInitializeOnLoad (6ms)
		AwakeInstancesAfterBackupRestoration (23ms)
Unloading 26 Unused Serialized files (Serialized files now loaded: 0)
Unloading 7390 unused Assets / (8.5 MB). Loaded Objects now: 8551.
Memory consumption went from 0.62 GB to 0.61 GB.
Total: 11.966800 ms (FindLiveObjects: 0.692600 ms CreateObjectMapping: 2.721400 ms MarkObjects: 4.623500 ms  DeleteObjects: 3.928200 ms)

Prepare: number of updated asset objects reloaded= 0
========================================================================
Received Prepare
Default GameObject Tag: Player already registered
Default GameObject Tag: MainCamera already registered
AcceleratorClientConnectionCallback - disconnected - :0
Unloading 26 Unused Serialized files (Serialized files now loaded: 0)
Unloading 26 unused Assets / (3.4 MB). Loaded Objects now: 8551.
Memory consumption went from 0.61 GB to 0.61 GB.
Total: 7.474400 ms (FindLiveObjects: 0.416100 ms CreateObjectMapping: 1.087400 ms MarkObjects: 5.086200 ms  DeleteObjects: 0.883600 ms)

Prepare: number of updated asset objects reloaded= 0
========================================================================
Received Prepare
Default GameObject Tag: Player already registered
Default GameObject Tag: MainCamera already registered
AcceleratorClientConnectionCallback - disconnected - :0
Assembly reference Packages/com.unity.cinemachine/Editor/Samples/ExposeHDRPInternals/HDRP-Editor-ref.asmref has no target assembly definition
Assembly reference Packages/com.unity.cinemachine/Editor/Samples/ExposeHDRPInternals/HDRP-Editor-ref.asmref has no target assembly definition
Begin MonoManager ReloadAssembly
ADTM: Control thread waiting for realtime thread timed out, have to lock...
Symbol file LoadedFromMemory is not a mono symbol file
Assembly reference Packages/com.unity.cinemachine/Editor/Samples/ExposeHDRPInternals/HDRP-Editor-ref.asmref has no target assembly definition
Assembly reference Packages/com.unity.cinemachine/Editor/Samples/ExposeHDRPInternals/HDRP-Editor-ref.asmref has no target assembly definition
'Packages/com.unity.cinemachine/Editor/Obsolete/CinemachineVirtualCameraBaseEditor.cs' contains partial class of Unity.Object, exactly 1 of the partial classes needs to be in a file with the same filename. This is to know the one that can be referenced from ie. GameObjects
'Packages/com.unity.cinemachine/Editor/Editors/CinemachineVirtualCameraBaseEditor.cs' contains partial class of Unity.Object, exactly 1 of the partial classes needs to be in a file with the same filename. This is to know the one that can be referenced from ie. GameObjects
Native extension for WindowsStandalone target not found
[Package Manager] Failed to launch server process. Reason: Unity was launched with the -noUpm command-line argument
[Package Manager] Unable to send message (not connected to server process).
[Package Manager] Cannot connect to Unity Package Manager local server
[Package Manager] Failed to launch server process. Reason: Unity was launched with the -noUpm command-line argument
[Package Manager] Unable to send message (not connected to server process).
[Package Manager] Cannot connect to Unity Package Manager local server
[Package Manager] Failed to launch server process. Reason: Unity was launched with the -noUpm command-line argument
[Package Manager] Unable to send message (not connected to server process).
[Package Manager] Cannot connect to Unity Package Manager local server
ScheduleIndexationOnStartup MainProcess:False IndexOnStartup:True
Mono: successfully reloaded assembly
- Finished resetting the current domain, in  0.899 seconds
Domain Reload Profiling: 2635ms
	BeginReloadAssembly (1245ms)
		DisableScriptedObjects (10ms)
		CreateAndSetChildDomain (1070ms)
	RebuildCommonClasses (9ms)
	RebuildNativeTypeToScriptingClass (14ms)
	initialDomainReloadingComplete (67ms)
	LoadAllAssembliesAndSetupDomain (400ms)
		LoadAssemblies (350ms)
		AnalyzeDomain (18ms)
			TypeCache.Refresh (8ms)
			ResolveRequiredComponents (6ms)
	FinalizeReload (900ms)
		SetupLoadedEditorAssemblies (0ms)
			BeforeProcessingInitializeOnLoad (99ms)
			ProcessInitializeOnLoadAttributes (389ms)
			ProcessInitializeOnLoadMethodAttributes (139ms)
			AfterProcessingInitializeOnLoad (6ms)
		AwakeInstancesAfterBackupRestoration (22ms)
Unloading 26 Unused Serialized files (Serialized files now loaded: 0)
Unloading 7390 unused Assets / (8.4 MB). Loaded Objects now: 8555.
Memory consumption went from 0.62 GB to 0.61 GB.
Total: 13.289800 ms (FindLiveObjects: 0.744500 ms CreateObjectMapping: 2.796100 ms MarkObjects: 5.453200 ms  DeleteObjects: 4.295000 ms)

Prepare: number of updated asset objects reloaded= 0
========================================================================
Received Prepare
Default GameObject Tag: Player already registered
Default GameObject Tag: MainCamera already registered
AcceleratorClientConnectionCallback - disconnected - :0
Assembly reference Packages/com.unity.cinemachine/Editor/Samples/ExposeHDRPInternals/HDRP-Editor-ref.asmref has no target assembly definition
Assembly reference Packages/com.unity.cinemachine/Editor/Samples/ExposeHDRPInternals/HDRP-Editor-ref.asmref has no target assembly definition
[Licensing::Client] Successfully resolved entitlement details
Begin MonoManager ReloadAssembly
ADTM: Control thread waiting for realtime thread timed out, have to lock...
Symbol file LoadedFromMemory is not a mono symbol file
Assembly reference Packages/com.unity.cinemachine/Editor/Samples/ExposeHDRPInternals/HDRP-Editor-ref.asmref has no target assembly definition
Assembly reference Packages/com.unity.cinemachine/Editor/Samples/ExposeHDRPInternals/HDRP-Editor-ref.asmref has no target assembly definition
'Packages/com.unity.cinemachine/Editor/Obsolete/CinemachineVirtualCameraBaseEditor.cs' contains partial class of Unity.Object, exactly 1 of the partial classes needs to be in a file with the same filename. This is to know the one that can be referenced from ie. GameObjects
'Packages/com.unity.cinemachine/Editor/Editors/CinemachineVirtualCameraBaseEditor.cs' contains partial class of Unity.Object, exactly 1 of the partial classes needs to be in a file with the same filename. This is to know the one that can be referenced from ie. GameObjects
Native extension for WindowsStandalone target not found
[Package Manager] Failed to launch server process. Reason: Unity was launched with the -noUpm command-line argument
[Package Manager] Unable to send message (not connected to server process).
[Package Manager] Cannot connect to Unity Package Manager local server
[Package Manager] Failed to launch server process. Reason: Unity was launched with the -noUpm command-line argument
[Package Manager] Unable to send message (not connected to server process).
[Package Manager] Cannot connect to Unity Package Manager local server
[Package Manager] Failed to launch server process. Reason: Unity was launched with the -noUpm command-line argument
[Package Manager] Unable to send message (not connected to server process).
[Package Manager] Cannot connect to Unity Package Manager local server
ScheduleIndexationOnStartup MainProcess:False IndexOnStartup:True
Mono: successfully reloaded assembly
- Finished resetting the current domain, in  0.948 seconds
Domain Reload Profiling: 2717ms
	BeginReloadAssembly (1250ms)
		DisableScriptedObjects (12ms)
		CreateAndSetChildDomain (1063ms)
	RebuildCommonClasses (9ms)
	RebuildNativeTypeToScriptingClass (17ms)
	initialDomainReloadingComplete (68ms)
	LoadAllAssembliesAndSetupDomain (424ms)
		LoadAssemblies (371ms)
		AnalyzeDomain (19ms)
			TypeCache.Refresh (10ms)
			ResolveRequiredComponents (6ms)
	FinalizeReload (949ms)
		SetupLoadedEditorAssemblies (0ms)
			BeforeProcessingInitializeOnLoad (96ms)
			ProcessInitializeOnLoadAttributes (416ms)
			ProcessInitializeOnLoadMethodAttributes (145ms)
			AfterProcessingInitializeOnLoad (7ms)
		AwakeInstancesAfterBackupRestoration (23ms)
Refreshing native plugins compatible for Editor in 2.11 ms, found 4 plugins.
Unloading 26 Unused Serialized files (Serialized files now loaded: 0)
Unloading 7390 unused Assets / (9.0 MB). Loaded Objects now: 8559.
Memory consumption went from 0.62 GB to 0.61 GB.
Total: 14.326200 ms (FindLiveObjects: 0.757900 ms CreateObjectMapping: 2.780500 ms MarkObjects: 5.282800 ms  DeleteObjects: 5.503100 ms)

Prepare: number of updated asset objects reloaded= 0
========================================================================
Received Prepare
Default GameObject Tag: Player already registered
Default GameObject Tag: MainCamera already registered
AcceleratorClientConnectionCallback - disconnected - :0
Assembly reference Packages/com.unity.cinemachine/Editor/Samples/ExposeHDRPInternals/HDRP-Editor-ref.asmref has no target assembly definition
Assembly reference Packages/com.unity.cinemachine/Editor/Samples/ExposeHDRPInternals/HDRP-Editor-ref.asmref has no target assembly definition
[Licensing::Client] Successfully resolved entitlement details
Begin MonoManager ReloadAssembly
ADTM: Control thread waiting for realtime thread timed out, have to lock...
Symbol file LoadedFromMemory is not a mono symbol file
Assembly reference Packages/com.unity.cinemachine/Editor/Samples/ExposeHDRPInternals/HDRP-Editor-ref.asmref has no target assembly definition
Assembly reference Packages/com.unity.cinemachine/Editor/Samples/ExposeHDRPInternals/HDRP-Editor-ref.asmref has no target assembly definition
'Packages/com.unity.cinemachine/Editor/Obsolete/CinemachineVirtualCameraBaseEditor.cs' contains partial class of Unity.Object, exactly 1 of the partial classes needs to be in a file with the same filename. This is to know the one that can be referenced from ie. GameObjects
'Packages/com.unity.cinemachine/Editor/Editors/CinemachineVirtualCameraBaseEditor.cs' contains partial class of Unity.Object, exactly 1 of the partial classes needs to be in a file with the same filename. This is to know the one that can be referenced from ie. GameObjects
Native extension for WindowsStandalone target not found
[Package Manager] Failed to launch server process. Reason: Unity was launched with the -noUpm command-line argument
[Package Manager] Unable to send message (not connected to server process).
[Package Manager] Cannot connect to Unity Package Manager local server
[Package Manager] Failed to launch server process. Reason: Unity was launched with the -noUpm command-line argument
[Package Manager] Unable to send message (not connected to server process).
[Package Manager] Cannot connect to Unity Package Manager local server
[Package Manager] Failed to launch server process. Reason: Unity was launched with the -noUpm command-line argument
[Package Manager] Unable to send message (not connected to server process).
[Package Manager] Cannot connect to Unity Package Manager local server
ScheduleIndexationOnStartup MainProcess:False IndexOnStartup:True
Mono: successfully reloaded assembly
- Finished resetting the current domain, in  0.904 seconds
Domain Reload Profiling: 2656ms
	BeginReloadAssembly (1252ms)
		DisableScriptedObjects (11ms)
		CreateAndSetChildDomain (1069ms)
	RebuildCommonClasses (9ms)
	RebuildNativeTypeToScriptingClass (16ms)
	initialDomainReloadingComplete (68ms)
	LoadAllAssembliesAndSetupDomain (406ms)
		LoadAssemblies (356ms)
		AnalyzeDomain (19ms)
			TypeCache.Refresh (8ms)
			ResolveRequiredComponents (6ms)
	FinalizeReload (905ms)
		SetupLoadedEditorAssemblies (0ms)
			BeforeProcessingInitializeOnLoad (94ms)
			ProcessInitializeOnLoadAttributes (390ms)
			ProcessInitializeOnLoadMethodAttributes (149ms)
			AfterProcessingInitializeOnLoad (8ms)
		AwakeInstancesAfterBackupRestoration (24ms)
Unloading 26 Unused Serialized files (Serialized files now loaded: 0)
Unloading 7390 unused Assets / (7.6 MB). Loaded Objects now: 8563.
Memory consumption went from 0.63 GB to 0.62 GB.
Total: 11.908000 ms (FindLiveObjects: 0.673200 ms CreateObjectMapping: 2.680000 ms MarkObjects: 4.570000 ms  DeleteObjects: 3.983700 ms)

Prepare: number of updated asset objects reloaded= 0
========================================================================
Received Prepare
Default GameObject Tag: Player already registered
Default GameObject Tag: MainCamera already registered
AcceleratorClientConnectionCallback - disconnected - :0
Unloading 26 Unused Serialized files (Serialized files now loaded: 0)
Unloading 26 unused Assets / (3.4 MB). Loaded Objects now: 8563.
Memory consumption went from 0.63 GB to 0.62 GB.
Total: 7.614800 ms (FindLiveObjects: 0.370300 ms CreateObjectMapping: 1.175800 ms MarkObjects: 5.223500 ms  DeleteObjects: 0.844100 ms)

Prepare: number of updated asset objects reloaded= 0
