[Licensing::Module] Trying to connect to existing licensing client channel...
Built from '6000.5/staging' branch; Version is '6000.5.8f1 (5cb7df797b7d) revision 6076383'; Using compiler version '194234433'; Build Type 'Release'
OS: 'Windows 11  (10.0.26200) CoreSingleLanguage' Language: 'en' Physical Memory: 32454 MB
[Licensing::IpcConnector] Successfully connected to: "LicenseClient-Admin" at "2026-09-06T07:34:28.0291628Z"
BatchMode: 1, IsHumanControllingUs: 0, StartBugReporterOnCrash: 0, Is64bit: 1
System  architecture: x64
Process architecture: x64
Date: 2026-09-06T07:34:28Z
[Licensing::Client] Code 10 while verifying Licensing Client signature (process Id: 40004, path: "C:/Program Files/Unity Hub/UnityLicensingClient_V1/Unity.Licensing.Client.exe")
[Licensing::Module] LicensingClient has failed validation; ignoring
[Licensing::Client] Handshaking with LicensingClient:
  Version:                 1.18.3+d7ffd15
  Session Id:              c0e8e410b8d043ba90acffa2b5bfba01
  Correlation Id:          356c374563aee1c9938c101429c249a1
  External correlation Id: 590322692583093009
  Machine Id:              qCxBsc4AzdtYVFL8JGkGCs9S810=
[Licensing::Module] Successfully connected to LicensingClient on channel: "LicenseClient-Admin" (connect: 0.00s, validation: 0.00s, handshake: 0.05s)
[Licensing::IpcConnector] Successfully connected to: "LicenseClient-Admin-notifications" at "2026-09-06T07:34:28.0839896Z"
[Licensing::Module] Licensing Background thread has ended after 0.06s

COMMAND LINE ARGUMENTS:
C:\Program Files\Unity\Hub\Editor\6000.5.8f1\Editor\Unity.exe
-adb2
-batchMode
-noUpm
-name
AssetImportWorkerHW0
-projectPath
C:/Users/Admin/MonHoc/IUH_Campus
-logFile
Logs/AssetImportWorkerHW0.log
-srvPort
49407
-parentPid
10256
-analyticsCloudUserId
anonymous
-analyticsLocalProjectId
b9593f618813e4188ab9f70a4927b097
-editorAnalyticsEnabled
1
-cbmEditorLicense
aad24bef8e50cbf681b4ba4dd11d54897235495e
-cbmMachineId
qCxBsc4AzdtYVFL8JGkGCs9S810=
-licensingIpc
LicenseClient-Admin
-noDiagnosticSwitchPersistentStore
-job-worker-count
9
-background-job-worker-count
8
-asset-garbage-collectors
1
-force-d3d12
-name
AssetImport
Successfully changed project path to: C:/Users/Admin/MonHoc/IUH_Campus
C:/Users/Admin/MonHoc/IUH_Campus
[UnityMemory] Configuration Parameters - Can be set up in boot.config
    "memorysetup-temp-allocator-size-gi-baking-worker=262144"
    "memorysetup-temp-allocator-size-gi-baking-worker=262144"
    "memorysetup-temp-allocator-size-gi-baking-worker=262144"
    "memorysetup-temp-allocator-size-gi-baking-worker=262144"
    "memorysetup-temp-allocator-size-gi-baking-worker=262144"
    "memorysetup-temp-allocator-size-nav-mesh-worker=65536"
    "memorysetup-temp-allocator-size-audio-worker=65536"
    "memorysetup-temp-allocator-size-cloud-worker=32768"
    "memorysetup-temp-allocator-size-gfx=262144"
    "memorysetup-temp-allocator-size-preload-manager=33554432"
    "memorysetup-allocator-temp-initial-block-size-main=262144"
    "memorysetup-allocator-temp-initial-block-size-worker=262144"
    "memorysetup-temp-allocator-size-job-worker=262144"
    "memorysetup-temp-allocator-size-background-worker=32768"
    "memorysetup-bucket-allocator-granularity=16"
    "memorysetup-bucket-allocator-bucket-count=8"
    "memorysetup-bucket-allocator-block-size=33554432"
    "memorysetup-bucket-allocator-block-count=8"
    "memorysetup-main-allocator-block-size=16777216"
    "memorysetup-thread-allocator-block-size=16777216"
    "memorysetup-main-allocator-mimalloc-enabled=0"
    "memorysetup-gfx-main-allocator-block-size=16777216"
    "memorysetup-gfx-thread-allocator-block-size=16777216"
    "memorysetup-cache-allocator-block-size=4194304"
    "memorysetup-typetree-allocator-block-size=2097152"
    "memorysetup-profiler-bucket-allocator-granularity=16"
    "memorysetup-profiler-bucket-allocator-bucket-count=8"
    "memorysetup-profiler-bucket-allocator-block-size=33554432"
    "memorysetup-profiler-bucket-allocator-block-count=8"
    "memorysetup-profiler-allocator-block-size=16777216"
    "memorysetup-profiler-editor-allocator-block-size=1048576"
    "memorysetup-temp-allocator-size-main=16777216"
    "memorysetup-job-temp-allocator-block-size=2097152"
    "memorysetup-job-temp-allocator-block-size-background=1048576"
    "memorysetup-job-temp-allocator-reduction-small-platforms=262144"
Player connection [33328]  Target information:

Player connection [33328]  * "[IP] 192.168.1.211 [Port] 0 [Flags] 2 [Guid] 3278809011 [EditorId] 3278809011 [Version] 1048832 [Id] WindowsEditor(7,LAPTOP-H90JRBR1) [Debug] 1 [PackageName] WindowsEditor [ProjectName] Editor" 

Player connection [33328] Host joined multi-casting on [225.0.0.222:54997]...
Player connection [33328] Host joined alternative multi-casting on [225.0.0.222:34997]...
JobSystem: Creating JobQueue using job-worker-count value 9
Input System module state changed to: Initialized.
[Physics::Module] Initialized fallback backend.
[Physics::Module] Id: 0xdecafbad
Library Redirect Path: Library/
Default GameObject Tag: Player already registered
Default GameObject Tag: MainCamera already registered
[Physics::Module] Selected backend.
[Physics::Module] Name: PhysX
[Physics::Module] Id: 0xf2b8ea05
[Physics::Module] SDK Version: 4.1.2
[Physics::Module] Integration Version: 1.0.0
[Physics::Module] Threading Mode: Multi-Threaded
Refreshing native plugins compatible for Editor in 3.42 ms, found 4 plugins.
Initialize engine version: 6000.5.8f1 (5cb7df797b7d)
[Subsystems] Discovering subsystems at path C:/Program Files/Unity/Hub/Editor/6000.5.8f1/Editor/Data/Resources/UnitySubsystems
[Subsystems] Discovering subsystems at path C:/Users/Admin/MonHoc/IUH_Campus/Assets
Forcing GfxDevice: Direct3D 12
GfxDevice: creating device client; kGfxThreadingModeNonThreaded
d3d12: failed to query info queue interface (0x80004002).
Direct3D:
    Version:         Direct3D 12 [level 12.2]
    Renderer:        NVIDIA GeForce RTX 3060 Laptop GPU (ID=0x2560)
    Vendor:          NVIDIA
    VRAM:            5994 MB
    App VRAM Budget: 5226 MB
    Driver:          32.0.15.9174
Initialize mono
Mono path[0] = 'C:/Program Files/Unity/Hub/Editor/6000.5.8f1/Editor/Data/Managed'
Mono path[1] = 'C:/Program Files/Unity/Hub/Editor/6000.5.8f1/Editor/Data/BCLExtensions/runtime/netstandard2.1'
Mono path[2] = 'C:/Program Files/Unity/Hub/Editor/6000.5.8f1/Editor/Data/MonoBleedingEdge/lib/mono/unityjit-win32'
Mono config path = 'C:/Program Files/Unity/Hub/Editor/6000.5.8f1/Editor/Data/MonoBleedingEdge/etc'
Using monoOptions --debugger-agent=transport=dt_socket,embedding=1,server=y,suspend=n,address=127.0.0.1:56244
CodeReloadManager initialized
Begin MonoManager ReloadAssembly
Registering precompiled unity dll's ...
Register platform support module: C:/Program Files/Unity/Hub/Editor/6000.5.8f1/Editor/Data/PlaybackEngines/WindowsStandaloneSupport/UnityEditor.WindowsStandalone.Extensions.dll
Registered in 0.001846 seconds.
Native extension for WindowsStandalone target not found
Package Manager log level set to [2]
[Package Manager] Failed to launch server process. Reason: Unity was launched with the -noUpm command-line argument
[Package Manager] Unable to send message (not connected to server process).
[Package Manager] Cannot connect to Unity Package Manager local server
ScheduleIndexationOnStartup MainProcess:False IndexOnStartup:True
Mono: successfully reloaded assembly
- Finished resetting the current domain, in  0.572 seconds
Domain Reload Profiling: 1242ms
	BeginReloadAssembly (150ms)
	RebuildCommonClasses (5ms)
	RebuildNativeTypeToScriptingClass (18ms)
	initialDomainReloadingComplete (85ms)
	LoadAllAssembliesAndSetupDomain (412ms)
		LoadAssemblies (146ms)
		AnalyzeDomain (320ms)
			TypeCache.Refresh (318ms)
				TypeCache.ScanAssembly (295ms)
	FinalizeReload (573ms)
		SetupLoadedEditorAssemblies (0ms)
			BeforeProcessingInitializeOnLoad (103ms)
			ProcessInitializeOnLoadAttributes (111ms)
			ProcessInitializeOnLoadMethodAttributes (264ms)
Initializing Unity extensions:
[Licensing::Client] Successfully resolved entitlement details
[Licensing::Module] License group:
  Id: 18968480794457-UnityPersXXXX
  Product: Unity Personal
  Type: Assigned
  Expiration: Unlimited
========================================================================
Worker process is ready to serve import requests
Import Worker Mode flag is 0x00
Begin MonoManager ReloadAssembly
Symbol file LoadedFromMemory is not a mono symbol file
Native extension for WindowsStandalone target not found
[Package Manager] Failed to launch server process. Reason: Unity was launched with the -noUpm command-line argument
[Package Manager] Unable to send message (not connected to server process).
[Package Manager] Cannot connect to Unity Package Manager local server
[Package Manager] Failed to launch server process. Reason: Unity was launched with the -noUpm command-line argument
[Package Manager] Unable to send message (not connected to server process).
[Package Manager] Cannot connect to Unity Package Manager local server
ScheduleIndexationOnStartup MainProcess:False IndexOnStartup:True
Mono: successfully reloaded assembly
- Finished resetting the current domain, in  0.951 seconds
Domain Reload Profiling: 2087ms
	BeginReloadAssembly (232ms)
		DisableScriptedObjects (12ms)
		CreateAndSetChildDomain (34ms)
	RebuildCommonClasses (10ms)
	RebuildNativeTypeToScriptingClass (17ms)
	initialDomainReloadingComplete (58ms)
	LoadAllAssembliesAndSetupDomain (817ms)
		LoadAssemblies (433ms)
		AnalyzeDomain (347ms)
			TypeCache.Refresh (249ms)
				TypeCache.ScanAssembly (226ms)
			BuildScriptInfoCaches (89ms)
			ResolveRequiredComponents (6ms)
	FinalizeReload (952ms)
		SetupLoadedEditorAssemblies (0ms)
			BeforeProcessingInitializeOnLoad (100ms)
			ProcessInitializeOnLoadAttributes (411ms)
			ProcessInitializeOnLoadMethodAttributes (147ms)
			AfterProcessingInitializeOnLoad (6ms)
		AwakeInstancesAfterBackupRestoration (9ms)
Default GameObject Tag: Player already registered
Default GameObject Tag: MainCamera already registered
AcceleratorClientConnectionCallback - disconnected - :0
Launched and connected shader compiler UnityShaderCompiler.exe after 0.01 seconds
Unloading 22 Unused Serialized files (Serialized files now loaded: 0)
Unloading 6989 unused Assets / (5.8 MB). Loaded Objects now: 7951.
Memory consumption went from 342.6 MB to 336.8 MB.
Total: 10.648200 ms (FindLiveObjects: 0.633300 ms CreateObjectMapping: 2.631400 ms MarkObjects: 4.873500 ms  DeleteObjects: 2.507600 ms)

Curl error 3: URL rejected: Malformed input to a URL function
========================================================================
Received Prepare
Default GameObject Tag: Player already registered
Default GameObject Tag: MainCamera already registered
AcceleratorClientConnectionCallback - disconnected - :0
Refreshing native plugins compatible for Editor in 2.42 ms, found 4 plugins.
Unloading 22 Unused Serialized files (Serialized files now loaded: 0)
Unloading 22 unused Assets / (2.6 MB). Loaded Objects now: 7951.
Memory consumption went from 334.9 MB to 332.3 MB.
Total: 7.906800 ms (FindLiveObjects: 0.326800 ms CreateObjectMapping: 1.302700 ms MarkObjects: 5.857000 ms  DeleteObjects: 0.419000 ms)

Prepare: number of updated asset objects reloaded= 0
Curl error 7: Failed to connect to config.uca.cloud.unity3d.com port 443 after 2257 ms: Could not connect to server
========================================================================
Received Import Request.
  Time of request: 2026-09-06T07:35:04.2315248Z
  Time since last request: 132282.1047821000102 seconds.
  importAddress: GUID: 917b346720302be409d6ce09649aa7fb - Path: Assets/IUH_Campus/Materials/M_IUH_I_Railings.mat - Importer: ScriptedImporter/UnityEditor.QuickSearchModule:UnityEditor.Search:ASIAI0B
Importing 'GUID: 917b346720302be409d6ce09649aa7fb - Path: Assets/IUH_Campus/Materials/M_IUH_I_Railings.mat - Importer: ScriptedImporter/UnityEditor.QuickSearchModule:UnityEditor.Search:ASIAI0B' with importer (ScriptedImporter : UnityEditor.QuickSearchModule:UnityEditor.Search:ASIAI0B)
Imported 'GUID: 917b346720302be409d6ce09649aa7fb' -> (Import Result ID: 'e473d28dc2962d2fec13b1b5913fcad1') in 0.115 seconds [static and dynamic dependencies]. Details - ImportResultOutputID=5049ffa055cad168804704dc8c7eb02e DependenciesID=5884aaf7da302ad5ecfbacb3f243b4e1 StaticDependenciesID=0d3499c91255d58e93c6b9795f6b9717 
Number of updated asset objects reloaded before import = 0
Number of asset objects unloaded after import = 2
========================================================================
Received Import Request.
  Time of request: 2026-09-06T07:35:04.3574959Z
  Time since last request: 0.000714 seconds.
  importAddress: GUID: e8ec2fc064aff4481912a39917701059 - Path: Assets/IUH_Campus/Materials/M_IUH_Motorbike_Dark.mat - Importer: ScriptedImporter/UnityEditor.QuickSearchModule:UnityEditor.Search:ASIAI0B
Importing 'GUID: e8ec2fc064aff4481912a39917701059 - Path: Assets/IUH_Campus/Materials/M_IUH_Motorbike_Dark.mat - Importer: ScriptedImporter/UnityEditor.QuickSearchModule:UnityEditor.Search:ASIAI0B' with importer (ScriptedImporter : UnityEditor.QuickSearchModule:UnityEditor.Search:ASIAI0B)
Imported 'GUID: e8ec2fc064aff4481912a39917701059' -> (Import Result ID: 'ed3de6a32c474861c6fe5783a317cbdd') in 0.011 seconds [static and dynamic dependencies]. Details - ImportResultOutputID=8f1d86bdffdd223f82cbe89f35029785 DependenciesID=8a9532251c3405b0fb04132845686e24 StaticDependenciesID=c837bd0cee5c2e0ede7388389621bef5 
Number of updated asset objects reloaded before import = 0
Number of asset objects unloaded after import = 2
========================================================================
Received Import Request.
  Time of request: 2026-09-06T07:35:04.3807421Z
  Time since last request: 0.0004402 seconds.
  importAddress: GUID: 8eb069c23724646388a3c70f2cb1aa9c - Path: Assets/IUH_Campus/Materials/M_IUH_Main_WhiteFacade.mat - Importer: ScriptedImporter/UnityEditor.QuickSearchModule:UnityEditor.Search:ASIAI0B
Importing 'GUID: 8eb069c23724646388a3c70f2cb1aa9c - Path: Assets/IUH_Campus/Materials/M_IUH_Main_WhiteFacade.mat - Importer: ScriptedImporter/UnityEditor.QuickSearchModule:UnityEditor.Search:ASIAI0B' with importer (ScriptedImporter : UnityEditor.QuickSearchModule:UnityEditor.Search:ASIAI0B)
Imported 'GUID: 8eb069c23724646388a3c70f2cb1aa9c' -> (Import Result ID: '48f4f272c01cc88d7a4b8acbe771f689') in 0.015 seconds [static and dynamic dependencies]. Details - ImportResultOutputID=39abea22098579a938622eca96fb4cce DependenciesID=f29af9b15a704173089c8627b5228e72 StaticDependenciesID=0938770e65965e743dab1968b78e416e 
Number of updated asset objects reloaded before import = 0
Number of asset objects unloaded after import = 2
========================================================================
Received Import Request.
  Time of request: 2026-09-06T07:35:04.4065637Z
  Time since last request: 0.0007001 seconds.
  importAddress: GUID: 5e7007fef656c4b19bab8826d36219b7 - Path: Assets/IUH_Campus/Materials/M_IUH_Gate_Booth.mat - Importer: ScriptedImporter/UnityEditor.QuickSearchModule:UnityEditor.Search:ASIAI0B
Importing 'GUID: 5e7007fef656c4b19bab8826d36219b7 - Path: Assets/IUH_Campus/Materials/M_IUH_Gate_Booth.mat - Importer: ScriptedImporter/UnityEditor.QuickSearchModule:UnityEditor.Search:ASIAI0B' with importer (ScriptedImporter : UnityEditor.QuickSearchModule:UnityEditor.Search:ASIAI0B)
Imported 'GUID: 5e7007fef656c4b19bab8826d36219b7' -> (Import Result ID: 'f69c2c3ea9d1c78bee52cba0e73e4d0c') in 0.018 seconds [static and dynamic dependencies]. Details - ImportResultOutputID=1fcb3cc6844dba1ed6017455a29a2479 DependenciesID=105d5ef18a9918b8e404fe78f4dcd3ce StaticDependenciesID=0581105ec1ed88acf9729b61094da4e5 
Number of updated asset objects reloaded before import = 0
Number of asset objects unloaded after import = 2
========================================================================
Received Import Request.
  Time of request: 2026-09-06T07:35:04.4373757Z
  Time since last request: 0.0006804 seconds.
  importAddress: GUID: 8e18803f33a3142d7b6c5fc0f0bf5721 - Path: Assets/IUH_Campus/Materials/M_IUH_RooftopMetal.mat - Importer: ScriptedImporter/UnityEditor.QuickSearchModule:UnityEditor.Search:ASIAI0B
Importing 'GUID: 8e18803f33a3142d7b6c5fc0f0bf5721 - Path: Assets/IUH_Campus/Materials/M_IUH_RooftopMetal.mat - Importer: ScriptedImporter/UnityEditor.QuickSearchModule:UnityEditor.Search:ASIAI0B' with importer (ScriptedImporter : UnityEditor.QuickSearchModule:UnityEditor.Search:ASIAI0B)
Imported 'GUID: 8e18803f33a3142d7b6c5fc0f0bf5721' -> (Import Result ID: 'd3a5e0e0824137ee7d0ac0def0d84cbc') in 0.005 seconds [static and dynamic dependencies]. Details - ImportResultOutputID=438eb0592d61498778748079e7207af1 DependenciesID=6d00d9341b92b4529d963226bd39454c StaticDependenciesID=4f31beb91fc910e0ef1ac12c7b72cfe6 
Number of updated asset objects reloaded before import = 0
Number of asset objects unloaded after import = 2
========================================================================
Received Import Request.
  Time of request: 2026-09-06T07:35:04.4541019Z
  Time since last request: 0.0004201 seconds.
  importAddress: GUID: 1d0ec78080c4e384aa01aeb01ada8614 - Path: Assets/IUH_Campus/Materials/M_IUH_I_Roof.mat - Importer: ScriptedImporter/UnityEditor.QuickSearchModule:UnityEditor.Search:ASIAI0B
Importing 'GUID: 1d0ec78080c4e384aa01aeb01ada8614 - Path: Assets/IUH_Campus/Materials/M_IUH_I_Roof.mat - Importer: ScriptedImporter/UnityEditor.QuickSearchModule:UnityEditor.Search:ASIAI0B' with importer (ScriptedImporter : UnityEditor.QuickSearchModule:UnityEditor.Search:ASIAI0B)
Imported 'GUID: 1d0ec78080c4e384aa01aeb01ada8614' -> (Import Result ID: '8b684b55db657bd08ac7b3c4690dc73f') in 0.005 seconds [static and dynamic dependencies]. Details - ImportResultOutputID=e5d8ee5020eaeb73887c28f1049fea53 DependenciesID=36680f8bdf3848952ecd7858f36afc97 StaticDependenciesID=7da9e84f1e8e5ead4b29652de72084cf 
Number of updated asset objects reloaded before import = 0
Number of asset objects unloaded after import = 2
========================================================================
Received Import Request.
  Time of request: 2026-09-06T07:35:04.4680024Z
  Time since last request: 0.0004879 seconds.
  importAddress: GUID: b076e6eb01e204c4395cd0715779accf - Path: Assets/IUH_Campus/Materials/M_IUH_Cloth_Red.mat - Importer: ScriptedImporter/UnityEditor.QuickSearchModule:UnityEditor.Search:ASIAI0B
Importing 'GUID: b076e6eb01e204c4395cd0715779accf - Path: Assets/IUH_Campus/Materials/M_IUH_Cloth_Red.mat - Importer: ScriptedImporter/UnityEditor.QuickSearchModule:UnityEditor.Search:ASIAI0B' with importer (ScriptedImporter : UnityEditor.QuickSearchModule:UnityEditor.Search:ASIAI0B)
Imported 'GUID: b076e6eb01e204c4395cd0715779accf' -> (Import Result ID: 'f5df6bc2d3d8c2bf38a563167a48b3ed') in 0.005 seconds [static and dynamic dependencies]. Details - ImportResultOutputID=742ac4aabf78e70ae529651b488e25a9 DependenciesID=78e340780bda8c6c858fc6b4f5b94636 StaticDependenciesID=650614f066473809f30ace1e41c825a1 
Number of updated asset objects reloaded before import = 0
Number of asset objects unloaded after import = 2
========================================================================
Received Import Request.
  Time of request: 2026-09-06T07:35:04.4812583Z
  Time since last request: 0.0003868 seconds.
  importAddress: GUID: f51947882a28c472eaeee91b7d2db359 - Path: Assets/IUH_Campus/Materials/M_IUH_Grass.mat - Importer: ScriptedImporter/UnityEditor.QuickSearchModule:UnityEditor.Search:ASIAI0B
Importing 'GUID: f51947882a28c472eaeee91b7d2db359 - Path: Assets/IUH_Campus/Materials/M_IUH_Grass.mat - Importer: ScriptedImporter/UnityEditor.QuickSearchModule:UnityEditor.Search:ASIAI0B' with importer (ScriptedImporter : UnityEditor.QuickSearchModule:UnityEditor.Search:ASIAI0B)
Imported 'GUID: f51947882a28c472eaeee91b7d2db359' -> (Import Result ID: '89f1da19d88b527c8a3091b1f1289805') in 0.009 seconds [static and dynamic dependencies]. Details - ImportResultOutputID=42bb1f80015c2d1770d3f6736233583c DependenciesID=5c50cb9b57ef666caabc898a3e1b937c StaticDependenciesID=d38998fe3fe462ddb5d1b77a74ea861c 
Number of updated asset objects reloaded before import = 0
Number of asset objects unloaded after import = 3
========================================================================
Received Import Request.
  Time of request: 2026-09-06T07:35:04.5026834Z
  Time since last request: 0.0003857 seconds.
  importAddress: GUID: 56813d3727bdf4d3591856dd44ec7faa - Path: Assets/IUH_Campus/Textures/T_Granite_Noise.png - Importer: ScriptedImporter/UnityEditor.QuickSearchModule:UnityEditor.Search:ASIAI0B
Importing 'GUID: 56813d3727bdf4d3591856dd44ec7faa - Path: Assets/IUH_Campus/Textures/T_Granite_Noise.png - Importer: ScriptedImporter/UnityEditor.QuickSearchModule:UnityEditor.Search:ASIAI0B' with importer (ScriptedImporter : UnityEditor.QuickSearchModule:UnityEditor.Search:ASIAI0B)
Imported 'GUID: 56813d3727bdf4d3591856dd44ec7faa' -> (Import Result ID: 'f0045945a7c166a1744fe3729f6b3aa7') in 0.047 seconds [static and dynamic dependencies]. Details - ImportResultOutputID=1468383f98f264215f8c9866166a8d73 DependenciesID=41ed8e50a39af9790f806be9302946ca StaticDependenciesID=4dcbe74197042de03c6f6ede693d5239 
Number of updated asset objects reloaded before import = 0
Number of asset objects unloaded after import = 1
========================================================================
Received Import Request.
  Time of request: 2026-09-06T07:35:04.5589379Z
  Time since last request: 0.0007259 seconds.
  importAddress: GUID: c4404847d0e395847a6ef44e92f559d3 - Path: Assets/IUH_Campus/Materials/M_IUH_C_AccentMint.mat - Importer: ScriptedImporter/UnityEditor.QuickSearchModule:UnityEditor.Search:ASIAI0B
Importing 'GUID: c4404847d0e395847a6ef44e92f559d3 - Path: Assets/IUH_Campus/Materials/M_IUH_C_AccentMint.mat - Importer: ScriptedImporter/UnityEditor.QuickSearchModule:UnityEditor.Search:ASIAI0B' with importer (ScriptedImporter : UnityEditor.QuickSearchModule:UnityEditor.Search:ASIAI0B)
Imported 'GUID: c4404847d0e395847a6ef44e92f559d3' -> (Import Result ID: '169699777099862d4b0fdb5cbf340b87') in 0.005 seconds [static and dynamic dependencies]. Details - ImportResultOutputID=8c0e29e7dc951a4f4adf9a448a04f513 DependenciesID=475cc0e4d97a18bc665f2337df7e41f3 StaticDependenciesID=b1a51fd1ac76c89c4237ad11d79e2b29 
Number of updated asset objects reloaded before import = 0
Number of asset objects unloaded after import = 2
========================================================================
Received Import Request.
  Time of request: 2026-09-06T07:35:04.5749884Z
  Time since last request: 0.0006584 seconds.
  importAddress: GUID: b1d1153118572423d8663c1fcb9bea50 - Path: Assets/IUH_Campus/Materials/M_IUH_Concrete_Ground.mat - Importer: ScriptedImporter/UnityEditor.QuickSearchModule:UnityEditor.Search:ASIAI0B
Importing 'GUID: b1d1153118572423d8663c1fcb9bea50 - Path: Assets/IUH_Campus/Materials/M_IUH_Concrete_Ground.mat - Importer: ScriptedImporter/UnityEditor.QuickSearchModule:UnityEditor.Search:ASIAI0B' with importer (ScriptedImporter : UnityEditor.QuickSearchModule:UnityEditor.Search:ASIAI0B)
Imported 'GUID: b1d1153118572423d8663c1fcb9bea50' -> (Import Result ID: 'c1fff2c91ec43e7fd0720c3ee2ca0ad3') in 0.006 seconds [static and dynamic dependencies]. Details - ImportResultOutputID=a0467cab1c6704a02014de9475c12a84 DependenciesID=56803e4ddbc3e8e6b34619f02c5150c4 StaticDependenciesID=e107d32f1f8e33ddfc9fac553265203b 
Number of updated asset objects reloaded before import = 0
Number of asset objects unloaded after import = 3
========================================================================
Received Import Request.
  Time of request: 2026-09-06T07:35:04.5931376Z
  Time since last request: 0.0004685 seconds.
  importAddress: GUID: 85c3d67062aeb40179aed663a3198c17 - Path: Assets/IUH_Campus/Materials/M_IUH_Academic_Turquoise.mat - Importer: ScriptedImporter/UnityEditor.QuickSearchModule:UnityEditor.Search:ASIAI0B
Importing 'GUID: 85c3d67062aeb40179aed663a3198c17 - Path: Assets/IUH_Campus/Materials/M_IUH_Academic_Turquoise.mat - Importer: ScriptedImporter/UnityEditor.QuickSearchModule:UnityEditor.Search:ASIAI0B' with importer (ScriptedImporter : UnityEditor.QuickSearchModule:UnityEditor.Search:ASIAI0B)
Imported 'GUID: 85c3d67062aeb40179aed663a3198c17' -> (Import Result ID: 'ef61f1551ef52163c18824e39ab3cc8f') in 0.016 seconds [static and dynamic dependencies]. Details - ImportResultOutputID=85d58da9477012370c6880a94812ce1c DependenciesID=51806b3a1f2a56dc17d595ffc2cc87e6 StaticDependenciesID=6559dea7a9e79b01954ce118ceaf7e41 
Number of updated asset objects reloaded before import = 0
Number of asset objects unloaded after import = 2
========================================================================
Received Import Request.
  Time of request: 2026-09-06T07:35:04.6197367Z
  Time since last request: 0.0003882 seconds.
  importAddress: GUID: 87724dcbc68b8984eb34a39a740260e9 - Path: Assets/IUH_Campus/Materials/M_IUH_I_Wall.mat - Importer: ScriptedImporter/UnityEditor.QuickSearchModule:UnityEditor.Search:ASIAI0B
Importing 'GUID: 87724dcbc68b8984eb34a39a740260e9 - Path: Assets/IUH_Campus/Materials/M_IUH_I_Wall.mat - Importer: ScriptedImporter/UnityEditor.QuickSearchModule:UnityEditor.Search:ASIAI0B' with importer (ScriptedImporter : UnityEditor.QuickSearchModule:UnityEditor.Search:ASIAI0B)
Imported 'GUID: 87724dcbc68b8984eb34a39a740260e9' -> (Import Result ID: '8b92a3185169d851d27fb19cd6d99bab') in 0.007 seconds [static and dynamic dependencies]. Details - ImportResultOutputID=cf6f93ccc4209768086b8ab8d18147dd DependenciesID=0d7689ccd467a8268e9c4e38d6e27b6f StaticDependenciesID=8ecd2487c7a906845384d36a1454dccb 
Number of updated asset objects reloaded before import = 0
Number of asset objects unloaded after import = 3
========================================================================
Received Import Request.
  Time of request: 2026-09-06T07:35:04.6375077Z
  Time since last request: 0.0006613 seconds.
  importAddress: GUID: bd889619d90744e45bd9daab46c633e1 - Path: Assets/IUH_Campus/Materials/M_IUH_C_Wall.mat - Importer: ScriptedImporter/UnityEditor.QuickSearchModule:UnityEditor.Search:ASIAI0B
Importing 'GUID: bd889619d90744e45bd9daab46c633e1 - Path: Assets/IUH_Campus/Materials/M_IUH_C_Wall.mat - Importer: ScriptedImporter/UnityEditor.QuickSearchModule:UnityEditor.Search:ASIAI0B' with importer (ScriptedImporter : UnityEditor.QuickSearchModule:UnityEditor.Search:ASIAI0B)
Imported 'GUID: bd889619d90744e45bd9daab46c633e1' -> (Import Result ID: 'cc3736228441aee4b89e4a9937afdd8f') in 0.007 seconds [static and dynamic dependencies]. Details - ImportResultOutputID=8f9fe5d273f7c92bfb8b03ef3a513ba5 DependenciesID=a19de565c56c02ad9281cd49a1950410 StaticDependenciesID=cc4ce14e8ef266e8faa4fce6fa818ae0 
Number of updated asset objects reloaded before import = 0
Number of asset objects unloaded after import = 3
========================================================================
Received Import Request.
  Time of request: 2026-09-06T07:35:04.6563246Z
  Time since last request: 0.0005981 seconds.
  importAddress: GUID: c050d9f735b5c4a0f81db69e4b8fbf99 - Path: Assets/IUH_Campus/Materials/M_IUH_Main_DarkMetal.mat - Importer: ScriptedImporter/UnityEditor.QuickSearchModule:UnityEditor.Search:ASIAI0B
Importing 'GUID: c050d9f735b5c4a0f81db69e4b8fbf99 - Path: Assets/IUH_Campus/Materials/M_IUH_Main_DarkMetal.mat - Importer: ScriptedImporter/UnityEditor.QuickSearchModule:UnityEditor.Search:ASIAI0B' with importer (ScriptedImporter : UnityEditor.QuickSearchModule:UnityEditor.Search:ASIAI0B)
Imported 'GUID: c050d9f735b5c4a0f81db69e4b8fbf99' -> (Import Result ID: '5a1b639679bb91b60a4170483aa58437') in 0.013 seconds [static and dynamic dependencies]. Details - ImportResultOutputID=7b2ddab90acac321f606cec76d06a956 DependenciesID=24af8554a7f9b64e9c917bead6f0da4c StaticDependenciesID=4f4b49b6be1eb9203556ad42643a8c5e 
Number of updated asset objects reloaded before import = 0
Number of asset objects unloaded after import = 2
========================================================================
Received Import Request.
  Time of request: 2026-09-06T07:35:04.6817696Z
  Time since last request: 0.0003482 seconds.
  importAddress: GUID: 0d27fb6b2a9e844ba85b04f29c77e368 - Path: Assets/IUH_Campus/Materials/M_IUH_Monument_Letter.mat - Importer: ScriptedImporter/UnityEditor.QuickSearchModule:UnityEditor.Search:ASIAI0B
Importing 'GUID: 0d27fb6b2a9e844ba85b04f29c77e368 - Path: Assets/IUH_Campus/Materials/M_IUH_Monument_Letter.mat - Importer: ScriptedImporter/UnityEditor.QuickSearchModule:UnityEditor.Search:ASIAI0B' with importer (ScriptedImporter : UnityEditor.QuickSearchModule:UnityEditor.Search:ASIAI0B)
Imported 'GUID: 0d27fb6b2a9e844ba85b04f29c77e368' -> (Import Result ID: '6aea20ead05deaf37b8931d58701c5e2') in 0.005 seconds [static and dynamic dependencies]. Details - ImportResultOutputID=1ffb019ff1b45c7a9e17646cc63b323a DependenciesID=aec97f0c985b2a0f909480bece1a1471 StaticDependenciesID=d9b34223b0540ac47a3c484968477ce1 
Number of updated asset objects reloaded before import = 0
Number of asset objects unloaded after import = 2
========================================================================
Received Import Request.
  Time of request: 2026-09-06T07:35:04.6970743Z
  Time since last request: 0.0004554 seconds.
  importAddress: GUID: 244890a778e355e42a08c7458953e43e - Path: Assets/IUH_Campus/Materials/M_IUH_C_GreenGlass.mat - Importer: ScriptedImporter/UnityEditor.QuickSearchModule:UnityEditor.Search:ASIAI0B
Importing 'GUID: 244890a778e355e42a08c7458953e43e - Path: Assets/IUH_Campus/Materials/M_IUH_C_GreenGlass.mat - Importer: ScriptedImporter/UnityEditor.QuickSearchModule:UnityEditor.Search:ASIAI0B' with importer (ScriptedImporter : UnityEditor.QuickSearchModule:UnityEditor.Search:ASIAI0B)
Imported 'GUID: 244890a778e355e42a08c7458953e43e' -> (Import Result ID: 'd62ff3554dcfc4fc78d09cacd952f586') in 0.005 seconds [static and dynamic dependencies]. Details - ImportResultOutputID=aaf665aa12a93212cb989cc9d3bef3e0 DependenciesID=fded5b15589c4eb31fa144b0b9c0a0d8 StaticDependenciesID=c7b0958f7a5fb8ade3555caebc31e634 
Number of updated asset objects reloaded before import = 0
Number of asset objects unloaded after import = 2
========================================================================
Received Import Request.
  Time of request: 2026-09-06T07:35:04.7143627Z
  Time since last request: 0.00049 seconds.
  importAddress: GUID: 0fa0ec022ec20844e8e9ee8a1dab46e5 - Path: Assets/IUH_Campus/Editor/IUHRightClusterBuilder.cs - Importer: ScriptedImporter/UnityEditor.QuickSearchModule:UnityEditor.Search:ASIAI0B
Importing 'GUID: 0fa0ec022ec20844e8e9ee8a1dab46e5 - Path: Assets/IUH_Campus/Editor/IUHRightClusterBuilder.cs - Importer: ScriptedImporter/UnityEditor.QuickSearchModule:UnityEditor.Search:ASIAI0B' with importer (ScriptedImporter : UnityEditor.QuickSearchModule:UnityEditor.Search:ASIAI0B)
Imported 'GUID: 0fa0ec022ec20844e8e9ee8a1dab46e5' -> (Import Result ID: '10bb47f355396f72335eb549a1cd65bd') in 0.011 seconds [static and dynamic dependencies]. Details - ImportResultOutputID=f2ffa0a3a7f876c96df6bb1c5fdb6d47 DependenciesID=cda53e32be7990e3db228650cd5612b4 StaticDependenciesID=f1c18c2c9ec2d49daa402265fdea261b 
Number of updated asset objects reloaded before import = 0
Number of asset objects unloaded after import = 0
========================================================================
Received Import Request.
  Time of request: 2026-09-06T07:35:04.736314Z
  Time since last request: 0.0005284 seconds.
  importAddress: GUID: 68cdab2c82820884eae32afb64403730 - Path: Assets/IUH_Campus/Materials/M_IUH_Parking_Line.mat - Importer: ScriptedImporter/UnityEditor.QuickSearchModule:UnityEditor.Search:ASIAI0B
Importing 'GUID: 68cdab2c82820884eae32afb64403730 - Path: Assets/IUH_Campus/Materials/M_IUH_Parking_Line.mat - Importer: ScriptedImporter/UnityEditor.QuickSearchModule:UnityEditor.Search:ASIAI0B' with importer (ScriptedImporter : UnityEditor.QuickSearchModule:UnityEditor.Search:ASIAI0B)
Imported 'GUID: 68cdab2c82820884eae32afb64403730' -> (Import Result ID: '98b4b72f770dc19d56eb41beb1a36b13') in 0.005 seconds [static and dynamic dependencies]. Details - ImportResultOutputID=86940fa09893a9b4afb0019ed76b876c DependenciesID=668842037a313843f5305fafb31c28e4 StaticDependenciesID=21bf8f8f15652b227ef370c7844b2c96 
Number of updated asset objects reloaded before import = 0
Number of asset objects unloaded after import = 2
========================================================================
Received Import Request.
  Time of request: 2026-09-06T07:35:04.7528704Z
  Time since last request: 0.0004537 seconds.
  importAddress: GUID: c88b33e3b37ef4813bd769653bf04a5d - Path: Assets/IUH_Campus/Materials/M_IUH_PaleGreenRoof.mat - Importer: ScriptedImporter/UnityEditor.QuickSearchModule:UnityEditor.Search:ASIAI0B
Importing 'GUID: c88b33e3b37ef4813bd769653bf04a5d - Path: Assets/IUH_Campus/Materials/M_IUH_PaleGreenRoof.mat - Importer: ScriptedImporter/UnityEditor.QuickSearchModule:UnityEditor.Search:ASIAI0B' with importer (ScriptedImporter : UnityEditor.QuickSearchModule:UnityEditor.Search:ASIAI0B)
Imported 'GUID: c88b33e3b37ef4813bd769653bf04a5d' -> (Import Result ID: '732fe3a92e9b5357f8fa4d1f01a20441') in 0.006 seconds [static and dynamic dependencies]. Details - ImportResultOutputID=e54a60277a8bfa46d4c01e149ee1199d DependenciesID=fc786057b4c87390cd2187c1613fcf72 StaticDependenciesID=972bf7db4a157244dc302d1fd2da2000 
Number of updated asset objects reloaded before import = 0
Number of asset objects unloaded after import = 2
========================================================================
Received Import Request.
  Time of request: 2026-09-06T07:35:04.7699578Z
  Time since last request: 0.000412 seconds.
  importAddress: GUID: fb6d936a83240d845a09ebb18c4fa0ff - Path: Assets/IUH_Campus/Materials/M_IUH_Cloth_Blue.mat - Importer: ScriptedImporter/UnityEditor.QuickSearchModule:UnityEditor.Search:ASIAI0B
Importing 'GUID: fb6d936a83240d845a09ebb18c4fa0ff - Path: Assets/IUH_Campus/Materials/M_IUH_Cloth_Blue.mat - Importer: ScriptedImporter/UnityEditor.QuickSearchModule:UnityEditor.Search:ASIAI0B' with importer (ScriptedImporter : UnityEditor.QuickSearchModule:UnityEditor.Search:ASIAI0B)
Imported 'GUID: fb6d936a83240d845a09ebb18c4fa0ff' -> (Import Result ID: '7caea56e4d4091b59217727355b01cca') in 0.007 seconds [static and dynamic dependencies]. Details - ImportResultOutputID=95ac79e750e7d4910d78c3bf704f91da DependenciesID=165b4e61024e4c2bec2c86febba496ca StaticDependenciesID=b5ac2d984a48eb6fc5c5c402776f8df8 
Number of updated asset objects reloaded before import = 0
Number of asset objects unloaded after import = 2
========================================================================
Received Import Request.
  Time of request: 2026-09-06T07:35:04.7879448Z
  Time since last request: 0.0004114 seconds.
  importAddress: GUID: 5d1ace88f416f7d45a4e584aa2cf72cf - Path: Assets/IUH_Campus/Materials/M_IUH_G_Sign.mat - Importer: ScriptedImporter/UnityEditor.QuickSearchModule:UnityEditor.Search:ASIAI0B
Importing 'GUID: 5d1ace88f416f7d45a4e584aa2cf72cf - Path: Assets/IUH_Campus/Materials/M_IUH_G_Sign.mat - Importer: ScriptedImporter/UnityEditor.QuickSearchModule:UnityEditor.Search:ASIAI0B' with importer (ScriptedImporter : UnityEditor.QuickSearchModule:UnityEditor.Search:ASIAI0B)
Imported 'GUID: 5d1ace88f416f7d45a4e584aa2cf72cf' -> (Import Result ID: 'ffc1dce83e3e50f4bf17de440adb0abe') in 0.008 seconds [static and dynamic dependencies]. Details - ImportResultOutputID=d894a749512745ee30bc14a77d9a160b DependenciesID=8e2fd484c19ccf529f26e887e33afc12 StaticDependenciesID=d9a8a1ef3aa0bd76368359c646b0a099 
Number of updated asset objects reloaded before import = 0
Number of asset objects unloaded after import = 3
========================================================================
Received Import Request.
  Time of request: 2026-09-06T07:35:04.8078288Z
  Time since last request: 0.0004805 seconds.
  importAddress: GUID: ec180ae1b86b34cb9bf93956765bbf5f - Path: Assets/IUH_Campus/Materials/M_IUH_Main_Roof.mat - Importer: ScriptedImporter/UnityEditor.QuickSearchModule:UnityEditor.Search:ASIAI0B
Importing 'GUID: ec180ae1b86b34cb9bf93956765bbf5f - Path: Assets/IUH_Campus/Materials/M_IUH_Main_Roof.mat - Importer: ScriptedImporter/UnityEditor.QuickSearchModule:UnityEditor.Search:ASIAI0B' with importer (ScriptedImporter : UnityEditor.QuickSearchModule:UnityEditor.Search:ASIAI0B)
Imported 'GUID: ec180ae1b86b34cb9bf93956765bbf5f' -> (Import Result ID: '5b2bc5d129672196ed8f4ed2b1ebbff2') in 0.016 seconds [static and dynamic dependencies]. Details - ImportResultOutputID=123f97c6d6a087a025a3fff10f1422cb DependenciesID=a3f333d5cd0ddb13d30b92cf74bf2264 StaticDependenciesID=5e30221b079caa9bb2261f0a3577f1ea 
Number of updated asset objects reloaded before import = 0
Number of asset objects unloaded after import = 2
========================================================================
Received Import Request.
  Time of request: 2026-09-06T07:35:04.8369115Z
  Time since last request: 0.0006449 seconds.
  importAddress: GUID: 2060a7ba31478490c85a1c49019a6992 - Path: Assets/IUH_Campus/Materials/M_IUH_GreenGlass.mat - Importer: ScriptedImporter/UnityEditor.QuickSearchModule:UnityEditor.Search:ASIAI0B
Importing 'GUID: 2060a7ba31478490c85a1c49019a6992 - Path: Assets/IUH_Campus/Materials/M_IUH_GreenGlass.mat - Importer: ScriptedImporter/UnityEditor.QuickSearchModule:UnityEditor.Search:ASIAI0B' with importer (ScriptedImporter : UnityEditor.QuickSearchModule:UnityEditor.Search:ASIAI0B)
Imported 'GUID: 2060a7ba31478490c85a1c49019a6992' -> (Import Result ID: 'b52d8515c6e0f5d47d181173a6997f98') in 0.006 seconds [static and dynamic dependencies]. Details - ImportResultOutputID=330806f5a8f153d55132b3d63db460bb DependenciesID=67844f09c5444abd1324fb6fd3f31b8d StaticDependenciesID=e6684173faa1a7a4654f082c6e6bbf70 
Number of updated asset objects reloaded before import = 0
Number of asset objects unloaded after import = 2
========================================================================
Received Import Request.
  Time of request: 2026-09-06T07:35:04.8541644Z
  Time since last request: 0.000412 seconds.
  importAddress: GUID: 936294eb277a205428c9b4b3cce8ec82 - Path: Assets/IUH_Campus/Materials/M_IUH_Podium_Roof.mat - Importer: ScriptedImporter/UnityEditor.QuickSearchModule:UnityEditor.Search:ASIAI0B
Importing 'GUID: 936294eb277a205428c9b4b3cce8ec82 - Path: Assets/IUH_Campus/Materials/M_IUH_Podium_Roof.mat - Importer: ScriptedImporter/UnityEditor.QuickSearchModule:UnityEditor.Search:ASIAI0B' with importer (ScriptedImporter : UnityEditor.QuickSearchModule:UnityEditor.Search:ASIAI0B)
Imported 'GUID: 936294eb277a205428c9b4b3cce8ec82' -> (Import Result ID: 'a11e6b3da9bbf7ef85c3a65328d72aa1') in 0.005 seconds [static and dynamic dependencies]. Details - ImportResultOutputID=77ffe2892995480f8dd1ed447199398c DependenciesID=aa9b223aec1e6e2dfbe8f4fc5718fc7d StaticDependenciesID=e669e9fd17ce17eb088a0259d80cb118 
Number of updated asset objects reloaded before import = 0
Number of asset objects unloaded after import = 2
========================================================================
Received Import Request.
  Time of request: 2026-09-06T07:35:04.8704582Z
  Time since last request: 0.0004664 seconds.
  importAddress: GUID: 22b5a5fa290684f1fbd0c9464bafda38 - Path: Assets/IUH_Campus/Materials/M_IUH_Academic_White.mat - Importer: ScriptedImporter/UnityEditor.QuickSearchModule:UnityEditor.Search:ASIAI0B
Importing 'GUID: 22b5a5fa290684f1fbd0c9464bafda38 - Path: Assets/IUH_Campus/Materials/M_IUH_Academic_White.mat - Importer: ScriptedImporter/UnityEditor.QuickSearchModule:UnityEditor.Search:ASIAI0B' with importer (ScriptedImporter : UnityEditor.QuickSearchModule:UnityEditor.Search:ASIAI0B)
Imported 'GUID: 22b5a5fa290684f1fbd0c9464bafda38' -> (Import Result ID: 'a9642da643e99e0e1cabb8db9e1956d2') in 0.015 seconds [static and dynamic dependencies]. Details - ImportResultOutputID=6b444156d327a38d90118d90b7fbd1e2 DependenciesID=87b180ac7a37d47bdf1116f5bd0f6871 StaticDependenciesID=35acc3e3437bd7a58ffc7af37ebebc30 
Number of updated asset objects reloaded before import = 0
Number of asset objects unloaded after import = 2
========================================================================
Received Import Request.
  Time of request: 2026-09-06T07:35:04.8985816Z
  Time since last request: 0.0004808 seconds.
  importAddress: GUID: d1d88022af9d36641bd8733990ee1c79 - Path: Assets/IUH_Campus/Materials/M_IUH_G_RoofEdge.mat - Importer: ScriptedImporter/UnityEditor.QuickSearchModule:UnityEditor.Search:ASIAI0B
Importing 'GUID: d1d88022af9d36641bd8733990ee1c79 - Path: Assets/IUH_Campus/Materials/M_IUH_G_RoofEdge.mat - Importer: ScriptedImporter/UnityEditor.QuickSearchModule:UnityEditor.Search:ASIAI0B' with importer (ScriptedImporter : UnityEditor.QuickSearchModule:UnityEditor.Search:ASIAI0B)
Imported 'GUID: d1d88022af9d36641bd8733990ee1c79' -> (Import Result ID: '4e84cf592d87acff1efafbd601f80003') in 0.006 seconds [static and dynamic dependencies]. Details - ImportResultOutputID=f2639b9a35d44df577bc6ea86dc68f59 DependenciesID=903b33955a35685e0d41738b87188013 StaticDependenciesID=41e87aba4083c22e8e0f756376599cbf 
Number of updated asset objects reloaded before import = 0
Number of asset objects unloaded after import = 2
========================================================================
Received Import Request.
  Time of request: 2026-09-06T07:35:04.9151832Z
  Time since last request: 0.0004012 seconds.
  importAddress: GUID: 1c172ffdc61db44c79e301db11d5568a - Path: Assets/IUH_Campus/Materials/M_IUH_Main_WhiteMetal.mat - Importer: ScriptedImporter/UnityEditor.QuickSearchModule:UnityEditor.Search:ASIAI0B
Importing 'GUID: 1c172ffdc61db44c79e301db11d5568a - Path: Assets/IUH_Campus/Materials/M_IUH_Main_WhiteMetal.mat - Importer: ScriptedImporter/UnityEditor.QuickSearchModule:UnityEditor.Search:ASIAI0B' with importer (ScriptedImporter : UnityEditor.QuickSearchModule:UnityEditor.Search:ASIAI0B)
Imported 'GUID: 1c172ffdc61db44c79e301db11d5568a' -> (Import Result ID: 'bd96c877fcf20517090b58546b8247e4') in 0.014 seconds [static and dynamic dependencies]. Details - ImportResultOutputID=addfdde27528869d6620eb0d53b4e104 DependenciesID=d68f6a73243438eb6a137657e0e65618 StaticDependenciesID=58aa8681dae9262e41e9ba3edd2d0f73 
Number of updated asset objects reloaded before import = 0
Number of asset objects unloaded after import = 2
========================================================================
Received Import Request.
  Time of request: 2026-09-06T07:35:04.9413471Z
  Time since last request: 0.0004769 seconds.
  importAddress: GUID: e19b4450361a4479abf30ce1d61a8e3f - Path: Assets/IUH_Campus/Materials/M_IUH_WhiteFacade.mat - Importer: ScriptedImporter/UnityEditor.QuickSearchModule:UnityEditor.Search:ASIAI0B
Importing 'GUID: e19b4450361a4479abf30ce1d61a8e3f - Path: Assets/IUH_Campus/Materials/M_IUH_WhiteFacade.mat - Importer: ScriptedImporter/UnityEditor.QuickSearchModule:UnityEditor.Search:ASIAI0B' with importer (ScriptedImporter : UnityEditor.QuickSearchModule:UnityEditor.Search:ASIAI0B)
Imported 'GUID: e19b4450361a4479abf30ce1d61a8e3f' -> (Import Result ID: 'c96ed39f586ccd6a91f6b1649a5d2fc2') in 0.005 seconds [static and dynamic dependencies]. Details - ImportResultOutputID=c25f2c936e47c2dae04a7abb63ea4039 DependenciesID=816337b8c6a0bb5a6f01e34fcbac49bb StaticDependenciesID=e21509fdfbb02982384a00b45a940976 
Number of updated asset objects reloaded before import = 0
Number of asset objects unloaded after import = 2
========================================================================
Received Import Request.
  Time of request: 2026-09-06T07:35:04.9567919Z
  Time since last request: 0.0004329 seconds.
  importAddress: GUID: 22f8322bda52d4b56a6356ed6c9012e9 - Path: Assets/IUH_Campus/Materials/M_IUH_Gate_BlueRailing.mat - Importer: ScriptedImporter/UnityEditor.QuickSearchModule:UnityEditor.Search:ASIAI0B
Importing 'GUID: 22f8322bda52d4b56a6356ed6c9012e9 - Path: Assets/IUH_Campus/Materials/M_IUH_Gate_BlueRailing.mat - Importer: ScriptedImporter/UnityEditor.QuickSearchModule:UnityEditor.Search:ASIAI0B' with importer (ScriptedImporter : UnityEditor.QuickSearchModule:UnityEditor.Search:ASIAI0B)
Imported 'GUID: 22f8322bda52d4b56a6356ed6c9012e9' -> (Import Result ID: '06b6c1d5a466dcc5e5691f6a86abd70e') in 0.015 seconds [static and dynamic dependencies]. Details - ImportResultOutputID=461456f366937596901f9cb21db09d74 DependenciesID=ffc4f159788ef88665a7f5c067069434 StaticDependenciesID=5d9ac5c5c88bb66869f4a98eee520387 
Number of updated asset objects reloaded before import = 0
Number of asset objects unloaded after import = 2
========================================================================
Received Import Request.
  Time of request: 2026-09-06T07:35:04.9840974Z
  Time since last request: 0.0004723 seconds.
  importAddress: GUID: 67ac078a8214b4f2e8c0ae4f6a436617 - Path: Assets/IUH_Campus/Materials/M_IUH_Main_Glass_Reflective.mat - Importer: ScriptedImporter/UnityEditor.QuickSearchModule:UnityEditor.Search:ASIAI0B
Importing 'GUID: 67ac078a8214b4f2e8c0ae4f6a436617 - Path: Assets/IUH_Campus/Materials/M_IUH_Main_Glass_Reflective.mat - Importer: ScriptedImporter/UnityEditor.QuickSearchModule:UnityEditor.Search:ASIAI0B' with importer (ScriptedImporter : UnityEditor.QuickSearchModule:UnityEditor.Search:ASIAI0B)
Imported 'GUID: 67ac078a8214b4f2e8c0ae4f6a436617' -> (Import Result ID: '653968c3b300fa8587f7f73d21b32f28') in 0.015 seconds [static and dynamic dependencies]. Details - ImportResultOutputID=10a7eef17573422f543f0f9af2ffa269 DependenciesID=8cbed758367e61cf2a7fc372b997dd12 StaticDependenciesID=da42e4c74fe5415c75f9f818153a8450 
Number of updated asset objects reloaded before import = 0
Number of asset objects unloaded after import = 2
========================================================================
Received Import Request.
  Time of request: 2026-09-06T07:35:05.0109378Z
  Time since last request: 0.0004611 seconds.
  importAddress: GUID: 6f6f83c34363e184ca62c16a1ace6f01 - Path: Assets/IUH_Campus/Materials/M_IUH_WaterTank_Stainless.mat - Importer: ScriptedImporter/UnityEditor.QuickSearchModule:UnityEditor.Search:ASIAI0B
Importing 'GUID: 6f6f83c34363e184ca62c16a1ace6f01 - Path: Assets/IUH_Campus/Materials/M_IUH_WaterTank_Stainless.mat - Importer: ScriptedImporter/UnityEditor.QuickSearchModule:UnityEditor.Search:ASIAI0B' with importer (ScriptedImporter : UnityEditor.QuickSearchModule:UnityEditor.Search:ASIAI0B)
Imported 'GUID: 6f6f83c34363e184ca62c16a1ace6f01' -> (Import Result ID: '24936a7f9f6eb71cedc32a568aff3b67') in 0.007 seconds [static and dynamic dependencies]. Details - ImportResultOutputID=112d0ab3689acee55fbd5992511e3276 DependenciesID=82c99e9416845fc30f34a8cb2d3c0969 StaticDependenciesID=3d6d8866c8956abc1c1f21284d84e687 
Number of updated asset objects reloaded before import = 0
Number of asset objects unloaded after import = 2
========================================================================
Received Import Request.
  Time of request: 2026-09-06T07:35:05.030636Z
  Time since last request: 0.0003758 seconds.
  importAddress: GUID: 884283af7ad9b465ca0a3973b018c42e - Path: Assets/IUH_Campus/Materials/M_IUH_Gate_Road.mat - Importer: ScriptedImporter/UnityEditor.QuickSearchModule:UnityEditor.Search:ASIAI0B
Importing 'GUID: 884283af7ad9b465ca0a3973b018c42e - Path: Assets/IUH_Campus/Materials/M_IUH_Gate_Road.mat - Importer: ScriptedImporter/UnityEditor.QuickSearchModule:UnityEditor.Search:ASIAI0B' with importer (ScriptedImporter : UnityEditor.QuickSearchModule:UnityEditor.Search:ASIAI0B)
Imported 'GUID: 884283af7ad9b465ca0a3973b018c42e' -> (Import Result ID: 'd82bedf99effbcabf5cf28dabc57c28d') in 0.021 seconds [static and dynamic dependencies]. Details - ImportResultOutputID=89e7b601cf4d694936e3eb589794b3c2 DependenciesID=c0d711b99b2e2510c95ef83406543029 StaticDependenciesID=55ad644ac0a75257b4f0a2e6067f0047 
Number of updated asset objects reloaded before import = 0
Number of asset objects unloaded after import = 2
========================================================================
Received Import Request.
  Time of request: 2026-09-06T07:35:05.0660983Z
  Time since last request: 0.0004086 seconds.
  importAddress: GUID: c3b964b0a65fb43bb979f8856982a4f8 - Path: Assets/IUH_Campus/Materials/M_IUH_Flag_YouthUnion.mat - Importer: ScriptedImporter/UnityEditor.QuickSearchModule:UnityEditor.Search:ASIAI0B
Importing 'GUID: c3b964b0a65fb43bb979f8856982a4f8 - Path: Assets/IUH_Campus/Materials/M_IUH_Flag_YouthUnion.mat - Importer: ScriptedImporter/UnityEditor.QuickSearchModule:UnityEditor.Search:ASIAI0B' with importer (ScriptedImporter : UnityEditor.QuickSearchModule:UnityEditor.Search:ASIAI0B)
Imported 'GUID: c3b964b0a65fb43bb979f8856982a4f8' -> (Import Result ID: '16b0e3f14d32d161de7295c99ed3c924') in 0.020 seconds [static and dynamic dependencies]. Details - ImportResultOutputID=33b1ebca1e556074d2f3d75d84f8941f DependenciesID=e32295e2195ab5d5b30eafe4ed56256d StaticDependenciesID=fbe832e6c410e2c20a018a5b572f0c65 
Number of updated asset objects reloaded before import = 0
Number of asset objects unloaded after import = 3
========================================================================
Received Import Request.
  Time of request: 2026-09-06T07:35:05.1018074Z
  Time since last request: 0.000644 seconds.
  importAddress: GUID: ad750bd12e6fb4e14aabaec4426859c1 - Path: Assets/IUH_Campus/Materials/M_IUH_LightMetal.mat - Importer: ScriptedImporter/UnityEditor.QuickSearchModule:UnityEditor.Search:ASIAI0B
Importing 'GUID: ad750bd12e6fb4e14aabaec4426859c1 - Path: Assets/IUH_Campus/Materials/M_IUH_LightMetal.mat - Importer: ScriptedImporter/UnityEditor.QuickSearchModule:UnityEditor.Search:ASIAI0B' with importer (ScriptedImporter : UnityEditor.QuickSearchModule:UnityEditor.Search:ASIAI0B)
Imported 'GUID: ad750bd12e6fb4e14aabaec4426859c1' -> (Import Result ID: '8350ad2945699e4ff4099b5c7444145b') in 0.009 seconds [static and dynamic dependencies]. Details - ImportResultOutputID=e80340aeb666f2c760479b99d599450e DependenciesID=2e5c689cdbdd02da4278173c23341f58 StaticDependenciesID=02bcd242c342a7d7c53245c113b3a235 
Number of updated asset objects reloaded before import = 0
Number of asset objects unloaded after import = 2
========================================================================
Received Import Request.
  Time of request: 2026-09-06T07:35:05.1256999Z
  Time since last request: 0.0004965 seconds.
  importAddress: GUID: 81da785f13c5b1c47bc660373cca1330 - Path: Assets/IUH_Campus/Materials/M_IUH_WaterTank_Black.mat - Importer: ScriptedImporter/UnityEditor.QuickSearchModule:UnityEditor.Search:ASIAI0B
Importing 'GUID: 81da785f13c5b1c47bc660373cca1330 - Path: Assets/IUH_Campus/Materials/M_IUH_WaterTank_Black.mat - Importer: ScriptedImporter/UnityEditor.QuickSearchModule:UnityEditor.Search:ASIAI0B' with importer (ScriptedImporter : UnityEditor.QuickSearchModule:UnityEditor.Search:ASIAI0B)
Imported 'GUID: 81da785f13c5b1c47bc660373cca1330' -> (Import Result ID: 'b92513cc7e191ba75dccc11de182ee73') in 0.007 seconds [static and dynamic dependencies]. Details - ImportResultOutputID=1811cbe83db3e4668ea6392f7472281f DependenciesID=08d5ccab13dca300821bd93943cd0217 StaticDependenciesID=f7d883d9a833c8b952b4988713e5099a 
Number of updated asset objects reloaded before import = 0
Number of asset objects unloaded after import = 2
========================================================================
Received Import Request.
  Time of request: 2026-09-06T07:35:05.1456448Z
  Time since last request: 0.0004539 seconds.
  importAddress: GUID: f7416732910e547d2b09d70ac72d7447 - Path: Assets/IUH_Campus/Materials/M_IUH_Gate_GoldText.mat - Importer: ScriptedImporter/UnityEditor.QuickSearchModule:UnityEditor.Search:ASIAI0B
Importing 'GUID: f7416732910e547d2b09d70ac72d7447 - Path: Assets/IUH_Campus/Materials/M_IUH_Gate_GoldText.mat - Importer: ScriptedImporter/UnityEditor.QuickSearchModule:UnityEditor.Search:ASIAI0B' with importer (ScriptedImporter : UnityEditor.QuickSearchModule:UnityEditor.Search:ASIAI0B)
Imported 'GUID: f7416732910e547d2b09d70ac72d7447' -> (Import Result ID: 'f12a687c0e9b812ce10991564c25c251') in 0.015 seconds [static and dynamic dependencies]. Details - ImportResultOutputID=950967c6b5c1e97378340d13592bd49a DependenciesID=aae5e458130de38fe8e299d504da1250 StaticDependenciesID=a3168f48d53e49aeb61f21b2d5fe7b9a 
Number of updated asset objects reloaded before import = 0
Number of asset objects unloaded after import = 2
========================================================================
Received Import Request.
  Time of request: 2026-09-06T07:35:05.1707778Z
  Time since last request: 0.0004012 seconds.
  importAddress: GUID: 039cd454afa7a470ab38eafba0b9061d - Path: Assets/IUH_Campus/Materials/M_IUH_Logo_Crest.mat - Importer: ScriptedImporter/UnityEditor.QuickSearchModule:UnityEditor.Search:ASIAI0B
Importing 'GUID: 039cd454afa7a470ab38eafba0b9061d - Path: Assets/IUH_Campus/Materials/M_IUH_Logo_Crest.mat - Importer: ScriptedImporter/UnityEditor.QuickSearchModule:UnityEditor.Search:ASIAI0B' with importer (ScriptedImporter : UnityEditor.QuickSearchModule:UnityEditor.Search:ASIAI0B)
Imported 'GUID: 039cd454afa7a470ab38eafba0b9061d' -> (Import Result ID: 'ed78fda3765d84d5b505dda69dfd8d91') in 0.007 seconds [static and dynamic dependencies]. Details - ImportResultOutputID=b7f7ccddd491c0678c9dd9e4ea778500 DependenciesID=ca6555c4c2501d6fb6bc0ac14a39b32e StaticDependenciesID=82036d864e84f5ac6a1f456821cc55ee 
Number of updated asset objects reloaded before import = 0
Number of asset objects unloaded after import = 3
========================================================================
Received Import Request.
  Time of request: 2026-09-06T07:35:05.1908187Z
  Time since last request: 0.0003968 seconds.
  importAddress: GUID: a8a7cb530db6f4a0e9db7ea902ec8083 - Path: Assets/IUH_Campus/Materials/M_IUH_BlueTarp.mat - Importer: ScriptedImporter/UnityEditor.QuickSearchModule:UnityEditor.Search:ASIAI0B
Importing 'GUID: a8a7cb530db6f4a0e9db7ea902ec8083 - Path: Assets/IUH_Campus/Materials/M_IUH_BlueTarp.mat - Importer: ScriptedImporter/UnityEditor.QuickSearchModule:UnityEditor.Search:ASIAI0B' with importer (ScriptedImporter : UnityEditor.QuickSearchModule:UnityEditor.Search:ASIAI0B)
Imported 'GUID: a8a7cb530db6f4a0e9db7ea902ec8083' -> (Import Result ID: '8bcd61c1d38ae55f1ad607caab991638') in 0.006 seconds [static and dynamic dependencies]. Details - ImportResultOutputID=6a5b253623364169105ed0ec309202c9 DependenciesID=239086c87f96315c5932061c9945d549 StaticDependenciesID=307342815b481ba7347010f125457eb5 
Number of updated asset objects reloaded before import = 0
Number of asset objects unloaded after import = 2
========================================================================
Received Import Request.
  Time of request: 2026-09-06T07:35:05.2084436Z
  Time since last request: 0.0005027 seconds.
  importAddress: GUID: c4e93f7f1c2d1f042a8b12c79e51e83e - Path: Assets/IUH_Campus/Materials/M_IUH_Podium_Turquoise.mat - Importer: ScriptedImporter/UnityEditor.QuickSearchModule:UnityEditor.Search:ASIAI0B
Importing 'GUID: c4e93f7f1c2d1f042a8b12c79e51e83e - Path: Assets/IUH_Campus/Materials/M_IUH_Podium_Turquoise.mat - Importer: ScriptedImporter/UnityEditor.QuickSearchModule:UnityEditor.Search:ASIAI0B' with importer (ScriptedImporter : UnityEditor.QuickSearchModule:UnityEditor.Search:ASIAI0B)
Imported 'GUID: c4e93f7f1c2d1f042a8b12c79e51e83e' -> (Import Result ID: '50054a5ec7403ca358ea21f922ad1b9c') in 0.005 seconds [static and dynamic dependencies]. Details - ImportResultOutputID=47978a2f97e68e73318350c80ea91cb1 DependenciesID=52f7a766222945a00f491f9afbe09d21 StaticDependenciesID=555f1abc650fe7acaf53305336f04bee 
Number of updated asset objects reloaded before import = 0
Number of asset objects unloaded after import = 2
========================================================================
Received Import Request.
  Time of request: 2026-09-06T07:35:05.2249815Z
  Time since last request: 0.000391 seconds.
  importAddress: GUID: d603cd22bad8f4cfd99db3c13db5eba3 - Path: Assets/IUH_Campus/Materials/M_IUH_Gate_BoothRoof.mat - Importer: ScriptedImporter/UnityEditor.QuickSearchModule:UnityEditor.Search:ASIAI0B
Importing 'GUID: d603cd22bad8f4cfd99db3c13db5eba3 - Path: Assets/IUH_Campus/Materials/M_IUH_Gate_BoothRoof.mat - Importer: ScriptedImporter/UnityEditor.QuickSearchModule:UnityEditor.Search:ASIAI0B' with importer (ScriptedImporter : UnityEditor.QuickSearchModule:UnityEditor.Search:ASIAI0B)
Imported 'GUID: d603cd22bad8f4cfd99db3c13db5eba3' -> (Import Result ID: 'ea065b27c952a4ffbaa02525cc29b920') in 0.014 seconds [static and dynamic dependencies]. Details - ImportResultOutputID=881029334204e745a2a2f94f11715fb1 DependenciesID=f58e02cdf412adedfcd68cf869ba075c StaticDependenciesID=1479aa25a7455504b83800461886b1e6 
Number of updated asset objects reloaded before import = 0
Number of asset objects unloaded after import = 2
========================================================================
Received Import Request.
  Time of request: 2026-09-06T07:35:05.2498349Z
  Time since last request: 0.0004909 seconds.
  importAddress: GUID: 7cc54ba0006da498696fbf0d0168f8de - Path: Assets/IUH_Campus/Materials/M_IUH_DarkMetal.mat - Importer: ScriptedImporter/UnityEditor.QuickSearchModule:UnityEditor.Search:ASIAI0B
Importing 'GUID: 7cc54ba0006da498696fbf0d0168f8de - Path: Assets/IUH_Campus/Materials/M_IUH_DarkMetal.mat - Importer: ScriptedImporter/UnityEditor.QuickSearchModule:UnityEditor.Search:ASIAI0B' with importer (ScriptedImporter : UnityEditor.QuickSearchModule:UnityEditor.Search:ASIAI0B)
Imported 'GUID: 7cc54ba0006da498696fbf0d0168f8de' -> (Import Result ID: '29f6dccce112b73c16e6bfe61383c6af') in 0.006 seconds [static and dynamic dependencies]. Details - ImportResultOutputID=a8ae73308341b9003dc546153d4f55c5 DependenciesID=be36f0e3994e7e90064ef4991308d9ed StaticDependenciesID=eec52da043696172acba7dbf9a8fbb56 
Number of updated asset objects reloaded before import = 0
Number of asset objects unloaded after import = 2
========================================================================
Received Import Request.
  Time of request: 2026-09-06T07:35:05.2673676Z
  Time since last request: 0.00041 seconds.
  importAddress: GUID: 69702a4c6a3a54bff8827d37be90926e - Path: Assets/IUH_Campus/Materials/M_IUH_Background_Building.mat - Importer: ScriptedImporter/UnityEditor.QuickSearchModule:UnityEditor.Search:ASIAI0B
Importing 'GUID: 69702a4c6a3a54bff8827d37be90926e - Path: Assets/IUH_Campus/Materials/M_IUH_Background_Building.mat - Importer: ScriptedImporter/UnityEditor.QuickSearchModule:UnityEditor.Search:ASIAI0B' with importer (ScriptedImporter : UnityEditor.QuickSearchModule:UnityEditor.Search:ASIAI0B)
Imported 'GUID: 69702a4c6a3a54bff8827d37be90926e' -> (Import Result ID: 'f67e8c6c547790d08558e23f961b4c8a') in 0.005 seconds [static and dynamic dependencies]. Details - ImportResultOutputID=bc637c5ee2d0c0df8db814efd069c0b9 DependenciesID=4f8dc66e80675ff79718f20d1edff20f StaticDependenciesID=3abd627a29225730116fcfa70c8d8ee3 
Number of updated asset objects reloaded before import = 0
Number of asset objects unloaded after import = 2
========================================================================
Received Import Request.
  Time of request: 2026-09-06T07:35:05.2835616Z
  Time since last request: 0.0004037 seconds.
  importAddress: GUID: af7e7b1a829bbcc4cb1389858c79481e - Path: Assets/IUH_Campus/Materials/M_IUH_Cloth_White.mat - Importer: ScriptedImporter/UnityEditor.QuickSearchModule:UnityEditor.Search:ASIAI0B
Importing 'GUID: af7e7b1a829bbcc4cb1389858c79481e - Path: Assets/IUH_Campus/Materials/M_IUH_Cloth_White.mat - Importer: ScriptedImporter/UnityEditor.QuickSearchModule:UnityEditor.Search:ASIAI0B' with importer (ScriptedImporter : UnityEditor.QuickSearchModule:UnityEditor.Search:ASIAI0B)
Imported 'GUID: af7e7b1a829bbcc4cb1389858c79481e' -> (Import Result ID: '80206307ff4272210a94c92cf816c626') in 0.004 seconds [static and dynamic dependencies]. Details - ImportResultOutputID=5bd102f86ecba97be0df04c2ecee0c87 DependenciesID=968ec7b704d41428077fbef598f4ce11 StaticDependenciesID=99f819e7446040477171a62a4410542d 
Number of updated asset objects reloaded before import = 0
Number of asset objects unloaded after import = 2
========================================================================
Received Import Request.
  Time of request: 2026-09-06T07:35:05.2990771Z
  Time since last request: 0.0006314 seconds.
  importAddress: GUID: 5fc1a10c7f8124760b585687c6f0c51c - Path: Assets/IUH_Campus/Materials/M_IUH_Asphalt_Road.mat - Importer: ScriptedImporter/UnityEditor.QuickSearchModule:UnityEditor.Search:ASIAI0B
Importing 'GUID: 5fc1a10c7f8124760b585687c6f0c51c - Path: Assets/IUH_Campus/Materials/M_IUH_Asphalt_Road.mat - Importer: ScriptedImporter/UnityEditor.QuickSearchModule:UnityEditor.Search:ASIAI0B' with importer (ScriptedImporter : UnityEditor.QuickSearchModule:UnityEditor.Search:ASIAI0B)
Imported 'GUID: 5fc1a10c7f8124760b585687c6f0c51c' -> (Import Result ID: '705113ff5c3039779fd4d66613a79fb6') in 0.006 seconds [static and dynamic dependencies]. Details - ImportResultOutputID=fd057d8f0e7b4c4b762ccbce774df7c8 DependenciesID=317c130d174684c15bace46beb82b5f4 StaticDependenciesID=9e52d727ea914ffdb26cd19c159f9307 
Number of updated asset objects reloaded before import = 0
Number of asset objects unloaded after import = 3
========================================================================
Received Import Request.
  Time of request: 2026-09-06T07:35:05.3151656Z
  Time since last request: 0.0003454 seconds.
  importAddress: GUID: 72f1b52cb69ee5c4f88dd9c0860f2ea9 - Path: Assets/IUH_Campus/Textures/T_IUH_Sign_BuildingG.png - Importer: ScriptedImporter/UnityEditor.QuickSearchModule:UnityEditor.Search:ASIAI0B
Importing 'GUID: 72f1b52cb69ee5c4f88dd9c0860f2ea9 - Path: Assets/IUH_Campus/Textures/T_IUH_Sign_BuildingG.png - Importer: ScriptedImporter/UnityEditor.QuickSearchModule:UnityEditor.Search:ASIAI0B' with importer (ScriptedImporter : UnityEditor.QuickSearchModule:UnityEditor.Search:ASIAI0B)
Imported 'GUID: 72f1b52cb69ee5c4f88dd9c0860f2ea9' -> (Import Result ID: '384473e07f258d22da84fe530b45a840') in 0.010 seconds [static and dynamic dependencies]. Details - ImportResultOutputID=b120a661218fc08420f3ae57071fbc38 DependenciesID=9d067c6ce7e6d1fb6ad93324f2fbe442 StaticDependenciesID=fee65c6aa8327373cccc25462b33b21f 
Number of updated asset objects reloaded before import = 0
Number of asset objects unloaded after import = 1
========================================================================
Received Import Request.
  Time of request: 2026-09-06T07:35:05.3362249Z
  Time since last request: 0.0004758 seconds.
  importAddress: GUID: 00de7c90271c47f4a99c634753bf48f0 - Path: Assets/IUH_Campus/Materials/M_IUH_AC_Unit.mat - Importer: ScriptedImporter/UnityEditor.QuickSearchModule:UnityEditor.Search:ASIAI0B
Importing 'GUID: 00de7c90271c47f4a99c634753bf48f0 - Path: Assets/IUH_Campus/Materials/M_IUH_AC_Unit.mat - Importer: ScriptedImporter/UnityEditor.QuickSearchModule:UnityEditor.Search:ASIAI0B' with importer (ScriptedImporter : UnityEditor.QuickSearchModule:UnityEditor.Search:ASIAI0B)
Imported 'GUID: 00de7c90271c47f4a99c634753bf48f0' -> (Import Result ID: '842f2d4597dd41743bee8e2eabe19ecf') in 0.015 seconds [static and dynamic dependencies]. Details - ImportResultOutputID=38806af7be6511d26bfc6533efb0424f DependenciesID=4445e351d243d5db187db3a9c4aae1c8 StaticDependenciesID=da53b55754d7cd82e75e5921ca501a9c 
Number of updated asset objects reloaded before import = 0
Number of asset objects unloaded after import = 2
========================================================================
Received Import Request.
  Time of request: 2026-09-06T07:35:05.3638928Z
  Time since last request: 0.0004687 seconds.
  importAddress: GUID: c8640016f68aaab40b2588b0278c49ad - Path: Assets/IUH_Campus/Materials/M_IUH_G_Wall.mat - Importer: ScriptedImporter/UnityEditor.QuickSearchModule:UnityEditor.Search:ASIAI0B
Importing 'GUID: c8640016f68aaab40b2588b0278c49ad - Path: Assets/IUH_Campus/Materials/M_IUH_G_Wall.mat - Importer: ScriptedImporter/UnityEditor.QuickSearchModule:UnityEditor.Search:ASIAI0B' with importer (ScriptedImporter : UnityEditor.QuickSearchModule:UnityEditor.Search:ASIAI0B)
Imported 'GUID: c8640016f68aaab40b2588b0278c49ad' -> (Import Result ID: '3b68c707b07c2fb20242111e2cde984d') in 0.007 seconds [static and dynamic dependencies]. Details - ImportResultOutputID=fe24bf8e6082e6c2fc2190d06922a600 DependenciesID=ba3f805e36049b65d0774f0682b4872e StaticDependenciesID=253d13af9e8734f42baea3b25e13618a 
Number of updated asset objects reloaded before import = 0
Number of asset objects unloaded after import = 3
========================================================================
Received Import Request.
  Time of request: 2026-09-06T07:35:05.3823704Z
  Time since last request: 0.0003504 seconds.
  importAddress: GUID: 2ef8730cfda7a4968ba60d747f7373d4 - Path: Assets/IUH_Campus/Materials/M_IUH_Gate_EventFlag.mat - Importer: ScriptedImporter/UnityEditor.QuickSearchModule:UnityEditor.Search:ASIAI0B
Importing 'GUID: 2ef8730cfda7a4968ba60d747f7373d4 - Path: Assets/IUH_Campus/Materials/M_IUH_Gate_EventFlag.mat - Importer: ScriptedImporter/UnityEditor.QuickSearchModule:UnityEditor.Search:ASIAI0B' with importer (ScriptedImporter : UnityEditor.QuickSearchModule:UnityEditor.Search:ASIAI0B)
Imported 'GUID: 2ef8730cfda7a4968ba60d747f7373d4' -> (Import Result ID: '72cf201e4f6cd3176fa2a69e2ad4a420') in 0.014 seconds [static and dynamic dependencies]. Details - ImportResultOutputID=68f0af1285548df07a0253c424157d12 DependenciesID=3c963133e3426d9482773146cbf448b5 StaticDependenciesID=8d33762f9ee411c01a9694e3d4d491bf 
Number of updated asset objects reloaded before import = 0
Number of asset objects unloaded after import = 2
========================================================================
Received Import Request.
  Time of request: 2026-09-06T07:35:05.4067605Z
  Time since last request: 0.0004238 seconds.
  importAddress: GUID: 11c1a5a24e41945cdaf531394b5ccacd - Path: Assets/IUH_Campus/Materials/M_IUH_Monument_Stone.mat - Importer: ScriptedImporter/UnityEditor.QuickSearchModule:UnityEditor.Search:ASIAI0B
Importing 'GUID: 11c1a5a24e41945cdaf531394b5ccacd - Path: Assets/IUH_Campus/Materials/M_IUH_Monument_Stone.mat - Importer: ScriptedImporter/UnityEditor.QuickSearchModule:UnityEditor.Search:ASIAI0B' with importer (ScriptedImporter : UnityEditor.QuickSearchModule:UnityEditor.Search:ASIAI0B)
Imported 'GUID: 11c1a5a24e41945cdaf531394b5ccacd' -> (Import Result ID: '5348799ec2eacde0dd37396ac6c3d861') in 0.005 seconds [static and dynamic dependencies]. Details - ImportResultOutputID=f083598d9ae32e65084bcce90e13d962 DependenciesID=0a5349e0de7d89881e803fc78d31188e StaticDependenciesID=279fb5c0f12d8fec2008f2d9eb2e9bdd 
Number of updated asset objects reloaded before import = 0
Number of asset objects unloaded after import = 2
========================================================================
Received Import Request.
  Time of request: 2026-09-06T07:35:05.4227951Z
  Time since last request: 0.0004045 seconds.
  importAddress: GUID: 4ad25cf3e8bee4696b52f99a0073d247 - Path: Assets/IUH_Campus/Materials/M_IUH_Academic_Glass.mat - Importer: ScriptedImporter/UnityEditor.QuickSearchModule:UnityEditor.Search:ASIAI0B
Importing 'GUID: 4ad25cf3e8bee4696b52f99a0073d247 - Path: Assets/IUH_Campus/Materials/M_IUH_Academic_Glass.mat - Importer: ScriptedImporter/UnityEditor.QuickSearchModule:UnityEditor.Search:ASIAI0B' with importer (ScriptedImporter : UnityEditor.QuickSearchModule:UnityEditor.Search:ASIAI0B)
Imported 'GUID: 4ad25cf3e8bee4696b52f99a0073d247' -> (Import Result ID: 'b07499076a2fe51c9f98e5b8e07809c0') in 0.015 seconds [static and dynamic dependencies]. Details - ImportResultOutputID=807d8607cd8e885c0568c17ef27c5ebf DependenciesID=8f9209f4ffbde4417eadb906fa9e5d73 StaticDependenciesID=7d4759935ea6d0b5bfb884f659e982ec 
Number of updated asset objects reloaded before import = 0
Number of asset objects unloaded after import = 2
========================================================================
Received Import Request.
  Time of request: 2026-09-06T07:35:05.4512289Z
  Time since last request: 0.0005727 seconds.
  importAddress: GUID: dee9fce074b9bb241adc7f525f622fda - Path: Assets/IUH_Campus/Materials/M_IUH_Cloth_Yellow.mat - Importer: ScriptedImporter/UnityEditor.QuickSearchModule:UnityEditor.Search:ASIAI0B
Importing 'GUID: dee9fce074b9bb241adc7f525f622fda - Path: Assets/IUH_Campus/Materials/M_IUH_Cloth_Yellow.mat - Importer: ScriptedImporter/UnityEditor.QuickSearchModule:UnityEditor.Search:ASIAI0B' with importer (ScriptedImporter : UnityEditor.QuickSearchModule:UnityEditor.Search:ASIAI0B)
Imported 'GUID: dee9fce074b9bb241adc7f525f622fda' -> (Import Result ID: '01cf38321c91cb3d00e887d1e904f2c3') in 0.005 seconds [static and dynamic dependencies]. Details - ImportResultOutputID=fe2170967678348a44a127f2bb5ed4e4 DependenciesID=b96a43d3b010af99e83b80bfa43b8b94 StaticDependenciesID=30c668102d1812d8d9fd63ff961c88b9 
Number of updated asset objects reloaded before import = 0
Number of asset objects unloaded after import = 2
========================================================================
Received Import Request.
  Time of request: 2026-09-06T07:35:05.4689565Z
  Time since last request: 0.0003961 seconds.
  importAddress: GUID: f13b880025a0c420982f1df9204dbc25 - Path: Assets/IUH_Campus/Materials/M_IUH_Main_LightBlueFin.mat - Importer: ScriptedImporter/UnityEditor.QuickSearchModule:UnityEditor.Search:ASIAI0B
Importing 'GUID: f13b880025a0c420982f1df9204dbc25 - Path: Assets/IUH_Campus/Materials/M_IUH_Main_LightBlueFin.mat - Importer: ScriptedImporter/UnityEditor.QuickSearchModule:UnityEditor.Search:ASIAI0B' with importer (ScriptedImporter : UnityEditor.QuickSearchModule:UnityEditor.Search:ASIAI0B)
Imported 'GUID: f13b880025a0c420982f1df9204dbc25' -> (Import Result ID: 'd2edf5611aa07b7e8a5b8e00a14ebba9') in 0.013 seconds [static and dynamic dependencies]. Details - ImportResultOutputID=3789113b20296585f2f8609f0d771c7b DependenciesID=4bc4550fa3cbf4c9de82f4a0ef87ef9a StaticDependenciesID=fa63b3dd1e5cc3b4bb9541877775e617 
Number of updated asset objects reloaded before import = 0
Number of asset objects unloaded after import = 2
========================================================================
Received Import Request.
  Time of request: 2026-09-06T07:35:05.4933953Z
  Time since last request: 0.0004346 seconds.
  importAddress: GUID: 12cc9d0cc12dcfc4aa4f2b08c8c7ef63 - Path: Assets/IUH_Campus/Materials/M_IUH_G_WindowGlass.mat - Importer: ScriptedImporter/UnityEditor.QuickSearchModule:UnityEditor.Search:ASIAI0B
Importing 'GUID: 12cc9d0cc12dcfc4aa4f2b08c8c7ef63 - Path: Assets/IUH_Campus/Materials/M_IUH_G_WindowGlass.mat - Importer: ScriptedImporter/UnityEditor.QuickSearchModule:UnityEditor.Search:ASIAI0B' with importer (ScriptedImporter : UnityEditor.QuickSearchModule:UnityEditor.Search:ASIAI0B)
Imported 'GUID: 12cc9d0cc12dcfc4aa4f2b08c8c7ef63' -> (Import Result ID: 'd594b36252d6ace44b3f2d5d4e2c5da1') in 0.005 seconds [static and dynamic dependencies]. Details - ImportResultOutputID=762814b58abe2c637b88e45da3812fc6 DependenciesID=277a23c99e1641891173494ffd70d3f6 StaticDependenciesID=dc3be65999195f24f87d69b311e9d95d 
Number of updated asset objects reloaded before import = 0
Number of asset objects unloaded after import = 2
========================================================================
Received Import Request.
  Time of request: 2026-09-06T07:35:05.5102997Z
  Time since last request: 0.0005008 seconds.
  importAddress: GUID: 2722dc147ae3744be9d99956df5c1aed - Path: Assets/IUH_Campus/Materials/M_IUH_Flag_IUH.mat - Importer: ScriptedImporter/UnityEditor.QuickSearchModule:UnityEditor.Search:ASIAI0B
Importing 'GUID: 2722dc147ae3744be9d99956df5c1aed - Path: Assets/IUH_Campus/Materials/M_IUH_Flag_IUH.mat - Importer: ScriptedImporter/UnityEditor.QuickSearchModule:UnityEditor.Search:ASIAI0B' with importer (ScriptedImporter : UnityEditor.QuickSearchModule:UnityEditor.Search:ASIAI0B)
Imported 'GUID: 2722dc147ae3744be9d99956df5c1aed' -> (Import Result ID: 'ceb9b6f6ab4e2ade2813da299e7c991e') in 0.009 seconds [static and dynamic dependencies]. Details - ImportResultOutputID=13e41ca973d85f566aa76f5f0ad2d718 DependenciesID=ca39fa68dd90e4d0e7006d9d5d1e713b StaticDependenciesID=62d80c16a58839f0f32b0fcf7b2867fb 
Number of updated asset objects reloaded before import = 0
Number of asset objects unloaded after import = 3
========================================================================
Received Import Request.
  Time of request: 2026-09-06T07:35:05.5334482Z
  Time since last request: 0.0004195 seconds.
  importAddress: GUID: d49bc74a8aea744c98020b67b0deef09 - Path: Assets/IUH_Campus/Materials/M_IUH_Main_Grass.mat - Importer: ScriptedImporter/UnityEditor.QuickSearchModule:UnityEditor.Search:ASIAI0B
Importing 'GUID: d49bc74a8aea744c98020b67b0deef09 - Path: Assets/IUH_Campus/Materials/M_IUH_Main_Grass.mat - Importer: ScriptedImporter/UnityEditor.QuickSearchModule:UnityEditor.Search:ASIAI0B' with importer (ScriptedImporter : UnityEditor.QuickSearchModule:UnityEditor.Search:ASIAI0B)
Imported 'GUID: d49bc74a8aea744c98020b67b0deef09' -> (Import Result ID: 'f78d3fabdd8c249eadb71daca8493dbe') in 0.015 seconds [static and dynamic dependencies]. Details - ImportResultOutputID=32e1d3192ad87b93cb4e5d2263b62d6c DependenciesID=00a9cb8856debc9de6930bcf0a2bf4c9 StaticDependenciesID=29f27df6cd74a9e730b17bba2b5ad1eb 
Number of updated asset objects reloaded before import = 0
Number of asset objects unloaded after import = 2
========================================================================
Received Import Request.
  Time of request: 2026-09-06T07:35:05.5634438Z
  Time since last request: 0.0004766 seconds.
  importAddress: GUID: 29db9575f02d7604b82b3be4c7fc0e00 - Path: Assets/IUH_Campus/Materials/M_IUH_G_Railings.mat - Importer: ScriptedImporter/UnityEditor.QuickSearchModule:UnityEditor.Search:ASIAI0B
Importing 'GUID: 29db9575f02d7604b82b3be4c7fc0e00 - Path: Assets/IUH_Campus/Materials/M_IUH_G_Railings.mat - Importer: ScriptedImporter/UnityEditor.QuickSearchModule:UnityEditor.Search:ASIAI0B' with importer (ScriptedImporter : UnityEditor.QuickSearchModule:UnityEditor.Search:ASIAI0B)
Imported 'GUID: 29db9575f02d7604b82b3be4c7fc0e00' -> (Import Result ID: '587c7e62fe27350c2fd2245b570a6063') in 0.005 seconds [static and dynamic dependencies]. Details - ImportResultOutputID=05794f70fea49c3ee4851ba1a1bb5388 DependenciesID=d39493cf51dff1067ae2461e8605a200 StaticDependenciesID=e37179d7f55884f80892137c32aec088 
Number of updated asset objects reloaded before import = 0
Number of asset objects unloaded after import = 2
========================================================================
Received Import Request.
  Time of request: 2026-09-06T07:35:05.5801469Z
  Time since last request: 0.0005753 seconds.
  importAddress: GUID: dcca38cb2531a40da8f9e2ddb753cebb - Path: Assets/IUH_Campus/Materials/M_IUH_Glass_CurtainWall.mat - Importer: ScriptedImporter/UnityEditor.QuickSearchModule:UnityEditor.Search:ASIAI0B
Importing 'GUID: dcca38cb2531a40da8f9e2ddb753cebb - Path: Assets/IUH_Campus/Materials/M_IUH_Glass_CurtainWall.mat - Importer: ScriptedImporter/UnityEditor.QuickSearchModule:UnityEditor.Search:ASIAI0B' with importer (ScriptedImporter : UnityEditor.QuickSearchModule:UnityEditor.Search:ASIAI0B)
Imported 'GUID: dcca38cb2531a40da8f9e2ddb753cebb' -> (Import Result ID: '523fb03579f283e9c50cd1c6285a9a47') in 0.005 seconds [static and dynamic dependencies]. Details - ImportResultOutputID=6a3ef3042ab3c1894afbfa26d1dd0274 DependenciesID=23b21263a6c2f192f2ff0f0d5aac4ba1 StaticDependenciesID=5139206b7e3bcf753b10c18314498fb1 
Number of updated asset objects reloaded before import = 0
Number of asset objects unloaded after import = 2
========================================================================
Received Import Request.
  Time of request: 2026-09-06T07:35:05.5952476Z
  Time since last request: 0.00044 seconds.
  importAddress: GUID: a1c2663f95bfd874a815646596d8b8b6 - Path: Assets/IUH_Campus/Materials/M_IUH_I_Glass.mat - Importer: ScriptedImporter/UnityEditor.QuickSearchModule:UnityEditor.Search:ASIAI0B
Importing 'GUID: a1c2663f95bfd874a815646596d8b8b6 - Path: Assets/IUH_Campus/Materials/M_IUH_I_Glass.mat - Importer: ScriptedImporter/UnityEditor.QuickSearchModule:UnityEditor.Search:ASIAI0B' with importer (ScriptedImporter : UnityEditor.QuickSearchModule:UnityEditor.Search:ASIAI0B)
Imported 'GUID: a1c2663f95bfd874a815646596d8b8b6' -> (Import Result ID: '30538d5875438f4702b8835b88a11b98') in 0.007 seconds [static and dynamic dependencies]. Details - ImportResultOutputID=e298be62c0b18784c5513044fac3209b DependenciesID=e243f103e446b6f707d392054f5b7c8e StaticDependenciesID=2c3eae6822f711570f37a3f815245ba8 
Number of updated asset objects reloaded before import = 0
Number of asset objects unloaded after import = 2
========================================================================
Received Import Request.
  Time of request: 2026-09-06T07:35:05.6159322Z
  Time since last request: 0.0004019 seconds.
  importAddress: GUID: 3640f5b1721df43ad873bb940b750803 - Path: Assets/IUH_Campus/Materials/M_IUH_Sign_CurtainWall.mat - Importer: ScriptedImporter/UnityEditor.QuickSearchModule:UnityEditor.Search:ASIAI0B
Importing 'GUID: 3640f5b1721df43ad873bb940b750803 - Path: Assets/IUH_Campus/Materials/M_IUH_Sign_CurtainWall.mat - Importer: ScriptedImporter/UnityEditor.QuickSearchModule:UnityEditor.Search:ASIAI0B' with importer (ScriptedImporter : UnityEditor.QuickSearchModule:UnityEditor.Search:ASIAI0B)
Imported 'GUID: 3640f5b1721df43ad873bb940b750803' -> (Import Result ID: 'b3da42c969e94a0f6a22d1b1baad60f2') in 0.009 seconds [static and dynamic dependencies]. Details - ImportResultOutputID=9465194940fdadd74a0048bb79eb7197 DependenciesID=1ed1523b6e25b341944f33e0c95f206b StaticDependenciesID=9dcd29f5bd5e7e28634e926431d03b26 
Number of updated asset objects reloaded before import = 0
Number of asset objects unloaded after import = 3
========================================================================
Received Import Request.
  Time of request: 2026-09-06T07:35:05.635709Z
  Time since last request: 0.0004162 seconds.
  importAddress: GUID: 635f0c26db9a2ff46bcae8fd5f4180d2 - Path: Assets/IUH_Campus/Materials/M_IUH_G_Roof.mat - Importer: ScriptedImporter/UnityEditor.QuickSearchModule:UnityEditor.Search:ASIAI0B
Importing 'GUID: 635f0c26db9a2ff46bcae8fd5f4180d2 - Path: Assets/IUH_Campus/Materials/M_IUH_G_Roof.mat - Importer: ScriptedImporter/UnityEditor.QuickSearchModule:UnityEditor.Search:ASIAI0B' with importer (ScriptedImporter : UnityEditor.QuickSearchModule:UnityEditor.Search:ASIAI0B)
Imported 'GUID: 635f0c26db9a2ff46bcae8fd5f4180d2' -> (Import Result ID: '0657c31a62ba4a5683e0d84b8bec3d05') in 0.005 seconds [static and dynamic dependencies]. Details - ImportResultOutputID=fb717ddd4c7f7e1413bf8ee4c9f3b6ee DependenciesID=44f3e981f9fa8da42c1459ebb51acbbd StaticDependenciesID=af27afe91d4832f349468732316f720c 
Number of updated asset objects reloaded before import = 0
Number of asset objects unloaded after import = 2
========================================================================
Received Import Request.
  Time of request: 2026-09-06T07:35:05.6518474Z
  Time since last request: 0.0004232 seconds.
  importAddress: GUID: 45fb845db13fd9e41be113009b69ca48 - Path: Assets/IUH_Campus/Materials/M_IUH_Podium_Glazing.mat - Importer: ScriptedImporter/UnityEditor.QuickSearchModule:UnityEditor.Search:ASIAI0B
Importing 'GUID: 45fb845db13fd9e41be113009b69ca48 - Path: Assets/IUH_Campus/Materials/M_IUH_Podium_Glazing.mat - Importer: ScriptedImporter/UnityEditor.QuickSearchModule:UnityEditor.Search:ASIAI0B' with importer (ScriptedImporter : UnityEditor.QuickSearchModule:UnityEditor.Search:ASIAI0B)
Imported 'GUID: 45fb845db13fd9e41be113009b69ca48' -> (Import Result ID: '4927ca38ba16b9b50ef3d6ecaeb52d8b') in 0.004 seconds [static and dynamic dependencies]. Details - ImportResultOutputID=3823263fb62ff17ed05b1b2d745bc9b9 DependenciesID=3621673e87a0160ed6cc9a8850bac108 StaticDependenciesID=206b79002aa51a9443e22c4d998eb903 
Number of updated asset objects reloaded before import = 0
Number of asset objects unloaded after import = 2
========================================================================
Received Import Request.
  Time of request: 2026-09-06T07:35:05.6673034Z
  Time since last request: 0.0003941 seconds.
  importAddress: GUID: eb3e31b27ab5cb440bc1c6fd68b9109e - Path: Assets/IUH_Campus/Materials/M_IUH_C_Roof.mat - Importer: ScriptedImporter/UnityEditor.QuickSearchModule:UnityEditor.Search:ASIAI0B
Importing 'GUID: eb3e31b27ab5cb440bc1c6fd68b9109e - Path: Assets/IUH_Campus/Materials/M_IUH_C_Roof.mat - Importer: ScriptedImporter/UnityEditor.QuickSearchModule:UnityEditor.Search:ASIAI0B' with importer (ScriptedImporter : UnityEditor.QuickSearchModule:UnityEditor.Search:ASIAI0B)
Imported 'GUID: eb3e31b27ab5cb440bc1c6fd68b9109e' -> (Import Result ID: 'a2cfe4e41322a5c2477ec0e482cec9ef') in 0.004 seconds [static and dynamic dependencies]. Details - ImportResultOutputID=73960f3547971da2917a4115b0ed7568 DependenciesID=2edc82ffe51078c7868ccda525838a8b StaticDependenciesID=a892d519eda9ec1fa88cd7ce1ef45b0f 
Number of updated asset objects reloaded before import = 0
Number of asset objects unloaded after import = 2
========================================================================
Received Import Request.
  Time of request: 2026-09-06T07:35:05.682042Z
  Time since last request: 0.0004185 seconds.
  importAddress: GUID: 71de2a2045d184329a0af34f8070bc53 - Path: Assets/IUH_Campus/Materials/M_IUH_BlueFacade.mat - Importer: ScriptedImporter/UnityEditor.QuickSearchModule:UnityEditor.Search:ASIAI0B
Importing 'GUID: 71de2a2045d184329a0af34f8070bc53 - Path: Assets/IUH_Campus/Materials/M_IUH_BlueFacade.mat - Importer: ScriptedImporter/UnityEditor.QuickSearchModule:UnityEditor.Search:ASIAI0B' with importer (ScriptedImporter : UnityEditor.QuickSearchModule:UnityEditor.Search:ASIAI0B)
Imported 'GUID: 71de2a2045d184329a0af34f8070bc53' -> (Import Result ID: 'e252be2c1b4358e651f888e11711dc13') in 0.006 seconds [static and dynamic dependencies]. Details - ImportResultOutputID=19cd922e7ea4ada3129b7f098852eff1 DependenciesID=bbc375c0678aadb27a79b2ba0bbf6572 StaticDependenciesID=24481678b80fa17c95f4d3269aa44c73 
Number of updated asset objects reloaded before import = 0
Number of asset objects unloaded after import = 2
========================================================================
Received Import Request.
  Time of request: 2026-09-06T07:35:05.7146993Z
  Time since last request: 0.0166996 seconds.
  importAddress: GUID: 2f6cacad9f45e40c2b5068010c290708 - Path: Assets/IUH_Campus/Prefabs/Environment/IUH_MainEntrance.prefab - Importer: ScriptedImporter/UnityEditor.QuickSearchModule:UnityEditor.Search:ASIAI0B
Importing 'GUID: 2f6cacad9f45e40c2b5068010c290708 - Path: Assets/IUH_Campus/Prefabs/Environment/IUH_MainEntrance.prefab - Importer: ScriptedImporter/UnityEditor.QuickSearchModule:UnityEditor.Search:ASIAI0B' with importer (ScriptedImporter : UnityEditor.QuickSearchModule:UnityEditor.Search:ASIAI0B)
Imported 'GUID: 2f6cacad9f45e40c2b5068010c290708' -> (Import Result ID: '60d64d0ce7fa488bbd5978ff03991a64') in 0.037 seconds [static and dynamic dependencies]. Details - ImportResultOutputID=437cb71d8e2a34859d1bc362b77bbdc3 DependenciesID=de80c2a6c9588d9c7904628fa77974f0 StaticDependenciesID=43cad03b0942a234fe4e04835769d4e8 
Number of updated asset objects reloaded before import = 0
Number of asset objects unloaded after import = 547
========================================================================
Received Import Request.
  Time of request: 2026-09-06T07:35:05.7651682Z
  Time since last request: 0.0000224 seconds.
  importAddress: GUID: 18038b372296b4716bdf7008b6ea08a8 - Path: Assets/IUH_Campus/Prefabs/Architecture/IUH_MainBuilding.prefab - Importer: ScriptedImporter/UnityEditor.QuickSearchModule:UnityEditor.Search:ASIAI0B
Importing 'GUID: 18038b372296b4716bdf7008b6ea08a8 - Path: Assets/IUH_Campus/Prefabs/Architecture/IUH_MainBuilding.prefab - Importer: ScriptedImporter/UnityEditor.QuickSearchModule:UnityEditor.Search:ASIAI0B' with importer (ScriptedImporter : UnityEditor.QuickSearchModule:UnityEditor.Search:ASIAI0B)
Imported 'GUID: 18038b372296b4716bdf7008b6ea08a8' -> (Import Result ID: 'b08e2a19baec9c3a20c01df2f4876a80') in 0.036 seconds [static and dynamic dependencies]. Details - ImportResultOutputID=3aa70d2e777a2759fe00f7e457a08ee9 DependenciesID=11462ddc1517dc0541faa2427fb7daca StaticDependenciesID=b7fc8ba1b31435829c030bab6b3289f1 
Number of updated asset objects reloaded before import = 0
Number of asset objects unloaded after import = 1156
========================================================================
Received Import Request.
  Time of request: 2026-09-06T07:35:05.8142303Z
  Time since last request: 0.0000305 seconds.
  importAddress: GUID: 4fd96c8017d904311acc01d041f55ff4 - Path: Assets/IUH_Campus/Materials/M_IUH_Flower_Orange.mat - Importer: ScriptedImporter/UnityEditor.QuickSearchModule:UnityEditor.Search:ASIAI0B
Importing 'GUID: 4fd96c8017d904311acc01d041f55ff4 - Path: Assets/IUH_Campus/Materials/M_IUH_Flower_Orange.mat - Importer: ScriptedImporter/UnityEditor.QuickSearchModule:UnityEditor.Search:ASIAI0B' with importer (ScriptedImporter : UnityEditor.QuickSearchModule:UnityEditor.Search:ASIAI0B)
Imported 'GUID: 4fd96c8017d904311acc01d041f55ff4' -> (Import Result ID: '6aecf33d9674328667e1a7947c579ee3') in 0.006 seconds [static and dynamic dependencies]. Details - ImportResultOutputID=3c2ce5a266419d95143cb503ff79e83b DependenciesID=da8556b20f637b00ab4ca46c1bea0838 StaticDependenciesID=64560594e164a795c75ad061e2352e7f 
Number of updated asset objects reloaded before import = 0
Number of asset objects unloaded after import = 3
========================================================================
Received Import Request.
  Time of request: 2026-09-06T07:35:05.831864Z
  Time since last request: 0.0004077 seconds.
  importAddress: GUID: e32104c1f61183143a610582db031945 - Path: Assets/IUH_Campus/Editor/IUHInteriorAssetGenerator.cs - Importer: ScriptedImporter/UnityEditor.QuickSearchModule:UnityEditor.Search:ASIAI0B
Importing 'GUID: e32104c1f61183143a610582db031945 - Path: Assets/IUH_Campus/Editor/IUHInteriorAssetGenerator.cs - Importer: ScriptedImporter/UnityEditor.QuickSearchModule:UnityEditor.Search:ASIAI0B' with importer (ScriptedImporter : UnityEditor.QuickSearchModule:UnityEditor.Search:ASIAI0B)
Imported 'GUID: e32104c1f61183143a610582db031945' -> (Import Result ID: 'a4aace5a11b40bf1dcc95227195799db') in 0.004 seconds [static and dynamic dependencies]. Details - ImportResultOutputID=ea81d0107190dd5c3fdaeecaff2c7dad DependenciesID=098254a351f9d8ddda7a4e8368c37b81 StaticDependenciesID=a81726190ed0641cd20202f87d5f58ef 
Number of updated asset objects reloaded before import = 0
Number of asset objects unloaded after import = 0
========================================================================
Received Import Request.
  Time of request: 2026-09-06T07:35:05.8471375Z
  Time since last request: 0.000494 seconds.
  importAddress: GUID: b6854a20a121fa64ea474abed7173440 - Path: Assets/IUH_Campus/Editor/IUHBuildAutoExec.cs - Importer: ScriptedImporter/UnityEditor.QuickSearchModule:UnityEditor.Search:ASIAI0B
Importing 'GUID: b6854a20a121fa64ea474abed7173440 - Path: Assets/IUH_Campus/Editor/IUHBuildAutoExec.cs - Importer: ScriptedImporter/UnityEditor.QuickSearchModule:UnityEditor.Search:ASIAI0B' with importer (ScriptedImporter : UnityEditor.QuickSearchModule:UnityEditor.Search:ASIAI0B)
Imported 'GUID: b6854a20a121fa64ea474abed7173440' -> (Import Result ID: 'f1211254b682a609e76b5c37e44ce149') in 0.004 seconds [static and dynamic dependencies]. Details - ImportResultOutputID=b85931b3aeb947b0117c9ff5fb149d20 DependenciesID=e54d8d7d566dc823aa9a1f62967fe318 StaticDependenciesID=1c185583d3e978359d52896052c090a3 
Number of updated asset objects reloaded before import = 0
Number of asset objects unloaded after import = 0
========================================================================
Received Import Request.
  Time of request: 2026-09-06T07:35:05.861953Z
  Time since last request: 0.0006166 seconds.
  importAddress: GUID: fb750251d1be94d43885bfbed6ce09c1 - Path: Assets/IUH_Campus/Editor/IUHCampusMasterBuilder.cs - Importer: ScriptedImporter/UnityEditor.QuickSearchModule:UnityEditor.Search:ASIAI0B
Importing 'GUID: fb750251d1be94d43885bfbed6ce09c1 - Path: Assets/IUH_Campus/Editor/IUHCampusMasterBuilder.cs - Importer: ScriptedImporter/UnityEditor.QuickSearchModule:UnityEditor.Search:ASIAI0B' with importer (ScriptedImporter : UnityEditor.QuickSearchModule:UnityEditor.Search:ASIAI0B)
Imported 'GUID: fb750251d1be94d43885bfbed6ce09c1' -> (Import Result ID: 'd674985c5fa86cf774a708a2a88e2a8a') in 0.005 seconds [static and dynamic dependencies]. Details - ImportResultOutputID=6c0c1bb6d217c10ed783565bfd3c68e7 DependenciesID=4b77ca41d2542ab9a65e9ace8f020d9a StaticDependenciesID=0257a9eecc77f3826a110dd6b7144b4d 
Number of updated asset objects reloaded before import = 0
Number of asset objects unloaded after import = 0
========================================================================
Received Import Request.
  Time of request: 2026-09-06T07:35:05.8784813Z
  Time since last request: 0.0005669 seconds.
  importAddress: GUID: 6299df673f17e8146837babcbafadf73 - Path: Assets/IUH_Campus/Textures/T_Interior_AcademicPoster1.png - Importer: ScriptedImporter/UnityEditor.QuickSearchModule:UnityEditor.Search:ASIAI0B
Importing 'GUID: 6299df673f17e8146837babcbafadf73 - Path: Assets/IUH_Campus/Textures/T_Interior_AcademicPoster1.png - Importer: ScriptedImporter/UnityEditor.QuickSearchModule:UnityEditor.Search:ASIAI0B' with importer (ScriptedImporter : UnityEditor.QuickSearchModule:UnityEditor.Search:ASIAI0B)
Imported 'GUID: 6299df673f17e8146837babcbafadf73' -> (Import Result ID: 'f4f71ddde8680be280af2ff5a586a6e7') in 0.019 seconds [static and dynamic dependencies]. Details - ImportResultOutputID=d0d8d971635b7187af12fcc52ca1496f DependenciesID=2cdd62ac1b92e7b95f1a25fe5fb0515c StaticDependenciesID=a5b2730b548cd52f8aeb8448dea466cc 
Number of updated asset objects reloaded before import = 0
Number of asset objects unloaded after import = 1
========================================================================
Received Import Request.
  Time of request: 2026-09-06T07:35:05.9078036Z
  Time since last request: 0.0004753 seconds.
  importAddress: GUID: 7dc0c63d276f746f79806e75dc616d99 - Path: Assets/IUH_Campus/Prefabs/Architecture/IUH_RedRoofBuilding.prefab - Importer: ScriptedImporter/UnityEditor.QuickSearchModule:UnityEditor.Search:ASIAI0B
Importing 'GUID: 7dc0c63d276f746f79806e75dc616d99 - Path: Assets/IUH_Campus/Prefabs/Architecture/IUH_RedRoofBuilding.prefab - Importer: ScriptedImporter/UnityEditor.QuickSearchModule:UnityEditor.Search:ASIAI0B' with importer (ScriptedImporter : UnityEditor.QuickSearchModule:UnityEditor.Search:ASIAI0B)
Imported 'GUID: 7dc0c63d276f746f79806e75dc616d99' -> (Import Result ID: '5a21a265632dab4034dea29c3b4ab3a7') in 0.017 seconds [static and dynamic dependencies]. Details - ImportResultOutputID=f42ce7c63a9cc2b96a65baa4751d179d DependenciesID=85e840598b97e0f31d9bc3df2de54704 StaticDependenciesID=9ca72a2cc71d2b281fb3f9c310151b26 
Number of updated asset objects reloaded before import = 0
Number of asset objects unloaded after import = 44
========================================================================
Received Import Request.
  Time of request: 2026-09-06T07:35:05.9339519Z
  Time since last request: 0.0006604 seconds.
  importAddress: GUID: fa69697be3070b04a893666f5947f18c - Path: Packages/com.unity.render-pipelines.core/Runtime/Debugging/Runtime UI Resources/RuntimeDebugWindow_PanelSettings.asset - Importer: ScriptedImporter/UnityEditor.QuickSearchModule:UnityEditor.Search:ASIAI0B
Importing 'GUID: fa69697be3070b04a893666f5947f18c - Path: Packages/com.unity.render-pipelines.core/Runtime/Debugging/Runtime UI Resources/RuntimeDebugWindow_PanelSettings.asset - Importer: ScriptedImporter/UnityEditor.QuickSearchModule:UnityEditor.Search:ASIAI0B' with importer (ScriptedImporter : UnityEditor.QuickSearchModule:UnityEditor.Search:ASIAI0B)
Imported 'GUID: fa69697be3070b04a893666f5947f18c' -> (Import Result ID: '9876616bdd8f1236c89d27ee037c469a') in 0.053 seconds [static and dynamic dependencies]. Details - ImportResultOutputID=6730d85a5bd1ef62ee0759a7e02c879f DependenciesID=42cc7f312ccd063d15831c55c405453c StaticDependenciesID=b6ab6ebc8b370c290f6fb037b77fdb2b 
Number of updated asset objects reloaded before import = 0
Number of asset objects unloaded after import = 27
========================================================================
Received Import Request.
  Time of request: 2026-09-06T07:35:05.9977427Z
  Time since last request: 0.0003002 seconds.
  importAddress: GUID: 69fe807b8c05cd24e8b968508847ff0d - Path: Assets/IUH_Campus/Editor/IUHRestructureAutomation.cs - Importer: ScriptedImporter/UnityEditor.QuickSearchModule:UnityEditor.Search:ASIAI0B
Importing 'GUID: 69fe807b8c05cd24e8b968508847ff0d - Path: Assets/IUH_Campus/Editor/IUHRestructureAutomation.cs - Importer: ScriptedImporter/UnityEditor.QuickSearchModule:UnityEditor.Search:ASIAI0B' with importer (ScriptedImporter : UnityEditor.QuickSearchModule:UnityEditor.Search:ASIAI0B)
Imported 'GUID: 69fe807b8c05cd24e8b968508847ff0d' -> (Import Result ID: '8c180f12cb55328ce76d885c910ba487') in 0.003 seconds [static and dynamic dependencies]. Details - ImportResultOutputID=7361a772d0dae255ac2d380c1500b9ca DependenciesID=73f8560eb49e5615f22e22b7d020b882 StaticDependenciesID=73bc5628b732f24e9465b8ce98acb950 
Number of updated asset objects reloaded before import = 0
Number of asset objects unloaded after import = 0
========================================================================
Received Import Request.
  Time of request: 2026-09-06T07:35:06.0117579Z
  Time since last request: 0.0004873 seconds.
  importAddress: GUID: e2e0eb58d15c5499396a7f233ac61385 - Path: Assets/IUH_Campus/Prefabs/Architecture/IUH_WindowModule.prefab - Importer: ScriptedImporter/UnityEditor.QuickSearchModule:UnityEditor.Search:ASIAI0B
Importing 'GUID: e2e0eb58d15c5499396a7f233ac61385 - Path: Assets/IUH_Campus/Prefabs/Architecture/IUH_WindowModule.prefab - Importer: ScriptedImporter/UnityEditor.QuickSearchModule:UnityEditor.Search:ASIAI0B' with importer (ScriptedImporter : UnityEditor.QuickSearchModule:UnityEditor.Search:ASIAI0B)
Imported 'GUID: e2e0eb58d15c5499396a7f233ac61385' -> (Import Result ID: '57f0c0b07823f75f97a96e4752a4920d') in 0.022 seconds [static and dynamic dependencies]. Details - ImportResultOutputID=d41ae79150a5b7a94acd78dbcadb0d0e DependenciesID=47eb26dc866b0877c248cccc4ac0f3d3 StaticDependenciesID=353924050d5dcf74633f550481f617be 
Number of updated asset objects reloaded before import = 0
Number of asset objects unloaded after import = 19
========================================================================
Received Import Request.
  Time of request: 2026-09-06T07:35:06.0451196Z
  Time since last request: 0.0004877 seconds.
  importAddress: GUID: e44bb8e001489487b96fa490e35fb745 - Path: Assets/IUH_Campus/Prefabs/Architecture/IUH_EntranceCanopy.prefab - Importer: ScriptedImporter/UnityEditor.QuickSearchModule:UnityEditor.Search:ASIAI0B
Importing 'GUID: e44bb8e001489487b96fa490e35fb745 - Path: Assets/IUH_Campus/Prefabs/Architecture/IUH_EntranceCanopy.prefab - Importer: ScriptedImporter/UnityEditor.QuickSearchModule:UnityEditor.Search:ASIAI0B' with importer (ScriptedImporter : UnityEditor.QuickSearchModule:UnityEditor.Search:ASIAI0B)
Imported 'GUID: e44bb8e001489487b96fa490e35fb745' -> (Import Result ID: 'd2f89a34d5b191548c7f7b44e71b82eb') in 0.021 seconds [static and dynamic dependencies]. Details - ImportResultOutputID=f02dffee8f1c9f861f2b60e6cda6ca93 DependenciesID=46666735cb704487e3c751d88374f4cd StaticDependenciesID=3002c6dde3e3de1bfd17da63282ced98 
Number of updated asset objects reloaded before import = 0
Number of asset objects unloaded after import = 49
========================================================================
Received Import Request.
  Time of request: 2026-09-06T07:35:06.0770499Z
  Time since last request: 0.0005123 seconds.
  importAddress: GUID: a0038a442d4904e0a931efabf47ddf75 - Path: Assets/IUH_Campus/Prefabs/Environment/IUH_MotorbikeParkingRow.prefab - Importer: ScriptedImporter/UnityEditor.QuickSearchModule:UnityEditor.Search:ASIAI0B
Importing 'GUID: a0038a442d4904e0a931efabf47ddf75 - Path: Assets/IUH_Campus/Prefabs/Environment/IUH_MotorbikeParkingRow.prefab - Importer: ScriptedImporter/UnityEditor.QuickSearchModule:UnityEditor.Search:ASIAI0B' with importer (ScriptedImporter : UnityEditor.QuickSearchModule:UnityEditor.Search:ASIAI0B)
Imported 'GUID: a0038a442d4904e0a931efabf47ddf75' -> (Import Result ID: '2e544c72938baef915aec21cfc10b1f1') in 0.018 seconds [static and dynamic dependencies]. Details - ImportResultOutputID=bd27a0f9f9cd3259a900c8b85b0c163b DependenciesID=8f152258b0f55f94cf2b88fbb6c57177 StaticDependenciesID=9cbcaa4f3e121b5c924b07ab43ce35f6 
Number of updated asset objects reloaded before import = 0
Number of asset objects unloaded after import = 274
========================================================================
Received Import Request.
  Time of request: 2026-09-06T07:35:06.1066134Z
  Time since last request: 0.0001361 seconds.
  importAddress: GUID: 4dbc71da144c24ee1b221a670c840f61 - Path: Assets/IUH_Campus/Prefabs/Architecture/IUH_BackCentralTower.prefab - Importer: ScriptedImporter/UnityEditor.QuickSearchModule:UnityEditor.Search:ASIAI0B
Importing 'GUID: 4dbc71da144c24ee1b221a670c840f61 - Path: Assets/IUH_Campus/Prefabs/Architecture/IUH_BackCentralTower.prefab - Importer: ScriptedImporter/UnityEditor.QuickSearchModule:UnityEditor.Search:ASIAI0B' with importer (ScriptedImporter : UnityEditor.QuickSearchModule:UnityEditor.Search:ASIAI0B)
Imported 'GUID: 4dbc71da144c24ee1b221a670c840f61' -> (Import Result ID: '85ba614f31575888be4fadd04a232813') in 0.015 seconds [static and dynamic dependencies]. Details - ImportResultOutputID=031adc9809f982984c0c2b9d38a4c46b DependenciesID=c33b49e5ccac1c02e26064305c13823a StaticDependenciesID=cc379845d53176959ce005d03ea13d9f 
Number of updated asset objects reloaded before import = 0
Number of asset objects unloaded after import = 89
========================================================================
Received Import Request.
  Time of request: 2026-09-06T07:35:06.1325819Z
  Time since last request: 0.0004795 seconds.
  importAddress: GUID: eeb145085172a422a8e70e521259e008 - Path: Assets/IUH_Campus/Materials/M_IUH_Gate_WelcomeBanner.mat - Importer: ScriptedImporter/UnityEditor.QuickSearchModule:UnityEditor.Search:ASIAI0B
Importing 'GUID: eeb145085172a422a8e70e521259e008 - Path: Assets/IUH_Campus/Materials/M_IUH_Gate_WelcomeBanner.mat - Importer: ScriptedImporter/UnityEditor.QuickSearchModule:UnityEditor.Search:ASIAI0B' with importer (ScriptedImporter : UnityEditor.QuickSearchModule:UnityEditor.Search:ASIAI0B)
Imported 'GUID: eeb145085172a422a8e70e521259e008' -> (Import Result ID: 'd2fb11aec574df8198a237960e835f95') in 0.014 seconds [static and dynamic dependencies]. Details - ImportResultOutputID=9a8ee55a146c2cf9e40119fd69d88569 DependenciesID=c9559fbfd8deb867500be89405f380c9 StaticDependenciesID=782d04869052fce57d93c9ecaedee65c 
Number of updated asset objects reloaded before import = 0
Number of asset objects unloaded after import = 2
========================================================================
Received Import Request.
  Time of request: 2026-09-06T07:35:06.1573331Z
  Time since last request: 0.0005072 seconds.
  importAddress: GUID: fe3fdb179458f654284a358bced197f9 - Path: Assets/IUH_Campus/Scripts/IUHInteractiveTourController.cs - Importer: ScriptedImporter/UnityEditor.QuickSearchModule:UnityEditor.Search:ASIAI0B
Importing 'GUID: fe3fdb179458f654284a358bced197f9 - Path: Assets/IUH_Campus/Scripts/IUHInteractiveTourController.cs - Importer: ScriptedImporter/UnityEditor.QuickSearchModule:UnityEditor.Search:ASIAI0B' with importer (ScriptedImporter : UnityEditor.QuickSearchModule:UnityEditor.Search:ASIAI0B)
Imported 'GUID: fe3fdb179458f654284a358bced197f9' -> (Import Result ID: '5e8410daeeb9b0d523f4166cbae9bdf7') in 0.003 seconds [static and dynamic dependencies]. Details - ImportResultOutputID=db518e74f2246c590d744128de0b65b0 DependenciesID=1062692b188297d91415d66caed91c98 StaticDependenciesID=bbfd91a0e9247b1946096806e32f429c 
Number of updated asset objects reloaded before import = 0
Number of asset objects unloaded after import = 0
========================================================================
Received Import Request.
  Time of request: 2026-09-06T07:35:06.1723552Z
  Time since last request: 0.0005314 seconds.
  importAddress: GUID: 455713ccd71e84312ad9a399969dfcbf - Path: Assets/IUH_Campus/Materials/M_IUH_Main_Glass.mat - Importer: ScriptedImporter/UnityEditor.QuickSearchModule:UnityEditor.Search:ASIAI0B
Importing 'GUID: 455713ccd71e84312ad9a399969dfcbf - Path: Assets/IUH_Campus/Materials/M_IUH_Main_Glass.mat - Importer: ScriptedImporter/UnityEditor.QuickSearchModule:UnityEditor.Search:ASIAI0B' with importer (ScriptedImporter : UnityEditor.QuickSearchModule:UnityEditor.Search:ASIAI0B)
Imported 'GUID: 455713ccd71e84312ad9a399969dfcbf' -> (Import Result ID: '60b1683dd4aa7e46b3a25b0c33bf6336') in 0.014 seconds [static and dynamic dependencies]. Details - ImportResultOutputID=67e83fb426931772422537ba549b3fc0 DependenciesID=6c0ec3a62c1bf80897b8d8ad16ed1b22 StaticDependenciesID=f8ac6d517820a41b24e413eca033f526 
Number of updated asset objects reloaded before import = 0
Number of asset objects unloaded after import = 2
========================================================================
Received Import Request.
  Time of request: 2026-09-06T07:35:06.1957986Z
  Time since last request: 0.0003833 seconds.
  importAddress: GUID: c84bd0e7388f749339fc1bd9529d0c38 - Path: Assets/IUH_Campus/Prefabs/Environment/IUH_FrontMonument.prefab - Importer: ScriptedImporter/UnityEditor.QuickSearchModule:UnityEditor.Search:ASIAI0B
Importing 'GUID: c84bd0e7388f749339fc1bd9529d0c38 - Path: Assets/IUH_Campus/Prefabs/Environment/IUH_FrontMonument.prefab - Importer: ScriptedImporter/UnityEditor.QuickSearchModule:UnityEditor.Search:ASIAI0B' with importer (ScriptedImporter : UnityEditor.QuickSearchModule:UnityEditor.Search:ASIAI0B)
Imported 'GUID: c84bd0e7388f749339fc1bd9529d0c38' -> (Import Result ID: '7a0d07d0102483e19568b3a351c07944') in 0.015 seconds [static and dynamic dependencies]. Details - ImportResultOutputID=2d0757947afded9fe9f0d74f259d260b DependenciesID=5fa9e170fdf8144b7a57a0a5f9f72834 StaticDependenciesID=216ca3d9a9ffb7f84e5756f864110c4d 
Number of updated asset objects reloaded before import = 0
Number of asset objects unloaded after import = 176
========================================================================
Received Import Request.
  Time of request: 2026-09-06T07:35:06.2219153Z
  Time since last request: 0.0004091 seconds.
  importAddress: GUID: 007ed3dcdcc9045e2996ddfaab83f5ce - Path: Assets/IUH_Campus/Prefabs/Architecture/IUH_GreenGlassTower.prefab - Importer: ScriptedImporter/UnityEditor.QuickSearchModule:UnityEditor.Search:ASIAI0B
Importing 'GUID: 007ed3dcdcc9045e2996ddfaab83f5ce - Path: Assets/IUH_Campus/Prefabs/Architecture/IUH_GreenGlassTower.prefab - Importer: ScriptedImporter/UnityEditor.QuickSearchModule:UnityEditor.Search:ASIAI0B' with importer (ScriptedImporter : UnityEditor.QuickSearchModule:UnityEditor.Search:ASIAI0B)
Imported 'GUID: 007ed3dcdcc9045e2996ddfaab83f5ce' -> (Import Result ID: '6971ab61c0c274e16c2cd53e66ac065c') in 0.016 seconds [static and dynamic dependencies]. Details - ImportResultOutputID=4d70625d4be0277c2a0ae6a6408a6ef1 DependenciesID=df0cedfbda45def9928542717946156d StaticDependenciesID=a612e94053cf6c67537261f068705d23 
Number of updated asset objects reloaded before import = 0
Number of asset objects unloaded after import = 135
========================================================================
Received Import Request.
  Time of request: 2026-09-06T07:35:06.2504446Z
  Time since last request: 0.0004212 seconds.
  importAddress: GUID: 0293bb24152114d75bbdcb4cf05dbed8 - Path: Assets/IUH_Campus/Materials/M_IUH_Foliage_Tree.mat - Importer: ScriptedImporter/UnityEditor.QuickSearchModule:UnityEditor.Search:ASIAI0B
Importing 'GUID: 0293bb24152114d75bbdcb4cf05dbed8 - Path: Assets/IUH_Campus/Materials/M_IUH_Foliage_Tree.mat - Importer: ScriptedImporter/UnityEditor.QuickSearchModule:UnityEditor.Search:ASIAI0B' with importer (ScriptedImporter : UnityEditor.QuickSearchModule:UnityEditor.Search:ASIAI0B)
Imported 'GUID: 0293bb24152114d75bbdcb4cf05dbed8' -> (Import Result ID: 'c8e1aa3d804fd730db1c78a3244e253d') in 0.005 seconds [static and dynamic dependencies]. Details - ImportResultOutputID=844142ec74eb6f48a6e6885e3705271a DependenciesID=c55689265848360e3a42c8d98baab289 StaticDependenciesID=cdf8b02ec77d6961f5ed282075dfb957 
Number of updated asset objects reloaded before import = 0
Number of asset objects unloaded after import = 2
========================================================================
Received Import Request.
  Time of request: 2026-09-06T07:35:06.2687144Z
  Time since last request: 0.0004566 seconds.
  importAddress: GUID: 071581368d8f23748bca481f49887027 - Path: Assets/IUH_Campus/Textures/T_Interior_BlackMarbleTile.png - Importer: ScriptedImporter/UnityEditor.QuickSearchModule:UnityEditor.Search:ASIAI0B
Importing 'GUID: 071581368d8f23748bca481f49887027 - Path: Assets/IUH_Campus/Textures/T_Interior_BlackMarbleTile.png - Importer: ScriptedImporter/UnityEditor.QuickSearchModule:UnityEditor.Search:ASIAI0B' with importer (ScriptedImporter : UnityEditor.QuickSearchModule:UnityEditor.Search:ASIAI0B)
Imported 'GUID: 071581368d8f23748bca481f49887027' -> (Import Result ID: '64582d01ec763cfd4f70c4f8d460012f') in 0.018 seconds [static and dynamic dependencies]. Details - ImportResultOutputID=286c22f5c18f9037b2480698e5dc82ec DependenciesID=72e5d149215de01411e15827c3e4f459 StaticDependenciesID=8fa986e274755fa0b8c0b720d129e062 
Number of updated asset objects reloaded before import = 0
Number of asset objects unloaded after import = 1
========================================================================
Received Import Request.
  Time of request: 2026-09-06T07:35:06.3001524Z
  Time since last request: 0.0005046 seconds.
  importAddress: GUID: b196359924d64ec45b96093ee7945304 - Path: Assets/IUH_Campus/Textures/T_Interior_LightPorcelainTile.png - Importer: ScriptedImporter/UnityEditor.QuickSearchModule:UnityEditor.Search:ASIAI0B
Importing 'GUID: b196359924d64ec45b96093ee7945304 - Path: Assets/IUH_Campus/Textures/T_Interior_LightPorcelainTile.png - Importer: ScriptedImporter/UnityEditor.QuickSearchModule:UnityEditor.Search:ASIAI0B' with importer (ScriptedImporter : UnityEditor.QuickSearchModule:UnityEditor.Search:ASIAI0B)
Imported 'GUID: b196359924d64ec45b96093ee7945304' -> (Import Result ID: 'ee157d19c8f1ceff09aa38ba7f5f3d30') in 0.016 seconds [static and dynamic dependencies]. Details - ImportResultOutputID=489f25c5e048574fe2ffcb6369bdb98d DependenciesID=37d2ba4faffc7b7cb849683bb4c8bef0 StaticDependenciesID=0f7021501f379cc14cf60d7d682432db 
Number of updated asset objects reloaded before import = 0
Number of asset objects unloaded after import = 1
========================================================================
Received Import Request.
  Time of request: 2026-09-06T07:35:06.3281072Z
  Time since last request: 0.0005802 seconds.
  importAddress: GUID: 466c7ff7a7e364ec2b25476a04f4d35e - Path: Assets/IUH_Campus/Prefabs/Architecture/IUH_EntranceLobby.prefab - Importer: ScriptedImporter/UnityEditor.QuickSearchModule:UnityEditor.Search:ASIAI0B
Importing 'GUID: 466c7ff7a7e364ec2b25476a04f4d35e - Path: Assets/IUH_Campus/Prefabs/Architecture/IUH_EntranceLobby.prefab - Importer: ScriptedImporter/UnityEditor.QuickSearchModule:UnityEditor.Search:ASIAI0B' with importer (ScriptedImporter : UnityEditor.QuickSearchModule:UnityEditor.Search:ASIAI0B)
Imported 'GUID: 466c7ff7a7e364ec2b25476a04f4d35e' -> (Import Result ID: '52b0231f6818c0c7de8ce69298baa23f') in 0.024 seconds [static and dynamic dependencies]. Details - ImportResultOutputID=a1d835b1829cef199b22f3c720b32dc5 DependenciesID=a8e8f4f1f6857bc3160752e5e9a6ccb6 StaticDependenciesID=9a3e477c1b2f76d07dbe7820a86a28ce 
Number of updated asset objects reloaded before import = 0
Number of asset objects unloaded after import = 159
========================================================================
Received Import Request.
  Time of request: 2026-09-06T07:35:06.3628656Z
  Time since last request: 0.0004066 seconds.
  importAddress: GUID: 1c4b24bce707b4237a7799d5f83ff054 - Path: Assets/IUH_Campus/Prefabs/Architecture/IUH_LeftPaleWing.prefab - Importer: ScriptedImporter/UnityEditor.QuickSearchModule:UnityEditor.Search:ASIAI0B
Importing 'GUID: 1c4b24bce707b4237a7799d5f83ff054 - Path: Assets/IUH_Campus/Prefabs/Architecture/IUH_LeftPaleWing.prefab - Importer: ScriptedImporter/UnityEditor.QuickSearchModule:UnityEditor.Search:ASIAI0B' with importer (ScriptedImporter : UnityEditor.QuickSearchModule:UnityEditor.Search:ASIAI0B)
Imported 'GUID: 1c4b24bce707b4237a7799d5f83ff054' -> (Import Result ID: '1c42c88e43c899d324a59f47055d48e0') in 0.017 seconds [static and dynamic dependencies]. Details - ImportResultOutputID=70e8dbd6dbdc4a1b062852383ae9158a DependenciesID=3efff3d610328713829bbdbc3dd4f7f0 StaticDependenciesID=d934048d4232fddfd0a98db9285be6c3 
Number of updated asset objects reloaded before import = 0
Number of asset objects unloaded after import = 220
========================================================================
Received Import Request.
  Time of request: 2026-09-06T07:35:06.3906347Z
  Time since last request: 0.0002973 seconds.
  importAddress: GUID: af7f69bdc641165468d53619c1e7c2ce - Path: Assets/IUH_Campus/Screenshots/topdown_orthographic.png - Importer: ScriptedImporter/UnityEditor.QuickSearchModule:UnityEditor.Search:ASIAI0B
Importing 'GUID: af7f69bdc641165468d53619c1e7c2ce - Path: Assets/IUH_Campus/Screenshots/topdown_orthographic.png - Importer: ScriptedImporter/UnityEditor.QuickSearchModule:UnityEditor.Search:ASIAI0B' with importer (ScriptedImporter : UnityEditor.QuickSearchModule:UnityEditor.Search:ASIAI0B)
Imported 'GUID: af7f69bdc641165468d53619c1e7c2ce' -> (Import Result ID: '87c360e92f3746546e4873ccc6143a83') in 0.021 seconds [static and dynamic dependencies]. Details - ImportResultOutputID=e82f6e773312727a3757eb0786bb4f5e DependenciesID=b0420f29b5a549afe1789bfee5e286d5 StaticDependenciesID=d8ad7be04d9374871ccdb2adb45d0600 
Number of updated asset objects reloaded before import = 0
Number of asset objects unloaded after import = 1
========================================================================
Received Import Request.
  Time of request: 2026-09-06T07:35:06.4225274Z
  Time since last request: 0.0004763 seconds.
  importAddress: GUID: 394eb20736f96254585af86b423d19a5 - Path: Assets/IUH_Campus/Textures/T_Interior_WoodSlat.png - Importer: ScriptedImporter/UnityEditor.QuickSearchModule:UnityEditor.Search:ASIAI0B
Importing 'GUID: 394eb20736f96254585af86b423d19a5 - Path: Assets/IUH_Campus/Textures/T_Interior_WoodSlat.png - Importer: ScriptedImporter/UnityEditor.QuickSearchModule:UnityEditor.Search:ASIAI0B' with importer (ScriptedImporter : UnityEditor.QuickSearchModule:UnityEditor.Search:ASIAI0B)
Imported 'GUID: 394eb20736f96254585af86b423d19a5' -> (Import Result ID: '308a3fcc84e4c0df44ae26e05e20b8e6') in 0.017 seconds [static and dynamic dependencies]. Details - ImportResultOutputID=299978675f22ab8c7d5df30ac00f024d DependenciesID=4f06b29f116e8a24b9a932729b31190a StaticDependenciesID=7532d2a30d1ec8ea3472f55e0eed6622 
Number of updated asset objects reloaded before import = 0
Number of asset objects unloaded after import = 1
========================================================================
Received Import Request.
  Time of request: 2026-09-06T07:35:06.4505335Z
  Time since last request: 0.0005652 seconds.
  importAddress: GUID: 569ea817e14e84bb2890677a805c225a - Path: Assets/IUH_Campus/Materials/M_IUH_RedMetalRoof.mat - Importer: ScriptedImporter/UnityEditor.QuickSearchModule:UnityEditor.Search:ASIAI0B
Importing 'GUID: 569ea817e14e84bb2890677a805c225a - Path: Assets/IUH_Campus/Materials/M_IUH_RedMetalRoof.mat - Importer: ScriptedImporter/UnityEditor.QuickSearchModule:UnityEditor.Search:ASIAI0B' with importer (ScriptedImporter : UnityEditor.QuickSearchModule:UnityEditor.Search:ASIAI0B)
Imported 'GUID: 569ea817e14e84bb2890677a805c225a' -> (Import Result ID: '405b54cbe47b179a30a712c252766c7b') in 0.006 seconds [static and dynamic dependencies]. Details - ImportResultOutputID=7c1314a5837dff3a243a08b4924f02e3 DependenciesID=8e54a8d5d0b43ff3fae2a6d6a045c0ec StaticDependenciesID=33d7590e398455855ca6523773c0128f 
Number of updated asset objects reloaded before import = 0
Number of asset objects unloaded after import = 2
========================================================================
Received Import Request.
  Time of request: 2026-09-06T07:35:06.4675098Z
  Time since last request: 0.000413 seconds.
  importAddress: GUID: 76e85413adb604ea5bfda73f57b5d47d - Path: Assets/IUH_Campus/Prefabs/Architecture/IUH_EntranceStairs.prefab - Importer: ScriptedImporter/UnityEditor.QuickSearchModule:UnityEditor.Search:ASIAI0B
Importing 'GUID: 76e85413adb604ea5bfda73f57b5d47d - Path: Assets/IUH_Campus/Prefabs/Architecture/IUH_EntranceStairs.prefab - Importer: ScriptedImporter/UnityEditor.QuickSearchModule:UnityEditor.Search:ASIAI0B' with importer (ScriptedImporter : UnityEditor.QuickSearchModule:UnityEditor.Search:ASIAI0B)
Imported 'GUID: 76e85413adb604ea5bfda73f57b5d47d' -> (Import Result ID: 'ad57d50646b72dbd760097c3aadea6fa') in 0.022 seconds [static and dynamic dependencies]. Details - ImportResultOutputID=4fe926e5e2a4250e44eabe79a1e5b08c DependenciesID=1705b5ffbf014ce527dda2ca67a614e2 StaticDependenciesID=a7fda8f9e251ed96d8d7620acb980351 
Number of updated asset objects reloaded before import = 0
Number of asset objects unloaded after import = 44
========================================================================
Received Import Request.
  Time of request: 2026-09-06T07:35:06.4988114Z
  Time since last request: 0.0004069 seconds.
  importAddress: GUID: 1e0da654d86edc14b9d5da102ce235f4 - Path: Assets/IUH_Campus/Editor/IUHRightClusterInteriorBuilder.cs - Importer: ScriptedImporter/UnityEditor.QuickSearchModule:UnityEditor.Search:ASIAI0B
Importing 'GUID: 1e0da654d86edc14b9d5da102ce235f4 - Path: Assets/IUH_Campus/Editor/IUHRightClusterInteriorBuilder.cs - Importer: ScriptedImporter/UnityEditor.QuickSearchModule:UnityEditor.Search:ASIAI0B' with importer (ScriptedImporter : UnityEditor.QuickSearchModule:UnityEditor.Search:ASIAI0B)
Imported 'GUID: 1e0da654d86edc14b9d5da102ce235f4' -> (Import Result ID: '8a0afeeb4604075ab1a878db59651bca') in 0.004 seconds [static and dynamic dependencies]. Details - ImportResultOutputID=1b8fd128f93e7c58c44d2b86b6d6fa25 DependenciesID=65478fa4869dd55b53da992c7abb7cc0 StaticDependenciesID=ccb3ae1dd93c66903586aee96a9824ef 
Number of updated asset objects reloaded before import = 0
Number of asset objects unloaded after import = 0
========================================================================
Received Import Request.
  Time of request: 2026-09-06T07:35:06.5145095Z
  Time since last request: 0.0006044 seconds.
  importAddress: GUID: 9444df368642c468eb49936925916181 - Path: Assets/IUH_Campus/Materials/M_IUH_Flag_Vietnam.mat - Importer: ScriptedImporter/UnityEditor.QuickSearchModule:UnityEditor.Search:ASIAI0B
Importing 'GUID: 9444df368642c468eb49936925916181 - Path: Assets/IUH_Campus/Materials/M_IUH_Flag_Vietnam.mat - Importer: ScriptedImporter/UnityEditor.QuickSearchModule:UnityEditor.Search:ASIAI0B' with importer (ScriptedImporter : UnityEditor.QuickSearchModule:UnityEditor.Search:ASIAI0B)
Imported 'GUID: 9444df368642c468eb49936925916181' -> (Import Result ID: '0cbc4baf17de5f00a18ba62996283cdc') in 0.006 seconds [static and dynamic dependencies]. Details - ImportResultOutputID=933bb248883ba0eb59cfa71bf4784cc8 DependenciesID=dce66d3e4e04e65e6c17edd2dc341192 StaticDependenciesID=0a4c202d59f1ce2e5ea49472223e5e30 
Number of updated asset objects reloaded before import = 0
Number of asset objects unloaded after import = 3
========================================================================
Received Import Request.
  Time of request: 2026-09-06T07:35:06.5312774Z
  Time since last request: 0.0004121 seconds.
  importAddress: GUID: 54acbfe91b4cb4ab9ada027214d2451c - Path: Assets/IUH_Campus/Materials/M_IUH_Gate_Curb.mat - Importer: ScriptedImporter/UnityEditor.QuickSearchModule:UnityEditor.Search:ASIAI0B
Importing 'GUID: 54acbfe91b4cb4ab9ada027214d2451c - Path: Assets/IUH_Campus/Materials/M_IUH_Gate_Curb.mat - Importer: ScriptedImporter/UnityEditor.QuickSearchModule:UnityEditor.Search:ASIAI0B' with importer (ScriptedImporter : UnityEditor.QuickSearchModule:UnityEditor.Search:ASIAI0B)
Imported 'GUID: 54acbfe91b4cb4ab9ada027214d2451c' -> (Import Result ID: 'e9a075307930679cf79a59a66674272a') in 0.014 seconds [static and dynamic dependencies]. Details - ImportResultOutputID=8135715b71f5d596c606aa8a775ea6a5 DependenciesID=6afe6d63e6ec78fb4485024c2ead1583 StaticDependenciesID=46bc4d58be5c1ee75f6751b0a0aaf563 
Number of updated asset objects reloaded before import = 0
Number of asset objects unloaded after import = 2
========================================================================
Received Import Request.
  Time of request: 2026-09-06T07:35:06.5552197Z
  Time since last request: 0.0004057 seconds.
  importAddress: GUID: e5c124c937cbf8a4d85a8bf28ed6c924 - Path: Assets/IUH_Campus/Textures/T_Interior_DashboardScreen.png - Importer: ScriptedImporter/UnityEditor.QuickSearchModule:UnityEditor.Search:ASIAI0B
Importing 'GUID: e5c124c937cbf8a4d85a8bf28ed6c924 - Path: Assets/IUH_Campus/Textures/T_Interior_DashboardScreen.png - Importer: ScriptedImporter/UnityEditor.QuickSearchModule:UnityEditor.Search:ASIAI0B' with importer (ScriptedImporter : UnityEditor.QuickSearchModule:UnityEditor.Search:ASIAI0B)
Imported 'GUID: e5c124c937cbf8a4d85a8bf28ed6c924' -> (Import Result ID: '9ac16b31bf3f04b43676fecef9448300') in 0.018 seconds [static and dynamic dependencies]. Details - ImportResultOutputID=62a5c0620c4d5ccfc78484285ccb5d6c DependenciesID=4b0e54b1b3559f502fa88854b503599e StaticDependenciesID=c3daa2b8307d5102015a5cc56d938900 
Number of updated asset objects reloaded before import = 0
Number of asset objects unloaded after import = 1
========================================================================
Received Import Request.
  Time of request: 2026-09-06T07:35:06.5837512Z
  Time since last request: 0.0004486 seconds.
  importAddress: GUID: beafd246d67ad4cbc83508911465b8d5 - Path: Assets/IUH_Campus/Materials/M_IUH_Academic_Concrete.mat - Importer: ScriptedImporter/UnityEditor.QuickSearchModule:UnityEditor.Search:ASIAI0B
Importing 'GUID: beafd246d67ad4cbc83508911465b8d5 - Path: Assets/IUH_Campus/Materials/M_IUH_Academic_Concrete.mat - Importer: ScriptedImporter/UnityEditor.QuickSearchModule:UnityEditor.Search:ASIAI0B' with importer (ScriptedImporter : UnityEditor.QuickSearchModule:UnityEditor.Search:ASIAI0B)
Imported 'GUID: beafd246d67ad4cbc83508911465b8d5' -> (Import Result ID: 'f1964e370dc349eb567bd231d574c262') in 0.013 seconds [static and dynamic dependencies]. Details - ImportResultOutputID=f78508be85797e364fc68e587fed0412 DependenciesID=44478936693a75cb116ff435a73f6c89 StaticDependenciesID=11abf0f3b7d39f66b93020cb3878749b 
Number of updated asset objects reloaded before import = 0
Number of asset objects unloaded after import = 2
========================================================================
Received Import Request.
  Time of request: 2026-09-06T07:35:06.6073646Z
  Time since last request: 0.0005208 seconds.
  importAddress: GUID: 77401876e3342475880002bccb2385e8 - Path: Assets/IUH_Campus/Prefabs/Environment/IUH_CanopyBooth_Blue.prefab - Importer: ScriptedImporter/UnityEditor.QuickSearchModule:UnityEditor.Search:ASIAI0B
Importing 'GUID: 77401876e3342475880002bccb2385e8 - Path: Assets/IUH_Campus/Prefabs/Environment/IUH_CanopyBooth_Blue.prefab - Importer: ScriptedImporter/UnityEditor.QuickSearchModule:UnityEditor.Search:ASIAI0B' with importer (ScriptedImporter : UnityEditor.QuickSearchModule:UnityEditor.Search:ASIAI0B)
Imported 'GUID: 77401876e3342475880002bccb2385e8' -> (Import Result ID: 'a915206f0472291f95e71fe646f888f6') in 0.014 seconds [static and dynamic dependencies]. Details - ImportResultOutputID=563d239e0b50995c7640ef6afb32094e DependenciesID=7ebce286019d4fcb2be819d55ad03c57 StaticDependenciesID=d431effdce33f629d95fc5be83a61293 
Number of updated asset objects reloaded before import = 0
Number of asset objects unloaded after import = 29
========================================================================
Received Import Request.
  Time of request: 2026-09-06T07:35:06.6321479Z
  Time since last request: 0.0003789 seconds.
  importAddress: GUID: 21577c801a2fb4bf68440214a6c68f70 - Path: Assets/IUH_Campus/Prefabs/Environment/IUH_CampusTree.prefab - Importer: ScriptedImporter/UnityEditor.QuickSearchModule:UnityEditor.Search:ASIAI0B
Importing 'GUID: 21577c801a2fb4bf68440214a6c68f70 - Path: Assets/IUH_Campus/Prefabs/Environment/IUH_CampusTree.prefab - Importer: ScriptedImporter/UnityEditor.QuickSearchModule:UnityEditor.Search:ASIAI0B' with importer (ScriptedImporter : UnityEditor.QuickSearchModule:UnityEditor.Search:ASIAI0B)
Imported 'GUID: 21577c801a2fb4bf68440214a6c68f70' -> (Import Result ID: '995dd244f4f82d07f8e71ccda12327fc') in 0.023 seconds [static and dynamic dependencies]. Details - ImportResultOutputID=50dc8a7ad909ab433fbe85e064971b4d DependenciesID=2349709a567ad4395bbc816695c3a71b StaticDependenciesID=253d1e56388964af1923c71e6b54ccac 
Number of updated asset objects reloaded before import = 0
Number of asset objects unloaded after import = 19
========================================================================
Received Import Request.
  Time of request: 2026-09-06T07:35:06.6666434Z
  Time since last request: 0.0004284 seconds.
  importAddress: GUID: 7e7bd0e3480fb42b6b7b1a1b0c1eeeae - Path: Assets/IUH_Campus/Prefabs/Environment/IUH_FlagPoles.prefab - Importer: ScriptedImporter/UnityEditor.QuickSearchModule:UnityEditor.Search:ASIAI0B
Importing 'GUID: 7e7bd0e3480fb42b6b7b1a1b0c1eeeae - Path: Assets/IUH_Campus/Prefabs/Environment/IUH_FlagPoles.prefab - Importer: ScriptedImporter/UnityEditor.QuickSearchModule:UnityEditor.Search:ASIAI0B' with importer (ScriptedImporter : UnityEditor.QuickSearchModule:UnityEditor.Search:ASIAI0B)
Imported 'GUID: 7e7bd0e3480fb42b6b7b1a1b0c1eeeae' -> (Import Result ID: 'fb33e95863dbb50dd5348c245ae000ed') in 0.015 seconds [static and dynamic dependencies]. Details - ImportResultOutputID=7c83a656143926097cd6332e068e4d32 DependenciesID=5b01556970bd24f712b6510bcc29e4e2 StaticDependenciesID=c5e81ba837ed7c1098249c3d2aaea3e3 
Number of updated asset objects reloaded before import = 0
Number of asset objects unloaded after import = 64
========================================================================
Received Import Request.
  Time of request: 2026-09-06T07:35:06.6941157Z
  Time since last request: 0.0005453 seconds.
  importAddress: GUID: 63f6d2bcb120bea4d8122d5c10a790eb - Path: Assets/IUH_Campus/Screenshots/aerial_oblique_reference.png - Importer: ScriptedImporter/UnityEditor.QuickSearchModule:UnityEditor.Search:ASIAI0B
Importing 'GUID: 63f6d2bcb120bea4d8122d5c10a790eb - Path: Assets/IUH_Campus/Screenshots/aerial_oblique_reference.png - Importer: ScriptedImporter/UnityEditor.QuickSearchModule:UnityEditor.Search:ASIAI0B' with importer (ScriptedImporter : UnityEditor.QuickSearchModule:UnityEditor.Search:ASIAI0B)
Imported 'GUID: 63f6d2bcb120bea4d8122d5c10a790eb' -> (Import Result ID: '24a4e5a4d2aa1caa27a78629da4923e5') in 0.021 seconds [static and dynamic dependencies]. Details - ImportResultOutputID=b04fc65997d5a06563846afed837c941 DependenciesID=06341ca8de5c170acddf6ab7e5f80327 StaticDependenciesID=637279d0ba0ab17ca32f0ef731f352fb 
Number of updated asset objects reloaded before import = 0
Number of asset objects unloaded after import = 1
========================================================================
Received Import Request.
  Time of request: 2026-09-06T07:35:06.7261643Z
  Time since last request: 0.0005354 seconds.
  importAddress: GUID: b2de2755a80c04b7298ad0f3d58e8119 - Path: Assets/IUH_Campus/Scenes/IUH_Campus_Main.unity - Importer: ScriptedImporter/UnityEditor.QuickSearchModule:UnityEditor.Search:ASIAI0B
Importing 'GUID: b2de2755a80c04b7298ad0f3d58e8119 - Path: Assets/IUH_Campus/Scenes/IUH_Campus_Main.unity - Importer: ScriptedImporter/UnityEditor.QuickSearchModule:UnityEditor.Search:ASIAI0B' with importer (ScriptedImporter : UnityEditor.QuickSearchModule:UnityEditor.Search:ASIAI0B)
Imported 'GUID: b2de2755a80c04b7298ad0f3d58e8119' -> (Import Result ID: '531371e5a0c4660c94f9abc55b00a891') in 0.006 seconds [static and dynamic dependencies]. Details - ImportResultOutputID=9e5039f15243c7604db866754e83103c DependenciesID=29574aed9f4197bbb265ae42eb89331c StaticDependenciesID=9e0d4c5a00ca9709eaf17c1a47c306a7 
Number of updated asset objects reloaded before import = 0
Number of asset objects unloaded after import = 1
========================================================================
Received Import Request.
  Time of request: 2026-09-06T07:35:06.7445997Z
  Time since last request: 0.0004671 seconds.
  importAddress: GUID: d0dcdbc7d39f158478ba818b6d3c89ab - Path: Assets/IUH_Campus/Screenshots - Importer: ScriptedImporter/UnityEditor.QuickSearchModule:UnityEditor.Search:ASIAI0B
Importing 'GUID: d0dcdbc7d39f158478ba818b6d3c89ab - Path: Assets/IUH_Campus/Screenshots - Importer: ScriptedImporter/UnityEditor.QuickSearchModule:UnityEditor.Search:ASIAI0B' with importer (ScriptedImporter : UnityEditor.QuickSearchModule:UnityEditor.Search:ASIAI0B)
Imported 'GUID: d0dcdbc7d39f158478ba818b6d3c89ab' -> (Import Result ID: '5011133b021bb0b51c26e21dbccd25e2') in 0.004 seconds [static and dynamic dependencies]. Details - ImportResultOutputID=b31a304b0d5014dbb29dc329705ff131 DependenciesID=0f31fb8eea683371f32b1f80b53a9652 StaticDependenciesID=6211c746b6667d42e2c5dfb564ff9930 
Number of updated asset objects reloaded before import = 0
Number of asset objects unloaded after import = 1
========================================================================
Received Import Request.
  Time of request: 2026-09-06T07:35:06.7598138Z
  Time since last request: 0.0002668 seconds.
  importAddress: GUID: c8a8f82f824f6457a9a8b828dcd52df1 - Path: Assets/IUH_Campus/Materials/M_IUH_Academic_TopSign.mat - Importer: ScriptedImporter/UnityEditor.QuickSearchModule:UnityEditor.Search:ASIAI0B
Importing 'GUID: c8a8f82f824f6457a9a8b828dcd52df1 - Path: Assets/IUH_Campus/Materials/M_IUH_Academic_TopSign.mat - Importer: ScriptedImporter/UnityEditor.QuickSearchModule:UnityEditor.Search:ASIAI0B' with importer (ScriptedImporter : UnityEditor.QuickSearchModule:UnityEditor.Search:ASIAI0B)
Imported 'GUID: c8a8f82f824f6457a9a8b828dcd52df1' -> (Import Result ID: '1b9e0efd6c9c936c46200e9be728463e') in 0.027 seconds [static and dynamic dependencies]. Details - ImportResultOutputID=ceb7eb40e1cfd97a208f364ef613a5ca DependenciesID=eb2f2fcdbcd00fb6a6a4b743bedaf320 StaticDependenciesID=0d73ab9f5ca5dd61cd540aa0ec48e274 
Number of updated asset objects reloaded before import = 0
Number of asset objects unloaded after import = 3
========================================================================
Received Import Request.
  Time of request: 2026-09-06T07:35:06.8026799Z
  Time since last request: 0.000432 seconds.
  importAddress: GUID: c34165df67b18487c9bb570528f75306 - Path: Assets/IUH_Campus/Materials/M_IUH_MatureFoliage.mat - Importer: ScriptedImporter/UnityEditor.QuickSearchModule:UnityEditor.Search:ASIAI0B
Importing 'GUID: c34165df67b18487c9bb570528f75306 - Path: Assets/IUH_Campus/Materials/M_IUH_MatureFoliage.mat - Importer: ScriptedImporter/UnityEditor.QuickSearchModule:UnityEditor.Search:ASIAI0B' with importer (ScriptedImporter : UnityEditor.QuickSearchModule:UnityEditor.Search:ASIAI0B)
Imported 'GUID: c34165df67b18487c9bb570528f75306' -> (Import Result ID: 'f2b7ff7e7ed80f8a0dd051854db7f25a') in 0.006 seconds [static and dynamic dependencies]. Details - ImportResultOutputID=1cddb02f11da9f7ab217f1fe6b76c9ac DependenciesID=4930ff4b0e651fba53404a364db26c65 StaticDependenciesID=508b01d56ddec72b5e2ab13415cea965 
Number of updated asset objects reloaded before import = 0
Number of asset objects unloaded after import = 3
========================================================================
Received Import Request.
  Time of request: 2026-09-06T07:35:06.8198996Z
  Time since last request: 0.0004046 seconds.
  importAddress: GUID: d26c975f5bee74b6fa97230ebb04f270 - Path: Assets/IUH_Campus/Prefabs/Architecture/IUH_VerticalFin.prefab - Importer: ScriptedImporter/UnityEditor.QuickSearchModule:UnityEditor.Search:ASIAI0B
Importing 'GUID: d26c975f5bee74b6fa97230ebb04f270 - Path: Assets/IUH_Campus/Prefabs/Architecture/IUH_VerticalFin.prefab - Importer: ScriptedImporter/UnityEditor.QuickSearchModule:UnityEditor.Search:ASIAI0B' with importer (ScriptedImporter : UnityEditor.QuickSearchModule:UnityEditor.Search:ASIAI0B)
Imported 'GUID: d26c975f5bee74b6fa97230ebb04f270' -> (Import Result ID: '7f752270a315c8fed7253321a15e9f66') in 0.022 seconds [static and dynamic dependencies]. Details - ImportResultOutputID=72854903551f92fec1f4fd8413689bc1 DependenciesID=2781c5ab71480a98a8f8a6a2c3b10b3a StaticDependenciesID=bc10cba9182a20f6e03b9b5651838219 
Number of updated asset objects reloaded before import = 0
Number of asset objects unloaded after import = 14
========================================================================
Received Import Request.
  Time of request: 2026-09-06T07:35:06.8536163Z
  Time since last request: 0.0005265 seconds.
  importAddress: GUID: 18db03f34e2da4973bc73ad72a635f82 - Path: Assets/IUH_Campus/Materials/M_IUH_Road_Arrow.mat - Importer: ScriptedImporter/UnityEditor.QuickSearchModule:UnityEditor.Search:ASIAI0B
Importing 'GUID: 18db03f34e2da4973bc73ad72a635f82 - Path: Assets/IUH_Campus/Materials/M_IUH_Road_Arrow.mat - Importer: ScriptedImporter/UnityEditor.QuickSearchModule:UnityEditor.Search:ASIAI0B' with importer (ScriptedImporter : UnityEditor.QuickSearchModule:UnityEditor.Search:ASIAI0B)
Imported 'GUID: 18db03f34e2da4973bc73ad72a635f82' -> (Import Result ID: 'd7ad9f883580b1f21a6fd229bdf5e2a2') in 0.007 seconds [static and dynamic dependencies]. Details - ImportResultOutputID=ed05de9a1e251ec34ef516d03cb4e4dd DependenciesID=388a76c9af53921355ba28d29ab11e4e StaticDependenciesID=e841dffb08e39daff88bb5f6203d59bd 
Number of updated asset objects reloaded before import = 0
Number of asset objects unloaded after import = 3
========================================================================
Received Import Request.
  Time of request: 2026-09-06T07:35:06.8719765Z
  Time since last request: 0.0005031 seconds.
  importAddress: GUID: cb5569ddf493a41ed929c2b4bf4439d0 - Path: Assets/IUH_Campus/Materials/M_IUH_TowerPyramidRoof.mat - Importer: ScriptedImporter/UnityEditor.QuickSearchModule:UnityEditor.Search:ASIAI0B
Importing 'GUID: cb5569ddf493a41ed929c2b4bf4439d0 - Path: Assets/IUH_Campus/Materials/M_IUH_TowerPyramidRoof.mat - Importer: ScriptedImporter/UnityEditor.QuickSearchModule:UnityEditor.Search:ASIAI0B' with importer (ScriptedImporter : UnityEditor.QuickSearchModule:UnityEditor.Search:ASIAI0B)
Imported 'GUID: cb5569ddf493a41ed929c2b4bf4439d0' -> (Import Result ID: '71e2494f931fcc40dc6b20ba2140b791') in 0.006 seconds [static and dynamic dependencies]. Details - ImportResultOutputID=27caa2c50ad84fe55f86e903950e700f DependenciesID=67629f2f59a17b98637c9888ecc2a141 StaticDependenciesID=76c05e41db1c334357ab1f2c64f36260 
Number of updated asset objects reloaded before import = 0
Number of asset objects unloaded after import = 2
========================================================================
Received Import Request.
  Time of request: 2026-09-06T07:35:06.8891617Z
  Time since last request: 0.0003813 seconds.
  importAddress: GUID: f72fcc47011cf47dba76ea444b66b25c - Path: Assets/IUH_Campus/Materials/M_IUH_FlowerPot_White.mat - Importer: ScriptedImporter/UnityEditor.QuickSearchModule:UnityEditor.Search:ASIAI0B
Importing 'GUID: f72fcc47011cf47dba76ea444b66b25c - Path: Assets/IUH_Campus/Materials/M_IUH_FlowerPot_White.mat - Importer: ScriptedImporter/UnityEditor.QuickSearchModule:UnityEditor.Search:ASIAI0B' with importer (ScriptedImporter : UnityEditor.QuickSearchModule:UnityEditor.Search:ASIAI0B)
Imported 'GUID: f72fcc47011cf47dba76ea444b66b25c' -> (Import Result ID: '47f62e6bb2ce3a4ddf5cee7d745b4ded') in 0.005 seconds [static and dynamic dependencies]. Details - ImportResultOutputID=89ef67a29284578ef9a5d4c7c16ba787 DependenciesID=c6554566051cdd6f21bdbe4edd44320e StaticDependenciesID=ba9f90302be6053e56c12944f67e715b 
Number of updated asset objects reloaded before import = 0
Number of asset objects unloaded after import = 2
========================================================================
Received Import Request.
  Time of request: 2026-09-06T07:35:06.9041859Z
  Time since last request: 0.0004571 seconds.
  importAddress: GUID: 80e7667bcea86f94d877f29a397f1737 - Path: Assets/IUH_Campus/Textures/T_Interior_ScreenPC.png - Importer: ScriptedImporter/UnityEditor.QuickSearchModule:UnityEditor.Search:ASIAI0B
Importing 'GUID: 80e7667bcea86f94d877f29a397f1737 - Path: Assets/IUH_Campus/Textures/T_Interior_ScreenPC.png - Importer: ScriptedImporter/UnityEditor.QuickSearchModule:UnityEditor.Search:ASIAI0B' with importer (ScriptedImporter : UnityEditor.QuickSearchModule:UnityEditor.Search:ASIAI0B)
Imported 'GUID: 80e7667bcea86f94d877f29a397f1737' -> (Import Result ID: '44290857f3513175b30a9b45dd68b7e6') in 0.015 seconds [static and dynamic dependencies]. Details - ImportResultOutputID=660f0923549ba0e870623f0871cb51b2 DependenciesID=cd081754f526e0ff964573008f641f28 StaticDependenciesID=8b18b377e6a79e41c0d13ade09f50f0f 
Number of updated asset objects reloaded before import = 0
Number of asset objects unloaded after import = 1
========================================================================
Received Import Request.
  Time of request: 2026-09-06T07:35:06.9302355Z
  Time since last request: 0.0004793 seconds.
  importAddress: GUID: 78b5da867e5724efb93402db5cc202e1 - Path: Assets/IUH_Campus/Prefabs/Environment/IUH_SportsCourtyard.prefab - Importer: ScriptedImporter/UnityEditor.QuickSearchModule:UnityEditor.Search:ASIAI0B
Importing 'GUID: 78b5da867e5724efb93402db5cc202e1 - Path: Assets/IUH_Campus/Prefabs/Environment/IUH_SportsCourtyard.prefab - Importer: ScriptedImporter/UnityEditor.QuickSearchModule:UnityEditor.Search:ASIAI0B' with importer (ScriptedImporter : UnityEditor.QuickSearchModule:UnityEditor.Search:ASIAI0B)
Imported 'GUID: 78b5da867e5724efb93402db5cc202e1' -> (Import Result ID: 'a6ff96df95154db3a5c5115e758ca5ea') in 0.014 seconds [static and dynamic dependencies]. Details - ImportResultOutputID=cc0d4e064768c9c39477ccd91aec1ed2 DependenciesID=f4d91a4ddb4b9422e35a6f373c4647fc StaticDependenciesID=2286ef43ad6bf02c0b6bec60d6de10eb 
Number of updated asset objects reloaded before import = 0
Number of asset objects unloaded after import = 44
========================================================================
Received Import Request.
  Time of request: 2026-09-06T07:35:06.9551277Z
  Time since last request: 0.0004145 seconds.
  importAddress: GUID: eb510555b1513458197005292ca6a60d - Path: Assets/IUH_Campus/Prefabs/Environment/IUH_FlowerPot.prefab - Importer: ScriptedImporter/UnityEditor.QuickSearchModule:UnityEditor.Search:ASIAI0B
Importing 'GUID: eb510555b1513458197005292ca6a60d - Path: Assets/IUH_Campus/Prefabs/Environment/IUH_FlowerPot.prefab - Importer: ScriptedImporter/UnityEditor.QuickSearchModule:UnityEditor.Search:ASIAI0B' with importer (ScriptedImporter : UnityEditor.QuickSearchModule:UnityEditor.Search:ASIAI0B)
Imported 'GUID: eb510555b1513458197005292ca6a60d' -> (Import Result ID: '1b5e4727b1f2e316f20d45190c4460de') in 0.022 seconds [static and dynamic dependencies]. Details - ImportResultOutputID=f0385d8e0e9975ba72c51a3d52ded281 DependenciesID=c2ccade987e984859abe3a59d1d79a1e StaticDependenciesID=6e76a7fcfe83b2e11491295845d611c1 
Number of updated asset objects reloaded before import = 0
Number of asset objects unloaded after import = 14
========================================================================
Received Import Request.
  Time of request: 2026-09-06T07:35:06.9898883Z
  Time since last request: 0.0004784 seconds.
  importAddress: GUID: 094b5a38ed19c441a8c73ddfa136269f - Path: Assets/IUH_Campus/Materials/M_IUH_Granite_Stairs.mat - Importer: ScriptedImporter/UnityEditor.QuickSearchModule:UnityEditor.Search:ASIAI0B
Importing 'GUID: 094b5a38ed19c441a8c73ddfa136269f - Path: Assets/IUH_Campus/Materials/M_IUH_Granite_Stairs.mat - Importer: ScriptedImporter/UnityEditor.QuickSearchModule:UnityEditor.Search:ASIAI0B' with importer (ScriptedImporter : UnityEditor.QuickSearchModule:UnityEditor.Search:ASIAI0B)
Imported 'GUID: 094b5a38ed19c441a8c73ddfa136269f' -> (Import Result ID: '82a5c6bd13707198968529c147c6ea8c') in 0.007 seconds [static and dynamic dependencies]. Details - ImportResultOutputID=a23a6c89fdae5c4e5701d2dd384061ef DependenciesID=078c0e1238854df4b052577ef9214223 StaticDependenciesID=fe45c95406798d0e408d28e19fb06eb0 
Number of updated asset objects reloaded before import = 0
Number of asset objects unloaded after import = 3
========================================================================
Received Import Request.
  Time of request: 2026-09-06T07:35:07.0080485Z
  Time since last request: 0.0005023 seconds.
  importAddress: GUID: 1bacb927b1f7145df8f788063a7209d9 - Path: Assets/IUH_Campus/Prefabs/Environment/IUH_CentralLargeTree.prefab - Importer: ScriptedImporter/UnityEditor.QuickSearchModule:UnityEditor.Search:ASIAI0B
Importing 'GUID: 1bacb927b1f7145df8f788063a7209d9 - Path: Assets/IUH_Campus/Prefabs/Environment/IUH_CentralLargeTree.prefab - Importer: ScriptedImporter/UnityEditor.QuickSearchModule:UnityEditor.Search:ASIAI0B' with importer (ScriptedImporter : UnityEditor.QuickSearchModule:UnityEditor.Search:ASIAI0B)
Imported 'GUID: 1bacb927b1f7145df8f788063a7209d9' -> (Import Result ID: '9af422c2197fa442a15a03cf2aa1adf0') in 0.022 seconds [static and dynamic dependencies]. Details - ImportResultOutputID=f01d4d81c0859b60e0d800d81ab0eaf1 DependenciesID=bc2e23a81b0927030f89f4ab495a6f6d StaticDependenciesID=ca8df1da700e536a4d582e7e997946a8 
Number of updated asset objects reloaded before import = 0
Number of asset objects unloaded after import = 39
========================================================================
Received Import Request.
  Time of request: 2026-09-06T07:35:07.040107Z
  Time since last request: 0.0003541 seconds.
  importAddress: GUID: ab6029ac44d10da4bb30bce0dfb243db - Path: Assets/IUH_Campus/Scenes/IUH_RightCluster.unity - Importer: ScriptedImporter/UnityEditor.QuickSearchModule:UnityEditor.Search:ASIAI0B
Importing 'GUID: ab6029ac44d10da4bb30bce0dfb243db - Path: Assets/IUH_Campus/Scenes/IUH_RightCluster.unity - Importer: ScriptedImporter/UnityEditor.QuickSearchModule:UnityEditor.Search:ASIAI0B' with importer (ScriptedImporter : UnityEditor.QuickSearchModule:UnityEditor.Search:ASIAI0B)
Imported 'GUID: ab6029ac44d10da4bb30bce0dfb243db' -> (Import Result ID: '094173eebba8e2f0144c50c5ae84fe8b') in 0.077 seconds [static and dynamic dependencies]. Details - ImportResultOutputID=eba2609c94452123176e5e45caf13a26 DependenciesID=03a8f22259ccc413f38b3cceae1976f7 StaticDependenciesID=5698e1e37bd6ef08ffabcff7a6543225 
Number of updated asset objects reloaded before import = 0
Number of asset objects unloaded after import = 1
========================================================================
Received Import Request.
  Time of request: 2026-09-06T07:35:07.1291916Z
  Time since last request: 0.0004036 seconds.
  importAddress: GUID: 70cf38a6fae204d90b85d70738ae7bef - Path: Assets/IUH_Campus/Prefabs/Architecture/IUH_CentralGlassBox.prefab - Importer: ScriptedImporter/UnityEditor.QuickSearchModule:UnityEditor.Search:ASIAI0B
Importing 'GUID: 70cf38a6fae204d90b85d70738ae7bef - Path: Assets/IUH_Campus/Prefabs/Architecture/IUH_CentralGlassBox.prefab - Importer: ScriptedImporter/UnityEditor.QuickSearchModule:UnityEditor.Search:ASIAI0B' with importer (ScriptedImporter : UnityEditor.QuickSearchModule:UnityEditor.Search:ASIAI0B)
Imported 'GUID: 70cf38a6fae204d90b85d70738ae7bef' -> (Import Result ID: 'ba74096a5fc2461814bb6199d78fcef4') in 0.021 seconds [static and dynamic dependencies]. Details - ImportResultOutputID=b4016cc58ab39a423cceed2c6c38e830 DependenciesID=8f0b4efc3f05810568f8e4759274830f StaticDependenciesID=7737cd0ac177aacebc42f0111a6b14db 
Number of updated asset objects reloaded before import = 0
Number of asset objects unloaded after import = 84
========================================================================
Received Import Request.
  Time of request: 2026-09-06T07:35:07.1606574Z
  Time since last request: 0.0002486 seconds.
  importAddress: GUID: 2ae070a6c89fd47a99011a6e2f448efd - Path: Assets/IUH_Campus/Materials/M_IUH_Gate_Stone.mat - Importer: ScriptedImporter/UnityEditor.QuickSearchModule:UnityEditor.Search:ASIAI0B
Importing 'GUID: 2ae070a6c89fd47a99011a6e2f448efd - Path: Assets/IUH_Campus/Materials/M_IUH_Gate_Stone.mat - Importer: ScriptedImporter/UnityEditor.QuickSearchModule:UnityEditor.Search:ASIAI0B' with importer (ScriptedImporter : UnityEditor.QuickSearchModule:UnityEditor.Search:ASIAI0B)
Imported 'GUID: 2ae070a6c89fd47a99011a6e2f448efd' -> (Import Result ID: '6e7b78b803072afbc21b8b166202f0fc') in 0.006 seconds [static and dynamic dependencies]. Details - ImportResultOutputID=aa61a9c66dce9a6e6a4dc92f305d3f9f DependenciesID=36dce0cdba58f0aef2d178d4a5222071 StaticDependenciesID=380bdbdb4c9aecf94525df8fd38095e6 
Number of updated asset objects reloaded before import = 0
Number of asset objects unloaded after import = 2
========================================================================
Received Import Request.
  Time of request: 2026-09-06T07:35:07.1778001Z
  Time since last request: 0.0004495 seconds.
  importAddress: GUID: 5fa30a790247c4f5fadbc5b11530c9cb - Path: Assets/IUH_Campus/Materials/M_IUH_BlueFins.mat - Importer: ScriptedImporter/UnityEditor.QuickSearchModule:UnityEditor.Search:ASIAI0B
Importing 'GUID: 5fa30a790247c4f5fadbc5b11530c9cb - Path: Assets/IUH_Campus/Materials/M_IUH_BlueFins.mat - Importer: ScriptedImporter/UnityEditor.QuickSearchModule:UnityEditor.Search:ASIAI0B' with importer (ScriptedImporter : UnityEditor.QuickSearchModule:UnityEditor.Search:ASIAI0B)
Imported 'GUID: 5fa30a790247c4f5fadbc5b11530c9cb' -> (Import Result ID: '409c00075b946ed6a9a45100f87b9a00') in 0.005 seconds [static and dynamic dependencies]. Details - ImportResultOutputID=45849726d7569e0cc7fba77c76fe4497 DependenciesID=d09da71f049544049789091e712db858 StaticDependenciesID=428c7a58939bb9edc92cae77f6fb42e9 
Number of updated asset objects reloaded before import = 0
Number of asset objects unloaded after import = 2
========================================================================
Received Import Request.
  Time of request: 2026-09-06T07:35:07.1930951Z
  Time since last request: 0.0004875 seconds.
  importAddress: GUID: be66184fb48bb488b841bb116847d11a - Path: Assets/IUH_Campus/Materials/M_IUH_Glass_Reflective.mat - Importer: ScriptedImporter/UnityEditor.QuickSearchModule:UnityEditor.Search:ASIAI0B
Importing 'GUID: be66184fb48bb488b841bb116847d11a - Path: Assets/IUH_Campus/Materials/M_IUH_Glass_Reflective.mat - Importer: ScriptedImporter/UnityEditor.QuickSearchModule:UnityEditor.Search:ASIAI0B' with importer (ScriptedImporter : UnityEditor.QuickSearchModule:UnityEditor.Search:ASIAI0B)
Imported 'GUID: be66184fb48bb488b841bb116847d11a' -> (Import Result ID: 'bed5a266d199b1f46b950553e8a96687') in 0.005 seconds [static and dynamic dependencies]. Details - ImportResultOutputID=2a57ac5f7d8591fdca19d4a246f7e141 DependenciesID=3af8e19ade6a4252adcf879a6186aa1b StaticDependenciesID=ef0ce039bca2ea32e0ba4e39906deed4 
Number of updated asset objects reloaded before import = 0
Number of asset objects unloaded after import = 2
========================================================================
Received Import Request.
  Time of request: 2026-09-06T07:35:07.2123037Z
  Time since last request: 0.0004522 seconds.
  importAddress: GUID: e71ae91a1b8be47d287970a77ebfcee8 - Path: Assets/IUH_Campus/Prefabs/Environment/IUH_CoveredRamp_Basement.prefab - Importer: ScriptedImporter/UnityEditor.QuickSearchModule:UnityEditor.Search:ASIAI0B
Importing 'GUID: e71ae91a1b8be47d287970a77ebfcee8 - Path: Assets/IUH_Campus/Prefabs/Environment/IUH_CoveredRamp_Basement.prefab - Importer: ScriptedImporter/UnityEditor.QuickSearchModule:UnityEditor.Search:ASIAI0B' with importer (ScriptedImporter : UnityEditor.QuickSearchModule:UnityEditor.Search:ASIAI0B)
Imported 'GUID: e71ae91a1b8be47d287970a77ebfcee8' -> (Import Result ID: '43a1c85f235f134f4147bd1ddf35839d') in 0.014 seconds [static and dynamic dependencies]. Details - ImportResultOutputID=ed03777777d32e18fb4fa1a0b4241f20 DependenciesID=c2c60aa4244db3cb1ae21c63fc9af74f StaticDependenciesID=b487f6c19008a4e128c93237c1851cb2 
Number of updated asset objects reloaded before import = 0
Number of asset objects unloaded after import = 14
========================================================================
Received Import Request.
  Time of request: 2026-09-06T07:35:07.2368903Z
  Time since last request: 0.0005884 seconds.
  importAddress: GUID: 5265754a7102643ddae6e7169a74f92f - Path: Assets/IUH_Campus/Materials/M_IUH_Main_Stone.mat - Importer: ScriptedImporter/UnityEditor.QuickSearchModule:UnityEditor.Search:ASIAI0B
Importing 'GUID: 5265754a7102643ddae6e7169a74f92f - Path: Assets/IUH_Campus/Materials/M_IUH_Main_Stone.mat - Importer: ScriptedImporter/UnityEditor.QuickSearchModule:UnityEditor.Search:ASIAI0B' with importer (ScriptedImporter : UnityEditor.QuickSearchModule:UnityEditor.Search:ASIAI0B)
Imported 'GUID: 5265754a7102643ddae6e7169a74f92f' -> (Import Result ID: '268f6ca4c6fe4fadc285bdc6a716e5a1') in 0.014 seconds [static and dynamic dependencies]. Details - ImportResultOutputID=af63ca4f1eb0288251cdc7c6952ef716 DependenciesID=becaa247d03f13c3cc0b2c9e8ca834a2 StaticDependenciesID=2a8a350050383e38a2b01d091929ce9a 
Number of updated asset objects reloaded before import = 0
Number of asset objects unloaded after import = 2
========================================================================
Received Import Request.
  Time of request: 2026-09-06T07:35:07.2619215Z
  Time since last request: 0.0004146 seconds.
  importAddress: GUID: ddf5e34bb01d50349a3abf2ee6612703 - Path: Assets/IUH_Campus/Prefabs/Architecture/IUH_RightCluster.prefab - Importer: ScriptedImporter/UnityEditor.QuickSearchModule:UnityEditor.Search:ASIAI0B
Importing 'GUID: ddf5e34bb01d50349a3abf2ee6612703 - Path: Assets/IUH_Campus/Prefabs/Architecture/IUH_RightCluster.prefab - Importer: ScriptedImporter/UnityEditor.QuickSearchModule:UnityEditor.Search:ASIAI0B' with importer (ScriptedImporter : UnityEditor.QuickSearchModule:UnityEditor.Search:ASIAI0B)
Imported 'GUID: ddf5e34bb01d50349a3abf2ee6612703' -> (Import Result ID: '729340e563dbdabbe7ce8e88e8d8c3fe') in 0.178 seconds [static and dynamic dependencies]. Details - ImportResultOutputID=d03f27a2f1e2783bdbe8345cb021b63c DependenciesID=c32ec351862c49ce8a3940ccc83243de StaticDependenciesID=543423fc63809b648e908c08b4331b3c 
Number of updated asset objects reloaded before import = 0
Number of asset objects unloaded after import = 8787
========================================================================
Received Import Request.
  Time of request: 2026-09-06T07:35:07.4644793Z
  Time since last request: 0.0000345 seconds.
  importAddress: GUID: 1389d6b62a40e4534ad75080cb43beb2 - Path: Assets/IUH_Campus/Materials/M_IUH_Motorbike_Red.mat - Importer: ScriptedImporter/UnityEditor.QuickSearchModule:UnityEditor.Search:ASIAI0B
Importing 'GUID: 1389d6b62a40e4534ad75080cb43beb2 - Path: Assets/IUH_Campus/Materials/M_IUH_Motorbike_Red.mat - Importer: ScriptedImporter/UnityEditor.QuickSearchModule:UnityEditor.Search:ASIAI0B' with importer (ScriptedImporter : UnityEditor.QuickSearchModule:UnityEditor.Search:ASIAI0B)
Imported 'GUID: 1389d6b62a40e4534ad75080cb43beb2' -> (Import Result ID: '0bec18d362b1b48873259e737aee109d') in 0.006 seconds [static and dynamic dependencies]. Details - ImportResultOutputID=fa793d313c88f1ccd8bf0670673fbba0 DependenciesID=f919368e74788c8e75e63b33bd9d9184 StaticDependenciesID=1f18a0a6192fe18aaf97b806c79e0686 
Number of updated asset objects reloaded before import = 0
Number of asset objects unloaded after import = 2
========================================================================
Received Import Request.
  Time of request: 2026-09-06T07:35:07.4796992Z
  Time since last request: 0.0004333 seconds.
  importAddress: GUID: 879ed60ade3e24b2693e6066814ea4ab - Path: Assets/IUH_Campus/Prefabs/Architecture/IUH_LargeLeftBuilding.prefab - Importer: ScriptedImporter/UnityEditor.QuickSearchModule:UnityEditor.Search:ASIAI0B
Importing 'GUID: 879ed60ade3e24b2693e6066814ea4ab - Path: Assets/IUH_Campus/Prefabs/Architecture/IUH_LargeLeftBuilding.prefab - Importer: ScriptedImporter/UnityEditor.QuickSearchModule:UnityEditor.Search:ASIAI0B' with importer (ScriptedImporter : UnityEditor.QuickSearchModule:UnityEditor.Search:ASIAI0B)
Imported 'GUID: 879ed60ade3e24b2693e6066814ea4ab' -> (Import Result ID: '782e624f4d782d0edf3143dd2f9d080d') in 0.026 seconds [static and dynamic dependencies]. Details - ImportResultOutputID=8e70cb184cdd2be5b29bf7527d61103c DependenciesID=07d7c13ed8a438b93be87cfc802f0647 StaticDependenciesID=0afc114bd70cce4462d1ec653c1d9f3c 
Number of updated asset objects reloaded before import = 0
Number of asset objects unloaded after import = 235
========================================================================
Received Import Request.
  Time of request: 2026-09-06T07:35:07.5161283Z
  Time since last request: 0.0001742 seconds.
  importAddress: GUID: 0bbd5ff0f93194bf8b26d0a74627a875 - Path: Assets/IUH_Campus/Prefabs/Environment/IUH_GrassIsland.prefab - Importer: ScriptedImporter/UnityEditor.QuickSearchModule:UnityEditor.Search:ASIAI0B
Importing 'GUID: 0bbd5ff0f93194bf8b26d0a74627a875 - Path: Assets/IUH_Campus/Prefabs/Environment/IUH_GrassIsland.prefab - Importer: ScriptedImporter/UnityEditor.QuickSearchModule:UnityEditor.Search:ASIAI0B' with importer (ScriptedImporter : UnityEditor.QuickSearchModule:UnityEditor.Search:ASIAI0B)
Imported 'GUID: 0bbd5ff0f93194bf8b26d0a74627a875' -> (Import Result ID: '7949039f250864c1b034b590271979c1') in 0.021 seconds [static and dynamic dependencies]. Details - ImportResultOutputID=35f7bf2d2a9efae7f4c8272ea693ed46 DependenciesID=65f3f8d35d36a1189ab692c53b1695e9 StaticDependenciesID=6a6f73566f65d76cea775df476833255 
Number of updated asset objects reloaded before import = 0
Number of asset objects unloaded after import = 14
========================================================================
Received Import Request.
  Time of request: 2026-09-06T07:35:07.5507624Z
  Time since last request: 0.0003859 seconds.
  importAddress: GUID: bc3d77f23fd5742b2a9f09e873e45f5e - Path: Assets/IUH_Campus/Prefabs/Environment/IUH_FlowerPotRow.prefab - Importer: ScriptedImporter/UnityEditor.QuickSearchModule:UnityEditor.Search:ASIAI0B
Importing 'GUID: bc3d77f23fd5742b2a9f09e873e45f5e - Path: Assets/IUH_Campus/Prefabs/Environment/IUH_FlowerPotRow.prefab - Importer: ScriptedImporter/UnityEditor.QuickSearchModule:UnityEditor.Search:ASIAI0B' with importer (ScriptedImporter : UnityEditor.QuickSearchModule:UnityEditor.Search:ASIAI0B)
Imported 'GUID: bc3d77f23fd5742b2a9f09e873e45f5e' -> (Import Result ID: '8f682299c87e9473c533452ec84c9ed4') in 0.021 seconds [static and dynamic dependencies]. Details - ImportResultOutputID=3c5b0f54cb56bc7c483313d16f901d9f DependenciesID=6ca853fba93df8ca0e5ce60742ba74d3 StaticDependenciesID=540a3332b21e89dc83c8225252b53f79 
Number of updated asset objects reloaded before import = 0
Number of asset objects unloaded after import = 124
========================================================================
Received Import Request.
  Time of request: 2026-09-06T07:35:07.5818684Z
  Time since last request: 0.0002798 seconds.
  importAddress: GUID: 2bfd8515b594048f598d065a25d6c7b3 - Path: Assets/IUH_Campus/Prefabs/Environment/IUH_CentralTreeCluster.prefab - Importer: ScriptedImporter/UnityEditor.QuickSearchModule:UnityEditor.Search:ASIAI0B
Importing 'GUID: 2bfd8515b594048f598d065a25d6c7b3 - Path: Assets/IUH_Campus/Prefabs/Environment/IUH_CentralTreeCluster.prefab - Importer: ScriptedImporter/UnityEditor.QuickSearchModule:UnityEditor.Search:ASIAI0B' with importer (ScriptedImporter : UnityEditor.QuickSearchModule:UnityEditor.Search:ASIAI0B)
Imported 'GUID: 2bfd8515b594048f598d065a25d6c7b3' -> (Import Result ID: 'cc604b5fdc8c4986305530e592305959') in 0.016 seconds [static and dynamic dependencies]. Details - ImportResultOutputID=e0849a33ea2913c4271b662889273bb3 DependenciesID=82aea81d52db3b5abcd52a166a7b84a2 StaticDependenciesID=8b21d7195039260456e867c8781ed6ae 
Number of updated asset objects reloaded before import = 0
Number of asset objects unloaded after import = 152
========================================================================
Received Import Request.
  Time of request: 2026-09-06T07:35:07.6075545Z
  Time since last request: 0.0004205 seconds.
  importAddress: GUID: 70640f069bcf94dc0840b02210c1b26a - Path: Assets/IUH_Campus - Importer: PreviewImporter
Importing 'GUID: 70640f069bcf94dc0840b02210c1b26a - Path: Assets/IUH_Campus - Importer: PreviewImporter' with importer (PreviewImporter)
Imported 'GUID: 70640f069bcf94dc0840b02210c1b26a' -> (Import Result ID: '7228bf135d4e396c215e560facac6f9f') in 0.001 seconds [static and dynamic dependencies]. Details - ImportResultOutputID=7baa96e4bd4626d910b7fb84979fa758 DependenciesID=21fcc8e3f859cffcf5dd53e969f2595c StaticDependenciesID=f113ea0259b9051b72a7f48e7db710bc 
Number of updated asset objects reloaded before import = 0
Number of asset objects unloaded after import = 0
========================================================================
Received Import Request.
  Time of request: 2026-09-06T07:35:07.6193672Z
  Time since last request: 0.0004392 seconds.
  importAddress: GUID: 8cf013afad64a4f81ab45b31c70855c8 - Path: Assets/IUH_Campus/Materials/M_IUH_Main_Concrete.mat - Importer: ScriptedImporter/UnityEditor.QuickSearchModule:UnityEditor.Search:ASIAI0B
Importing 'GUID: 8cf013afad64a4f81ab45b31c70855c8 - Path: Assets/IUH_Campus/Materials/M_IUH_Main_Concrete.mat - Importer: ScriptedImporter/UnityEditor.QuickSearchModule:UnityEditor.Search:ASIAI0B' with importer (ScriptedImporter : UnityEditor.QuickSearchModule:UnityEditor.Search:ASIAI0B)
Imported 'GUID: 8cf013afad64a4f81ab45b31c70855c8' -> (Import Result ID: '7867576b506f5a687d3c5a85fcd84e41') in 0.015 seconds [static and dynamic dependencies]. Details - ImportResultOutputID=9d7dab7fbc6c1c92d259ba91ad6959dd DependenciesID=e236be0b5e0e2ead5ccc0f99eb124fbc StaticDependenciesID=8f447c8aa99b76c162af725fed54ddd1 
Number of updated asset objects reloaded before import = 0
Number of asset objects unloaded after import = 2
========================================================================
Received Import Request.
  Time of request: 2026-09-06T07:35:07.656054Z
  Time since last request: 0.0122855 seconds.
  importAddress: GUID: 48819b80a06e3ee4f8cd5db778a66492 - Path: Assets/IUH_Campus/Materials/M_IUH_Tree_Bark.mat - Importer: ScriptedImporter/UnityEditor.QuickSearchModule:UnityEditor.Search:ASIAI0B
Importing 'GUID: 48819b80a06e3ee4f8cd5db778a66492 - Path: Assets/IUH_Campus/Materials/M_IUH_Tree_Bark.mat - Importer: ScriptedImporter/UnityEditor.QuickSearchModule:UnityEditor.Search:ASIAI0B' with importer (ScriptedImporter : UnityEditor.QuickSearchModule:UnityEditor.Search:ASIAI0B)
Imported 'GUID: 48819b80a06e3ee4f8cd5db778a66492' -> (Import Result ID: '251b5cec4424c65eabfef08c7105d68d') in 0.006 seconds [static and dynamic dependencies]. Details - ImportResultOutputID=bdf18dca7b3f6c355d6e829e32f1cfab DependenciesID=2059afcc339a02cf9614a356fe1033c3 StaticDependenciesID=0ada2de9124ebdcf6405c709c46bf9b8 
Number of updated asset objects reloaded before import = 0
Number of asset objects unloaded after import = 3
========================================================================
Received Import Request.
  Time of request: 2026-09-06T07:35:07.6710049Z
  Time since last request: 0.0003982 seconds.
  importAddress: GUID: d2f0d46a51f7f494b9dd3af80c09eb2b - Path: Assets/IUH_Campus/Materials/M_IUH_Int_Poster1.mat - Importer: ScriptedImporter/UnityEditor.QuickSearchModule:UnityEditor.Search:ASIAI0B
Importing 'GUID: d2f0d46a51f7f494b9dd3af80c09eb2b - Path: Assets/IUH_Campus/Materials/M_IUH_Int_Poster1.mat - Importer: ScriptedImporter/UnityEditor.QuickSearchModule:UnityEditor.Search:ASIAI0B' with importer (ScriptedImporter : UnityEditor.QuickSearchModule:UnityEditor.Search:ASIAI0B)
Imported 'GUID: d2f0d46a51f7f494b9dd3af80c09eb2b' -> (Import Result ID: 'df0e941e3b8f7206823cc6b042d9e059') in 0.019 seconds [static and dynamic dependencies]. Details - ImportResultOutputID=8fb18e119948d03dfeca9462493c6ae1 DependenciesID=bcb2a4e07134867cc91fffffbbc8be53 StaticDependenciesID=2501e067d5c80ca00d7c9bcb81e1ab4d 
Number of updated asset objects reloaded before import = 0
Number of asset objects unloaded after import = 3
========================================================================
Received Import Request.
  Time of request: 2026-09-06T07:35:07.7017852Z
  Time since last request: 0.0005043 seconds.
  importAddress: GUID: 853db2e41830a8147ade716778152a65 - Path: Assets/IUH_Campus/Textures/T_IUH_Concrete_Seams.png - Importer: ScriptedImporter/UnityEditor.QuickSearchModule:UnityEditor.Search:ASIAI0B
Importing 'GUID: 853db2e41830a8147ade716778152a65 - Path: Assets/IUH_Campus/Textures/T_IUH_Concrete_Seams.png - Importer: ScriptedImporter/UnityEditor.QuickSearchModule:UnityEditor.Search:ASIAI0B' with importer (ScriptedImporter : UnityEditor.QuickSearchModule:UnityEditor.Search:ASIAI0B)
Imported 'GUID: 853db2e41830a8147ade716778152a65' -> (Import Result ID: '0a0f98c907e73d93248168830a79b95d') in 0.007 seconds [static and dynamic dependencies]. Details - ImportResultOutputID=a12f309c4eb62b5deaccd94b0761e40c DependenciesID=12d2513919b9f1cb3e2982966def0df6 StaticDependenciesID=42883b8d48588985682bdf283cb27e02 
Number of updated asset objects reloaded before import = 0
Number of asset objects unloaded after import = 1
========================================================================
Received Import Request.
  Time of request: 2026-09-06T07:35:07.7207043Z
  Time since last request: 0.000531 seconds.
  importAddress: GUID: e8b534f9f898d154cb94990ef7abec8a - Path: Assets/IUH_Campus/Textures/T_IUH_Manhole_Cover.png - Importer: ScriptedImporter/UnityEditor.QuickSearchModule:UnityEditor.Search:ASIAI0B
Importing 'GUID: e8b534f9f898d154cb94990ef7abec8a - Path: Assets/IUH_Campus/Textures/T_IUH_Manhole_Cover.png - Importer: ScriptedImporter/UnityEditor.QuickSearchModule:UnityEditor.Search:ASIAI0B' with importer (ScriptedImporter : UnityEditor.QuickSearchModule:UnityEditor.Search:ASIAI0B)
Imported 'GUID: e8b534f9f898d154cb94990ef7abec8a' -> (Import Result ID: 'a23d9164435813303ea368449ecc580d') in 0.007 seconds [static and dynamic dependencies]. Details - ImportResultOutputID=14dad7f3cdcfd301e40c331fcfeab9cf DependenciesID=25b518b3c7d430a5bbe15a10042631d7 StaticDependenciesID=42650a8f976f3d4c3988a313150092b6 
Number of updated asset objects reloaded before import = 0
Number of asset objects unloaded after import = 1
========================================================================
Received Import Request.
  Time of request: 2026-09-06T07:35:07.7401811Z
  Time since last request: 0.0004191 seconds.
  importAddress: GUID: 581f8fed23f721d49b3ac03a09b6bbb4 - Path: Assets/IUH_Campus/Materials/M_IUH_Bench_Granite.mat - Importer: ScriptedImporter/UnityEditor.QuickSearchModule:UnityEditor.Search:ASIAI0B
Importing 'GUID: 581f8fed23f721d49b3ac03a09b6bbb4 - Path: Assets/IUH_Campus/Materials/M_IUH_Bench_Granite.mat - Importer: ScriptedImporter/UnityEditor.QuickSearchModule:UnityEditor.Search:ASIAI0B' with importer (ScriptedImporter : UnityEditor.QuickSearchModule:UnityEditor.Search:ASIAI0B)
Imported 'GUID: 581f8fed23f721d49b3ac03a09b6bbb4' -> (Import Result ID: 'f6d64529c0f5d0050435426cced15565') in 0.007 seconds [static and dynamic dependencies]. Details - ImportResultOutputID=6038d9937d25f87bcc4b0f28f1b8c8b1 DependenciesID=7f23e1d2b9c8adcd3abff33d0110bd6f StaticDependenciesID=6a0b31415e52b4c7cb551edb0b914f79 
Number of updated asset objects reloaded before import = 0
Number of asset objects unloaded after import = 3
========================================================================
Received Import Request.
  Time of request: 2026-09-06T07:35:07.7595806Z
  Time since last request: 0.0004496 seconds.
  importAddress: GUID: c35a44142130bb843b870a19750d4925 - Path: Assets/IUH_Campus/Scripts/IUHCharacterAnimator.cs - Importer: ScriptedImporter/UnityEditor.QuickSearchModule:UnityEditor.Search:ASIAI0B
Importing 'GUID: c35a44142130bb843b870a19750d4925 - Path: Assets/IUH_Campus/Scripts/IUHCharacterAnimator.cs - Importer: ScriptedImporter/UnityEditor.QuickSearchModule:UnityEditor.Search:ASIAI0B' with importer (ScriptedImporter : UnityEditor.QuickSearchModule:UnityEditor.Search:ASIAI0B)
Imported 'GUID: c35a44142130bb843b870a19750d4925' -> (Import Result ID: 'f1e0b366e2d625069344fb76020e2436') in 0.005 seconds [static and dynamic dependencies]. Details - ImportResultOutputID=a7189f0ae90d5222c38e349eef202ebe DependenciesID=c3022237cd20f50ad117d53677145095 StaticDependenciesID=c0277fcb9d8ecb4f74aa7effbc64bb33 
Number of updated asset objects reloaded before import = 0
Number of asset objects unloaded after import = 0
========================================================================
Received Import Request.
  Time of request: 2026-09-06T07:35:07.7765548Z
  Time since last request: 0.0004786 seconds.
  importAddress: GUID: 573da9f8aa28f9b45bb77f1358e8ff03 - Path: Assets/IUH_Campus/Textures/T_Interior_AcademicPoster2.png - Importer: ScriptedImporter/UnityEditor.QuickSearchModule:UnityEditor.Search:ASIAI0B
Importing 'GUID: 573da9f8aa28f9b45bb77f1358e8ff03 - Path: Assets/IUH_Campus/Textures/T_Interior_AcademicPoster2.png - Importer: ScriptedImporter/UnityEditor.QuickSearchModule:UnityEditor.Search:ASIAI0B' with importer (ScriptedImporter : UnityEditor.QuickSearchModule:UnityEditor.Search:ASIAI0B)
Imported 'GUID: 573da9f8aa28f9b45bb77f1358e8ff03' -> (Import Result ID: '204252ded53479e757deb2ca3ab1f671') in 0.017 seconds [static and dynamic dependencies]. Details - ImportResultOutputID=919ec0aa44dc520528afc1412bb4fc29 DependenciesID=940d669cebd0c16db3bad907c8c8a28d StaticDependenciesID=07f2493b7d8653cfd52911728d43925e 
Number of updated asset objects reloaded before import = 0
Number of asset objects unloaded after import = 1
========================================================================
Received Import Request.
  Time of request: 2026-09-06T07:35:07.8036384Z
  Time since last request: 0.0004762 seconds.
  importAddress: GUID: 92a50b70e8aa1a14a9bf1464be9fe345 - Path: Assets/IUH_Campus/Textures/T_IUH_Window_Blinds.png - Importer: ScriptedImporter/UnityEditor.QuickSearchModule:UnityEditor.Search:ASIAI0B
Importing 'GUID: 92a50b70e8aa1a14a9bf1464be9fe345 - Path: Assets/IUH_Campus/Textures/T_IUH_Window_Blinds.png - Importer: ScriptedImporter/UnityEditor.QuickSearchModule:UnityEditor.Search:ASIAI0B' with importer (ScriptedImporter : UnityEditor.QuickSearchModule:UnityEditor.Search:ASIAI0B)
Imported 'GUID: 92a50b70e8aa1a14a9bf1464be9fe345' -> (Import Result ID: '0fd5ecffbc4b964186af7cf9714694e0') in 0.008 seconds [static and dynamic dependencies]. Details - ImportResultOutputID=c38ee256a0975a574d25cbed2042828e DependenciesID=2c6a48532a8f29cd8a8095f55dfb7a5d StaticDependenciesID=a226fa698054c2c77749015627a0e7a5 
Number of updated asset objects reloaded before import = 0
Number of asset objects unloaded after import = 1
========================================================================
Received Import Request.
  Time of request: 2026-09-06T07:35:07.8232009Z
  Time since last request: 0.0004739 seconds.
  importAddress: GUID: 603695e4be7440344ab54fe72848c348 - Path: Assets/IUH_Campus/Materials/M_IUH_Int_LightWood.mat - Importer: ScriptedImporter/UnityEditor.QuickSearchModule:UnityEditor.Search:ASIAI0B
Importing 'GUID: 603695e4be7440344ab54fe72848c348 - Path: Assets/IUH_Campus/Materials/M_IUH_Int_LightWood.mat - Importer: ScriptedImporter/UnityEditor.QuickSearchModule:UnityEditor.Search:ASIAI0B' with importer (ScriptedImporter : UnityEditor.QuickSearchModule:UnityEditor.Search:ASIAI0B)
Imported 'GUID: 603695e4be7440344ab54fe72848c348' -> (Import Result ID: 'f1467e13f8429fd2c413498756af8e3a') in 0.016 seconds [static and dynamic dependencies]. Details - ImportResultOutputID=75111ac405de6f198788f7018ff49673 DependenciesID=06204372c7faecfbb684a7681c95c7a5 StaticDependenciesID=834c9a580af5386fbd6ae1255ab787c0 
Number of updated asset objects reloaded before import = 0
Number of asset objects unloaded after import = 3
========================================================================
Received Import Request.
  Time of request: 2026-09-06T07:35:07.8519391Z
  Time since last request: 0.0003226 seconds.
  importAddress: GUID: 0dd0f28be86ddf74e9ae86dfefcc33e4 - Path: Assets/IUH_Campus/Screenshots/player_02_reception.png - Importer: ScriptedImporter/UnityEditor.QuickSearchModule:UnityEditor.Search:ASIAI0B
Importing 'GUID: 0dd0f28be86ddf74e9ae86dfefcc33e4 - Path: Assets/IUH_Campus/Screenshots/player_02_reception.png - Importer: ScriptedImporter/UnityEditor.QuickSearchModule:UnityEditor.Search:ASIAI0B' with importer (ScriptedImporter : UnityEditor.QuickSearchModule:UnityEditor.Search:ASIAI0B)
Imported 'GUID: 0dd0f28be86ddf74e9ae86dfefcc33e4' -> (Import Result ID: '04512b8879bb05517157dca6cc6d34d2') in 0.016 seconds [static and dynamic dependencies]. Details - ImportResultOutputID=3bdc40267f0904b4d13175de39422b0f DependenciesID=ea0ddb1faf782ea1aaf0812eb0e51057 StaticDependenciesID=ae09d631db894ef12a925f8eb331314d 
Number of updated asset objects reloaded before import = 0
Number of asset objects unloaded after import = 1
========================================================================
Received Import Request.
  Time of request: 2026-09-06T07:35:07.8771316Z
  Time since last request: 0.00045 seconds.
  importAddress: GUID: 690fdc4ac4569da49b7702693419827b - Path: Assets/IUH_Campus/Materials/M_IUH_Int_GlassFrosted.mat - Importer: ScriptedImporter/UnityEditor.QuickSearchModule:UnityEditor.Search:ASIAI0B
Importing 'GUID: 690fdc4ac4569da49b7702693419827b - Path: Assets/IUH_Campus/Materials/M_IUH_Int_GlassFrosted.mat - Importer: ScriptedImporter/UnityEditor.QuickSearchModule:UnityEditor.Search:ASIAI0B' with importer (ScriptedImporter : UnityEditor.QuickSearchModule:UnityEditor.Search:ASIAI0B)
Imported 'GUID: 690fdc4ac4569da49b7702693419827b' -> (Import Result ID: '6acd1e0e63ac93eb5ce373fa2109926b') in 0.016 seconds [static and dynamic dependencies]. Details - ImportResultOutputID=382e1801e0968d0009a91f8017fb9e7b DependenciesID=af42a3e1f456d94a308704cccdc582d8 StaticDependenciesID=b7d5c23c50ec307626044c4ee044b154 
Number of updated asset objects reloaded before import = 0
Number of asset objects unloaded after import = 2
========================================================================
Received Import Request.
  Time of request: 2026-09-06T07:35:07.9046958Z
  Time since last request: 0.0005618 seconds.
  importAddress: GUID: db7d58aa66dc8484aa7093640cdd2cad - Path: Assets/IUH_Campus/Screenshots/interior_front_desk.png - Importer: ScriptedImporter/UnityEditor.QuickSearchModule:UnityEditor.Search:ASIAI0B
Importing 'GUID: db7d58aa66dc8484aa7093640cdd2cad - Path: Assets/IUH_Campus/Screenshots/interior_front_desk.png - Importer: ScriptedImporter/UnityEditor.QuickSearchModule:UnityEditor.Search:ASIAI0B' with importer (ScriptedImporter : UnityEditor.QuickSearchModule:UnityEditor.Search:ASIAI0B)
Imported 'GUID: db7d58aa66dc8484aa7093640cdd2cad' -> (Import Result ID: 'b949c44b4de635d406429bcad2294865') in 0.019 seconds [static and dynamic dependencies]. Details - ImportResultOutputID=be1089f69f452b1c798d5a1ca4ebc240 DependenciesID=17d5dbab7e523682f112f3e2bf819dfa StaticDependenciesID=39412930bef1953d15ce3b489847d897 
Number of updated asset objects reloaded before import = 0
Number of asset objects unloaded after import = 1
========================================================================
Received Import Request.
  Time of request: 2026-09-06T07:35:07.9350473Z
  Time since last request: 0.0004201 seconds.
  importAddress: GUID: 542e22a9440da574abf1e24f38c321b2 - Path: Assets/IUH_Campus/Prefabs/Architecture/IUH_RightCluster_Interior.prefab - Importer: ScriptedImporter/UnityEditor.QuickSearchModule:UnityEditor.Search:ASIAI0B
Importing 'GUID: 542e22a9440da574abf1e24f38c321b2 - Path: Assets/IUH_Campus/Prefabs/Architecture/IUH_RightCluster_Interior.prefab - Importer: ScriptedImporter/UnityEditor.QuickSearchModule:UnityEditor.Search:ASIAI0B' with importer (ScriptedImporter : UnityEditor.QuickSearchModule:UnityEditor.Search:ASIAI0B)
Imported 'GUID: 542e22a9440da574abf1e24f38c321b2' -> (Import Result ID: 'ac8945fd9dc3e04157a8dde7dc56e0f4') in 0.069 seconds [static and dynamic dependencies]. Details - ImportResultOutputID=d5ffdb511ac08d935ee8b0de0de94181 DependenciesID=c7b1e0e9a744c26b9697f026fede95fc StaticDependenciesID=ec4bc60c30caf27827e04e432bfece0d 
Number of updated asset objects reloaded before import = 0
Number of asset objects unloaded after import = 2552
========================================================================
Received Import Request.
  Time of request: 2026-09-06T07:35:08.0180058Z
  Time since last request: 0.0000239 seconds.
  importAddress: GUID: afc1603da39c968449033029f27c11d1 - Path: Assets/IUH_Campus/Materials/M_IUH_Concrete_Curb.mat - Importer: ScriptedImporter/UnityEditor.QuickSearchModule:UnityEditor.Search:ASIAI0B
Importing 'GUID: afc1603da39c968449033029f27c11d1 - Path: Assets/IUH_Campus/Materials/M_IUH_Concrete_Curb.mat - Importer: ScriptedImporter/UnityEditor.QuickSearchModule:UnityEditor.Search:ASIAI0B' with importer (ScriptedImporter : UnityEditor.QuickSearchModule:UnityEditor.Search:ASIAI0B)
Imported 'GUID: afc1603da39c968449033029f27c11d1' -> (Import Result ID: '2c3986c78c92e58b7693fcb192a1d197') in 0.007 seconds [static and dynamic dependencies]. Details - ImportResultOutputID=f5217565eef90dbc5b8c190c70659d93 DependenciesID=87d3d1aff3e10f224817dce67241a698 StaticDependenciesID=6bac73f77cc9e08ab4e69d65bc5faab6 
Number of updated asset objects reloaded before import = 0
Number of asset objects unloaded after import = 3
========================================================================
Received Import Request.
  Time of request: 2026-09-06T07:35:08.0365001Z
  Time since last request: 0.0003515 seconds.
  importAddress: GUID: fa67c61514228684c8ee546d4c2017ac - Path: Assets/IUH_Campus/Editor/IUHRealismAutomation.cs - Importer: ScriptedImporter/UnityEditor.QuickSearchModule:UnityEditor.Search:ASIAI0B
Importing 'GUID: fa67c61514228684c8ee546d4c2017ac - Path: Assets/IUH_Campus/Editor/IUHRealismAutomation.cs - Importer: ScriptedImporter/UnityEditor.QuickSearchModule:UnityEditor.Search:ASIAI0B' with importer (ScriptedImporter : UnityEditor.QuickSearchModule:UnityEditor.Search:ASIAI0B)
Imported 'GUID: fa67c61514228684c8ee546d4c2017ac' -> (Import Result ID: '57329ca469d0a9871eb2407e718589ed') in 0.004 seconds [static and dynamic dependencies]. Details - ImportResultOutputID=8beb646aa5c54c7ec320d158632a2f2f DependenciesID=8fc28f4b573cf8e28c4f76c2de11c64f StaticDependenciesID=32ae815fef19c32eda29069b7fdd9209 
Number of updated asset objects reloaded before import = 0
Number of asset objects unloaded after import = 0
========================================================================
Received Import Request.
  Time of request: 2026-09-06T07:35:08.0510345Z
  Time since last request: 0.0004734 seconds.
  importAddress: GUID: d1b5a79c02c59bb42919b51ffb9e5f44 - Path: Assets/IUH_Campus/Materials/M_IUH_Sign_Directional.mat - Importer: ScriptedImporter/UnityEditor.QuickSearchModule:UnityEditor.Search:ASIAI0B
Importing 'GUID: d1b5a79c02c59bb42919b51ffb9e5f44 - Path: Assets/IUH_Campus/Materials/M_IUH_Sign_Directional.mat - Importer: ScriptedImporter/UnityEditor.QuickSearchModule:UnityEditor.Search:ASIAI0B' with importer (ScriptedImporter : UnityEditor.QuickSearchModule:UnityEditor.Search:ASIAI0B)
Imported 'GUID: d1b5a79c02c59bb42919b51ffb9e5f44' -> (Import Result ID: '7c2fc6cad60154141da9fca1a6e1a183') in 0.006 seconds [static and dynamic dependencies]. Details - ImportResultOutputID=3d91a44958b9f0f86d9095be2b97111f DependenciesID=82cd4e10ed30ebf439865a00121ede78 StaticDependenciesID=fb7ab8b8707220ffb12603b9fa4378de 
Number of updated asset objects reloaded before import = 0
Number of asset objects unloaded after import = 3
========================================================================
Received Import Request.
  Time of request: 2026-09-06T07:35:08.0671771Z
  Time since last request: 0.0003599 seconds.
  importAddress: GUID: 7fb1e694f3deae64aa2ac21e50168742 - Path: Assets/IUH_Campus/Textures/T_IUH_Sign_NoticeBoard.png - Importer: ScriptedImporter/UnityEditor.QuickSearchModule:UnityEditor.Search:ASIAI0B
Importing 'GUID: 7fb1e694f3deae64aa2ac21e50168742 - Path: Assets/IUH_Campus/Textures/T_IUH_Sign_NoticeBoard.png - Importer: ScriptedImporter/UnityEditor.QuickSearchModule:UnityEditor.Search:ASIAI0B' with importer (ScriptedImporter : UnityEditor.QuickSearchModule:UnityEditor.Search:ASIAI0B)
Imported 'GUID: 7fb1e694f3deae64aa2ac21e50168742' -> (Import Result ID: '9fd13e4cb692a5c7ef88d26530ed853c') in 0.008 seconds [static and dynamic dependencies]. Details - ImportResultOutputID=b7eabd66b8b1687c763a9a24f6df6376 DependenciesID=d2485c7d4497ac1d6a163b5896e6e24b StaticDependenciesID=1a07c2db49c7111cc2fe0dc2c083b219 
Number of updated asset objects reloaded before import = 0
Number of asset objects unloaded after import = 1
========================================================================
Received Import Request.
  Time of request: 2026-09-06T07:35:08.0855938Z
  Time since last request: 0.0004613 seconds.
  importAddress: GUID: 19c36af47d5df5a45a7f8116def73249 - Path: Assets/IUH_Campus/Materials/M_IUH_Int_Poster2.mat - Importer: ScriptedImporter/UnityEditor.QuickSearchModule:UnityEditor.Search:ASIAI0B
Importing 'GUID: 19c36af47d5df5a45a7f8116def73249 - Path: Assets/IUH_Campus/Materials/M_IUH_Int_Poster2.mat - Importer: ScriptedImporter/UnityEditor.QuickSearchModule:UnityEditor.Search:ASIAI0B' with importer (ScriptedImporter : UnityEditor.QuickSearchModule:UnityEditor.Search:ASIAI0B)
Imported 'GUID: 19c36af47d5df5a45a7f8116def73249' -> (Import Result ID: 'ff86727351b63ffbd4ed244569f52031') in 0.016 seconds [static and dynamic dependencies]. Details - ImportResultOutputID=f0618083405bdf4eba213ac5d006530b DependenciesID=4c1b8b090d50fcbdefd7a79c55e97d96 StaticDependenciesID=33456f6e5bcf1d379ec6288d2d4935d6 
Number of updated asset objects reloaded before import = 0
Number of asset objects unloaded after import = 3
========================================================================
Received Import Request.
  Time of request: 2026-09-06T07:35:08.111406Z
  Time since last request: 0.0003971 seconds.
  importAddress: GUID: 28a7d24fd79a17c479bafe45071c644f - Path: Assets/IUH_Campus/Textures/T_Interior_CyanFabric.png - Importer: ScriptedImporter/UnityEditor.QuickSearchModule:UnityEditor.Search:ASIAI0B
Importing 'GUID: 28a7d24fd79a17c479bafe45071c644f - Path: Assets/IUH_Campus/Textures/T_Interior_CyanFabric.png - Importer: ScriptedImporter/UnityEditor.QuickSearchModule:UnityEditor.Search:ASIAI0B' with importer (ScriptedImporter : UnityEditor.QuickSearchModule:UnityEditor.Search:ASIAI0B)
Imported 'GUID: 28a7d24fd79a17c479bafe45071c644f' -> (Import Result ID: '60f39babe828a999694d3ccc8e431950') in 0.015 seconds [static and dynamic dependencies]. Details - ImportResultOutputID=d1ec8a53268e955e341bdfdd878a769f DependenciesID=74ea2591c206f798e6660348c60f51af StaticDependenciesID=b34b588c2b09a701ba065fb5c3e62851 
Number of updated asset objects reloaded before import = 0
Number of asset objects unloaded after import = 1
========================================================================
Received Import Request.
  Time of request: 2026-09-06T07:35:08.1371083Z
  Time since last request: 0.0003969 seconds.
  importAddress: GUID: 9a756aaeff7aa89478d49d8b04072928 - Path: Assets/IUH_Campus/Materials/M_IUH_Int_NavyChair.mat - Importer: ScriptedImporter/UnityEditor.QuickSearchModule:UnityEditor.Search:ASIAI0B
Importing 'GUID: 9a756aaeff7aa89478d49d8b04072928 - Path: Assets/IUH_Campus/Materials/M_IUH_Int_NavyChair.mat - Importer: ScriptedImporter/UnityEditor.QuickSearchModule:UnityEditor.Search:ASIAI0B' with importer (ScriptedImporter : UnityEditor.QuickSearchModule:UnityEditor.Search:ASIAI0B)
Imported 'GUID: 9a756aaeff7aa89478d49d8b04072928' -> (Import Result ID: 'f7370e58872f53ee5027bb476102fa48') in 0.014 seconds [static and dynamic dependencies]. Details - ImportResultOutputID=914033b32462367b2310d79f204e3c15 DependenciesID=9abd95b8a47c603b8de3855821f30b9a StaticDependenciesID=ef403c58678c32e093040f0dbfd588dc 
Number of updated asset objects reloaded before import = 0
Number of asset objects unloaded after import = 2
========================================================================
Received Import Request.
  Time of request: 2026-09-06T07:35:08.1616907Z
  Time since last request: 0.0004014 seconds.
  importAddress: GUID: ba11b5b11ad70944fa91b842a92a644c - Path: Assets/IUH_Campus/Textures/T_IUH_Sign_Directional.png - Importer: ScriptedImporter/UnityEditor.QuickSearchModule:UnityEditor.Search:ASIAI0B
Importing 'GUID: ba11b5b11ad70944fa91b842a92a644c - Path: Assets/IUH_Campus/Textures/T_IUH_Sign_Directional.png - Importer: ScriptedImporter/UnityEditor.QuickSearchModule:UnityEditor.Search:ASIAI0B' with importer (ScriptedImporter : UnityEditor.QuickSearchModule:UnityEditor.Search:ASIAI0B)
Imported 'GUID: ba11b5b11ad70944fa91b842a92a644c' -> (Import Result ID: 'bb92ec6c20272995ec3d65981b9674aa') in 0.007 seconds [static and dynamic dependencies]. Details - ImportResultOutputID=5c8ae86e871f9ec917a670577e321647 DependenciesID=fd34593f8c89c5fc7744f29d8692dd91 StaticDependenciesID=181bfcf62a0a5bae1362ef47e3c67a9b 
Number of updated asset objects reloaded before import = 0
Number of asset objects unloaded after import = 1
========================================================================
Received Import Request.
  Time of request: 2026-09-06T07:35:08.1801234Z
  Time since last request: 0.0003724 seconds.
  importAddress: GUID: 3954973b7e8c842e88da6955e3e6b36a - Path: Assets/IUH_Campus/Editor/IUHMaterialGenerator.cs - Importer: ScriptedImporter/UnityEditor.QuickSearchModule:UnityEditor.Search:ASIAI0B
Importing 'GUID: 3954973b7e8c842e88da6955e3e6b36a - Path: Assets/IUH_Campus/Editor/IUHMaterialGenerator.cs - Importer: ScriptedImporter/UnityEditor.QuickSearchModule:UnityEditor.Search:ASIAI0B' with importer (ScriptedImporter : UnityEditor.QuickSearchModule:UnityEditor.Search:ASIAI0B)
Imported 'GUID: 3954973b7e8c842e88da6955e3e6b36a' -> (Import Result ID: '8612b11a8379fa3a59d1d98d117c90e8') in 0.003 seconds [static and dynamic dependencies]. Details - ImportResultOutputID=59635e288456b9b454a8be4560d9c406 DependenciesID=5311297c860211e6814044824342a7df StaticDependenciesID=16439a7cf862fb5e17557f783fa64aea 
Number of updated asset objects reloaded before import = 0
Number of asset objects unloaded after import = 0
========================================================================
Received Import Request.
  Time of request: 2026-09-06T07:35:08.1931819Z
  Time since last request: 0.0003281 seconds.
  importAddress: GUID: d63b9aafb94a8354c80e6ad61e3df50e - Path: Assets/IUH_Campus/Materials/M_IUH_Int_LEDDisplay.mat - Importer: ScriptedImporter/UnityEditor.QuickSearchModule:UnityEditor.Search:ASIAI0B
Importing 'GUID: d63b9aafb94a8354c80e6ad61e3df50e - Path: Assets/IUH_Campus/Materials/M_IUH_Int_LEDDisplay.mat - Importer: ScriptedImporter/UnityEditor.QuickSearchModule:UnityEditor.Search:ASIAI0B' with importer (ScriptedImporter : UnityEditor.QuickSearchModule:UnityEditor.Search:ASIAI0B)
Imported 'GUID: d63b9aafb94a8354c80e6ad61e3df50e' -> (Import Result ID: '9e533cc1ce5f6152293031b398123bef') in 0.015 seconds [static and dynamic dependencies]. Details - ImportResultOutputID=ba5bf94e9c1300d17c3f25fa50364cdf DependenciesID=c28629f5119099d2fec63d5df8795d84 StaticDependenciesID=0b181fcfe83546d12655155a30ce6764 
Number of updated asset objects reloaded before import = 0
Number of asset objects unloaded after import = 3
========================================================================
Received Import Request.
  Time of request: 2026-09-06T07:35:08.2200066Z
  Time since last request: 0.0003086 seconds.
  importAddress: GUID: db2e58d5a6d341249ac705dadd7dd254 - Path: Assets/IUH_Campus/Textures/T_IUH_Wall_Weathered.png - Importer: ScriptedImporter/UnityEditor.QuickSearchModule:UnityEditor.Search:ASIAI0B
Importing 'GUID: db2e58d5a6d341249ac705dadd7dd254 - Path: Assets/IUH_Campus/Textures/T_IUH_Wall_Weathered.png - Importer: ScriptedImporter/UnityEditor.QuickSearchModule:UnityEditor.Search:ASIAI0B' with importer (ScriptedImporter : UnityEditor.QuickSearchModule:UnityEditor.Search:ASIAI0B)
Imported 'GUID: db2e58d5a6d341249ac705dadd7dd254' -> (Import Result ID: 'dcce53c23ce4f987ae197b07c4d42f91') in 0.006 seconds [static and dynamic dependencies]. Details - ImportResultOutputID=e6984bb1e25405f30b40c02ddb24d95c DependenciesID=3743928ddae07cccc3f55f296f6fe0e1 StaticDependenciesID=8a6bd0f8162e638b2a24d2092e09bf12 
Number of updated asset objects reloaded before import = 0
Number of asset objects unloaded after import = 1
========================================================================
Received Import Request.
  Time of request: 2026-09-06T07:35:08.2374877Z
  Time since last request: 0.0004469 seconds.
  importAddress: GUID: 66a16b11361c06e4b84dea99517b437d - Path: Assets/IUH_Campus/Screenshots/player_01_exterior_entrance.png - Importer: ScriptedImporter/UnityEditor.QuickSearchModule:UnityEditor.Search:ASIAI0B
Importing 'GUID: 66a16b11361c06e4b84dea99517b437d - Path: Assets/IUH_Campus/Screenshots/player_01_exterior_entrance.png - Importer: ScriptedImporter/UnityEditor.QuickSearchModule:UnityEditor.Search:ASIAI0B' with importer (ScriptedImporter : UnityEditor.QuickSearchModule:UnityEditor.Search:ASIAI0B)
Imported 'GUID: 66a16b11361c06e4b84dea99517b437d' -> (Import Result ID: 'c23eb09192c7e8c56cb2aa9ec06206b0') in 0.018 seconds [static and dynamic dependencies]. Details - ImportResultOutputID=a4e3eaae873a2f663eae2bf70f48a33d DependenciesID=cbb24760c8c2c94f7c3cdc4a1a5e95bc StaticDependenciesID=9d184fb8e13867a6ad76ff3bb1ad1dd5 
Number of updated asset objects reloaded before import = 0
Number of asset objects unloaded after import = 1
========================================================================
Received Import Request.
  Time of request: 2026-09-06T07:35:08.2665128Z
  Time since last request: 0.0004115 seconds.
  importAddress: GUID: d432d006f43787a4da5aa1cc22f025e6 - Path: Assets/IUH_Campus/Materials/M_IUH_Int_ScreenPC.mat - Importer: ScriptedImporter/UnityEditor.QuickSearchModule:UnityEditor.Search:ASIAI0B
Importing 'GUID: d432d006f43787a4da5aa1cc22f025e6 - Path: Assets/IUH_Campus/Materials/M_IUH_Int_ScreenPC.mat - Importer: ScriptedImporter/UnityEditor.QuickSearchModule:UnityEditor.Search:ASIAI0B' with importer (ScriptedImporter : UnityEditor.QuickSearchModule:UnityEditor.Search:ASIAI0B)
Imported 'GUID: d432d006f43787a4da5aa1cc22f025e6' -> (Import Result ID: '88aff71e0f72ce0dc4bab1a56ce03f54') in 0.017 seconds [static and dynamic dependencies]. Details - ImportResultOutputID=1059fabeacfb35795916637528a7c5a0 DependenciesID=06749c6db3a146599279fa8bff5a9dc3 StaticDependenciesID=87764e69cfa60e0bb714710581baf3a8 
Number of updated asset objects reloaded before import = 0
Number of asset objects unloaded after import = 3
========================================================================
Received Import Request.
  Time of request: 2026-09-06T07:35:08.2965847Z
  Time since last request: 0.0002803 seconds.
  importAddress: GUID: a9a0b15db39e2ae4c840f83f9131d5e4 - Path: Assets/IUH_Campus/Screenshots/interior_connecting_corridor.png - Importer: ScriptedImporter/UnityEditor.QuickSearchModule:UnityEditor.Search:ASIAI0B
Importing 'GUID: a9a0b15db39e2ae4c840f83f9131d5e4 - Path: Assets/IUH_Campus/Screenshots/interior_connecting_corridor.png - Importer: ScriptedImporter/UnityEditor.QuickSearchModule:UnityEditor.Search:ASIAI0B' with importer (ScriptedImporter : UnityEditor.QuickSearchModule:UnityEditor.Search:ASIAI0B)
Imported 'GUID: a9a0b15db39e2ae4c840f83f9131d5e4' -> (Import Result ID: 'c8dc7e998946b053ea87c0f15ee1fa94') in 0.017 seconds [static and dynamic dependencies]. Details - ImportResultOutputID=8797868cb2db4fab6398253209fb640f DependenciesID=8962dfa024f720a68a3a2d195da887c9 StaticDependenciesID=582d9293a22dd1e1c09c89d979f29345 
Number of updated asset objects reloaded before import = 0
Number of asset objects unloaded after import = 1
========================================================================
Received Import Request.
  Time of request: 2026-09-06T07:35:08.3256705Z
  Time since last request: 0.000409 seconds.
  importAddress: GUID: 9f4e0e5332d3720488bfd2c7ab536975 - Path: Assets/IUH_Campus/Textures/T_IUH_Asphalt_Cracks.png - Importer: ScriptedImporter/UnityEditor.QuickSearchModule:UnityEditor.Search:ASIAI0B
Importing 'GUID: 9f4e0e5332d3720488bfd2c7ab536975 - Path: Assets/IUH_Campus/Textures/T_IUH_Asphalt_Cracks.png - Importer: ScriptedImporter/UnityEditor.QuickSearchModule:UnityEditor.Search:ASIAI0B' with importer (ScriptedImporter : UnityEditor.QuickSearchModule:UnityEditor.Search:ASIAI0B)
Imported 'GUID: 9f4e0e5332d3720488bfd2c7ab536975' -> (Import Result ID: 'e732f821d17baa8c3c0ad0bb11ce28d7') in 0.008 seconds [static and dynamic dependencies]. Details - ImportResultOutputID=a63e0f4aa3571ddcd7037982352b34f3 DependenciesID=628807dd2237a4bc792b64acc752aa35 StaticDependenciesID=06da44f44cc4b96113172e4f03940c2d 
Number of updated asset objects reloaded before import = 0
Number of asset objects unloaded after import = 1
========================================================================
Received Import Request.
  Time of request: 2026-09-06T07:35:08.3462236Z
  Time since last request: 0.0004362 seconds.
  importAddress: GUID: 55c13139ce9afcc439024dff03cd651d - Path: Assets/IUH_Campus/Scripts/IUHAutomaticDoor.cs - Importer: ScriptedImporter/UnityEditor.QuickSearchModule:UnityEditor.Search:ASIAI0B
Importing 'GUID: 55c13139ce9afcc439024dff03cd651d - Path: Assets/IUH_Campus/Scripts/IUHAutomaticDoor.cs - Importer: ScriptedImporter/UnityEditor.QuickSearchModule:UnityEditor.Search:ASIAI0B' with importer (ScriptedImporter : UnityEditor.QuickSearchModule:UnityEditor.Search:ASIAI0B)
Imported 'GUID: 55c13139ce9afcc439024dff03cd651d' -> (Import Result ID: 'eb31f4ca0b3ae030901f70cf3c21fd7c') in 0.004 seconds [static and dynamic dependencies]. Details - ImportResultOutputID=f9d52345e8805583e02364ec594b387b DependenciesID=0c4c8f2a9ce1811d11815ef5159d4cff StaticDependenciesID=9e2978191a7508f8486e4eaccd031744 
Number of updated asset objects reloaded before import = 0
Number of asset objects unloaded after import = 0
========================================================================
Received Import Request.
  Time of request: 2026-09-06T07:35:08.3610539Z
  Time since last request: 0.0004252 seconds.
  importAddress: GUID: b0502a59185f62f4d80c1057fa91f672 - Path: Assets/IUH_Campus/Materials/M_IUH_Int_DarkMullion.mat - Importer: ScriptedImporter/UnityEditor.QuickSearchModule:UnityEditor.Search:ASIAI0B
Importing 'GUID: b0502a59185f62f4d80c1057fa91f672 - Path: Assets/IUH_Campus/Materials/M_IUH_Int_DarkMullion.mat - Importer: ScriptedImporter/UnityEditor.QuickSearchModule:UnityEditor.Search:ASIAI0B' with importer (ScriptedImporter : UnityEditor.QuickSearchModule:UnityEditor.Search:ASIAI0B)
Imported 'GUID: b0502a59185f62f4d80c1057fa91f672' -> (Import Result ID: '849c0e334f5bb31231787d9481cad956') in 0.014 seconds [static and dynamic dependencies]. Details - ImportResultOutputID=f79733605b88be38a5ce5f74ccb27e10 DependenciesID=f50fcd8a1e036de365df2633d412bb7a StaticDependenciesID=e74d3989a2442018f82ec87bff240a01 
Number of updated asset objects reloaded before import = 0
Number of asset objects unloaded after import = 2
========================================================================
Received Import Request.
  Time of request: 2026-09-06T07:35:08.3855397Z
  Time since last request: 0.000386 seconds.
  importAddress: GUID: d9e23d97315b0064c84ebd9f68625443 - Path: Assets/IUH_Campus/Materials/M_IUH_Drain_Grate.mat - Importer: ScriptedImporter/UnityEditor.QuickSearchModule:UnityEditor.Search:ASIAI0B
Importing 'GUID: d9e23d97315b0064c84ebd9f68625443 - Path: Assets/IUH_Campus/Materials/M_IUH_Drain_Grate.mat - Importer: ScriptedImporter/UnityEditor.QuickSearchModule:UnityEditor.Search:ASIAI0B' with importer (ScriptedImporter : UnityEditor.QuickSearchModule:UnityEditor.Search:ASIAI0B)
Imported 'GUID: d9e23d97315b0064c84ebd9f68625443' -> (Import Result ID: 'dab83896676394b6179be47ca0a466bd') in 0.005 seconds [static and dynamic dependencies]. Details - ImportResultOutputID=bd492e01c51dcd11fb55c4f58438276c DependenciesID=4f3c89249052f471d0d6adf5ce0c62e4 StaticDependenciesID=721b7025c36188df43b753973e60ec5d 
Number of updated asset objects reloaded before import = 0
Number of asset objects unloaded after import = 3
========================================================================
Received Import Request.
  Time of request: 2026-09-06T07:35:08.4012445Z
  Time since last request: 0.0004946 seconds.
  importAddress: GUID: d21e2fc98bbbaa0448a6aa60414af020 - Path: Assets/IUH_Campus/Editor/IUHPlayerAutomation.cs - Importer: ScriptedImporter/UnityEditor.QuickSearchModule:UnityEditor.Search:ASIAI0B
Importing 'GUID: d21e2fc98bbbaa0448a6aa60414af020 - Path: Assets/IUH_Campus/Editor/IUHPlayerAutomation.cs - Importer: ScriptedImporter/UnityEditor.QuickSearchModule:UnityEditor.Search:ASIAI0B' with importer (ScriptedImporter : UnityEditor.QuickSearchModule:UnityEditor.Search:ASIAI0B)
Imported 'GUID: d21e2fc98bbbaa0448a6aa60414af020' -> (Import Result ID: '1f40a4047158d1c4bc6723db3caa1abb') in 0.003 seconds [static and dynamic dependencies]. Details - ImportResultOutputID=8c4c367a2ead11f4af4308b422039be4 DependenciesID=bef893d113f671ec1ac6103fc08c32b1 StaticDependenciesID=7cce2ee01e59180a2abd46c27ac76aea 
Number of updated asset objects reloaded before import = 0
Number of asset objects unloaded after import = 0
========================================================================
Received Import Request.
  Time of request: 2026-09-06T07:35:08.4156294Z
  Time since last request: 0.0004174 seconds.
  importAddress: GUID: e010e4fed650fc648af8b1b84dcba988 - Path: Assets/IUH_Campus/Materials/M_IUH_Sign_NoticeBoard.mat - Importer: ScriptedImporter/UnityEditor.QuickSearchModule:UnityEditor.Search:ASIAI0B
Importing 'GUID: e010e4fed650fc648af8b1b84dcba988 - Path: Assets/IUH_Campus/Materials/M_IUH_Sign_NoticeBoard.mat - Importer: ScriptedImporter/UnityEditor.QuickSearchModule:UnityEditor.Search:ASIAI0B' with importer (ScriptedImporter : UnityEditor.QuickSearchModule:UnityEditor.Search:ASIAI0B)
Imported 'GUID: e010e4fed650fc648af8b1b84dcba988' -> (Import Result ID: 'df88589233dbeb43fa2a00a0228987e5') in 0.005 seconds [static and dynamic dependencies]. Details - ImportResultOutputID=a962ccdd438c61143d57d239a552ae8e DependenciesID=e41603d6085b1d6c70ba47256fbb8fa2 StaticDependenciesID=83fa1983f0a7ef070cf7fb596c987d48 
Number of updated asset objects reloaded before import = 0
Number of asset objects unloaded after import = 3
========================================================================
Received Import Request.
  Time of request: 2026-09-06T07:35:08.430245Z
  Time since last request: 0.0003056 seconds.
  importAddress: GUID: 7986eb88817504a44895eef72fc5fa23 - Path: Assets/IUH_Campus/Materials/M_IUH_PVC_Pipe.mat - Importer: ScriptedImporter/UnityEditor.QuickSearchModule:UnityEditor.Search:ASIAI0B
Importing 'GUID: 7986eb88817504a44895eef72fc5fa23 - Path: Assets/IUH_Campus/Materials/M_IUH_PVC_Pipe.mat - Importer: ScriptedImporter/UnityEditor.QuickSearchModule:UnityEditor.Search:ASIAI0B' with importer (ScriptedImporter : UnityEditor.QuickSearchModule:UnityEditor.Search:ASIAI0B)
Imported 'GUID: 7986eb88817504a44895eef72fc5fa23' -> (Import Result ID: 'd2fa2d88ef404b88274e07def172d00d') in 0.005 seconds [static and dynamic dependencies]. Details - ImportResultOutputID=84f0f7ccedef79eefe0e810c939088a3 DependenciesID=39f5ed148b8602766ed62333508ab089 StaticDependenciesID=021defc7020e2ec999fe08bf612b8ee5 
Number of updated asset objects reloaded before import = 0
Number of asset objects unloaded after import = 2
========================================================================
Received Import Request.
  Time of request: 2026-09-06T07:35:08.4453845Z
  Time since last request: 0.0003098 seconds.
  importAddress: GUID: 87c0c1b9f76182a4f9b8800cf620e884 - Path: Assets/IUH_Campus/Materials/M_IUH_AC_Louvers.mat - Importer: ScriptedImporter/UnityEditor.QuickSearchModule:UnityEditor.Search:ASIAI0B
Importing 'GUID: 87c0c1b9f76182a4f9b8800cf620e884 - Path: Assets/IUH_Campus/Materials/M_IUH_AC_Louvers.mat - Importer: ScriptedImporter/UnityEditor.QuickSearchModule:UnityEditor.Search:ASIAI0B' with importer (ScriptedImporter : UnityEditor.QuickSearchModule:UnityEditor.Search:ASIAI0B)
Imported 'GUID: 87c0c1b9f76182a4f9b8800cf620e884' -> (Import Result ID: 'fdecda6aa67057373a4579c2cca4c86f') in 0.005 seconds [static and dynamic dependencies]. Details - ImportResultOutputID=2e5d4ac7ff57d811896c45431cb52e07 DependenciesID=18165f7d024a0c153b7dadd016328616 StaticDependenciesID=269d488b8a8abd205b3946e054035584 
Number of updated asset objects reloaded before import = 0
Number of asset objects unloaded after import = 3
========================================================================
Received Import Request.
  Time of request: 2026-09-06T07:35:08.4607069Z
  Time since last request: 0.0002892 seconds.
  importAddress: GUID: bab236dc0a51bfc4e9a2fbff32cbed4e - Path: Assets/IUH_Campus/Materials/M_IUH_Avatar_Jacket.mat - Importer: ScriptedImporter/UnityEditor.QuickSearchModule:UnityEditor.Search:ASIAI0B
Importing 'GUID: bab236dc0a51bfc4e9a2fbff32cbed4e - Path: Assets/IUH_Campus/Materials/M_IUH_Avatar_Jacket.mat - Importer: ScriptedImporter/UnityEditor.QuickSearchModule:UnityEditor.Search:ASIAI0B' with importer (ScriptedImporter : UnityEditor.QuickSearchModule:UnityEditor.Search:ASIAI0B)
Imported 'GUID: bab236dc0a51bfc4e9a2fbff32cbed4e' -> (Import Result ID: '8a34f6ca00e91016f24c4b1d21bddb7d') in 0.014 seconds [static and dynamic dependencies]. Details - ImportResultOutputID=d6d81b0a5502999270c6f1b26b2dbb9f DependenciesID=9ce9382ea210f635c8d85451d71f06a7 StaticDependenciesID=57fa275865fca3868b153a94dd616d93 
Number of updated asset objects reloaded before import = 0
Number of asset objects unloaded after import = 2
========================================================================
Received Import Request.
  Time of request: 2026-09-06T07:35:08.4866695Z
  Time since last request: 0.000508 seconds.
  importAddress: GUID: 8106fd4203386994996ba9c03d2c8fbe - Path: Assets/IUH_Campus/Screenshots/player_04_training_lab.png - Importer: ScriptedImporter/UnityEditor.QuickSearchModule:UnityEditor.Search:ASIAI0B
Importing 'GUID: 8106fd4203386994996ba9c03d2c8fbe - Path: Assets/IUH_Campus/Screenshots/player_04_training_lab.png - Importer: ScriptedImporter/UnityEditor.QuickSearchModule:UnityEditor.Search:ASIAI0B' with importer (ScriptedImporter : UnityEditor.QuickSearchModule:UnityEditor.Search:ASIAI0B)
Imported 'GUID: 8106fd4203386994996ba9c03d2c8fbe' -> (Import Result ID: '66eb268f10d54bbe17524a4840dc2f8a') in 0.016 seconds [static and dynamic dependencies]. Details - ImportResultOutputID=6afb7e121091107d7d7123fe6c770331 DependenciesID=7d66037955260bf273f432b41a5ed5a3 StaticDependenciesID=df14784fe3c6b9d90ce1271fb1873444 
Number of updated asset objects reloaded before import = 0
Number of asset objects unloaded after import = 1
========================================================================
Received Import Request.
  Time of request: 2026-09-06T07:35:08.5137921Z
  Time since last request: 0.0003912 seconds.
  importAddress: GUID: 84d67492818b0477cb0817d982882a06 - Path: Assets/IUH_Campus/Editor/IUHTextureGenerator.cs - Importer: ScriptedImporter/UnityEditor.QuickSearchModule:UnityEditor.Search:ASIAI0B
Importing 'GUID: 84d67492818b0477cb0817d982882a06 - Path: Assets/IUH_Campus/Editor/IUHTextureGenerator.cs - Importer: ScriptedImporter/UnityEditor.QuickSearchModule:UnityEditor.Search:ASIAI0B' with importer (ScriptedImporter : UnityEditor.QuickSearchModule:UnityEditor.Search:ASIAI0B)
Imported 'GUID: 84d67492818b0477cb0817d982882a06' -> (Import Result ID: '5c0dc3e5f3be7d2ca0ac96fb61e38b34') in 0.003 seconds [static and dynamic dependencies]. Details - ImportResultOutputID=472bfdcd0af228a7a75037daf1758523 DependenciesID=e3457efbaa0035f7fe4142440e42050b StaticDependenciesID=058114fb0abf10ec2ee193d365eeaaef 
Number of updated asset objects reloaded before import = 0
Number of asset objects unloaded after import = 0
========================================================================
Received Import Request.
  Time of request: 2026-09-06T07:35:08.528765Z
  Time since last request: 0.0004027 seconds.
  importAddress: GUID: 64c1b3a2944e2e5449375b793af8072f - Path: Assets/IUH_Campus/Screenshots/interior_training_lab.png - Importer: ScriptedImporter/UnityEditor.QuickSearchModule:UnityEditor.Search:ASIAI0B
Importing 'GUID: 64c1b3a2944e2e5449375b793af8072f - Path: Assets/IUH_Campus/Screenshots/interior_training_lab.png - Importer: ScriptedImporter/UnityEditor.QuickSearchModule:UnityEditor.Search:ASIAI0B' with importer (ScriptedImporter : UnityEditor.QuickSearchModule:UnityEditor.Search:ASIAI0B)
Imported 'GUID: 64c1b3a2944e2e5449375b793af8072f' -> (Import Result ID: '0d3cf6ad8d8d7ed7c58dd78fa269c62f') in 0.018 seconds [static and dynamic dependencies]. Details - ImportResultOutputID=60bbc1e14929ca352bdcc3ea1f02eb06 DependenciesID=c247dd0b00c216771cdcfd27d30b8cf9 StaticDependenciesID=f5346921cb3f20a1314a23473b457c3e 
Number of updated asset objects reloaded before import = 0
Number of asset objects unloaded after import = 1
========================================================================
Received Import Request.
  Time of request: 2026-09-06T07:35:08.5587088Z
  Time since last request: 0.0004862 seconds.
  importAddress: GUID: 8d86b8d5f5ddc334b86460335c7c37d5 - Path: Assets/IUH_Campus/Materials/M_IUH_Planter_Soil.mat - Importer: ScriptedImporter/UnityEditor.QuickSearchModule:UnityEditor.Search:ASIAI0B
Importing 'GUID: 8d86b8d5f5ddc334b86460335c7c37d5 - Path: Assets/IUH_Campus/Materials/M_IUH_Planter_Soil.mat - Importer: ScriptedImporter/UnityEditor.QuickSearchModule:UnityEditor.Search:ASIAI0B' with importer (ScriptedImporter : UnityEditor.QuickSearchModule:UnityEditor.Search:ASIAI0B)
Imported 'GUID: 8d86b8d5f5ddc334b86460335c7c37d5' -> (Import Result ID: 'fdc483d999bec6b8600c241b43eb5d05') in 0.005 seconds [static and dynamic dependencies]. Details - ImportResultOutputID=5f1b6decf087e6ec0ec7af350c12db6d DependenciesID=76802adc5911826364eed02318c29003 StaticDependenciesID=9307214b3f8dbe022f7cf3018416cdec 
Number of updated asset objects reloaded before import = 0
Number of asset objects unloaded after import = 2
========================================================================
Received Import Request.
  Time of request: 2026-09-06T07:35:08.5757438Z
  Time since last request: 0.0004353 seconds.
  importAddress: GUID: 7e5df72062fadd145b7a897f57dbad7e - Path: Assets/IUH_Campus/Materials/M_IUH_FireCabinet.mat - Importer: ScriptedImporter/UnityEditor.QuickSearchModule:UnityEditor.Search:ASIAI0B
Importing 'GUID: 7e5df72062fadd145b7a897f57dbad7e - Path: Assets/IUH_Campus/Materials/M_IUH_FireCabinet.mat - Importer: ScriptedImporter/UnityEditor.QuickSearchModule:UnityEditor.Search:ASIAI0B' with importer (ScriptedImporter : UnityEditor.QuickSearchModule:UnityEditor.Search:ASIAI0B)
Imported 'GUID: 7e5df72062fadd145b7a897f57dbad7e' -> (Import Result ID: '37a069a2e00f5d2e07e8107733dc0443') in 0.005 seconds [static and dynamic dependencies]. Details - ImportResultOutputID=332d4dd3df06058c93d7a529bd7a710c DependenciesID=8b7ad3049e1e2b262e429ba05a500b70 StaticDependenciesID=ba03c960ab2a64e82aad6c700c3f74d1 
Number of updated asset objects reloaded before import = 0
Number of asset objects unloaded after import = 2
========================================================================
Received Import Request.
  Time of request: 2026-09-06T07:35:08.5915716Z
  Time since last request: 0.0005315 seconds.
  importAddress: GUID: cf4684fef2cd1de4d8002a3cb002d59d - Path: Assets/IUH_Campus/Screenshots/player_03_waiting_lounge.png - Importer: ScriptedImporter/UnityEditor.QuickSearchModule:UnityEditor.Search:ASIAI0B
Importing 'GUID: cf4684fef2cd1de4d8002a3cb002d59d - Path: Assets/IUH_Campus/Screenshots/player_03_waiting_lounge.png - Importer: ScriptedImporter/UnityEditor.QuickSearchModule:UnityEditor.Search:ASIAI0B' with importer (ScriptedImporter : UnityEditor.QuickSearchModule:UnityEditor.Search:ASIAI0B)
Imported 'GUID: cf4684fef2cd1de4d8002a3cb002d59d' -> (Import Result ID: '3831cdb5bf76248f6fe8e2bb429092fd') in 0.016 seconds [static and dynamic dependencies]. Details - ImportResultOutputID=355474bc601bdfc9fd998b4fbbd17374 DependenciesID=d16f6203e7bc9d901d10b87d9eab3c3f StaticDependenciesID=48abf3ba7a4df67b1deffbacb0c58ddf 
Number of updated asset objects reloaded before import = 0
Number of asset objects unloaded after import = 1
========================================================================
Received Import Request.
  Time of request: 2026-09-06T07:35:08.6174918Z
  Time since last request: 0.0004358 seconds.
  importAddress: GUID: e67b370f1f5bf304f80810156bfad63c - Path: Assets/IUH_Campus/Textures/T_Interior_PerforatedMetal.png - Importer: ScriptedImporter/UnityEditor.QuickSearchModule:UnityEditor.Search:ASIAI0B
Importing 'GUID: e67b370f1f5bf304f80810156bfad63c - Path: Assets/IUH_Campus/Textures/T_Interior_PerforatedMetal.png - Importer: ScriptedImporter/UnityEditor.QuickSearchModule:UnityEditor.Search:ASIAI0B' with importer (ScriptedImporter : UnityEditor.QuickSearchModule:UnityEditor.Search:ASIAI0B)
Imported 'GUID: e67b370f1f5bf304f80810156bfad63c' -> (Import Result ID: 'e80abc9a19bfd67b37db6981b2be35bf') in 0.014 seconds [static and dynamic dependencies]. Details - ImportResultOutputID=28ecf3792e398ecf09330d1e397bc400 DependenciesID=971c51f6c392cdd086691efc2e84c368 StaticDependenciesID=186f558038928e089fbd81572ed2ea8d 
Number of updated asset objects reloaded before import = 0
Number of asset objects unloaded after import = 1
========================================================================
Received Import Request.
  Time of request: 2026-09-06T07:35:08.6417443Z
  Time since last request: 0.0004384 seconds.
  importAddress: GUID: 3b9ac85aa6aff514b8ec368138523c7c - Path: Assets/IUH_Campus/Textures/T_IUH_AC_Louvers.png - Importer: ScriptedImporter/UnityEditor.QuickSearchModule:UnityEditor.Search:ASIAI0B
Importing 'GUID: 3b9ac85aa6aff514b8ec368138523c7c - Path: Assets/IUH_Campus/Textures/T_IUH_AC_Louvers.png - Importer: ScriptedImporter/UnityEditor.QuickSearchModule:UnityEditor.Search:ASIAI0B' with importer (ScriptedImporter : UnityEditor.QuickSearchModule:UnityEditor.Search:ASIAI0B)
Imported 'GUID: 3b9ac85aa6aff514b8ec368138523c7c' -> (Import Result ID: '67a593ba80b305c6344ad7569dd75308') in 0.009 seconds [static and dynamic dependencies]. Details - ImportResultOutputID=e2131aa2be19fd6230e28568c4eee0d0 DependenciesID=df6fc180cce8c994a2675ce066e85d9d StaticDependenciesID=e20b24d51837ffdb4eb58fa8d0faf75c 
Number of updated asset objects reloaded before import = 0
Number of asset objects unloaded after import = 1
========================================================================
Received Import Request.
  Time of request: 2026-09-06T07:35:08.6612764Z
  Time since last request: 0.0004499 seconds.
  importAddress: GUID: ef4929bddde95904ab43e4fbe2cba24a - Path: Assets/IUH_Campus/Materials/M_IUH_Int_CeilingGrid.mat - Importer: ScriptedImporter/UnityEditor.QuickSearchModule:UnityEditor.Search:ASIAI0B
Importing 'GUID: ef4929bddde95904ab43e4fbe2cba24a - Path: Assets/IUH_Campus/Materials/M_IUH_Int_CeilingGrid.mat - Importer: ScriptedImporter/UnityEditor.QuickSearchModule:UnityEditor.Search:ASIAI0B' with importer (ScriptedImporter : UnityEditor.QuickSearchModule:UnityEditor.Search:ASIAI0B)
Imported 'GUID: ef4929bddde95904ab43e4fbe2cba24a' -> (Import Result ID: '15f79b43b529ef32eb5a3472aa122e68') in 0.023 seconds [static and dynamic dependencies]. Details - ImportResultOutputID=fd5ef3dadeb6830b9f8f644cb6a4c8ca DependenciesID=3394c420efbfe244bc0f3a4c72bf4ae4 StaticDependenciesID=1ebc3a98e2162e6aa70bacfcc48059e0 
Number of updated asset objects reloaded before import = 0
Number of asset objects unloaded after import = 3
========================================================================
Received Import Request.
  Time of request: 2026-09-06T07:35:08.6949264Z
  Time since last request: 0.0002939 seconds.
  importAddress: GUID: 619b9a4d204ea31459d398a3737a72c3 - Path: Assets/IUH_Campus/Materials/M_IUH_Int_LightTile.mat - Importer: ScriptedImporter/UnityEditor.QuickSearchModule:UnityEditor.Search:ASIAI0B
Importing 'GUID: 619b9a4d204ea31459d398a3737a72c3 - Path: Assets/IUH_Campus/Materials/M_IUH_Int_LightTile.mat - Importer: ScriptedImporter/UnityEditor.QuickSearchModule:UnityEditor.Search:ASIAI0B' with importer (ScriptedImporter : UnityEditor.QuickSearchModule:UnityEditor.Search:ASIAI0B)
Imported 'GUID: 619b9a4d204ea31459d398a3737a72c3' -> (Import Result ID: 'e8dce5d6103abba494d5d67fddc93749') in 0.015 seconds [static and dynamic dependencies]. Details - ImportResultOutputID=d73189230c5ad6062cd3ef4a0c2418df DependenciesID=b81952cc36fbe53d792badc84c0ac9cc StaticDependenciesID=88802a9dbc779711c8d5049873806da7 
Number of updated asset objects reloaded before import = 0
Number of asset objects unloaded after import = 3
========================================================================
Received Import Request.
  Time of request: 2026-09-06T07:35:08.7206318Z
  Time since last request: 0.0004162 seconds.
  importAddress: GUID: 4bba295354908ab459b4780d60c005a1 - Path: Assets/IUH_Campus/Materials/M_IUH_Bench_Wood.mat - Importer: ScriptedImporter/UnityEditor.QuickSearchModule:UnityEditor.Search:ASIAI0B
Importing 'GUID: 4bba295354908ab459b4780d60c005a1 - Path: Assets/IUH_Campus/Materials/M_IUH_Bench_Wood.mat - Importer: ScriptedImporter/UnityEditor.QuickSearchModule:UnityEditor.Search:ASIAI0B' with importer (ScriptedImporter : UnityEditor.QuickSearchModule:UnityEditor.Search:ASIAI0B)
Imported 'GUID: 4bba295354908ab459b4780d60c005a1' -> (Import Result ID: '96f7c5802bf6253cd6c481289d21f4d2') in 0.015 seconds [static and dynamic dependencies]. Details - ImportResultOutputID=920e0f7669f70433e1cb38314427f60c DependenciesID=91595aa04cb07fcb4fb813a72bdc7950 StaticDependenciesID=58aa04ef2c712df3a5fb8626d54bab7b 
Number of updated asset objects reloaded before import = 0
Number of asset objects unloaded after import = 2
========================================================================
Received Import Request.
  Time of request: 2026-09-06T07:35:08.7464588Z
  Time since last request: 0.0003474 seconds.
  importAddress: GUID: 3f39d8207c531a24ba3388ca7b69f2ec - Path: Assets/IUH_Campus/Screenshots/interior_waiting_lounge.png - Importer: ScriptedImporter/UnityEditor.QuickSearchModule:UnityEditor.Search:ASIAI0B
Importing 'GUID: 3f39d8207c531a24ba3388ca7b69f2ec - Path: Assets/IUH_Campus/Screenshots/interior_waiting_lounge.png - Importer: ScriptedImporter/UnityEditor.QuickSearchModule:UnityEditor.Search:ASIAI0B' with importer (ScriptedImporter : UnityEditor.QuickSearchModule:UnityEditor.Search:ASIAI0B)
Imported 'GUID: 3f39d8207c531a24ba3388ca7b69f2ec' -> (Import Result ID: '3481827d4ba499e1a9b806cda903804a') in 0.017 seconds [static and dynamic dependencies]. Details - ImportResultOutputID=ab2e8d5ac5b02eb1116ac06931e1c2d0 DependenciesID=afc3c2bb6bc28e8bc20279d9f4d24b76 StaticDependenciesID=663293886fae2fdea3606cac3089c96e 
Number of updated asset objects reloaded before import = 0
Number of asset objects unloaded after import = 1
========================================================================
Received Import Request.
  Time of request: 2026-09-06T07:35:08.776342Z
  Time since last request: 0.0005701 seconds.
  importAddress: GUID: 22ecc40ef72a92144b669d8f129dca8f - Path: Assets/IUH_Campus/Materials/M_IUH_Window_Blinds.mat - Importer: ScriptedImporter/UnityEditor.QuickSearchModule:UnityEditor.Search:ASIAI0B
Importing 'GUID: 22ecc40ef72a92144b669d8f129dca8f - Path: Assets/IUH_Campus/Materials/M_IUH_Window_Blinds.mat - Importer: ScriptedImporter/UnityEditor.QuickSearchModule:UnityEditor.Search:ASIAI0B' with importer (ScriptedImporter : UnityEditor.QuickSearchModule:UnityEditor.Search:ASIAI0B)
Imported 'GUID: 22ecc40ef72a92144b669d8f129dca8f' -> (Import Result ID: 'b8d8a24cc8c38657453c801cf5167aa7') in 0.006 seconds [static and dynamic dependencies]. Details - ImportResultOutputID=90a9f761ea942ff608b42d7b89422d99 DependenciesID=2330e87eab66ba1fd1121086c093b74a StaticDependenciesID=1702d45b44c5b55aa5a6ce118e9f88bb 
Number of updated asset objects reloaded before import = 0
Number of asset objects unloaded after import = 3
========================================================================
Received Import Request.
  Time of request: 2026-09-06T07:35:08.7922817Z
  Time since last request: 0.0003563 seconds.
  importAddress: GUID: 8edb0f6328cc2c34fa9ec438eb72dd49 - Path: Assets/IUH_Campus/Materials/M_IUH_Window_Dark.mat - Importer: ScriptedImporter/UnityEditor.QuickSearchModule:UnityEditor.Search:ASIAI0B
Importing 'GUID: 8edb0f6328cc2c34fa9ec438eb72dd49 - Path: Assets/IUH_Campus/Materials/M_IUH_Window_Dark.mat - Importer: ScriptedImporter/UnityEditor.QuickSearchModule:UnityEditor.Search:ASIAI0B' with importer (ScriptedImporter : UnityEditor.QuickSearchModule:UnityEditor.Search:ASIAI0B)
Imported 'GUID: 8edb0f6328cc2c34fa9ec438eb72dd49' -> (Import Result ID: '96caf6cbfde476ce483ed6b4ec7cb98c') in 0.008 seconds [static and dynamic dependencies]. Details - ImportResultOutputID=80fc318a5f13eea3876426bb9c1ea312 DependenciesID=ccbf86f99c60f47ed424dbeda806e78b StaticDependenciesID=aed5fb8894df24c227de12d299810ff0 
Number of updated asset objects reloaded before import = 0
Number of asset objects unloaded after import = 2
========================================================================
Received Import Request.
  Time of request: 2026-09-06T07:35:08.8149487Z
  Time since last request: 0.0003915 seconds.
  importAddress: GUID: 644a53defcebefc489266b8facd48e72 - Path: Assets/IUH_Campus/Textures/T_IUH_Tree_Bark.png - Importer: ScriptedImporter/UnityEditor.QuickSearchModule:UnityEditor.Search:ASIAI0B
Importing 'GUID: 644a53defcebefc489266b8facd48e72 - Path: Assets/IUH_Campus/Textures/T_IUH_Tree_Bark.png - Importer: ScriptedImporter/UnityEditor.QuickSearchModule:UnityEditor.Search:ASIAI0B' with importer (ScriptedImporter : UnityEditor.QuickSearchModule:UnityEditor.Search:ASIAI0B)
Imported 'GUID: 644a53defcebefc489266b8facd48e72' -> (Import Result ID: 'd24367b583d288a70211a152e90ed2fd') in 0.008 seconds [static and dynamic dependencies]. Details - ImportResultOutputID=f4cb39f521424a0dd01f0dba53471eb0 DependenciesID=c9172933f4ac09f85ef6c01d795dd44e StaticDependenciesID=832a37833b6cbfd68be30b5fc08ae41e 
Number of updated asset objects reloaded before import = 0
Number of asset objects unloaded after import = 1
========================================================================
Received Import Request.
  Time of request: 2026-09-06T07:35:08.8356158Z
  Time since last request: 0.0003949 seconds.
  importAddress: GUID: f0b8ccb341e047d4c90ecd7baa8f5b82 - Path: Assets/IUH_Campus/Materials/M_IUH_Int_MatteWhite.mat - Importer: ScriptedImporter/UnityEditor.QuickSearchModule:UnityEditor.Search:ASIAI0B
Importing 'GUID: f0b8ccb341e047d4c90ecd7baa8f5b82 - Path: Assets/IUH_Campus/Materials/M_IUH_Int_MatteWhite.mat - Importer: ScriptedImporter/UnityEditor.QuickSearchModule:UnityEditor.Search:ASIAI0B' with importer (ScriptedImporter : UnityEditor.QuickSearchModule:UnityEditor.Search:ASIAI0B)
Imported 'GUID: f0b8ccb341e047d4c90ecd7baa8f5b82' -> (Import Result ID: 'bd66d164d8596a99b16c4952f89f2eb4') in 0.014 seconds [static and dynamic dependencies]. Details - ImportResultOutputID=25c1015dd983109d22e4000d2173c3a5 DependenciesID=335a2b7f7874545d23aa45562442007b StaticDependenciesID=c459eeb498def47077fb93a404aa0bab 
Number of updated asset objects reloaded before import = 0
Number of asset objects unloaded after import = 2
========================================================================
Received Import Request.
  Time of request: 2026-09-06T07:35:08.8601531Z
  Time since last request: 0.0003931 seconds.
  importAddress: GUID: 3d37edfe9d152c6479094aee76b613ba - Path: Assets/IUH_Campus/Materials/M_IUH_Int_BlackMarble.mat - Importer: ScriptedImporter/UnityEditor.QuickSearchModule:UnityEditor.Search:ASIAI0B
Importing 'GUID: 3d37edfe9d152c6479094aee76b613ba - Path: Assets/IUH_Campus/Materials/M_IUH_Int_BlackMarble.mat - Importer: ScriptedImporter/UnityEditor.QuickSearchModule:UnityEditor.Search:ASIAI0B' with importer (ScriptedImporter : UnityEditor.QuickSearchModule:UnityEditor.Search:ASIAI0B)
Imported 'GUID: 3d37edfe9d152c6479094aee76b613ba' -> (Import Result ID: 'da503b54a231a15ea21d43d5d21aca71') in 0.013 seconds [static and dynamic dependencies]. Details - ImportResultOutputID=4fb6546b7232916cc02dedb8dddec3c8 DependenciesID=a0ba46bc73219e5a8c867f1785c1c32a StaticDependenciesID=6df7305f2e3472088ddbb316dd3340f9 
Number of updated asset objects reloaded before import = 0
Number of asset objects unloaded after import = 3
========================================================================
Received Import Request.
  Time of request: 2026-09-06T07:35:08.8876317Z
  Time since last request: 0.0002916 seconds.
  importAddress: GUID: d95d1a67e52a9f54680248605830277b - Path: Assets/IUH_Campus/Materials/M_IUH_Int_Chrome.mat - Importer: ScriptedImporter/UnityEditor.QuickSearchModule:UnityEditor.Search:ASIAI0B
Importing 'GUID: d95d1a67e52a9f54680248605830277b - Path: Assets/IUH_Campus/Materials/M_IUH_Int_Chrome.mat - Importer: ScriptedImporter/UnityEditor.QuickSearchModule:UnityEditor.Search:ASIAI0B' with importer (ScriptedImporter : UnityEditor.QuickSearchModule:UnityEditor.Search:ASIAI0B)
Imported 'GUID: d95d1a67e52a9f54680248605830277b' -> (Import Result ID: '5498caeb8cdb08ff48e7a4f3c62128c5') in 0.006 seconds [static and dynamic dependencies]. Details - ImportResultOutputID=a06ef6187b8c92519a1c3fcb933a1195 DependenciesID=def368b95ec6842ddf20668cd10e308e StaticDependenciesID=e73ead0abfbf832e68995414a65c59fe 
Number of updated asset objects reloaded before import = 0
Number of asset objects unloaded after import = 2
========================================================================
Received Import Request.
  Time of request: 2026-09-06T07:35:08.9037014Z
  Time since last request: 0.0003662 seconds.
  importAddress: GUID: 0b39055da1f577949a5e0db5cf685bea - Path: Assets/IUH_Campus/Materials/M_IUH_Avatar_Skin.mat - Importer: ScriptedImporter/UnityEditor.QuickSearchModule:UnityEditor.Search:ASIAI0B
Importing 'GUID: 0b39055da1f577949a5e0db5cf685bea - Path: Assets/IUH_Campus/Materials/M_IUH_Avatar_Skin.mat - Importer: ScriptedImporter/UnityEditor.QuickSearchModule:UnityEditor.Search:ASIAI0B' with importer (ScriptedImporter : UnityEditor.QuickSearchModule:UnityEditor.Search:ASIAI0B)
Imported 'GUID: 0b39055da1f577949a5e0db5cf685bea' -> (Import Result ID: '344dd8c8f5d700ee20407e50538d6c71') in 0.014 seconds [static and dynamic dependencies]. Details - ImportResultOutputID=63d167a9aae0744eb962abed0d1c405a DependenciesID=a76c8ce8bdd153e9a37a5d65f2df53a2 StaticDependenciesID=de83cf1ada493cdd342b0d3e9369a05f 
Number of updated asset objects reloaded before import = 0
Number of asset objects unloaded after import = 2
========================================================================
Received Import Request.
  Time of request: 2026-09-06T07:35:08.9277311Z
  Time since last request: 0.0003717 seconds.
  importAddress: GUID: 2272c40677da78440a3d5f4e41448414 - Path: Assets/IUH_Campus/Scripts/IUHThirdPersonCamera.cs - Importer: ScriptedImporter/UnityEditor.QuickSearchModule:UnityEditor.Search:ASIAI0B
Importing 'GUID: 2272c40677da78440a3d5f4e41448414 - Path: Assets/IUH_Campus/Scripts/IUHThirdPersonCamera.cs - Importer: ScriptedImporter/UnityEditor.QuickSearchModule:UnityEditor.Search:ASIAI0B' with importer (ScriptedImporter : UnityEditor.QuickSearchModule:UnityEditor.Search:ASIAI0B)
Imported 'GUID: 2272c40677da78440a3d5f4e41448414' -> (Import Result ID: 'fddf2fb459b2ddf253177890d72749be') in 0.004 seconds [static and dynamic dependencies]. Details - ImportResultOutputID=b9d0b37efe1b5fd40aff858e2e4ff730 DependenciesID=9884d3ac03971da5d6a4a6c069aed59e StaticDependenciesID=6ea8702aec318555631b0c4749501cb3 
Number of updated asset objects reloaded before import = 0
Number of asset objects unloaded after import = 0
========================================================================
Received Import Request.
  Time of request: 2026-09-06T07:35:08.9413197Z
  Time since last request: 0.0004147 seconds.
  importAddress: GUID: 43c69962c59b9764cb372fd0d7b87679 - Path: Assets/IUH_Campus/Materials/M_IUH_Int_CyanSofa.mat - Importer: ScriptedImporter/UnityEditor.QuickSearchModule:UnityEditor.Search:ASIAI0B
Importing 'GUID: 43c69962c59b9764cb372fd0d7b87679 - Path: Assets/IUH_Campus/Materials/M_IUH_Int_CyanSofa.mat - Importer: ScriptedImporter/UnityEditor.QuickSearchModule:UnityEditor.Search:ASIAI0B' with importer (ScriptedImporter : UnityEditor.QuickSearchModule:UnityEditor.Search:ASIAI0B)
Imported 'GUID: 43c69962c59b9764cb372fd0d7b87679' -> (Import Result ID: '4fca898e69d7a2aba981ff913d725fc3') in 0.014 seconds [static and dynamic dependencies]. Details - ImportResultOutputID=0b1190ffe5c05b84622845e4e510a6b8 DependenciesID=bb4f0c6a9cae8fac2040151d176e3b28 StaticDependenciesID=7ac24a000eefadc51b53a388ecdf575f 
Number of updated asset objects reloaded before import = 0
Number of asset objects unloaded after import = 3
========================================================================
Received Import Request.
  Time of request: 2026-09-06T07:35:08.9664557Z
  Time since last request: 0.0003273 seconds.
  importAddress: GUID: 9a13e178292664940bb33228b1dde007 - Path: Assets/IUH_Campus/Scripts/IUHPlayerController.cs - Importer: ScriptedImporter/UnityEditor.QuickSearchModule:UnityEditor.Search:ASIAI0B
Importing 'GUID: 9a13e178292664940bb33228b1dde007 - Path: Assets/IUH_Campus/Scripts/IUHPlayerController.cs - Importer: ScriptedImporter/UnityEditor.QuickSearchModule:UnityEditor.Search:ASIAI0B' with importer (ScriptedImporter : UnityEditor.QuickSearchModule:UnityEditor.Search:ASIAI0B)
Imported 'GUID: 9a13e178292664940bb33228b1dde007' -> (Import Result ID: 'a3a7aec98c1dee2a2f4639cc469cd195') in 0.003 seconds [static and dynamic dependencies]. Details - ImportResultOutputID=326422b6cbcc5a82dc38de478b7771af DependenciesID=07f346eb05af43811e368d8982cbaca6 StaticDependenciesID=48446b90f0dcad9d2f02a24dd7139084 
Number of updated asset objects reloaded before import = 0
Number of asset objects unloaded after import = 0
========================================================================
Received Import Request.
  Time of request: 2026-09-06T07:35:08.9804437Z
  Time since last request: 0.0005536 seconds.
  importAddress: GUID: de52316930c4b56418e8a23ded6700b1 - Path: Assets/IUH_Campus/Textures/T_Interior_CeilingGrid.png - Importer: ScriptedImporter/UnityEditor.QuickSearchModule:UnityEditor.Search:ASIAI0B
Importing 'GUID: de52316930c4b56418e8a23ded6700b1 - Path: Assets/IUH_Campus/Textures/T_Interior_CeilingGrid.png - Importer: ScriptedImporter/UnityEditor.QuickSearchModule:UnityEditor.Search:ASIAI0B' with importer (ScriptedImporter : UnityEditor.QuickSearchModule:UnityEditor.Search:ASIAI0B)
Imported 'GUID: de52316930c4b56418e8a23ded6700b1' -> (Import Result ID: '2060e1a935929ec0ce9e953eb5d2c2e1') in 0.007 seconds [static and dynamic dependencies]. Details - ImportResultOutputID=e85622696d84bb1ff78fdb36ec8b6989 DependenciesID=e7eb787b5a7b25d4defa2af910d7e58f StaticDependenciesID=ac903d71eac491d184259ae189060339 
Number of updated asset objects reloaded before import = 0
Number of asset objects unloaded after import = 1
========================================================================
Received Import Request.
  Time of request: 2026-09-06T07:35:08.9991071Z
  Time since last request: 0.0003653 seconds.
  importAddress: GUID: 2fd6a5d2c9a13b4469cbffd0e255131b - Path: Assets/IUH_Campus/Materials/M_IUH_Int_GlassClear.mat - Importer: ScriptedImporter/UnityEditor.QuickSearchModule:UnityEditor.Search:ASIAI0B
Importing 'GUID: 2fd6a5d2c9a13b4469cbffd0e255131b - Path: Assets/IUH_Campus/Materials/M_IUH_Int_GlassClear.mat - Importer: ScriptedImporter/UnityEditor.QuickSearchModule:UnityEditor.Search:ASIAI0B' with importer (ScriptedImporter : UnityEditor.QuickSearchModule:UnityEditor.Search:ASIAI0B)
Imported 'GUID: 2fd6a5d2c9a13b4469cbffd0e255131b' -> (Import Result ID: '916ffd0f524ab89a797486e94432e281') in 0.015 seconds [static and dynamic dependencies]. Details - ImportResultOutputID=b074896a064c1bf06b943285f6645a58 DependenciesID=d2b947e2752fc9d34feecef4d4b6a3b3 StaticDependenciesID=3a32eb53d291f01b549201827e1fc817 
Number of updated asset objects reloaded before import = 0
Number of asset objects unloaded after import = 2
========================================================================
Received Import Request.
  Time of request: 2026-09-06T07:35:09.0255624Z
  Time since last request: 0.0003554 seconds.
  importAddress: GUID: a70f8f82cae522a44904c2dbe95b0f17 - Path: Assets/IUH_Campus/Textures/T_IUH_Drain_Grate.png - Importer: ScriptedImporter/UnityEditor.QuickSearchModule:UnityEditor.Search:ASIAI0B
Importing 'GUID: a70f8f82cae522a44904c2dbe95b0f17 - Path: Assets/IUH_Campus/Textures/T_IUH_Drain_Grate.png - Importer: ScriptedImporter/UnityEditor.QuickSearchModule:UnityEditor.Search:ASIAI0B' with importer (ScriptedImporter : UnityEditor.QuickSearchModule:UnityEditor.Search:ASIAI0B)
Imported 'GUID: a70f8f82cae522a44904c2dbe95b0f17' -> (Import Result ID: 'e1076cdd77b4915b311c55ae55b0c98a') in 0.007 seconds [static and dynamic dependencies]. Details - ImportResultOutputID=ae2db6a8de237e496a494c0d813e3f1b DependenciesID=b688f7f355aa3ee62ff9996cefc6e32d StaticDependenciesID=c3174a42deb611877b1cbdca1714ee65 
Number of updated asset objects reloaded before import = 0
Number of asset objects unloaded after import = 1
========================================================================
Received Import Request.
  Time of request: 2026-09-06T07:35:09.0459244Z
  Time since last request: 0.0004099 seconds.
  importAddress: GUID: 4f0b4f64ccb43a34f875bd013abc1610 - Path: Assets/IUH_Campus/Materials/M_IUH_Manhole_Cover.mat - Importer: ScriptedImporter/UnityEditor.QuickSearchModule:UnityEditor.Search:ASIAI0B
Importing 'GUID: 4f0b4f64ccb43a34f875bd013abc1610 - Path: Assets/IUH_Campus/Materials/M_IUH_Manhole_Cover.mat - Importer: ScriptedImporter/UnityEditor.QuickSearchModule:UnityEditor.Search:ASIAI0B' with importer (ScriptedImporter : UnityEditor.QuickSearchModule:UnityEditor.Search:ASIAI0B)
Imported 'GUID: 4f0b4f64ccb43a34f875bd013abc1610' -> (Import Result ID: '650e198928e6032a26d539fefeb3adea') in 0.005 seconds [static and dynamic dependencies]. Details - ImportResultOutputID=7f1cf7d2174592e44eb174da59baabfb DependenciesID=1afbe51fd649089a6f57b797ef853879 StaticDependenciesID=8c9b586cd7e321b700f631de0415893e 
Number of updated asset objects reloaded before import = 0
Number of asset objects unloaded after import = 3
========================================================================
Received Import Request.
  Time of request: 2026-09-06T07:35:09.0611796Z
  Time since last request: 0.0004811 seconds.
  importAddress: GUID: 6c2a358309a77b14c8e27d34aaaf8344 - Path: Assets/IUH_Campus/Materials/M_IUH_Int_PerforatedMetal.mat - Importer: ScriptedImporter/UnityEditor.QuickSearchModule:UnityEditor.Search:ASIAI0B
Importing 'GUID: 6c2a358309a77b14c8e27d34aaaf8344 - Path: Assets/IUH_Campus/Materials/M_IUH_Int_PerforatedMetal.mat - Importer: ScriptedImporter/UnityEditor.QuickSearchModule:UnityEditor.Search:ASIAI0B' with importer (ScriptedImporter : UnityEditor.QuickSearchModule:UnityEditor.Search:ASIAI0B)
Imported 'GUID: 6c2a358309a77b14c8e27d34aaaf8344' -> (Import Result ID: 'ad29006bd12f6819a2c498a4728dea2e') in 0.017 seconds [static and dynamic dependencies]. Details - ImportResultOutputID=f950ef90e7ead216c93ff20b2a4a537d DependenciesID=a279b593730ca3fec16a16df7982bc54 StaticDependenciesID=cbe2492a353cea46dd0e19bc8999f83d 
Number of updated asset objects reloaded before import = 0
Number of asset objects unloaded after import = 3
========================================================================
Received Import Request.
  Time of request: 2026-09-06T07:35:09.0947198Z
  Time since last request: 0.000462 seconds.
  importAddress: GUID: aac4b285a1202a14ea7e4c4e84bae33f - Path: Assets/IUH_Campus/Materials/M_IUH_Int_SageGreen.mat - Importer: ScriptedImporter/UnityEditor.QuickSearchModule:UnityEditor.Search:ASIAI0B
Importing 'GUID: aac4b285a1202a14ea7e4c4e84bae33f - Path: Assets/IUH_Campus/Materials/M_IUH_Int_SageGreen.mat - Importer: ScriptedImporter/UnityEditor.QuickSearchModule:UnityEditor.Search:ASIAI0B' with importer (ScriptedImporter : UnityEditor.QuickSearchModule:UnityEditor.Search:ASIAI0B)
Imported 'GUID: aac4b285a1202a14ea7e4c4e84bae33f' -> (Import Result ID: 'bb2ec0d6278df44ede328c683177a2d2') in 0.014 seconds [static and dynamic dependencies]. Details - ImportResultOutputID=c0954368ea6d11bfe0e520fe26b74a99 DependenciesID=a210833963ffe19a75fc9433b85949aa StaticDependenciesID=cd4a4cbb685adce0ac130aaec38d5f1b 
Number of updated asset objects reloaded before import = 0
Number of asset objects unloaded after import = 2
========================================================================
Received Import Request.
  Time of request: 2026-09-06T07:35:09.1300404Z
  Time since last request: 0.011055 seconds.
  importAddress: GUID: 655c69b34a7becc489aafb124618438b - Path: Assets/IUH_Campus/Prefabs/Door.prefab - Importer: ScriptedImporter/UnityEditor.QuickSearchModule:UnityEditor.Search:ASIAI0B
Importing 'GUID: 655c69b34a7becc489aafb124618438b - Path: Assets/IUH_Campus/Prefabs/Door.prefab - Importer: ScriptedImporter/UnityEditor.QuickSearchModule:UnityEditor.Search:ASIAI0B' with importer (ScriptedImporter : UnityEditor.QuickSearchModule:UnityEditor.Search:ASIAI0B)
Imported 'GUID: 655c69b34a7becc489aafb124618438b' -> (Import Result ID: '066b1f6db00a9e947c457b4959ece653') in 0.027 seconds [static and dynamic dependencies]. Details - ImportResultOutputID=4ed7a64c9c54d1ceb59c971153a759c4 DependenciesID=f2a969d41c93e92778b4752dcaab13c4 StaticDependenciesID=fd95a919253da94d7556651739af7212 
Number of updated asset objects reloaded before import = 0
Number of asset objects unloaded after import = 36
========================================================================
Received Import Request.
  Time of request: 2026-09-06T07:35:09.1657427Z
  Time since last request: 0.0006482 seconds.
  importAddress: GUID: 85366490ed6168f4d8c9a34bb60e8a51 - Path: Assets/IUH_Campus/Prefabs/TrashBin.prefab - Importer: ScriptedImporter/UnityEditor.QuickSearchModule:UnityEditor.Search:ASIAI0B
Importing 'GUID: 85366490ed6168f4d8c9a34bb60e8a51 - Path: Assets/IUH_Campus/Prefabs/TrashBin.prefab - Importer: ScriptedImporter/UnityEditor.QuickSearchModule:UnityEditor.Search:ASIAI0B' with importer (ScriptedImporter : UnityEditor.QuickSearchModule:UnityEditor.Search:ASIAI0B)
Imported 'GUID: 85366490ed6168f4d8c9a34bb60e8a51' -> (Import Result ID: 'bc37f494ac7ac44a0708c3e696eb98f8') in 0.023 seconds [static and dynamic dependencies]. Details - ImportResultOutputID=04e581397d6ddceb1bf9138954d4a0b5 DependenciesID=1ad5d97ebd54ddf18b341390e91a11ad StaticDependenciesID=4d2ac92b32d8aa411d3c53663d368265 
Number of updated asset objects reloaded before import = 0
Number of asset objects unloaded after import = 26
========================================================================
Received Import Request.
  Time of request: 2026-09-06T07:35:09.1992258Z
  Time since last request: 0.0004028 seconds.
  importAddress: GUID: c7cb8e5d639296243a8457fa664b7629 - Path: Assets/IUH_Campus/Editor/IUHGameReadyMasterBuilder.cs - Importer: ScriptedImporter/UnityEditor.QuickSearchModule:UnityEditor.Search:ASIAI0B
Importing 'GUID: c7cb8e5d639296243a8457fa664b7629 - Path: Assets/IUH_Campus/Editor/IUHGameReadyMasterBuilder.cs - Importer: ScriptedImporter/UnityEditor.QuickSearchModule:UnityEditor.Search:ASIAI0B' with importer (ScriptedImporter : UnityEditor.QuickSearchModule:UnityEditor.Search:ASIAI0B)
Imported 'GUID: c7cb8e5d639296243a8457fa664b7629' -> (Import Result ID: '8b21228764a61406ca48e1f9cdb86a62') in 0.003 seconds [static and dynamic dependencies]. Details - ImportResultOutputID=4365c1be094ce6ee52d28242b2918955 DependenciesID=3bb67d85881eb67bd38e8770e0f2b00e StaticDependenciesID=380e3676e7e6b8a02d82d5659f6f9c90 
Number of updated asset objects reloaded before import = 0
Number of asset objects unloaded after import = 0
========================================================================
Received Import Request.
  Time of request: 2026-09-06T07:35:09.2129326Z
  Time since last request: 0.0004295 seconds.
  importAddress: GUID: 1a321fc513292504cb2710dd9adba172 - Path: Assets/IUH_Campus/Screenshots/camera_entrance.png - Importer: ScriptedImporter/UnityEditor.QuickSearchModule:UnityEditor.Search:ASIAI0B
Importing 'GUID: 1a321fc513292504cb2710dd9adba172 - Path: Assets/IUH_Campus/Screenshots/camera_entrance.png - Importer: ScriptedImporter/UnityEditor.QuickSearchModule:UnityEditor.Search:ASIAI0B' with importer (ScriptedImporter : UnityEditor.QuickSearchModule:UnityEditor.Search:ASIAI0B)
Imported 'GUID: 1a321fc513292504cb2710dd9adba172' -> (Import Result ID: '3159e9116e540d69f0463d2221ae6c7a') in 0.023 seconds [static and dynamic dependencies]. Details - ImportResultOutputID=65e503c6f6f380c825508061a34e023a DependenciesID=b10fe50da7af44c6315c1f1f9d6644e2 StaticDependenciesID=e7da1519bdb824fb9d305e5590634374 
Number of updated asset objects reloaded before import = 0
Number of asset objects unloaded after import = 1
========================================================================
Received Import Request.
  Time of request: 2026-09-06T07:35:09.2467906Z
  Time since last request: 0.0004458 seconds.
  importAddress: GUID: 2cd731170d03c504385c90853a399445 - Path: Assets/IUH_Campus/Scripts/Player/PlayerState.cs - Importer: ScriptedImporter/UnityEditor.QuickSearchModule:UnityEditor.Search:ASIAI0B
Importing 'GUID: 2cd731170d03c504385c90853a399445 - Path: Assets/IUH_Campus/Scripts/Player/PlayerState.cs - Importer: ScriptedImporter/UnityEditor.QuickSearchModule:UnityEditor.Search:ASIAI0B' with importer (ScriptedImporter : UnityEditor.QuickSearchModule:UnityEditor.Search:ASIAI0B)
Imported 'GUID: 2cd731170d03c504385c90853a399445' -> (Import Result ID: '9e559d9ade43d47cacd737384ee008ab') in 0.011 seconds [static and dynamic dependencies]. Details - ImportResultOutputID=10d63cf33bc13dd657cb527fd97f3723 DependenciesID=1f2bb864cd2e54b8b8f6c8eded63ca23 StaticDependenciesID=22d1dbad0508ecdc4be8e0fd359c47d7 
Number of updated asset objects reloaded before import = 0
Number of asset objects unloaded after import = 0
========================================================================
Received Import Request.
  Time of request: 2026-09-06T07:35:09.2766666Z
  Time since last request: 0.001659 seconds.
  importAddress: GUID: 3fbe465c6b6993747baed68f7797f425 - Path: Assets/IUH_Campus/Materials/M_IUH_Student_BluePolo.mat - Importer: ScriptedImporter/UnityEditor.QuickSearchModule:UnityEditor.Search:ASIAI0B
Importing 'GUID: 3fbe465c6b6993747baed68f7797f425 - Path: Assets/IUH_Campus/Materials/M_IUH_Student_BluePolo.mat - Importer: ScriptedImporter/UnityEditor.QuickSearchModule:UnityEditor.Search:ASIAI0B' with importer (ScriptedImporter : UnityEditor.QuickSearchModule:UnityEditor.Search:ASIAI0B)
Imported 'GUID: 3fbe465c6b6993747baed68f7797f425' -> (Import Result ID: '00dd884d3ec6f552154652f0069ae730') in 0.014 seconds [static and dynamic dependencies]. Details - ImportResultOutputID=cdda3ad7347bd21bb861106791ffee48 DependenciesID=c7847163af1c3dfe1a6b02dced7a6ccd StaticDependenciesID=3db4a069529dbde69c9779d9b3df53b6 
Number of updated asset objects reloaded before import = 0
Number of asset objects unloaded after import = 2
========================================================================
Received Import Request.
  Time of request: 2026-09-06T07:35:09.307056Z
  Time since last request: 0.0007591 seconds.
  importAddress: GUID: 75a382bdcff6a784796f1fc1dcaf70c5 - Path: Assets/IUH_Campus/Editor/IUHCampusPrefabGenerator.cs - Importer: ScriptedImporter/UnityEditor.QuickSearchModule:UnityEditor.Search:ASIAI0B
Importing 'GUID: 75a382bdcff6a784796f1fc1dcaf70c5 - Path: Assets/IUH_Campus/Editor/IUHCampusPrefabGenerator.cs - Importer: ScriptedImporter/UnityEditor.QuickSearchModule:UnityEditor.Search:ASIAI0B' with importer (ScriptedImporter : UnityEditor.QuickSearchModule:UnityEditor.Search:ASIAI0B)
Imported 'GUID: 75a382bdcff6a784796f1fc1dcaf70c5' -> (Import Result ID: '418505e70e98d82745824a267ca78c1e') in 0.004 seconds [static and dynamic dependencies]. Details - ImportResultOutputID=e040838c4b718505ff215e10a1dd4051 DependenciesID=8ddfbe24c8a5f1cb82b51b7dd0c5a52b StaticDependenciesID=f7e0fcaadfc0a1e4459edb3566e4be92 
Number of updated asset objects reloaded before import = 0
Number of asset objects unloaded after import = 0
========================================================================
Received Import Request.
  Time of request: 2026-09-06T07:35:09.3281034Z
  Time since last request: 0.0004633 seconds.
  importAddress: GUID: 615237cd36963cd428d32c6a9c680323 - Path: Assets/IUH_Campus/Scripts/Core/GameManager.cs - Importer: ScriptedImporter/UnityEditor.QuickSearchModule:UnityEditor.Search:ASIAI0B
Importing 'GUID: 615237cd36963cd428d32c6a9c680323 - Path: Assets/IUH_Campus/Scripts/Core/GameManager.cs - Importer: ScriptedImporter/UnityEditor.QuickSearchModule:UnityEditor.Search:ASIAI0B' with importer (ScriptedImporter : UnityEditor.QuickSearchModule:UnityEditor.Search:ASIAI0B)
Imported 'GUID: 615237cd36963cd428d32c6a9c680323' -> (Import Result ID: 'a3789ca255bf43b7612f4037bff1023e') in 0.004 seconds [static and dynamic dependencies]. Details - ImportResultOutputID=81522b1f54304b1db4f079e34b14ab90 DependenciesID=51d77a1edd68a3adefba996abefad1c8 StaticDependenciesID=6225ba7edf85be367c5b4853b9f7a79c 
Number of updated asset objects reloaded before import = 0
Number of asset objects unloaded after import = 0
========================================================================
Received Import Request.
  Time of request: 2026-09-06T07:35:09.3423041Z
  Time since last request: 0.0004575 seconds.
  importAddress: GUID: 256f6d4b4f9846042947c54443a731d5 - Path: Assets/IUH_Campus/Screenshots/screenshot_02_courtyard_human.png - Importer: ScriptedImporter/UnityEditor.QuickSearchModule:UnityEditor.Search:ASIAI0B
Importing 'GUID: 256f6d4b4f9846042947c54443a731d5 - Path: Assets/IUH_Campus/Screenshots/screenshot_02_courtyard_human.png - Importer: ScriptedImporter/UnityEditor.QuickSearchModule:UnityEditor.Search:ASIAI0B' with importer (ScriptedImporter : UnityEditor.QuickSearchModule:UnityEditor.Search:ASIAI0B)
Imported 'GUID: 256f6d4b4f9846042947c54443a731d5' -> (Import Result ID: '5ac6304db7823ecc6c7957b0a735e1a6') in 0.016 seconds [static and dynamic dependencies]. Details - ImportResultOutputID=f3c299de547fc99b48cff813e858108e DependenciesID=7bf7f664094eb18fa7dd450251fd1a22 StaticDependenciesID=9658ce49fc39130b03c4d758754137bb 
Number of updated asset objects reloaded before import = 0
Number of asset objects unloaded after import = 1
========================================================================
Received Import Request.
  Time of request: 2026-09-06T07:35:09.3685605Z
  Time since last request: 0.0004606 seconds.
  importAddress: GUID: 6dce0d2ffd174e94d862f00478cf2838 - Path: Assets/IUH_Campus/Materials/M_IUH_Student_Skin.mat - Importer: ScriptedImporter/UnityEditor.QuickSearchModule:UnityEditor.Search:ASIAI0B
Importing 'GUID: 6dce0d2ffd174e94d862f00478cf2838 - Path: Assets/IUH_Campus/Materials/M_IUH_Student_Skin.mat - Importer: ScriptedImporter/UnityEditor.QuickSearchModule:UnityEditor.Search:ASIAI0B' with importer (ScriptedImporter : UnityEditor.QuickSearchModule:UnityEditor.Search:ASIAI0B)
Imported 'GUID: 6dce0d2ffd174e94d862f00478cf2838' -> (Import Result ID: '22bd5aa2cb307429091081d02b8bb33c') in 0.005 seconds [static and dynamic dependencies]. Details - ImportResultOutputID=88fb6ad9d38cee265e4abf22a807106a DependenciesID=88df53ded437c97b1cfce49e9a0f9f40 StaticDependenciesID=1ec99bf6a682450f62acd1cfbab759c8 
Number of updated asset objects reloaded before import = 0
Number of asset objects unloaded after import = 2
========================================================================
Received Import Request.
  Time of request: 2026-09-06T07:35:09.3860913Z
  Time since last request: 0.0004334 seconds.
  importAddress: GUID: 378e6ce637b9bc54d849330ab33f9991 - Path: Assets/IUH_Campus/Textures/T_IUH_Sign_Wayfinding.png - Importer: ScriptedImporter/UnityEditor.QuickSearchModule:UnityEditor.Search:ASIAI0B
Importing 'GUID: 378e6ce637b9bc54d849330ab33f9991 - Path: Assets/IUH_Campus/Textures/T_IUH_Sign_Wayfinding.png - Importer: ScriptedImporter/UnityEditor.QuickSearchModule:UnityEditor.Search:ASIAI0B' with importer (ScriptedImporter : UnityEditor.QuickSearchModule:UnityEditor.Search:ASIAI0B)
Imported 'GUID: 378e6ce637b9bc54d849330ab33f9991' -> (Import Result ID: 'a8238847a2617214f7e716d528b030aa') in 0.018 seconds [static and dynamic dependencies]. Details - ImportResultOutputID=bb8525d29ec06d847a1dab6911419552 DependenciesID=c19e9cb9d94e04e027d0191cdd46542e StaticDependenciesID=33503808cffb3c5c2673f21b76122ab2 
Number of updated asset objects reloaded before import = 0
Number of asset objects unloaded after import = 1
========================================================================
Received Import Request.
  Time of request: 2026-09-06T07:35:09.4153659Z
  Time since last request: 0.0004424 seconds.
  importAddress: GUID: f48a417aa79b53a4bb542c5d23c80485 - Path: Assets/IUH_Campus/Prefabs/Lamp.prefab - Importer: ScriptedImporter/UnityEditor.QuickSearchModule:UnityEditor.Search:ASIAI0B
Importing 'GUID: f48a417aa79b53a4bb542c5d23c80485 - Path: Assets/IUH_Campus/Prefabs/Lamp.prefab - Importer: ScriptedImporter/UnityEditor.QuickSearchModule:UnityEditor.Search:ASIAI0B' with importer (ScriptedImporter : UnityEditor.QuickSearchModule:UnityEditor.Search:ASIAI0B)
Imported 'GUID: f48a417aa79b53a4bb542c5d23c80485' -> (Import Result ID: '4391fc70976629c70b69ce70fe0b4b0f') in 0.022 seconds [static and dynamic dependencies]. Details - ImportResultOutputID=2d09069cf3f8a82e26cc7948669a7194 DependenciesID=d728f21c73e87f1ce0bf2d3cbc7c6e18 StaticDependenciesID=efda8049cfaf5e4b3c59ef1e17d759e2 
Number of updated asset objects reloaded before import = 0
Number of asset objects unloaded after import = 21
========================================================================
Received Import Request.
  Time of request: 2026-09-06T07:35:09.4491907Z
  Time since last request: 0.0004296 seconds.
  importAddress: GUID: 5257388e220aaaa4da14051b7e1096f5 - Path: Assets/IUH_Campus/Scripts/NPC/NPCMovement.cs - Importer: ScriptedImporter/UnityEditor.QuickSearchModule:UnityEditor.Search:ASIAI0B
Importing 'GUID: 5257388e220aaaa4da14051b7e1096f5 - Path: Assets/IUH_Campus/Scripts/NPC/NPCMovement.cs - Importer: ScriptedImporter/UnityEditor.QuickSearchModule:UnityEditor.Search:ASIAI0B' with importer (ScriptedImporter : UnityEditor.QuickSearchModule:UnityEditor.Search:ASIAI0B)
Imported 'GUID: 5257388e220aaaa4da14051b7e1096f5' -> (Import Result ID: '31ffc7544ee3133450bffaa3a4035be5') in 0.006 seconds [static and dynamic dependencies]. Details - ImportResultOutputID=16b99c6bd7511a7b977edf68d578c6a9 DependenciesID=61a07889b76cccde164c3dd48479b156 StaticDependenciesID=9dd984da9130720d6852e3fbba7ee57d 
Number of updated asset objects reloaded before import = 0
Number of asset objects unloaded after import = 0
========================================================================
Received Import Request.
  Time of request: 2026-09-06T07:35:09.4662384Z
  Time since last request: 0.0004499 seconds.
  importAddress: GUID: f3d4af32676668045b10f2d5efc7ac9c - Path: Assets/IUH_Campus/Screenshots/screenshot_06_computer_training_room.png - Importer: ScriptedImporter/UnityEditor.QuickSearchModule:UnityEditor.Search:ASIAI0B
Importing 'GUID: f3d4af32676668045b10f2d5efc7ac9c - Path: Assets/IUH_Campus/Screenshots/screenshot_06_computer_training_room.png - Importer: ScriptedImporter/UnityEditor.QuickSearchModule:UnityEditor.Search:ASIAI0B' with importer (ScriptedImporter : UnityEditor.QuickSearchModule:UnityEditor.Search:ASIAI0B)
Imported 'GUID: f3d4af32676668045b10f2d5efc7ac9c' -> (Import Result ID: 'e33534c347cc09f60bd471bc646aea80') in 0.020 seconds [static and dynamic dependencies]. Details - ImportResultOutputID=6cb6be6f44ce242ecbb5f9c54a6821a1 DependenciesID=71826ad29f151e86b83bbc3a8ef49000 StaticDependenciesID=0a619f4609bce46e3ecdb5102dc2a5c2 
Number of updated asset objects reloaded before import = 0
Number of asset objects unloaded after import = 1
========================================================================
Received Import Request.
  Time of request: 2026-09-06T07:35:09.4975318Z
  Time since last request: 0.0007055 seconds.
  importAddress: GUID: a71476bd07914c640b001bea580ccac6 - Path: Assets/IUH_Campus/Scripts/UI/SimplePanelUI.cs - Importer: ScriptedImporter/UnityEditor.QuickSearchModule:UnityEditor.Search:ASIAI0B
Importing 'GUID: a71476bd07914c640b001bea580ccac6 - Path: Assets/IUH_Campus/Scripts/UI/SimplePanelUI.cs - Importer: ScriptedImporter/UnityEditor.QuickSearchModule:UnityEditor.Search:ASIAI0B' with importer (ScriptedImporter : UnityEditor.QuickSearchModule:UnityEditor.Search:ASIAI0B)
Imported 'GUID: a71476bd07914c640b001bea580ccac6' -> (Import Result ID: '9c3f87f5548975d84ae58f06732d1d43') in 0.005 seconds [static and dynamic dependencies]. Details - ImportResultOutputID=47b6e94588a146e63c5e9bc33b51473f DependenciesID=94b5dbc7744ce4b96e879eef14cd7178 StaticDependenciesID=321c140cefae747edcdd25881fdfb779 
Number of updated asset objects reloaded before import = 0
Number of asset objects unloaded after import = 0
========================================================================
Received Import Request.
  Time of request: 2026-09-06T07:35:09.5157281Z
  Time since last request: 0.0005339 seconds.
  importAddress: GUID: 834fc2df3e6331145adcc45309d3d970 - Path: Assets/IUH_Campus/Screenshots/screenshot_01_aerial.png - Importer: ScriptedImporter/UnityEditor.QuickSearchModule:UnityEditor.Search:ASIAI0B
Importing 'GUID: 834fc2df3e6331145adcc45309d3d970 - Path: Assets/IUH_Campus/Screenshots/screenshot_01_aerial.png - Importer: ScriptedImporter/UnityEditor.QuickSearchModule:UnityEditor.Search:ASIAI0B' with importer (ScriptedImporter : UnityEditor.QuickSearchModule:UnityEditor.Search:ASIAI0B)
Imported 'GUID: 834fc2df3e6331145adcc45309d3d970' -> (Import Result ID: 'fdeb6461cb08277afe6797abe2e9c05c') in 0.018 seconds [static and dynamic dependencies]. Details - ImportResultOutputID=fbc4af4c6fec8afc3b9d787a27e28acf DependenciesID=50063af81459bf4d5a4542bca9dc6e20 StaticDependenciesID=ef3c5b986038b3b186c32e392752c369 
Number of updated asset objects reloaded before import = 0
Number of asset objects unloaded after import = 1
========================================================================
Received Import Request.
  Time of request: 2026-09-06T07:35:09.5459625Z
  Time since last request: 0.0004312 seconds.
  importAddress: GUID: d420b94ae9a00b242b4ea2fdc699ef8c - Path: Assets/IUH_Campus/Materials/M_IUH_Helmet_White.mat - Importer: ScriptedImporter/UnityEditor.QuickSearchModule:UnityEditor.Search:ASIAI0B
Importing 'GUID: d420b94ae9a00b242b4ea2fdc699ef8c - Path: Assets/IUH_Campus/Materials/M_IUH_Helmet_White.mat - Importer: ScriptedImporter/UnityEditor.QuickSearchModule:UnityEditor.Search:ASIAI0B' with importer (ScriptedImporter : UnityEditor.QuickSearchModule:UnityEditor.Search:ASIAI0B)
Imported 'GUID: d420b94ae9a00b242b4ea2fdc699ef8c' -> (Import Result ID: '94c0fa17e6c52fdff15bb225faa2ad3f') in 0.007 seconds [static and dynamic dependencies]. Details - ImportResultOutputID=2c90df92f417a14a7709ec2b9cbf9cff DependenciesID=80408c98716f096a0515f296dfe033d9 StaticDependenciesID=14afd9513ae099fceda810d39c1d0601 
Number of updated asset objects reloaded before import = 0
Number of asset objects unloaded after import = 2
========================================================================
Received Import Request.
  Time of request: 2026-09-06T07:35:09.5645221Z
  Time since last request: 0.0003532 seconds.
  importAddress: GUID: 541e0b453d345ca4e8e3b3e88bd23c6f - Path: Assets/IUH_Campus/Scripts/Interaction/DoorController.cs - Importer: ScriptedImporter/UnityEditor.QuickSearchModule:UnityEditor.Search:ASIAI0B
Importing 'GUID: 541e0b453d345ca4e8e3b3e88bd23c6f - Path: Assets/IUH_Campus/Scripts/Interaction/DoorController.cs - Importer: ScriptedImporter/UnityEditor.QuickSearchModule:UnityEditor.Search:ASIAI0B' with importer (ScriptedImporter : UnityEditor.QuickSearchModule:UnityEditor.Search:ASIAI0B)
Imported 'GUID: 541e0b453d345ca4e8e3b3e88bd23c6f' -> (Import Result ID: 'c833718a8c14e0ee179145e4f2652f29') in 0.005 seconds [static and dynamic dependencies]. Details - ImportResultOutputID=50d5ff0f16905ffe5437af9fd681bdc6 DependenciesID=b765e5e34032d48ef16a2905de1c8db0 StaticDependenciesID=ce56eff1490fbb112b832e7aaf51ba1d 
Number of updated asset objects reloaded before import = 0
Number of asset objects unloaded after import = 0
========================================================================
Received Import Request.
  Time of request: 2026-09-06T07:35:09.581281Z
  Time since last request: 0.0004413 seconds.
  importAddress: GUID: f97fa8e5994ccac429b0543441468190 - Path: Assets/IUH_Campus/Materials/M_IUH_Urban_House.mat - Importer: ScriptedImporter/UnityEditor.QuickSearchModule:UnityEditor.Search:ASIAI0B
Importing 'GUID: f97fa8e5994ccac429b0543441468190 - Path: Assets/IUH_Campus/Materials/M_IUH_Urban_House.mat - Importer: ScriptedImporter/UnityEditor.QuickSearchModule:UnityEditor.Search:ASIAI0B' with importer (ScriptedImporter : UnityEditor.QuickSearchModule:UnityEditor.Search:ASIAI0B)
Imported 'GUID: f97fa8e5994ccac429b0543441468190' -> (Import Result ID: 'a4b6df40dfdef9e476a3b62a0ee72dfc') in 0.025 seconds [static and dynamic dependencies]. Details - ImportResultOutputID=00421fdce3cd45f5480731a1dab11fc4 DependenciesID=13fd3c66ad74cc10e9d26607a2a3222e StaticDependenciesID=75c10a43501b4b1affec5b8edd7fe486 
Number of updated asset objects reloaded before import = 0
Number of asset objects unloaded after import = 3
========================================================================
Received Import Request.
  Time of request: 2026-09-06T07:35:09.6171228Z
  Time since last request: 0.000482 seconds.
  importAddress: GUID: a2b14a0b7ef6c854c90d5566dcdf8733 - Path: Assets/IUH_Campus/Scripts/Interaction/WorldObjectID.cs - Importer: ScriptedImporter/UnityEditor.QuickSearchModule:UnityEditor.Search:ASIAI0B
Importing 'GUID: a2b14a0b7ef6c854c90d5566dcdf8733 - Path: Assets/IUH_Campus/Scripts/Interaction/WorldObjectID.cs - Importer: ScriptedImporter/UnityEditor.QuickSearchModule:UnityEditor.Search:ASIAI0B' with importer (ScriptedImporter : UnityEditor.QuickSearchModule:UnityEditor.Search:ASIAI0B)
Imported 'GUID: a2b14a0b7ef6c854c90d5566dcdf8733' -> (Import Result ID: '21cc25a4203cb21da4a3994f3ba2f596') in 0.004 seconds [static and dynamic dependencies]. Details - ImportResultOutputID=834311f5e719055e2d22ef8bdb7f9825 DependenciesID=9aeb3bd55d825bc005e3e742fe1b8b4f StaticDependenciesID=7a31d755f19c15402983c81edf6749a4 
Number of updated asset objects reloaded before import = 0
Number of asset objects unloaded after import = 0
========================================================================
Received Import Request.
  Time of request: 2026-09-06T07:35:09.6330636Z
  Time since last request: 0.000479 seconds.
  importAddress: GUID: 68a49abc9caedb0448adcf4b406ffcc9 - Path: Assets/IUH_Campus/Scripts/Player/PlayerInput.cs - Importer: ScriptedImporter/UnityEditor.QuickSearchModule:UnityEditor.Search:ASIAI0B
Importing 'GUID: 68a49abc9caedb0448adcf4b406ffcc9 - Path: Assets/IUH_Campus/Scripts/Player/PlayerInput.cs - Importer: ScriptedImporter/UnityEditor.QuickSearchModule:UnityEditor.Search:ASIAI0B' with importer (ScriptedImporter : UnityEditor.QuickSearchModule:UnityEditor.Search:ASIAI0B)
Imported 'GUID: 68a49abc9caedb0448adcf4b406ffcc9' -> (Import Result ID: 'd30c793d70a1e0aae33b40ff7894e84a') in 0.004 seconds [static and dynamic dependencies]. Details - ImportResultOutputID=04c610b736c1728029b959b51c8c5978 DependenciesID=1dca6d3d65d375bc61c6c8d6dcbdd281 StaticDependenciesID=4a5da61920c73cf423199860bb2bd361 
Number of updated asset objects reloaded before import = 0
Number of asset objects unloaded after import = 0
========================================================================
Received Import Request.
  Time of request: 2026-09-06T07:35:09.6495999Z
  Time since last request: 0.0005458 seconds.
  importAddress: GUID: a113fa044944f5840acfab637ef960e2 - Path: Assets/IUH_Campus/Scripts/Interaction/IInteractable.cs - Importer: ScriptedImporter/UnityEditor.QuickSearchModule:UnityEditor.Search:ASIAI0B
Importing 'GUID: a113fa044944f5840acfab637ef960e2 - Path: Assets/IUH_Campus/Scripts/Interaction/IInteractable.cs - Importer: ScriptedImporter/UnityEditor.QuickSearchModule:UnityEditor.Search:ASIAI0B' with importer (ScriptedImporter : UnityEditor.QuickSearchModule:UnityEditor.Search:ASIAI0B)
Imported 'GUID: a113fa044944f5840acfab637ef960e2' -> (Import Result ID: 'f395d3e9c6adfcc39040a14ce8610a39') in 0.004 seconds [static and dynamic dependencies]. Details - ImportResultOutputID=eb7640072a268bbfb088755867b0a32d DependenciesID=970b075e244ee8b425d12f48f0ed935e StaticDependenciesID=3e6b7707fe7ff85a34b4d7c5cd5b506d 
Number of updated asset objects reloaded before import = 0
Number of asset objects unloaded after import = 0
========================================================================
Received Import Request.
  Time of request: 2026-09-06T07:35:09.6643659Z
  Time since last request: 0.0004901 seconds.
  importAddress: GUID: 76ac30bf716ad1a4da3a0348cbc6c569 - Path: Assets/IUH_Campus/Scripts/Debug/DebugManager.cs - Importer: ScriptedImporter/UnityEditor.QuickSearchModule:UnityEditor.Search:ASIAI0B
Importing 'GUID: 76ac30bf716ad1a4da3a0348cbc6c569 - Path: Assets/IUH_Campus/Scripts/Debug/DebugManager.cs - Importer: ScriptedImporter/UnityEditor.QuickSearchModule:UnityEditor.Search:ASIAI0B' with importer (ScriptedImporter : UnityEditor.QuickSearchModule:UnityEditor.Search:ASIAI0B)
Imported 'GUID: 76ac30bf716ad1a4da3a0348cbc6c569' -> (Import Result ID: '6bafe38e6a09012c90bacc38d4ea007b') in 0.004 seconds [static and dynamic dependencies]. Details - ImportResultOutputID=6ec5147791b3f64f231195d4115f12e3 DependenciesID=ccbbe7750008b21b0fa63047443cf759 StaticDependenciesID=34caa008565aefbdca595886c1a49b28 
Number of updated asset objects reloaded before import = 0
Number of asset objects unloaded after import = 0
========================================================================
Received Import Request.
  Time of request: 2026-09-06T07:35:09.6803652Z
  Time since last request: 0.0004514 seconds.
  importAddress: GUID: f9f0f52b543c07f499e513db6efbaa47 - Path: Assets/IUH_Campus/Materials/M_IUH_Helmet_Red.mat - Importer: ScriptedImporter/UnityEditor.QuickSearchModule:UnityEditor.Search:ASIAI0B
Importing 'GUID: f9f0f52b543c07f499e513db6efbaa47 - Path: Assets/IUH_Campus/Materials/M_IUH_Helmet_Red.mat - Importer: ScriptedImporter/UnityEditor.QuickSearchModule:UnityEditor.Search:ASIAI0B' with importer (ScriptedImporter : UnityEditor.QuickSearchModule:UnityEditor.Search:ASIAI0B)
Imported 'GUID: f9f0f52b543c07f499e513db6efbaa47' -> (Import Result ID: '23bfd8cdaccfe92da7de50daf6e18004') in 0.005 seconds [static and dynamic dependencies]. Details - ImportResultOutputID=701e1b573a750910e1dde1e9eb8199c8 DependenciesID=df26d602d7f2eadb64c583ee7a1d37e0 StaticDependenciesID=93ec9a5c74058781f04d99f964d615bf 
Number of updated asset objects reloaded before import = 0
Number of asset objects unloaded after import = 2
========================================================================
Received Import Request.
  Time of request: 2026-09-06T07:35:09.6977056Z
  Time since last request: 0.00055 seconds.
  importAddress: GUID: dd8299825bb12ed4095ef0cd1262e3ae - Path: Assets/IUH_Campus/Editor/IUHGameReadyAutomation.cs - Importer: ScriptedImporter/UnityEditor.QuickSearchModule:UnityEditor.Search:ASIAI0B
Importing 'GUID: dd8299825bb12ed4095ef0cd1262e3ae - Path: Assets/IUH_Campus/Editor/IUHGameReadyAutomation.cs - Importer: ScriptedImporter/UnityEditor.QuickSearchModule:UnityEditor.Search:ASIAI0B' with importer (ScriptedImporter : UnityEditor.QuickSearchModule:UnityEditor.Search:ASIAI0B)
Imported 'GUID: dd8299825bb12ed4095ef0cd1262e3ae' -> (Import Result ID: 'd7dd7c7e2273b5608384af60662568d5') in 0.005 seconds [static and dynamic dependencies]. Details - ImportResultOutputID=c1fca8f00e12bae67c0a83adbedeb209 DependenciesID=2daeffed9b73b99b2abe50a572044b08 StaticDependenciesID=cb59e3e320f00b766ef76d23bd00dd08 
Number of updated asset objects reloaded before import = 0
Number of asset objects unloaded after import = 0
========================================================================
Received Import Request.
  Time of request: 2026-09-06T07:35:09.7168423Z
  Time since last request: 0.0005744 seconds.
  importAddress: GUID: e265b80ee0b26d64abea99e535521262 - Path: Assets/IUH_Campus/Screenshots/screenshot_07_motorcycle_parking.png - Importer: ScriptedImporter/UnityEditor.QuickSearchModule:UnityEditor.Search:ASIAI0B
Importing 'GUID: e265b80ee0b26d64abea99e535521262 - Path: Assets/IUH_Campus/Screenshots/screenshot_07_motorcycle_parking.png - Importer: ScriptedImporter/UnityEditor.QuickSearchModule:UnityEditor.Search:ASIAI0B' with importer (ScriptedImporter : UnityEditor.QuickSearchModule:UnityEditor.Search:ASIAI0B)
Imported 'GUID: e265b80ee0b26d64abea99e535521262' -> (Import Result ID: '81343a00c2ce8cff8774c347d5c8fd9b') in 0.019 seconds [static and dynamic dependencies]. Details - ImportResultOutputID=5a7f1005f9bc01190865325676907f99 DependenciesID=513189340e74f86276cff1181a7c234a StaticDependenciesID=412ff4b6b442ad570617ef480b49d41c 
Number of updated asset objects reloaded before import = 0
Number of asset objects unloaded after import = 1
========================================================================
Received Import Request.
  Time of request: 2026-09-06T07:35:09.7472675Z
  Time since last request: 0.0005342 seconds.
  importAddress: GUID: de41f383fb991874099ffa9f9fc1a722 - Path: Assets/IUH_Campus/Materials/M_IUH_Sign_Wayfinding.mat - Importer: ScriptedImporter/UnityEditor.QuickSearchModule:UnityEditor.Search:ASIAI0B
Importing 'GUID: de41f383fb991874099ffa9f9fc1a722 - Path: Assets/IUH_Campus/Materials/M_IUH_Sign_Wayfinding.mat - Importer: ScriptedImporter/UnityEditor.QuickSearchModule:UnityEditor.Search:ASIAI0B' with importer (ScriptedImporter : UnityEditor.QuickSearchModule:UnityEditor.Search:ASIAI0B)
Imported 'GUID: de41f383fb991874099ffa9f9fc1a722' -> (Import Result ID: 'b95e87506e719ceae5340a914d8c38e8') in 0.016 seconds [static and dynamic dependencies]. Details - ImportResultOutputID=fb112d1b2864718ef1dfdc17891e222c DependenciesID=cc6c5ac9f8897177d891ef1213a2ae88 StaticDependenciesID=be6b9f9119088c582d473b3de5d1fad5 
Number of updated asset objects reloaded before import = 0
Number of asset objects unloaded after import = 3
========================================================================
Received Import Request.
  Time of request: 2026-09-06T07:35:09.7746373Z
  Time since last request: 0.0005672 seconds.
  importAddress: GUID: 0a9f076115438574d8031f791c2d33d9 - Path: Assets/IUH_Campus/Textures/T_IUH_Fire_Extinguisher.png - Importer: ScriptedImporter/UnityEditor.QuickSearchModule:UnityEditor.Search:ASIAI0B
Importing 'GUID: 0a9f076115438574d8031f791c2d33d9 - Path: Assets/IUH_Campus/Textures/T_IUH_Fire_Extinguisher.png - Importer: ScriptedImporter/UnityEditor.QuickSearchModule:UnityEditor.Search:ASIAI0B' with importer (ScriptedImporter : UnityEditor.QuickSearchModule:UnityEditor.Search:ASIAI0B)
Imported 'GUID: 0a9f076115438574d8031f791c2d33d9' -> (Import Result ID: '8afaef34242bf0c110730e60cfa1e018') in 0.014 seconds [static and dynamic dependencies]. Details - ImportResultOutputID=99813585905fb6587e79f3b202a4b176 DependenciesID=314b02c112166a1f25017a244f41364f StaticDependenciesID=80929a382c33feda577b4d796e1beb8e 
Number of updated asset objects reloaded before import = 0
Number of asset objects unloaded after import = 1
========================================================================
Received Import Request.
  Time of request: 2026-09-06T07:35:09.800645Z
  Time since last request: 0.000388 seconds.
  importAddress: GUID: af4dafbfceb3c3541abaf3406680b4ea - Path: Assets/IUH_Campus/Textures/T_IUH_Urban_House.png - Importer: ScriptedImporter/UnityEditor.QuickSearchModule:UnityEditor.Search:ASIAI0B
Importing 'GUID: af4dafbfceb3c3541abaf3406680b4ea - Path: Assets/IUH_Campus/Textures/T_IUH_Urban_House.png - Importer: ScriptedImporter/UnityEditor.QuickSearchModule:UnityEditor.Search:ASIAI0B' with importer (ScriptedImporter : UnityEditor.QuickSearchModule:UnityEditor.Search:ASIAI0B)
Imported 'GUID: af4dafbfceb3c3541abaf3406680b4ea' -> (Import Result ID: '8017c09113bab019ffd8cb9b8d6bfe25') in 0.007 seconds [static and dynamic dependencies]. Details - ImportResultOutputID=19550d670c8632befd739adadad3bfb5 DependenciesID=60bc77292d20c3e14d4c295e811a1767 StaticDependenciesID=0cffdee52858756f1394ff20c245acad 
Number of updated asset objects reloaded before import = 0
Number of asset objects unloaded after import = 1
========================================================================
Received Import Request.
  Time of request: 2026-09-06T07:35:09.8182866Z
  Time since last request: 0.0005261 seconds.
  importAddress: GUID: d7c9c36318db4964ea59779990be1d2e - Path: Assets/IUH_Campus/Materials/M_IUH_Access_Control.mat - Importer: ScriptedImporter/UnityEditor.QuickSearchModule:UnityEditor.Search:ASIAI0B
Importing 'GUID: d7c9c36318db4964ea59779990be1d2e - Path: Assets/IUH_Campus/Materials/M_IUH_Access_Control.mat - Importer: ScriptedImporter/UnityEditor.QuickSearchModule:UnityEditor.Search:ASIAI0B' with importer (ScriptedImporter : UnityEditor.QuickSearchModule:UnityEditor.Search:ASIAI0B)
Imported 'GUID: d7c9c36318db4964ea59779990be1d2e' -> (Import Result ID: 'e6850898ba46b329c58e96eb2bb1b55a') in 0.026 seconds [static and dynamic dependencies]. Details - ImportResultOutputID=dcf3716616c5f90c365ddc2e63bc6bd9 DependenciesID=e93cb6fc2aa2c70237bdaa0b2f5e46b0 StaticDependenciesID=134f659ec3a62c3a60811974b6d6f6d5 
Number of updated asset objects reloaded before import = 0
Number of asset objects unloaded after import = 3
========================================================================
Received Import Request.
  Time of request: 2026-09-06T07:35:09.8558607Z
  Time since last request: 0.0003366 seconds.
  importAddress: GUID: 879e31a125561b242992dc2448d578b4 - Path: Assets/IUH_Campus/Scripts/NPC/Waypoint.cs - Importer: ScriptedImporter/UnityEditor.QuickSearchModule:UnityEditor.Search:ASIAI0B
Importing 'GUID: 879e31a125561b242992dc2448d578b4 - Path: Assets/IUH_Campus/Scripts/NPC/Waypoint.cs - Importer: ScriptedImporter/UnityEditor.QuickSearchModule:UnityEditor.Search:ASIAI0B' with importer (ScriptedImporter : UnityEditor.QuickSearchModule:UnityEditor.Search:ASIAI0B)
Imported 'GUID: 879e31a125561b242992dc2448d578b4' -> (Import Result ID: '2952a098661437561e60459498130d96') in 0.004 seconds [static and dynamic dependencies]. Details - ImportResultOutputID=09d9afb3508cd2a5f7929c848b4d5466 DependenciesID=959fb35c497e2e1bfabc29300a80ea2e StaticDependenciesID=7c392453e5897f6e6e40220c07c05c10 
Number of updated asset objects reloaded before import = 0
Number of asset objects unloaded after import = 0
========================================================================
Received Import Request.
  Time of request: 2026-09-06T07:35:09.8711379Z
  Time since last request: 0.0004687 seconds.
  importAddress: GUID: 6bbe4a3132b5cb24c9d46038b8fab54d - Path: Assets/IUH_Campus/Prefabs/Sign.prefab - Importer: ScriptedImporter/UnityEditor.QuickSearchModule:UnityEditor.Search:ASIAI0B
Importing 'GUID: 6bbe4a3132b5cb24c9d46038b8fab54d - Path: Assets/IUH_Campus/Prefabs/Sign.prefab - Importer: ScriptedImporter/UnityEditor.QuickSearchModule:UnityEditor.Search:ASIAI0B' with importer (ScriptedImporter : UnityEditor.QuickSearchModule:UnityEditor.Search:ASIAI0B)
Imported 'GUID: 6bbe4a3132b5cb24c9d46038b8fab54d' -> (Import Result ID: '93b1612571a8a9a85a20e67eefccb26f') in 0.022 seconds [static and dynamic dependencies]. Details - ImportResultOutputID=c8fd9b1f8496273019b9ddee52205bc2 DependenciesID=066274e6472a68ed1622ff7d5f3df9d0 StaticDependenciesID=1b4e8b967abb97a2e2ca7af1393fc9af 
Number of updated asset objects reloaded before import = 0
Number of asset objects unloaded after import = 26
========================================================================
Received Import Request.
  Time of request: 2026-09-06T07:35:09.9045346Z
  Time since last request: 0.0003327 seconds.
  importAddress: GUID: 32b35de5fbe32cd498e1bb643be423c9 - Path: Assets/IUH_Campus/Prefabs/Tree.prefab - Importer: ScriptedImporter/UnityEditor.QuickSearchModule:UnityEditor.Search:ASIAI0B
Importing 'GUID: 32b35de5fbe32cd498e1bb643be423c9 - Path: Assets/IUH_Campus/Prefabs/Tree.prefab - Importer: ScriptedImporter/UnityEditor.QuickSearchModule:UnityEditor.Search:ASIAI0B' with importer (ScriptedImporter : UnityEditor.QuickSearchModule:UnityEditor.Search:ASIAI0B)
Imported 'GUID: 32b35de5fbe32cd498e1bb643be423c9' -> (Import Result ID: 'b10d4f10c62a9cc4d129e37898b77e54') in 0.023 seconds [static and dynamic dependencies]. Details - ImportResultOutputID=fc0c9fb415c240d77cd7a30428a26720 DependenciesID=02cb8bba015cd1ad0dfcb9172da3681c StaticDependenciesID=6cd666d78a0d50ebe75363dd364df5fd 
Number of updated asset objects reloaded before import = 0
Number of asset objects unloaded after import = 36
========================================================================
Received Import Request.
  Time of request: 2026-09-06T07:35:09.9388696Z
  Time since last request: 0.0003491 seconds.
  importAddress: GUID: 680a840c566acc2448eeef3ee8567997 - Path: Assets/IUH_Campus/Screenshots/screenshot_04_lobby.png - Importer: ScriptedImporter/UnityEditor.QuickSearchModule:UnityEditor.Search:ASIAI0B
Importing 'GUID: 680a840c566acc2448eeef3ee8567997 - Path: Assets/IUH_Campus/Screenshots/screenshot_04_lobby.png - Importer: ScriptedImporter/UnityEditor.QuickSearchModule:UnityEditor.Search:ASIAI0B' with importer (ScriptedImporter : UnityEditor.QuickSearchModule:UnityEditor.Search:ASIAI0B)
Imported 'GUID: 680a840c566acc2448eeef3ee8567997' -> (Import Result ID: '71276ec898863150a4bd166ba79bfced') in 0.017 seconds [static and dynamic dependencies]. Details - ImportResultOutputID=2e4e6f8a7a96a03df8dab6de67827b29 DependenciesID=3daa1cda5c4cd72ae66ae587da517d3a StaticDependenciesID=e1fbc3e71ca11b393427638a80a84323 
Number of updated asset objects reloaded before import = 0
Number of asset objects unloaded after import = 1
========================================================================
Received Import Request.
  Time of request: 2026-09-06T07:35:09.9687855Z
  Time since last request: 0.0003973 seconds.
  importAddress: GUID: 3467e7f398bc67649968b9ab47d1a7b3 - Path: Assets/IUH_Campus/Materials/M_IUH_Motorbike_Orange.mat - Importer: ScriptedImporter/UnityEditor.QuickSearchModule:UnityEditor.Search:ASIAI0B
Importing 'GUID: 3467e7f398bc67649968b9ab47d1a7b3 - Path: Assets/IUH_Campus/Materials/M_IUH_Motorbike_Orange.mat - Importer: ScriptedImporter/UnityEditor.QuickSearchModule:UnityEditor.Search:ASIAI0B' with importer (ScriptedImporter : UnityEditor.QuickSearchModule:UnityEditor.Search:ASIAI0B)
Imported 'GUID: 3467e7f398bc67649968b9ab47d1a7b3' -> (Import Result ID: 'ccdf79c24094a999b7befd274b4ed615') in 0.006 seconds [static and dynamic dependencies]. Details - ImportResultOutputID=3d6cbe5c3ab483b7aac01b047da9cb8a DependenciesID=89972b145293fc72201d40cc68e702f1 StaticDependenciesID=a0ec6e8ddf42fc77273b04d5e47b92b0 
Number of updated asset objects reloaded before import = 0
Number of asset objects unloaded after import = 2
========================================================================
Received Import Request.
  Time of request: 2026-09-06T07:35:09.9873707Z
  Time since last request: 0.0003822 seconds.
  importAddress: GUID: 66b562b6bc1ab8041beb2bf5b1c25999 - Path: Assets/IUH_Campus/Materials/M_IUH_Motorbike_Blue.mat - Importer: ScriptedImporter/UnityEditor.QuickSearchModule:UnityEditor.Search:ASIAI0B
Importing 'GUID: 66b562b6bc1ab8041beb2bf5b1c25999 - Path: Assets/IUH_Campus/Materials/M_IUH_Motorbike_Blue.mat - Importer: ScriptedImporter/UnityEditor.QuickSearchModule:UnityEditor.Search:ASIAI0B' with importer (ScriptedImporter : UnityEditor.QuickSearchModule:UnityEditor.Search:ASIAI0B)
Imported 'GUID: 66b562b6bc1ab8041beb2bf5b1c25999' -> (Import Result ID: 'ca71a525017a3adaca13246dd06e4ed4') in 0.005 seconds [static and dynamic dependencies]. Details - ImportResultOutputID=e21af2e61b03e241f64e4b22d0b090f3 DependenciesID=eb8fee77cfebed06b4cbb2b4ede6d608 StaticDependenciesID=353d899c878ab17b2cfe5aa79e63cec2 
Number of updated asset objects reloaded before import = 0
Number of asset objects unloaded after import = 2
========================================================================
Received Import Request.
  Time of request: 2026-09-06T07:35:10.0033088Z
  Time since last request: 0.0003789 seconds.
  importAddress: GUID: 2abc369cf30543d479da477e8858e7a9 - Path: Assets/IUH_Campus/Screenshots/camera_courtyard.png - Importer: ScriptedImporter/UnityEditor.QuickSearchModule:UnityEditor.Search:ASIAI0B
Importing 'GUID: 2abc369cf30543d479da477e8858e7a9 - Path: Assets/IUH_Campus/Screenshots/camera_courtyard.png - Importer: ScriptedImporter/UnityEditor.QuickSearchModule:UnityEditor.Search:ASIAI0B' with importer (ScriptedImporter : UnityEditor.QuickSearchModule:UnityEditor.Search:ASIAI0B)
Imported 'GUID: 2abc369cf30543d479da477e8858e7a9' -> (Import Result ID: 'a73a95060b674143e343cbcdca04abf8') in 0.019 seconds [static and dynamic dependencies]. Details - ImportResultOutputID=07ce69eabd0167782ed5ff57a1bd5505 DependenciesID=fb4a5a2ece05d0b148297e9de9803e7e StaticDependenciesID=3b5bd8878aa2d03d59630afb354ad9d2 
Number of updated asset objects reloaded before import = 0
Number of asset objects unloaded after import = 1
========================================================================
Received Import Request.
  Time of request: 2026-09-06T07:35:10.0320039Z
  Time since last request: 0.0004484 seconds.
  importAddress: GUID: a5a6874f12b1aa24791e42551e090f0e - Path: Assets/IUH_Campus/Screenshots/screenshot_03_building_g_entrance.png - Importer: ScriptedImporter/UnityEditor.QuickSearchModule:UnityEditor.Search:ASIAI0B
Importing 'GUID: a5a6874f12b1aa24791e42551e090f0e - Path: Assets/IUH_Campus/Screenshots/screenshot_03_building_g_entrance.png - Importer: ScriptedImporter/UnityEditor.QuickSearchModule:UnityEditor.Search:ASIAI0B' with importer (ScriptedImporter : UnityEditor.QuickSearchModule:UnityEditor.Search:ASIAI0B)
Imported 'GUID: a5a6874f12b1aa24791e42551e090f0e' -> (Import Result ID: 'f3d600c096c7258741397a21fa814be1') in 0.017 seconds [static and dynamic dependencies]. Details - ImportResultOutputID=199879d5dc67fa6869a7d4eb53cbc138 DependenciesID=bd8c4e62a3f150fe3b111f7336e95d89 StaticDependenciesID=79182642ac6c52f9c17ad1a64d605d4d 
Number of updated asset objects reloaded before import = 0
Number of asset objects unloaded after import = 1
========================================================================
Received Import Request.
  Time of request: 2026-09-06T07:35:10.059735Z
  Time since last request: 0.0004526 seconds.
  importAddress: GUID: 3850b2a435a97524db317b497c0a21c3 - Path: Assets/IUH_Campus/Scripts/Player/PlayerMovement.cs - Importer: ScriptedImporter/UnityEditor.QuickSearchModule:UnityEditor.Search:ASIAI0B
Importing 'GUID: 3850b2a435a97524db317b497c0a21c3 - Path: Assets/IUH_Campus/Scripts/Player/PlayerMovement.cs - Importer: ScriptedImporter/UnityEditor.QuickSearchModule:UnityEditor.Search:ASIAI0B' with importer (ScriptedImporter : UnityEditor.QuickSearchModule:UnityEditor.Search:ASIAI0B)
Imported 'GUID: 3850b2a435a97524db317b497c0a21c3' -> (Import Result ID: '227b16474c8cfabec523d8b82ded3ce6') in 0.004 seconds [static and dynamic dependencies]. Details - ImportResultOutputID=ccf7519023c454df825d592d75e164b6 DependenciesID=b27d2ef6f87e3a4b5ce45f0495029a38 StaticDependenciesID=15390e0771c1f3055b12cff7fa40d533 
Number of updated asset objects reloaded before import = 0
Number of asset objects unloaded after import = 0
========================================================================
Received Import Request.
  Time of request: 2026-09-06T07:35:10.0739718Z
  Time since last request: 0.0004656 seconds.
  importAddress: GUID: 971922ed447474447affaa8d2351c98c - Path: Assets/IUH_Campus/Prefabs/FireExtinguisher.prefab - Importer: ScriptedImporter/UnityEditor.QuickSearchModule:UnityEditor.Search:ASIAI0B
Importing 'GUID: 971922ed447474447affaa8d2351c98c - Path: Assets/IUH_Campus/Prefabs/FireExtinguisher.prefab - Importer: ScriptedImporter/UnityEditor.QuickSearchModule:UnityEditor.Search:ASIAI0B' with importer (ScriptedImporter : UnityEditor.QuickSearchModule:UnityEditor.Search:ASIAI0B)
Imported 'GUID: 971922ed447474447affaa8d2351c98c' -> (Import Result ID: 'fa645a68f2868d8852701488b7cf196a') in 0.023 seconds [static and dynamic dependencies]. Details - ImportResultOutputID=d74761e28664450b6ac515458cb65fd3 DependenciesID=ca053732572067bff9d88d907817353d StaticDependenciesID=9d4c6a4b0a4540f893f1e7f8b9c31b5c 
Number of updated asset objects reloaded before import = 0
Number of asset objects unloaded after import = 26
========================================================================
Received Import Request.
  Time of request: 2026-09-06T07:35:10.1094403Z
  Time since last request: 0.0003398 seconds.
  importAddress: GUID: cb6d17c65af5ab142af56a785b95aa5a - Path: Assets/IUH_Campus/Materials/M_IUH_Motorbike_Teal.mat - Importer: ScriptedImporter/UnityEditor.QuickSearchModule:UnityEditor.Search:ASIAI0B
Importing 'GUID: cb6d17c65af5ab142af56a785b95aa5a - Path: Assets/IUH_Campus/Materials/M_IUH_Motorbike_Teal.mat - Importer: ScriptedImporter/UnityEditor.QuickSearchModule:UnityEditor.Search:ASIAI0B' with importer (ScriptedImporter : UnityEditor.QuickSearchModule:UnityEditor.Search:ASIAI0B)
Imported 'GUID: cb6d17c65af5ab142af56a785b95aa5a' -> (Import Result ID: 'fcbb6fdf085d17401e3b3ea1c0ad0e7c') in 0.005 seconds [static and dynamic dependencies]. Details - ImportResultOutputID=0c352135459025382ab5dc2db0ab3746 DependenciesID=6830d896bd1a9bf868b364b329d1170f StaticDependenciesID=2d012d9dd454f3f35f07a1ca2af3f501 
Number of updated asset objects reloaded before import = 0
Number of asset objects unloaded after import = 2
========================================================================
Received Import Request.
  Time of request: 2026-09-06T07:35:10.1251922Z
  Time since last request: 0.0004146 seconds.
  importAddress: GUID: 055af61a386e0144883dbb728f3e7cce - Path: Assets/IUH_Campus/Scripts/IUHInteractable.cs - Importer: ScriptedImporter/UnityEditor.QuickSearchModule:UnityEditor.Search:ASIAI0B
Importing 'GUID: 055af61a386e0144883dbb728f3e7cce - Path: Assets/IUH_Campus/Scripts/IUHInteractable.cs - Importer: ScriptedImporter/UnityEditor.QuickSearchModule:UnityEditor.Search:ASIAI0B' with importer (ScriptedImporter : UnityEditor.QuickSearchModule:UnityEditor.Search:ASIAI0B)
Imported 'GUID: 055af61a386e0144883dbb728f3e7cce' -> (Import Result ID: '6fc7dd658e5eb1e995c9e1fe1a94e900') in 0.003 seconds [static and dynamic dependencies]. Details - ImportResultOutputID=459d943b8f65dfa4ce52b995c6c218fe DependenciesID=2b2558ac90ca219e9a5913b6a88d9c7e StaticDependenciesID=e1c35af6104c5b1d81909ab9dc81692b 
Number of updated asset objects reloaded before import = 0
Number of asset objects unloaded after import = 0
========================================================================
Received Import Request.
  Time of request: 2026-09-06T07:35:10.1403592Z
  Time since last request: 0.0005386 seconds.
  importAddress: GUID: 40dc6abcce07bed4fa1b56e67a25b67a - Path: Assets/IUH_Campus/Materials/M_IUH_Motorbike_White.mat - Importer: ScriptedImporter/UnityEditor.QuickSearchModule:UnityEditor.Search:ASIAI0B
Importing 'GUID: 40dc6abcce07bed4fa1b56e67a25b67a - Path: Assets/IUH_Campus/Materials/M_IUH_Motorbike_White.mat - Importer: ScriptedImporter/UnityEditor.QuickSearchModule:UnityEditor.Search:ASIAI0B' with importer (ScriptedImporter : UnityEditor.QuickSearchModule:UnityEditor.Search:ASIAI0B)
Imported 'GUID: 40dc6abcce07bed4fa1b56e67a25b67a' -> (Import Result ID: '2bbd0558b8bdbc29ae1dae5c260228a6') in 0.006 seconds [static and dynamic dependencies]. Details - ImportResultOutputID=df1a9916af39f4a650b34e6ce52a61bc DependenciesID=994bd321f08222d689e6d295308fd9f1 StaticDependenciesID=9e292c8e2c04f8d047950e6b9bb5dfac 
Number of updated asset objects reloaded before import = 0
Number of asset objects unloaded after import = 2
========================================================================
Received Import Request.
  Time of request: 2026-09-06T07:35:10.1587412Z
  Time since last request: 0.0004325 seconds.
  importAddress: GUID: 5e97dc74ae403ef4798ec0e38ccd84e8 - Path: Assets/IUH_Campus/Materials/M_IUH_Fire_Extinguisher.mat - Importer: ScriptedImporter/UnityEditor.QuickSearchModule:UnityEditor.Search:ASIAI0B
Importing 'GUID: 5e97dc74ae403ef4798ec0e38ccd84e8 - Path: Assets/IUH_Campus/Materials/M_IUH_Fire_Extinguisher.mat - Importer: ScriptedImporter/UnityEditor.QuickSearchModule:UnityEditor.Search:ASIAI0B' with importer (ScriptedImporter : UnityEditor.QuickSearchModule:UnityEditor.Search:ASIAI0B)
Imported 'GUID: 5e97dc74ae403ef4798ec0e38ccd84e8' -> (Import Result ID: '79112f980705c3e985e401b9bc91dba0') in 0.014 seconds [static and dynamic dependencies]. Details - ImportResultOutputID=b5cd3e3734e2e978a486d5ca711c7077 DependenciesID=fb9cf8db3a4ac592539a0b1bb8fd1fad StaticDependenciesID=d917b52d975a115cf877c811b426bad0 
Number of updated asset objects reloaded before import = 0
Number of asset objects unloaded after import = 3
========================================================================
Received Import Request.
  Time of request: 2026-09-06T07:35:10.1844989Z
  Time since last request: 0.0003185 seconds.
  importAddress: GUID: 24d0e830bad2a854187cad039dba8541 - Path: Assets/IUH_Campus/Prefabs/WindowModule.prefab - Importer: ScriptedImporter/UnityEditor.QuickSearchModule:UnityEditor.Search:ASIAI0B
Importing 'GUID: 24d0e830bad2a854187cad039dba8541 - Path: Assets/IUH_Campus/Prefabs/WindowModule.prefab - Importer: ScriptedImporter/UnityEditor.QuickSearchModule:UnityEditor.Search:ASIAI0B' with importer (ScriptedImporter : UnityEditor.QuickSearchModule:UnityEditor.Search:ASIAI0B)
Imported 'GUID: 24d0e830bad2a854187cad039dba8541' -> (Import Result ID: '734f9b47318ddf0b737b2a6ea2169cf0') in 0.023 seconds [static and dynamic dependencies]. Details - ImportResultOutputID=fda3be710ab99ef4483d385bd3bded81 DependenciesID=01e0c08c5894dab699665f6c52345fec StaticDependenciesID=1eab36524f3c18fe6a9db3cb4ff28d8c 
Number of updated asset objects reloaded before import = 0
Number of asset objects unloaded after import = 19
========================================================================
Received Import Request.
  Time of request: 2026-09-06T07:35:10.2186978Z
  Time since last request: 0.0003889 seconds.
  importAddress: GUID: d4f9d36ac9fd3d145bb959bcebacef16 - Path: Assets/IUH_Campus/Textures/T_IUH_Access_Control.png - Importer: ScriptedImporter/UnityEditor.QuickSearchModule:UnityEditor.Search:ASIAI0B
Importing 'GUID: d4f9d36ac9fd3d145bb959bcebacef16 - Path: Assets/IUH_Campus/Textures/T_IUH_Access_Control.png - Importer: ScriptedImporter/UnityEditor.QuickSearchModule:UnityEditor.Search:ASIAI0B' with importer (ScriptedImporter : UnityEditor.QuickSearchModule:UnityEditor.Search:ASIAI0B)
Imported 'GUID: d4f9d36ac9fd3d145bb959bcebacef16' -> (Import Result ID: '01323b54fadd17e60d878acb606858a2') in 0.007 seconds [static and dynamic dependencies]. Details - ImportResultOutputID=57d5e8fb578146f3c05779ecbcd38566 DependenciesID=0da7983e33862e9075501f6911d32d7a StaticDependenciesID=e2812c3e86ee3bdca3e3e3ac5d04117f 
Number of updated asset objects reloaded before import = 0
Number of asset objects unloaded after import = 1
========================================================================
Received Import Request.
  Time of request: 2026-09-06T07:35:10.2367213Z
  Time since last request: 0.0005829 seconds.
  importAddress: GUID: 94c523f860cd95e41b750c5881108eeb - Path: Assets/IUH_Campus/Materials/M_IUH_Motorbike_Silver.mat - Importer: ScriptedImporter/UnityEditor.QuickSearchModule:UnityEditor.Search:ASIAI0B
Importing 'GUID: 94c523f860cd95e41b750c5881108eeb - Path: Assets/IUH_Campus/Materials/M_IUH_Motorbike_Silver.mat - Importer: ScriptedImporter/UnityEditor.QuickSearchModule:UnityEditor.Search:ASIAI0B' with importer (ScriptedImporter : UnityEditor.QuickSearchModule:UnityEditor.Search:ASIAI0B)
Imported 'GUID: 94c523f860cd95e41b750c5881108eeb' -> (Import Result ID: 'db3c0d4a00659c391f0df0d49ce8c216') in 0.005 seconds [static and dynamic dependencies]. Details - ImportResultOutputID=f1eee164473403bde9f8de85ac8c3638 DependenciesID=b7dc5ba493a262a295c2810b7ef78d55 StaticDependenciesID=9191d8256ffefd9988618559b05ab90c 
Number of updated asset objects reloaded before import = 0
Number of asset objects unloaded after import = 2
========================================================================
Received Import Request.
  Time of request: 2026-09-06T07:35:10.252806Z
  Time since last request: 0.0003834 seconds.
  importAddress: GUID: 7a74444f33ce13943b878d15d60316ec - Path: Assets/IUH_Campus/Prefabs/Bench.prefab - Importer: ScriptedImporter/UnityEditor.QuickSearchModule:UnityEditor.Search:ASIAI0B
Importing 'GUID: 7a74444f33ce13943b878d15d60316ec - Path: Assets/IUH_Campus/Prefabs/Bench.prefab - Importer: ScriptedImporter/UnityEditor.QuickSearchModule:UnityEditor.Search:ASIAI0B' with importer (ScriptedImporter : UnityEditor.QuickSearchModule:UnityEditor.Search:ASIAI0B)
Imported 'GUID: 7a74444f33ce13943b878d15d60316ec' -> (Import Result ID: '2471d85fcba3cec9fa4372eef6a7c7af') in 0.026 seconds [static and dynamic dependencies]. Details - ImportResultOutputID=a7f3c3595a47e7f0f89e30c0670cc730 DependenciesID=d0c17dec577d94b6f030fb5e0ebffcfc StaticDependenciesID=0f8f4682378df647f1b25c11072ea224 
Number of updated asset objects reloaded before import = 0
Number of asset objects unloaded after import = 26
========================================================================
Received Import Request.
  Time of request: 2026-09-06T07:35:10.289861Z
  Time since last request: 0.0004126 seconds.
  importAddress: GUID: 31b0eb79dad4f404cb5fc6039cea4534 - Path: Assets/IUH_Campus/Screenshots/camera_player_height.png - Importer: ScriptedImporter/UnityEditor.QuickSearchModule:UnityEditor.Search:ASIAI0B
Importing 'GUID: 31b0eb79dad4f404cb5fc6039cea4534 - Path: Assets/IUH_Campus/Screenshots/camera_player_height.png - Importer: ScriptedImporter/UnityEditor.QuickSearchModule:UnityEditor.Search:ASIAI0B' with importer (ScriptedImporter : UnityEditor.QuickSearchModule:UnityEditor.Search:ASIAI0B)
Imported 'GUID: 31b0eb79dad4f404cb5fc6039cea4534' -> (Import Result ID: '28009595d72e5a13b5e478cabc12ad3a') in 0.021 seconds [static and dynamic dependencies]. Details - ImportResultOutputID=4341793a375b2722f557af7bd7d0ab39 DependenciesID=4f730629fc1a01fd0ca5262dab1e5e48 StaticDependenciesID=a8ab56ff3f3f1f110224718dc67f6275 
Number of updated asset objects reloaded before import = 0
Number of asset objects unloaded after import = 1
========================================================================
Received Import Request.
  Time of request: 2026-09-06T07:35:10.3252364Z
  Time since last request: 0.0004053 seconds.
  importAddress: GUID: 91bc3416e87f8484f9e907c60c74c797 - Path: Assets/IUH_Campus/Screenshots/screenshot_05_corridor.png - Importer: ScriptedImporter/UnityEditor.QuickSearchModule:UnityEditor.Search:ASIAI0B
Importing 'GUID: 91bc3416e87f8484f9e907c60c74c797 - Path: Assets/IUH_Campus/Screenshots/screenshot_05_corridor.png - Importer: ScriptedImporter/UnityEditor.QuickSearchModule:UnityEditor.Search:ASIAI0B' with importer (ScriptedImporter : UnityEditor.QuickSearchModule:UnityEditor.Search:ASIAI0B)
Imported 'GUID: 91bc3416e87f8484f9e907c60c74c797' -> (Import Result ID: '90d6244d21b86d981c124279a7fb54a9') in 0.017 seconds [static and dynamic dependencies]. Details - ImportResultOutputID=150406e36bd34543e247b8ed70654ecd DependenciesID=0fb9a55cc3b4d8ccf5e901b359dc4ee4 StaticDependenciesID=c84e79da4cbd7f73deeb8edaafaf318c 
Number of updated asset objects reloaded before import = 0
Number of asset objects unloaded after import = 1
========================================================================
Received Import Request.
  Time of request: 2026-09-06T07:35:10.3535913Z
  Time since last request: 0.0004103 seconds.
  importAddress: GUID: d222ff6ae24a556479f2830923ae2927 - Path: Assets/IUH_Campus/Materials/M_IUH_Motorbike_Yellow.mat - Importer: ScriptedImporter/UnityEditor.QuickSearchModule:UnityEditor.Search:ASIAI0B
Importing 'GUID: d222ff6ae24a556479f2830923ae2927 - Path: Assets/IUH_Campus/Materials/M_IUH_Motorbike_Yellow.mat - Importer: ScriptedImporter/UnityEditor.QuickSearchModule:UnityEditor.Search:ASIAI0B' with importer (ScriptedImporter : UnityEditor.QuickSearchModule:UnityEditor.Search:ASIAI0B)
Imported 'GUID: d222ff6ae24a556479f2830923ae2927' -> (Import Result ID: '48d32e0ec3df49d96fc6e644b0670a28') in 0.007 seconds [static and dynamic dependencies]. Details - ImportResultOutputID=a9e809165755c7b496c3e0625bff49a6 DependenciesID=b7ec475638a4f044f55f26e16f2157d3 StaticDependenciesID=18a6d5d14ad1759a68c319c7b5f1a7bb 
Number of updated asset objects reloaded before import = 0
Number of asset objects unloaded after import = 2
========================================================================
Received Import Request.
  Time of request: 2026-09-06T07:35:10.373367Z
  Time since last request: 0.0003709 seconds.
  importAddress: GUID: 4791cf47010a48641bf135c199bcd9df - Path: Assets/IUH_Campus/Materials/M_IUH_Student_WhiteShirt.mat - Importer: ScriptedImporter/UnityEditor.QuickSearchModule:UnityEditor.Search:ASIAI0B
Importing 'GUID: 4791cf47010a48641bf135c199bcd9df - Path: Assets/IUH_Campus/Materials/M_IUH_Student_WhiteShirt.mat - Importer: ScriptedImporter/UnityEditor.QuickSearchModule:UnityEditor.Search:ASIAI0B' with importer (ScriptedImporter : UnityEditor.QuickSearchModule:UnityEditor.Search:ASIAI0B)
Imported 'GUID: 4791cf47010a48641bf135c199bcd9df' -> (Import Result ID: '3c1406f453deb4ee2b58ab905c959eb7') in 0.005 seconds [static and dynamic dependencies]. Details - ImportResultOutputID=5055bcd212aafeb2d4edab8ca0bb5eda DependenciesID=9b9a1ca19cb360c764e5e74f38111424 StaticDependenciesID=636a804f7a57b7b03bd114f3bd426c1b 
Number of updated asset objects reloaded before import = 0
Number of asset objects unloaded after import = 2
========================================================================
Received Import Request.
  Time of request: 2026-09-06T07:35:10.4046697Z
  Time since last request: 0.0161845 seconds.
  importAddress: GUID: a8758a58c2e7a904580ccffa5976ade5 - Path: Assets/IUH_Campus/Editor/IUHGameSystemsMasterBuilder.cs - Importer: ScriptedImporter/UnityEditor.QuickSearchModule:UnityEditor.Search:ASIAI0B
Importing 'GUID: a8758a58c2e7a904580ccffa5976ade5 - Path: Assets/IUH_Campus/Editor/IUHGameSystemsMasterBuilder.cs - Importer: ScriptedImporter/UnityEditor.QuickSearchModule:UnityEditor.Search:ASIAI0B' with importer (ScriptedImporter : UnityEditor.QuickSearchModule:UnityEditor.Search:ASIAI0B)
Imported 'GUID: a8758a58c2e7a904580ccffa5976ade5' -> (Import Result ID: 'ed7c322ef99bc7618def2ea242cc1f46') in 0.004 seconds [static and dynamic dependencies]. Details - ImportResultOutputID=387e9014bbbaf98e87a1dc7fca4d09fa DependenciesID=3526629f9859c3c8f8849a4fd0f0abed StaticDependenciesID=d505a84764710f79f0d69a204828abf9 
Number of updated asset objects reloaded before import = 0
Number of asset objects unloaded after import = 0
========================================================================
Received Import Request.
  Time of request: 2026-09-06T07:35:10.4181914Z
  Time since last request: 0.0006955 seconds.
  importAddress: GUID: 82d24b87c9936294ea228f3be8c370f0 - Path: Assets/IUH_Campus/Scripts/Core/GameEvents.cs - Importer: ScriptedImporter/UnityEditor.QuickSearchModule:UnityEditor.Search:ASIAI0B
Importing 'GUID: 82d24b87c9936294ea228f3be8c370f0 - Path: Assets/IUH_Campus/Scripts/Core/GameEvents.cs - Importer: ScriptedImporter/UnityEditor.QuickSearchModule:UnityEditor.Search:ASIAI0B' with importer (ScriptedImporter : UnityEditor.QuickSearchModule:UnityEditor.Search:ASIAI0B)
Imported 'GUID: 82d24b87c9936294ea228f3be8c370f0' -> (Import Result ID: 'b8328c5ec2e711f32ff4f1d13dd661b8') in 0.004 seconds [static and dynamic dependencies]. Details - ImportResultOutputID=2960418f70801d2319da9b036033e618 DependenciesID=19ac21a0bddd558ceded01bd6934314d StaticDependenciesID=e93963b96564a1bcd0174cd9f1aa9f73 
Number of updated asset objects reloaded before import = 0
Number of asset objects unloaded after import = 0
========================================================================
Received Import Request.
  Time of request: 2026-09-06T07:35:10.432799Z
  Time since last request: 0.0005311 seconds.
  importAddress: GUID: b86d0df5827c7ee48a44c88462e35dc0 - Path: Assets/IUH_Campus/Screenshots/screenshot_system_06_gameplay_anchors.png - Importer: ScriptedImporter/UnityEditor.QuickSearchModule:UnityEditor.Search:ASIAI0B
Importing 'GUID: b86d0df5827c7ee48a44c88462e35dc0 - Path: Assets/IUH_Campus/Screenshots/screenshot_system_06_gameplay_anchors.png - Importer: ScriptedImporter/UnityEditor.QuickSearchModule:UnityEditor.Search:ASIAI0B' with importer (ScriptedImporter : UnityEditor.QuickSearchModule:UnityEditor.Search:ASIAI0B)
Imported 'GUID: b86d0df5827c7ee48a44c88462e35dc0' -> (Import Result ID: '75adc655faf9e5f10590fe891ea39d09') in 0.019 seconds [static and dynamic dependencies]. Details - ImportResultOutputID=c873264c89ea63a4447a47602a81bde7 DependenciesID=a860de38b7e3885e46182528c38d98c5 StaticDependenciesID=c0bcb64d443d2f22e48cbd38e77fc685 
Number of updated asset objects reloaded before import = 0
Number of asset objects unloaded after import = 1
========================================================================
Received Import Request.
  Time of request: 2026-09-06T07:35:10.4630382Z
  Time since last request: 0.0005299 seconds.
  importAddress: GUID: 9a2d84777b974ad40a2129fbdf952d83 - Path: Assets/IUH_Campus/Screenshots/screenshot_multifloor_09_player_in_classroom.png - Importer: ScriptedImporter/UnityEditor.QuickSearchModule:UnityEditor.Search:ASIAI0B
Importing 'GUID: 9a2d84777b974ad40a2129fbdf952d83 - Path: Assets/IUH_Campus/Screenshots/screenshot_multifloor_09_player_in_classroom.png - Importer: ScriptedImporter/UnityEditor.QuickSearchModule:UnityEditor.Search:ASIAI0B' with importer (ScriptedImporter : UnityEditor.QuickSearchModule:UnityEditor.Search:ASIAI0B)
Imported 'GUID: 9a2d84777b974ad40a2129fbdf952d83' -> (Import Result ID: '057390b2c75e0bc91dfb3e60f9a1499e') in 0.018 seconds [static and dynamic dependencies]. Details - ImportResultOutputID=3477beb5201bee32c4b1e599d51bfd3e DependenciesID=8ee57486f7596302d912f7b4eeab8264 StaticDependenciesID=a3e53c7aa0c053f577c6c26658abbc9f 
Number of updated asset objects reloaded before import = 0
Number of asset objects unloaded after import = 1
========================================================================
Received Import Request.
  Time of request: 2026-09-06T07:35:10.4912416Z
  Time since last request: 0.0005337 seconds.
  importAddress: GUID: dc077b8d2067d8a48b5d1ccbc9e739ff - Path: Assets/IUH_Campus/Screenshots/screenshot_multifloor_03_standard_classroom.png - Importer: ScriptedImporter/UnityEditor.QuickSearchModule:UnityEditor.Search:ASIAI0B
Importing 'GUID: dc077b8d2067d8a48b5d1ccbc9e739ff - Path: Assets/IUH_Campus/Screenshots/screenshot_multifloor_03_standard_classroom.png - Importer: ScriptedImporter/UnityEditor.QuickSearchModule:UnityEditor.Search:ASIAI0B' with importer (ScriptedImporter : UnityEditor.QuickSearchModule:UnityEditor.Search:ASIAI0B)
Imported 'GUID: dc077b8d2067d8a48b5d1ccbc9e739ff' -> (Import Result ID: '51dd0dfcce6aa7835ad96919587c3ce5') in 0.020 seconds [static and dynamic dependencies]. Details - ImportResultOutputID=15b7103132a75a3cfc045cc1742a325a DependenciesID=c2c3ce0ee20f148959373a5ffd60420e StaticDependenciesID=e6c9ff0c8204ccd40daf52f4ab5e6493 
Number of updated asset objects reloaded before import = 0
Number of asset objects unloaded after import = 1
========================================================================
Received Import Request.
  Time of request: 2026-09-06T07:35:10.5240911Z
  Time since last request: 0.0003496 seconds.
  importAddress: GUID: bee69f86491e2514c8e4d4dd5d55336f - Path: Assets/IUH_Campus/Screenshots/screenshot_multifloor_01_lobby.png - Importer: ScriptedImporter/UnityEditor.QuickSearchModule:UnityEditor.Search:ASIAI0B
Importing 'GUID: bee69f86491e2514c8e4d4dd5d55336f - Path: Assets/IUH_Campus/Screenshots/screenshot_multifloor_01_lobby.png - Importer: ScriptedImporter/UnityEditor.QuickSearchModule:UnityEditor.Search:ASIAI0B' with importer (ScriptedImporter : UnityEditor.QuickSearchModule:UnityEditor.Search:ASIAI0B)
Imported 'GUID: bee69f86491e2514c8e4d4dd5d55336f' -> (Import Result ID: '8ac70c78e3996df4daf8a9bf26e2ba23') in 0.018 seconds [static and dynamic dependencies]. Details - ImportResultOutputID=ff0341469b1064583e2eb2be76ee911d DependenciesID=139c3345b6795bcbb081044553f4477c StaticDependenciesID=7e0e5f282ebc788984a2dd8204ff2e8b 
Number of updated asset objects reloaded before import = 0
Number of asset objects unloaded after import = 1
========================================================================
Received Import Request.
  Time of request: 2026-09-06T07:35:10.5537316Z
  Time since last request: 0.0002998 seconds.
  importAddress: GUID: b790bda118f07124c950019c7a252a2a - Path: Assets/IUH_Campus/Scripts/World - Importer: ScriptedImporter/UnityEditor.QuickSearchModule:UnityEditor.Search:ASIAI0B
Importing 'GUID: b790bda118f07124c950019c7a252a2a - Path: Assets/IUH_Campus/Scripts/World - Importer: ScriptedImporter/UnityEditor.QuickSearchModule:UnityEditor.Search:ASIAI0B' with importer (ScriptedImporter : UnityEditor.QuickSearchModule:UnityEditor.Search:ASIAI0B)
Imported 'GUID: b790bda118f07124c950019c7a252a2a' -> (Import Result ID: 'f01ed6cfadca9c496a81fd2d254d1f3a') in 0.003 seconds [static and dynamic dependencies]. Details - ImportResultOutputID=d96026eab66f8af22d4720e899c80412 DependenciesID=fae9bc0830de5785928cfffde9161336 StaticDependenciesID=0ba70870a2c9ec1c0b2735afc4a78fb4 
Number of updated asset objects reloaded before import = 0
Number of asset objects unloaded after import = 1
========================================================================
Received Import Request.
  Time of request: 2026-09-06T07:35:10.5663991Z
  Time since last request: 0.0004893 seconds.
  importAddress: GUID: 2f44b39de85216a4ab27c3ead2efcf96 - Path: Assets/IUH_Campus/Editor/IUHMultiFloorMasterBuilder.cs - Importer: ScriptedImporter/UnityEditor.QuickSearchModule:UnityEditor.Search:ASIAI0B
Importing 'GUID: 2f44b39de85216a4ab27c3ead2efcf96 - Path: Assets/IUH_Campus/Editor/IUHMultiFloorMasterBuilder.cs - Importer: ScriptedImporter/UnityEditor.QuickSearchModule:UnityEditor.Search:ASIAI0B' with importer (ScriptedImporter : UnityEditor.QuickSearchModule:UnityEditor.Search:ASIAI0B)
Imported 'GUID: 2f44b39de85216a4ab27c3ead2efcf96' -> (Import Result ID: 'c150767d74884aa751e3ec2aebb775e0') in 0.004 seconds [static and dynamic dependencies]. Details - ImportResultOutputID=2a4acb615329bd5143a8544050f21f05 DependenciesID=6d72413d1c7356ac55b0e93a1826ea57 StaticDependenciesID=44411d9d6df228fc3b2ad84fc6c7f3c6 
Number of updated asset objects reloaded before import = 0
Number of asset objects unloaded after import = 0
========================================================================
Received Import Request.
  Time of request: 2026-09-06T07:35:10.5789357Z
  Time since last request: 0.0005276 seconds.
  importAddress: GUID: 367526269460df54bae76e8e66e0ba1d - Path: Assets/IUH_Campus/Screenshots/screenshot_multifloor_02_corridor_f2.png - Importer: ScriptedImporter/UnityEditor.QuickSearchModule:UnityEditor.Search:ASIAI0B
Importing 'GUID: 367526269460df54bae76e8e66e0ba1d - Path: Assets/IUH_Campus/Screenshots/screenshot_multifloor_02_corridor_f2.png - Importer: ScriptedImporter/UnityEditor.QuickSearchModule:UnityEditor.Search:ASIAI0B' with importer (ScriptedImporter : UnityEditor.QuickSearchModule:UnityEditor.Search:ASIAI0B)
Imported 'GUID: 367526269460df54bae76e8e66e0ba1d' -> (Import Result ID: '3b888151166063516ee704a2f8ba81ad') in 0.017 seconds [static and dynamic dependencies]. Details - ImportResultOutputID=511fbbe1464a6677b889d93bb37c8663 DependenciesID=89dfb168d2a72d49bffced7fc0552168 StaticDependenciesID=4a1afb19800831429e2a42784b690956 
Number of updated asset objects reloaded before import = 0
Number of asset objects unloaded after import = 1
========================================================================
Received Import Request.
  Time of request: 2026-09-06T07:35:10.6067133Z
  Time since last request: 0.00047 seconds.
  importAddress: GUID: 52e7d6527f5c9c64f87336fd9d7c3d2c - Path: Assets/IUH_Campus/Screenshots/screenshot_system_03_door.png - Importer: ScriptedImporter/UnityEditor.QuickSearchModule:UnityEditor.Search:ASIAI0B
Importing 'GUID: 52e7d6527f5c9c64f87336fd9d7c3d2c - Path: Assets/IUH_Campus/Screenshots/screenshot_system_03_door.png - Importer: ScriptedImporter/UnityEditor.QuickSearchModule:UnityEditor.Search:ASIAI0B' with importer (ScriptedImporter : UnityEditor.QuickSearchModule:UnityEditor.Search:ASIAI0B)
Imported 'GUID: 52e7d6527f5c9c64f87336fd9d7c3d2c' -> (Import Result ID: '6827de02141c776682af3f37c08bd459') in 0.020 seconds [static and dynamic dependencies]. Details - ImportResultOutputID=fb1cea5121c70cad2ba47f0ef38b1164 DependenciesID=67789370e7c0111e99b2c6cb261ab5ef StaticDependenciesID=cbc32e6749fe56b608c73d95bdc8172e 
Number of updated asset objects reloaded before import = 0
Number of asset objects unloaded after import = 1
========================================================================
Received Import Request.
  Time of request: 2026-09-06T07:35:10.6351826Z
  Time since last request: 0.0004143 seconds.
  importAddress: GUID: 0420cd4ee4d207045a4b77ac6e831c74 - Path: Assets/IUH_Campus/Screenshots/screenshot_multifloor_04_computer_classroom.png - Importer: ScriptedImporter/UnityEditor.QuickSearchModule:UnityEditor.Search:ASIAI0B
Importing 'GUID: 0420cd4ee4d207045a4b77ac6e831c74 - Path: Assets/IUH_Campus/Screenshots/screenshot_multifloor_04_computer_classroom.png - Importer: ScriptedImporter/UnityEditor.QuickSearchModule:UnityEditor.Search:ASIAI0B' with importer (ScriptedImporter : UnityEditor.QuickSearchModule:UnityEditor.Search:ASIAI0B)
Imported 'GUID: 0420cd4ee4d207045a4b77ac6e831c74' -> (Import Result ID: '8655f3f9dfbfdec16eab50b703f96027') in 0.017 seconds [static and dynamic dependencies]. Details - ImportResultOutputID=f71e866d51760f9295766d4f39e0ab5d DependenciesID=aae5fcd095393f590e1767aab3014cc4 StaticDependenciesID=a460fa5cc6e74c638ba7cfb284514b93 
Number of updated asset objects reloaded before import = 0
Number of asset objects unloaded after import = 1
========================================================================
Received Import Request.
  Time of request: 2026-09-06T07:35:10.6617556Z
  Time since last request: 0.0002689 seconds.
  importAddress: GUID: 807b6bca0a505b74e99d87bc5449cb2f - Path: Assets/IUH_Campus/Scripts/World/RoomTrigger.cs - Importer: ScriptedImporter/UnityEditor.QuickSearchModule:UnityEditor.Search:ASIAI0B
Importing 'GUID: 807b6bca0a505b74e99d87bc5449cb2f - Path: Assets/IUH_Campus/Scripts/World/RoomTrigger.cs - Importer: ScriptedImporter/UnityEditor.QuickSearchModule:UnityEditor.Search:ASIAI0B' with importer (ScriptedImporter : UnityEditor.QuickSearchModule:UnityEditor.Search:ASIAI0B)
Imported 'GUID: 807b6bca0a505b74e99d87bc5449cb2f' -> (Import Result ID: 'b65b459dcde671bbc1a43b5fd7b87516') in 0.003 seconds [static and dynamic dependencies]. Details - ImportResultOutputID=e58c81de1152666180d06642010519e6 DependenciesID=a06ca980b5118a9be42d5be30b01016d StaticDependenciesID=12d6afdd2b068ce96593cd5a949fb9c5 
Number of updated asset objects reloaded before import = 0
Number of asset objects unloaded after import = 0
========================================================================
Received Import Request.
  Time of request: 2026-09-06T07:35:10.6737233Z
  Time since last request: 0.0004896 seconds.
  importAddress: GUID: fb050d96372db0e40977dad925f44db9 - Path: Assets/IUH_Campus/Scripts/Debug - Importer: ScriptedImporter/UnityEditor.QuickSearchModule:UnityEditor.Search:ASIAI0B
Importing 'GUID: fb050d96372db0e40977dad925f44db9 - Path: Assets/IUH_Campus/Scripts/Debug - Importer: ScriptedImporter/UnityEditor.QuickSearchModule:UnityEditor.Search:ASIAI0B' with importer (ScriptedImporter : UnityEditor.QuickSearchModule:UnityEditor.Search:ASIAI0B)
Imported 'GUID: fb050d96372db0e40977dad925f44db9' -> (Import Result ID: '303522f1718108e0239f2020e4b5ea0b') in 0.004 seconds [static and dynamic dependencies]. Details - ImportResultOutputID=0f5ccbcb1c51948f010324f8768d2cb0 DependenciesID=fb4563e427af370ebdbbd950dfa09e33 StaticDependenciesID=bacd10bccc4865e46d31b2cb9abdb7f0 
Number of updated asset objects reloaded before import = 0
Number of asset objects unloaded after import = 1
========================================================================
Received Import Request.
  Time of request: 2026-09-06T07:35:10.6865894Z
  Time since last request: 0.0004021 seconds.
  importAddress: GUID: ad90a90586aa5a64e8b5d1492f0bea32 - Path: Assets/IUH_Campus/Scripts/UI - Importer: ScriptedImporter/UnityEditor.QuickSearchModule:UnityEditor.Search:ASIAI0B
Importing 'GUID: ad90a90586aa5a64e8b5d1492f0bea32 - Path: Assets/IUH_Campus/Scripts/UI - Importer: ScriptedImporter/UnityEditor.QuickSearchModule:UnityEditor.Search:ASIAI0B' with importer (ScriptedImporter : UnityEditor.QuickSearchModule:UnityEditor.Search:ASIAI0B)
Imported 'GUID: ad90a90586aa5a64e8b5d1492f0bea32' -> (Import Result ID: 'a8c8a0d7d6931fc43b0c8f3b3e5555d8') in 0.004 seconds [static and dynamic dependencies]. Details - ImportResultOutputID=c640adaaf2e327198ef7692b21df0fd7 DependenciesID=fa5e2dd4ffe66474328981783c80209b StaticDependenciesID=0cd07ed52e62f18b062237f79ee2fa23 
Number of updated asset objects reloaded before import = 0
Number of asset objects unloaded after import = 1
========================================================================
Received Import Request.
  Time of request: 2026-09-06T07:35:10.6995966Z
  Time since last request: 0.0004882 seconds.
  importAddress: GUID: 8daec8268b1c5c347bf617028d1d0542 - Path: Assets/IUH_Campus/Scripts/Interaction/ComputerController.cs - Importer: ScriptedImporter/UnityEditor.QuickSearchModule:UnityEditor.Search:ASIAI0B
Importing 'GUID: 8daec8268b1c5c347bf617028d1d0542 - Path: Assets/IUH_Campus/Scripts/Interaction/ComputerController.cs - Importer: ScriptedImporter/UnityEditor.QuickSearchModule:UnityEditor.Search:ASIAI0B' with importer (ScriptedImporter : UnityEditor.QuickSearchModule:UnityEditor.Search:ASIAI0B)
Imported 'GUID: 8daec8268b1c5c347bf617028d1d0542' -> (Import Result ID: '0691fb58c01c1ee8e21f4b02ed8287a8') in 0.003 seconds [static and dynamic dependencies]. Details - ImportResultOutputID=77411ce5544050b5c16277375d9717b1 DependenciesID=fc992556a1b5964152a57ee4028bb636 StaticDependenciesID=f366e89d051900800be3d0f01222e50d 
Number of updated asset objects reloaded before import = 0
Number of asset objects unloaded after import = 0
========================================================================
Received Import Request.
  Time of request: 2026-09-06T07:35:10.7121998Z
  Time since last request: 0.0005229 seconds.
  importAddress: GUID: 0a280421a7af46c459fb4f8e0a70e88f - Path: Assets/IUH_Campus/Screenshots/screenshot_multifloor_07_floor_2_overview.png - Importer: ScriptedImporter/UnityEditor.QuickSearchModule:UnityEditor.Search:ASIAI0B
Importing 'GUID: 0a280421a7af46c459fb4f8e0a70e88f - Path: Assets/IUH_Campus/Screenshots/screenshot_multifloor_07_floor_2_overview.png - Importer: ScriptedImporter/UnityEditor.QuickSearchModule:UnityEditor.Search:ASIAI0B' with importer (ScriptedImporter : UnityEditor.QuickSearchModule:UnityEditor.Search:ASIAI0B)
Imported 'GUID: 0a280421a7af46c459fb4f8e0a70e88f' -> (Import Result ID: '9e31b723fbbf33d4a8ef1916689e8bb6') in 0.018 seconds [static and dynamic dependencies]. Details - ImportResultOutputID=63568645b7b7e92a8c2804a2170ed40d DependenciesID=a8d6d364ce820e7ce6200cd8c9ab47d0 StaticDependenciesID=3834e45eab25626b21998a5b4ac1486b 
Number of updated asset objects reloaded before import = 0
Number of asset objects unloaded after import = 1
========================================================================
Received Import Request.
  Time of request: 2026-09-06T07:35:10.739311Z
  Time since last request: 0.0003605 seconds.
  importAddress: GUID: e332bdc81a67df74da04116d89684c70 - Path: Assets/IUH_Campus/Scripts/World/AudioZone.cs - Importer: ScriptedImporter/UnityEditor.QuickSearchModule:UnityEditor.Search:ASIAI0B
Importing 'GUID: e332bdc81a67df74da04116d89684c70 - Path: Assets/IUH_Campus/Scripts/World/AudioZone.cs - Importer: ScriptedImporter/UnityEditor.QuickSearchModule:UnityEditor.Search:ASIAI0B' with importer (ScriptedImporter : UnityEditor.QuickSearchModule:UnityEditor.Search:ASIAI0B)
Imported 'GUID: e332bdc81a67df74da04116d89684c70' -> (Import Result ID: 'dad96417c0fcb05600013430d4aea176') in 0.003 seconds [static and dynamic dependencies]. Details - ImportResultOutputID=1566b8a20b4ee2b73fd03a4de39b161d DependenciesID=8a79047edf77707475507b42cdb39d74 StaticDependenciesID=f591a1ee66a1d9ca7eb0be35510b8085 
Number of updated asset objects reloaded before import = 0
Number of asset objects unloaded after import = 0
========================================================================
Received Import Request.
  Time of request: 2026-09-06T07:35:10.7522986Z
  Time since last request: 0.0006752 seconds.
  importAddress: GUID: 78a7171d8c607ec48a508c315cb34bfb - Path: Assets/IUH_Campus/Screenshots/screenshot_system_01_infoboard.png - Importer: ScriptedImporter/UnityEditor.QuickSearchModule:UnityEditor.Search:ASIAI0B
Importing 'GUID: 78a7171d8c607ec48a508c315cb34bfb - Path: Assets/IUH_Campus/Screenshots/screenshot_system_01_infoboard.png - Importer: ScriptedImporter/UnityEditor.QuickSearchModule:UnityEditor.Search:ASIAI0B' with importer (ScriptedImporter : UnityEditor.QuickSearchModule:UnityEditor.Search:ASIAI0B)
Imported 'GUID: 78a7171d8c607ec48a508c315cb34bfb' -> (Import Result ID: 'c195bfa4b624cb742c4e8d89b71c1a3c') in 0.019 seconds [static and dynamic dependencies]. Details - ImportResultOutputID=4744de40294295708fe9c0f069a21f85 DependenciesID=f4c3c23e99dd0e21cbbb972c61896606 StaticDependenciesID=c52ff9aeef0664f2b93a506c71804c36 
Number of updated asset objects reloaded before import = 0
Number of asset objects unloaded after import = 1
========================================================================
Received Import Request.
  Time of request: 2026-09-06T07:35:10.7808776Z
  Time since last request: 0.0004189 seconds.
  importAddress: GUID: 1ca305b6f0e7a1c4180cd23f3bd12c4c - Path: Assets/IUH_Campus/Screenshots/screenshot_system_05_navmesh.png - Importer: ScriptedImporter/UnityEditor.QuickSearchModule:UnityEditor.Search:ASIAI0B
Importing 'GUID: 1ca305b6f0e7a1c4180cd23f3bd12c4c - Path: Assets/IUH_Campus/Screenshots/screenshot_system_05_navmesh.png - Importer: ScriptedImporter/UnityEditor.QuickSearchModule:UnityEditor.Search:ASIAI0B' with importer (ScriptedImporter : UnityEditor.QuickSearchModule:UnityEditor.Search:ASIAI0B)
Imported 'GUID: 1ca305b6f0e7a1c4180cd23f3bd12c4c' -> (Import Result ID: '7e26425d36f7d8d230279a697c0ed1bc') in 0.019 seconds [static and dynamic dependencies]. Details - ImportResultOutputID=f105b73e5cc429d560b3c77ea561eb34 DependenciesID=c37445974e470d8f26f6f60d8ca91be6 StaticDependenciesID=1ac3a6d7c1c876532317e8d2df207a42 
Number of updated asset objects reloaded before import = 0
Number of asset objects unloaded after import = 1
========================================================================
Received Import Request.
  Time of request: 2026-09-06T07:35:36.7801493Z
  Time since last request: 25.9708309 seconds.
  importAddress: GUID: 5be0418da9337484dbeb95f996465276 - Path: Assets/IUH_Campus/Prefabs/ACUnit.prefab - Importer: PreviewImporter
Importing 'GUID: 5be0418da9337484dbeb95f996465276 - Path: Assets/IUH_Campus/Prefabs/ACUnit.prefab - Importer: PreviewImporter' with importer (PreviewImporter)
Imported 'GUID: 5be0418da9337484dbeb95f996465276' -> (Import Result ID: 'd6dd181392f29ff84e9cba5a7f82bcd7') in 0.439 seconds [static and dynamic dependencies]. Details - ImportResultOutputID=61c70e46335a7d7c49cc5e85cce72de0 DependenciesID=9ca13c12daa7d54dbb5d01fc8edf3d20 StaticDependenciesID=ae0331c764e2069f266a9cd56d861211 
Number of updated asset objects reloaded before import = 0
Number of asset objects unloaded after import = 26
========================================================================
Received Import Request.
  Time of request: 2026-09-06T07:35:37.2296207Z
  Time since last request: 0.0001138 seconds.
  importAddress: GUID: 971922ed447474447affaa8d2351c98c - Path: Assets/IUH_Campus/Prefabs/FireExtinguisher.prefab - Importer: PreviewImporter
Importing 'GUID: 971922ed447474447affaa8d2351c98c - Path: Assets/IUH_Campus/Prefabs/FireExtinguisher.prefab - Importer: PreviewImporter' with importer (PreviewImporter)
Imported 'GUID: 971922ed447474447affaa8d2351c98c' -> (Import Result ID: 'd462f0a02f37e9cd95668f786faf789b') in 0.014 seconds [static and dynamic dependencies]. Details - ImportResultOutputID=d31ec2dc61b22fc5ae23fd3a1599c0c0 DependenciesID=45213003434eff2652ce21428acc8a2c StaticDependenciesID=4e3208f47cd13a86e57a6552d7678a6a 
Number of updated asset objects reloaded before import = 0
Number of asset objects unloaded after import = 31
========================================================================
Received Import Request.
  Time of request: 2026-09-06T07:35:37.2533136Z
  Time since last request: 0.000553 seconds.
  importAddress: GUID: f48a417aa79b53a4bb542c5d23c80485 - Path: Assets/IUH_Campus/Prefabs/Lamp.prefab - Importer: PreviewImporter
Importing 'GUID: f48a417aa79b53a4bb542c5d23c80485 - Path: Assets/IUH_Campus/Prefabs/Lamp.prefab - Importer: PreviewImporter' with importer (PreviewImporter)
Imported 'GUID: f48a417aa79b53a4bb542c5d23c80485' -> (Import Result ID: 'a436c20a01125a63b1f771cd39ef576d') in 0.016 seconds [static and dynamic dependencies]. Details - ImportResultOutputID=b7db33429979234ca2c14438b2e33fe7 DependenciesID=e20d3d4a09ab800801fde381310963d2 StaticDependenciesID=17bebfcd717010ce8443e0ce80d2fb33 
Number of updated asset objects reloaded before import = 0
Number of asset objects unloaded after import = 24
========================================================================
Received Import Request.
  Time of request: 2026-09-06T07:35:37.2786554Z
  Time since last request: 0.0001969 seconds.
  importAddress: GUID: 24d0e830bad2a854187cad039dba8541 - Path: Assets/IUH_Campus/Prefabs/WindowModule.prefab - Importer: PreviewImporter
Importing 'GUID: 24d0e830bad2a854187cad039dba8541 - Path: Assets/IUH_Campus/Prefabs/WindowModule.prefab - Importer: PreviewImporter' with importer (PreviewImporter)
Imported 'GUID: 24d0e830bad2a854187cad039dba8541' -> (Import Result ID: 'ad4443f39cde0ac6ef9665b3c0007639') in 0.017 seconds [static and dynamic dependencies]. Details - ImportResultOutputID=a4db4a1a5c0397ca23959ecdae02181b DependenciesID=add86e89b4dc9cc4f2e759b92ba8e654 StaticDependenciesID=4c474ca8c1a2f2a1b45fa467abde1737 
Number of updated asset objects reloaded before import = 0
Number of asset objects unloaded after import = 24
========================================================================
Received Import Request.
  Time of request: 2026-09-06T07:35:37.3061132Z
  Time since last request: 0.0001585 seconds.
  importAddress: GUID: 32b35de5fbe32cd498e1bb643be423c9 - Path: Assets/IUH_Campus/Prefabs/Tree.prefab - Importer: PreviewImporter
Importing 'GUID: 32b35de5fbe32cd498e1bb643be423c9 - Path: Assets/IUH_Campus/Prefabs/Tree.prefab - Importer: PreviewImporter' with importer (PreviewImporter)
Imported 'GUID: 32b35de5fbe32cd498e1bb643be423c9' -> (Import Result ID: '81dab5f2a65441c10b0b8bc22950f381') in 0.021 seconds [static and dynamic dependencies]. Details - ImportResultOutputID=97518c96e0fe21a40a27a9aeb24c78cf DependenciesID=b216fd9ad9a895c9ae740ac892cff1d5 StaticDependenciesID=e3267e9c7bd70e620799c431bc4dd7ce 
Number of updated asset objects reloaded before import = 0
Number of asset objects unloaded after import = 44
========================================================================
Received Import Request.
  Time of request: 2026-09-06T07:35:40.7948158Z
  Time since last request: 3.4584129 seconds.
  importAddress: GUID: 87c0c1b9f76182a4f9b8800cf620e884 - Path: Assets/IUH_Campus/Materials/M_IUH_AC_Louvers.mat - Importer: PreviewImporter
Importing 'GUID: 87c0c1b9f76182a4f9b8800cf620e884 - Path: Assets/IUH_Campus/Materials/M_IUH_AC_Louvers.mat - Importer: PreviewImporter' with importer (PreviewImporter)
Imported 'GUID: 87c0c1b9f76182a4f9b8800cf620e884' -> (Import Result ID: '7c38db05cd3244dab81c77b92b52f3e5') in 0.033 seconds [static and dynamic dependencies]. Details - ImportResultOutputID=bc44bf671f6fb07852f4b0ed3d5441dd DependenciesID=7f5b5c7039bb06dde238c44425943bcf StaticDependenciesID=2d99fd961078afbcbc5d23d4a5ae9273 
Number of updated asset objects reloaded before import = 0
Number of asset objects unloaded after import = 3
========================================================================
Received Import Request.
  Time of request: 2026-09-06T07:35:40.8366863Z
  Time since last request: 0.0000277 seconds.
  importAddress: GUID: d603cd22bad8f4cfd99db3c13db5eba3 - Path: Assets/IUH_Campus/Materials/M_IUH_Gate_BoothRoof.mat - Importer: PreviewImporter
Importing 'GUID: d603cd22bad8f4cfd99db3c13db5eba3 - Path: Assets/IUH_Campus/Materials/M_IUH_Gate_BoothRoof.mat - Importer: PreviewImporter' with importer (PreviewImporter)
Imported 'GUID: d603cd22bad8f4cfd99db3c13db5eba3' -> (Import Result ID: 'edc673bb4e7803d941f28ba794a3dc22') in 0.010 seconds [static and dynamic dependencies]. Details - ImportResultOutputID=853eb7d53318512511e5152a9b29e53b DependenciesID=6696b79d056c40611445cf9725316782 StaticDependenciesID=b06aa3dcbec157a67bd46a99c54201d7 
Number of updated asset objects reloaded before import = 0
Number of asset objects unloaded after import = 2
========================================================================
Received Import Request.
  Time of request: 2026-09-06T07:35:40.8559769Z
  Time since last request: 0.0003462 seconds.
  importAddress: GUID: f51947882a28c472eaeee91b7d2db359 - Path: Assets/IUH_Campus/Materials/M_IUH_Grass.mat - Importer: PreviewImporter
Importing 'GUID: f51947882a28c472eaeee91b7d2db359 - Path: Assets/IUH_Campus/Materials/M_IUH_Grass.mat - Importer: PreviewImporter' with importer (PreviewImporter)
Imported 'GUID: f51947882a28c472eaeee91b7d2db359' -> (Import Result ID: '079d3844ca47592e986ac6b7eab5602a') in 0.012 seconds [static and dynamic dependencies]. Details - ImportResultOutputID=3996c9fec954eb0735d1cdfcd5e25263 DependenciesID=6d17b31b83f224a6766511ec214d287f StaticDependenciesID=f771523abad61875a09372cf95cba255 
Number of updated asset objects reloaded before import = 0
Number of asset objects unloaded after import = 3
========================================================================
Received Import Request.
  Time of request: 2026-09-06T07:35:40.877406Z
  Time since last request: 0.0003315 seconds.
  importAddress: GUID: 2fd6a5d2c9a13b4469cbffd0e255131b - Path: Assets/IUH_Campus/Materials/M_IUH_Int_GlassClear.mat - Importer: PreviewImporter
Importing 'GUID: 2fd6a5d2c9a13b4469cbffd0e255131b - Path: Assets/IUH_Campus/Materials/M_IUH_Int_GlassClear.mat - Importer: PreviewImporter' with importer (PreviewImporter)
Imported 'GUID: 2fd6a5d2c9a13b4469cbffd0e255131b' -> (Import Result ID: 'b47cd3303383db1c12034c572f2ab341') in 0.021 seconds [static and dynamic dependencies]. Details - ImportResultOutputID=3e0bcb1cbb7fe95751fe8e8cb0d624cd DependenciesID=13e6b3c9693ddd90516491443c722abd StaticDependenciesID=5e249cfac6ecb9960d1470feb81a84ba 
Number of updated asset objects reloaded before import = 0
Number of asset objects unloaded after import = 2
========================================================================
Received Import Request.
  Time of request: 2026-09-06T07:35:40.9073466Z
  Time since last request: 0.0006013 seconds.
  importAddress: GUID: a8a7cb530db6f4a0e9db7ea902ec8083 - Path: Assets/IUH_Campus/Materials/M_IUH_BlueTarp.mat - Importer: PreviewImporter
Importing 'GUID: a8a7cb530db6f4a0e9db7ea902ec8083 - Path: Assets/IUH_Campus/Materials/M_IUH_BlueTarp.mat - Importer: PreviewImporter' with importer (PreviewImporter)
Imported 'GUID: a8a7cb530db6f4a0e9db7ea902ec8083' -> (Import Result ID: '13b3295937611d31adf008013971fea8') in 0.016 seconds [static and dynamic dependencies]. Details - ImportResultOutputID=452ce08e2d5ece2a7c106dd93b10f552 DependenciesID=776ed2331f3618e566c910855f37ebbe StaticDependenciesID=6ae183ce0a7455254f3c603a7f1c7e47 
Number of updated asset objects reloaded before import = 0
Number of asset objects unloaded after import = 2
========================================================================
Received Import Request.
  Time of request: 2026-09-06T07:35:40.9332937Z
  Time since last request: 0.0005439 seconds.
  importAddress: GUID: d7c9c36318db4964ea59779990be1d2e - Path: Assets/IUH_Campus/Materials/M_IUH_Access_Control.mat - Importer: PreviewImporter
Importing 'GUID: d7c9c36318db4964ea59779990be1d2e - Path: Assets/IUH_Campus/Materials/M_IUH_Access_Control.mat - Importer: PreviewImporter' with importer (PreviewImporter)
Imported 'GUID: d7c9c36318db4964ea59779990be1d2e' -> (Import Result ID: '70d6df9f0a31c5c1b367ddef0a28dc8e') in 0.013 seconds [static and dynamic dependencies]. Details - ImportResultOutputID=c5d9e9e0d49e212b6e8e6b2e963b54cd DependenciesID=324c7e3d5a4c43c087d9bcffb162e71b StaticDependenciesID=aa3534eb230bb74ae0ae0666c86b2122 
Number of updated asset objects reloaded before import = 0
Number of asset objects unloaded after import = 3
========================================================================
Received Import Request.
  Time of request: 2026-09-06T07:35:40.9559939Z
  Time since last request: 0.0000401 seconds.
  importAddress: GUID: 69702a4c6a3a54bff8827d37be90926e - Path: Assets/IUH_Campus/Materials/M_IUH_Background_Building.mat - Importer: PreviewImporter
Importing 'GUID: 69702a4c6a3a54bff8827d37be90926e - Path: Assets/IUH_Campus/Materials/M_IUH_Background_Building.mat - Importer: PreviewImporter' with importer (PreviewImporter)
Imported 'GUID: 69702a4c6a3a54bff8827d37be90926e' -> (Import Result ID: '9606d4f97140ed02a62cb543e6c6c09d') in 0.024 seconds [static and dynamic dependencies]. Details - ImportResultOutputID=5146e4b78d544607c0106dcd56285324 DependenciesID=510ec3b73adb80753a00c4d41a3282bb StaticDependenciesID=452cae8cb8fbb9830b692018dff255c7 
Number of updated asset objects reloaded before import = 0
Number of asset objects unloaded after import = 2
========================================================================
Received Import Request.
  Time of request: 2026-09-06T07:35:40.9899333Z
  Time since last request: 0.0003168 seconds.
  importAddress: GUID: 7e5df72062fadd145b7a897f57dbad7e - Path: Assets/IUH_Campus/Materials/M_IUH_FireCabinet.mat - Importer: PreviewImporter
Importing 'GUID: 7e5df72062fadd145b7a897f57dbad7e - Path: Assets/IUH_Campus/Materials/M_IUH_FireCabinet.mat - Importer: PreviewImporter' with importer (PreviewImporter)
Imported 'GUID: 7e5df72062fadd145b7a897f57dbad7e' -> (Import Result ID: '211f7fd6378957d951169d6a0910c949') in 0.015 seconds [static and dynamic dependencies]. Details - ImportResultOutputID=69817e635f9a41f1efe7a0980981752e DependenciesID=27a1d6d8e07c1517b7599a28c0fb7b29 StaticDependenciesID=51de38df37c5178cc90590fff4df2eb7 
Number of updated asset objects reloaded before import = 0
Number of asset objects unloaded after import = 2
========================================================================
Received Import Request.
  Time of request: 2026-09-06T07:35:41.0148929Z
  Time since last request: 0.0004711 seconds.
  importAddress: GUID: b076e6eb01e204c4395cd0715779accf - Path: Assets/IUH_Campus/Materials/M_IUH_Cloth_Red.mat - Importer: PreviewImporter
Importing 'GUID: b076e6eb01e204c4395cd0715779accf - Path: Assets/IUH_Campus/Materials/M_IUH_Cloth_Red.mat - Importer: PreviewImporter' with importer (PreviewImporter)
Imported 'GUID: b076e6eb01e204c4395cd0715779accf' -> (Import Result ID: '0e81261b8debdae26e41abca44028a1e') in 0.010 seconds [static and dynamic dependencies]. Details - ImportResultOutputID=091564a2b7487f013149326483161942 DependenciesID=8b5b91e0d466a5baf41e83ce343f3b57 StaticDependenciesID=c8d50bab9e40a2643dabc1972b3804bf 
Number of updated asset objects reloaded before import = 0
Number of asset objects unloaded after import = 2
========================================================================
Received Import Request.
  Time of request: 2026-09-06T07:35:41.0370555Z
  Time since last request: 0.0004652 seconds.
  importAddress: GUID: bd889619d90744e45bd9daab46c633e1 - Path: Assets/IUH_Campus/Materials/M_IUH_C_Wall.mat - Importer: PreviewImporter
Importing 'GUID: bd889619d90744e45bd9daab46c633e1 - Path: Assets/IUH_Campus/Materials/M_IUH_C_Wall.mat - Importer: PreviewImporter' with importer (PreviewImporter)
Imported 'GUID: bd889619d90744e45bd9daab46c633e1' -> (Import Result ID: 'bda89ff4f325c2d1ff3f6bd63fd3580a') in 0.012 seconds [static and dynamic dependencies]. Details - ImportResultOutputID=5b80c237f9997b92d3f9d9af64fa907e DependenciesID=72324468edfebc5448afd13e4e39d6d5 StaticDependenciesID=cb1eb418e0f1456ac9a33325e3676b8d 
Number of updated asset objects reloaded before import = 0
Number of asset objects unloaded after import = 3
========================================================================
Received Import Request.
  Time of request: 2026-09-06T07:35:41.0594707Z
  Time since last request: 0.0005867 seconds.
  importAddress: GUID: da503293145c3c449bffd6b740c74104 - Path: Assets/IUH_Campus/Materials/M_IUH_Helmet_Blue.mat - Importer: PreviewImporter
Importing 'GUID: da503293145c3c449bffd6b740c74104 - Path: Assets/IUH_Campus/Materials/M_IUH_Helmet_Blue.mat - Importer: PreviewImporter' with importer (PreviewImporter)
Imported 'GUID: da503293145c3c449bffd6b740c74104' -> (Import Result ID: '15008a8f7b972f4368d0bc4f2bf0ef45') in 0.029 seconds [static and dynamic dependencies]. Details - ImportResultOutputID=d585a654f59f260d895af366b080c46c DependenciesID=643b403584d957d139d22348992a3654 StaticDependenciesID=d6b373d1852706791b0595b597fb262a 
Number of updated asset objects reloaded before import = 0
Number of asset objects unloaded after import = 2
========================================================================
Received Import Request.
  Time of request: 2026-09-06T07:35:41.0989287Z
  Time since last request: 0.0003005 seconds.
  importAddress: GUID: fb6d936a83240d845a09ebb18c4fa0ff - Path: Assets/IUH_Campus/Materials/M_IUH_Cloth_Blue.mat - Importer: PreviewImporter
Importing 'GUID: fb6d936a83240d845a09ebb18c4fa0ff - Path: Assets/IUH_Campus/Materials/M_IUH_Cloth_Blue.mat - Importer: PreviewImporter' with importer (PreviewImporter)
Imported 'GUID: fb6d936a83240d845a09ebb18c4fa0ff' -> (Import Result ID: '17b32002e9eef157795a355a60dbb524') in 0.017 seconds [static and dynamic dependencies]. Details - ImportResultOutputID=fb07bc6ce710b3d140278008211c1b36 DependenciesID=2463e757ee647c29f46d73ba0a0c9b7b StaticDependenciesID=742ba0145bd05aa9201ec3c4cc3af5f5 
Number of updated asset objects reloaded before import = 0
Number of asset objects unloaded after import = 2
========================================================================
Received Import Request.
  Time of request: 2026-09-06T07:35:41.1241392Z
  Time since last request: 0.0003321 seconds.
  importAddress: GUID: 4ad25cf3e8bee4696b52f99a0073d247 - Path: Assets/IUH_Campus/Materials/M_IUH_Academic_Glass.mat - Importer: PreviewImporter
Importing 'GUID: 4ad25cf3e8bee4696b52f99a0073d247 - Path: Assets/IUH_Campus/Materials/M_IUH_Academic_Glass.mat - Importer: PreviewImporter' with importer (PreviewImporter)
Imported 'GUID: 4ad25cf3e8bee4696b52f99a0073d247' -> (Import Result ID: 'fe9022adc3e8a355edf3b41e54630923') in 0.011 seconds [static and dynamic dependencies]. Details - ImportResultOutputID=a07ed7b96d07ef3a1e9b5432e5a91522 DependenciesID=b4c2cc0b564616ec492b19a248492678 StaticDependenciesID=7549fe6741ae96eb4b8574d5b7fe8bc1 
Number of updated asset objects reloaded before import = 0
Number of asset objects unloaded after import = 2
========================================================================
Received Import Request.
  Time of request: 2026-09-06T07:35:41.1438009Z
  Time since last request: 0.0003751 seconds.
  importAddress: GUID: 603695e4be7440344ab54fe72848c348 - Path: Assets/IUH_Campus/Materials/M_IUH_Int_LightWood.mat - Importer: PreviewImporter
Importing 'GUID: 603695e4be7440344ab54fe72848c348 - Path: Assets/IUH_Campus/Materials/M_IUH_Int_LightWood.mat - Importer: PreviewImporter' with importer (PreviewImporter)
Imported 'GUID: 603695e4be7440344ab54fe72848c348' -> (Import Result ID: '043e9b3e43b6d5c1bff896605871fb30') in 0.011 seconds [static and dynamic dependencies]. Details - ImportResultOutputID=b69de9e38656d448390143606944ffd8 DependenciesID=a5cc6cbcf11c8fce0fb9a754b29a4132 StaticDependenciesID=db87dec324ecdf47caf91d69393ac1fa 
Number of updated asset objects reloaded before import = 0
Number of asset objects unloaded after import = 3
========================================================================
Received Import Request.
  Time of request: 2026-09-06T07:35:41.1652582Z
  Time since last request: 0.0004466 seconds.
  importAddress: GUID: 0293bb24152114d75bbdcb4cf05dbed8 - Path: Assets/IUH_Campus/Materials/M_IUH_Foliage_Tree.mat - Importer: PreviewImporter
Importing 'GUID: 0293bb24152114d75bbdcb4cf05dbed8 - Path: Assets/IUH_Campus/Materials/M_IUH_Foliage_Tree.mat - Importer: PreviewImporter' with importer (PreviewImporter)
Imported 'GUID: 0293bb24152114d75bbdcb4cf05dbed8' -> (Import Result ID: '9cd0a13c1eac16bc1cbba9fe1d5c05ef') in 0.013 seconds [static and dynamic dependencies]. Details - ImportResultOutputID=dff6b193ab970f05a8c60caa7144ef48 DependenciesID=6e9953fe44d7a125c60dc42105f34e64 StaticDependenciesID=04c8e7f1b1b28eae75a918af22204e62 
Number of updated asset objects reloaded before import = 0
Number of asset objects unloaded after import = 2
========================================================================
Received Import Request.
  Time of request: 2026-09-06T07:35:41.1886553Z
  Time since last request: 0.0004768 seconds.
  importAddress: GUID: f9f0f52b543c07f499e513db6efbaa47 - Path: Assets/IUH_Campus/Materials/M_IUH_Helmet_Red.mat - Importer: PreviewImporter
Importing 'GUID: f9f0f52b543c07f499e513db6efbaa47 - Path: Assets/IUH_Campus/Materials/M_IUH_Helmet_Red.mat - Importer: PreviewImporter' with importer (PreviewImporter)
Imported 'GUID: f9f0f52b543c07f499e513db6efbaa47' -> (Import Result ID: 'a57f8b40e948f37d0df2e3fd58cbcb2f') in 0.011 seconds [static and dynamic dependencies]. Details - ImportResultOutputID=2e699bf6e34959cbb16acc615c7a0b80 DependenciesID=cd82d38f95387119b34ad6bfea017657 StaticDependenciesID=3b3449fa2745036dd1b343fcbe7b7e32 
Number of updated asset objects reloaded before import = 0
Number of asset objects unloaded after import = 2
========================================================================
Received Import Request.
  Time of request: 2026-09-06T07:35:41.2074034Z
  Time since last request: 0.0003431 seconds.
  importAddress: GUID: d1d88022af9d36641bd8733990ee1c79 - Path: Assets/IUH_Campus/Materials/M_IUH_G_RoofEdge.mat - Importer: PreviewImporter
Importing 'GUID: d1d88022af9d36641bd8733990ee1c79 - Path: Assets/IUH_Campus/Materials/M_IUH_G_RoofEdge.mat - Importer: PreviewImporter' with importer (PreviewImporter)
Imported 'GUID: d1d88022af9d36641bd8733990ee1c79' -> (Import Result ID: 'afa6d52704c3cbf5c17410378fddf415') in 0.015 seconds [static and dynamic dependencies]. Details - ImportResultOutputID=a7c02f0f1a01e15fde90eac5af668495 DependenciesID=552bc93a26ff2ec101f76c74a1598fed StaticDependenciesID=0c13b8b5c020c79779aedff46aef3c3c 
Number of updated asset objects reloaded before import = 0
Number of asset objects unloaded after import = 2
========================================================================
Received Import Request.
  Time of request: 2026-09-06T07:35:41.2325752Z
  Time since last request: 0.000386 seconds.
  importAddress: GUID: 9444df368642c468eb49936925916181 - Path: Assets/IUH_Campus/Materials/M_IUH_Flag_Vietnam.mat - Importer: PreviewImporter
Importing 'GUID: 9444df368642c468eb49936925916181 - Path: Assets/IUH_Campus/Materials/M_IUH_Flag_Vietnam.mat - Importer: PreviewImporter' with importer (PreviewImporter)
Imported 'GUID: 9444df368642c468eb49936925916181' -> (Import Result ID: 'ef096a763668d0bc27ef1f673ce8824f') in 0.012 seconds [static and dynamic dependencies]. Details - ImportResultOutputID=b4a6ed2726452dde4df8bddb2b8fbd8c DependenciesID=343e008cfe9d046e5e20ff454072d689 StaticDependenciesID=afb29376f675d93a9b6161a71fae0917 
Number of updated asset objects reloaded before import = 0
Number of asset objects unloaded after import = 3
========================================================================
Received Import Request.
  Time of request: 2026-09-06T07:35:41.2545718Z
  Time since last request: 0.0004303 seconds.
  importAddress: GUID: 4fd96c8017d904311acc01d041f55ff4 - Path: Assets/IUH_Campus/Materials/M_IUH_Flower_Orange.mat - Importer: PreviewImporter
Importing 'GUID: 4fd96c8017d904311acc01d041f55ff4 - Path: Assets/IUH_Campus/Materials/M_IUH_Flower_Orange.mat - Importer: PreviewImporter' with importer (PreviewImporter)
Imported 'GUID: 4fd96c8017d904311acc01d041f55ff4' -> (Import Result ID: '01cfb8f7539718662cd4f514bee11c46') in 0.016 seconds [static and dynamic dependencies]. Details - ImportResultOutputID=83f7c6dbde97fea176ef1859b85e7c50 DependenciesID=2cb63ddc14c7092bebd7d992b91e2243 StaticDependenciesID=82f6773c8d56c9e0037454e95cfe9b07 
Number of updated asset objects reloaded before import = 0
Number of asset objects unloaded after import = 3
========================================================================
Received Import Request.
  Time of request: 2026-09-06T07:35:41.2825168Z
  Time since last request: 0.0010563 seconds.
  importAddress: GUID: 22f8322bda52d4b56a6356ed6c9012e9 - Path: Assets/IUH_Campus/Materials/M_IUH_Gate_BlueRailing.mat - Importer: PreviewImporter
Importing 'GUID: 22f8322bda52d4b56a6356ed6c9012e9 - Path: Assets/IUH_Campus/Materials/M_IUH_Gate_BlueRailing.mat - Importer: PreviewImporter' with importer (PreviewImporter)
Imported 'GUID: 22f8322bda52d4b56a6356ed6c9012e9' -> (Import Result ID: '06bb80313ad8be1f0f2a84b30ecedf78') in 0.010 seconds [static and dynamic dependencies]. Details - ImportResultOutputID=4e90802f11f25fb9b71dcf48c2bb5870 DependenciesID=3bf1c0c7e196910cfe1dcb2b03fb5a3a StaticDependenciesID=efcd64a29512fd1d63f1b3ccd89181cd 
Number of updated asset objects reloaded before import = 0
Number of asset objects unloaded after import = 2
========================================================================
Received Import Request.
  Time of request: 2026-09-06T07:35:41.3003735Z
  Time since last request: 0.0004543 seconds.
  importAddress: GUID: 7cc54ba0006da498696fbf0d0168f8de - Path: Assets/IUH_Campus/Materials/M_IUH_DarkMetal.mat - Importer: PreviewImporter
Importing 'GUID: 7cc54ba0006da498696fbf0d0168f8de - Path: Assets/IUH_Campus/Materials/M_IUH_DarkMetal.mat - Importer: PreviewImporter' with importer (PreviewImporter)
Imported 'GUID: 7cc54ba0006da498696fbf0d0168f8de' -> (Import Result ID: 'f271ca009654741fcebd9dcab459273e') in 0.012 seconds [static and dynamic dependencies]. Details - ImportResultOutputID=4d17e6fe13b010cd5b40396951b9c774 DependenciesID=d13526efd23dd94e9bab1784acab09e8 StaticDependenciesID=d8dcda4e43652992bc43c411f4f9dda4 
Number of updated asset objects reloaded before import = 0
Number of asset objects unloaded after import = 2
========================================================================
Received Import Request.
  Time of request: 2026-09-06T07:35:41.3219976Z
  Time since last request: 0.0003763 seconds.
  importAddress: GUID: 9a756aaeff7aa89478d49d8b04072928 - Path: Assets/IUH_Campus/Materials/M_IUH_Int_NavyChair.mat - Importer: PreviewImporter
Importing 'GUID: 9a756aaeff7aa89478d49d8b04072928 - Path: Assets/IUH_Campus/Materials/M_IUH_Int_NavyChair.mat - Importer: PreviewImporter' with importer (PreviewImporter)
Imported 'GUID: 9a756aaeff7aa89478d49d8b04072928' -> (Import Result ID: 'd949c88b3a448e2533671d0a55e0fd34') in 0.010 seconds [static and dynamic dependencies]. Details - ImportResultOutputID=538a93015cd74f3ad69ac7123c11f016 DependenciesID=d65b5bff935b38ed156cf11bc2645d41 StaticDependenciesID=c14282c42c7fca492e6c3bf771123491 
Number of updated asset objects reloaded before import = 0
Number of asset objects unloaded after import = 2
========================================================================
Received Import Request.
  Time of request: 2026-09-06T07:35:41.3407612Z
  Time since last request: 0.0003939 seconds.
  importAddress: GUID: b0502a59185f62f4d80c1057fa91f672 - Path: Assets/IUH_Campus/Materials/M_IUH_Int_DarkMullion.mat - Importer: PreviewImporter
Importing 'GUID: b0502a59185f62f4d80c1057fa91f672 - Path: Assets/IUH_Campus/Materials/M_IUH_Int_DarkMullion.mat - Importer: PreviewImporter' with importer (PreviewImporter)
Imported 'GUID: b0502a59185f62f4d80c1057fa91f672' -> (Import Result ID: '1890185c4f96e5c74f7879e3e3b4eff5') in 0.016 seconds [static and dynamic dependencies]. Details - ImportResultOutputID=84fc6079671d0d8535f5546d02d82d3c DependenciesID=ed7586a8a9e74ae6cd9c9d37a61912d1 StaticDependenciesID=98e5f622de5e38b36f53a323920c6d61 
Number of updated asset objects reloaded before import = 0
Number of asset objects unloaded after import = 2
========================================================================
Received Import Request.
  Time of request: 2026-09-06T07:35:41.3658219Z
  Time since last request: 0.0004727 seconds.
  importAddress: GUID: afc1603da39c968449033029f27c11d1 - Path: Assets/IUH_Campus/Materials/M_IUH_Concrete_Curb.mat - Importer: PreviewImporter
Importing 'GUID: afc1603da39c968449033029f27c11d1 - Path: Assets/IUH_Campus/Materials/M_IUH_Concrete_Curb.mat - Importer: PreviewImporter' with importer (PreviewImporter)
Imported 'GUID: afc1603da39c968449033029f27c11d1' -> (Import Result ID: 'c4831df1a64153c29a2355d7a05ed360') in 0.010 seconds [static and dynamic dependencies]. Details - ImportResultOutputID=83b5e316a777604552472bf086a9c92f DependenciesID=a37e2a3528e3ffc9800ab30ca67a680c StaticDependenciesID=3c87e699671386f096227db1ae056862 
Number of updated asset objects reloaded before import = 0
Number of asset objects unloaded after import = 3
========================================================================
Received Import Request.
  Time of request: 2026-09-06T07:35:41.3845293Z
  Time since last request: 0.0009043 seconds.
  importAddress: GUID: af7e7b1a829bbcc4cb1389858c79481e - Path: Assets/IUH_Campus/Materials/M_IUH_Cloth_White.mat - Importer: PreviewImporter
Importing 'GUID: af7e7b1a829bbcc4cb1389858c79481e - Path: Assets/IUH_Campus/Materials/M_IUH_Cloth_White.mat - Importer: PreviewImporter' with importer (PreviewImporter)
Imported 'GUID: af7e7b1a829bbcc4cb1389858c79481e' -> (Import Result ID: '59aef760211693cc989ba6035f0d9086') in 0.016 seconds [static and dynamic dependencies]. Details - ImportResultOutputID=4c1cdb9c31bef809f1ef79c7d1c02027 DependenciesID=e121ca46869a2673b9189284d2962fc5 StaticDependenciesID=c8331ea7d251cf66d56fd15f83506e23 
Number of updated asset objects reloaded before import = 0
Number of asset objects unloaded after import = 2
========================================================================
Received Import Request.
  Time of request: 2026-09-06T07:35:41.4114859Z
  Time since last request: 0.0003626 seconds.
  importAddress: GUID: dee9fce074b9bb241adc7f525f622fda - Path: Assets/IUH_Campus/Materials/M_IUH_Cloth_Yellow.mat - Importer: PreviewImporter
Importing 'GUID: dee9fce074b9bb241adc7f525f622fda - Path: Assets/IUH_Campus/Materials/M_IUH_Cloth_Yellow.mat - Importer: PreviewImporter' with importer (PreviewImporter)
Imported 'GUID: dee9fce074b9bb241adc7f525f622fda' -> (Import Result ID: 'f661d32d505c487dc7266d15367a014f') in 0.011 seconds [static and dynamic dependencies]. Details - ImportResultOutputID=43cd65bf9ab4dae0169464f546857f6a DependenciesID=8b7a657318dc8f4c2e73eb1562f7ce6e StaticDependenciesID=046c6ae2078d918dd7d7238c3f353513 
Number of updated asset objects reloaded before import = 0
Number of asset objects unloaded after import = 2
========================================================================
Received Import Request.
  Time of request: 2026-09-06T07:35:41.4306144Z
  Time since last request: 0.0003342 seconds.
  importAddress: GUID: d63b9aafb94a8354c80e6ad61e3df50e - Path: Assets/IUH_Campus/Materials/M_IUH_Int_LEDDisplay.mat - Importer: PreviewImporter
Importing 'GUID: d63b9aafb94a8354c80e6ad61e3df50e - Path: Assets/IUH_Campus/Materials/M_IUH_Int_LEDDisplay.mat - Importer: PreviewImporter' with importer (PreviewImporter)
Imported 'GUID: d63b9aafb94a8354c80e6ad61e3df50e' -> (Import Result ID: '837930daffbc5d2fb977173fbaaf151b') in 0.014 seconds [static and dynamic dependencies]. Details - ImportResultOutputID=4a1fda5cda17f6cdaa2016d89fb1685d DependenciesID=f51a933f15a4384dbab1816da6e2db3a StaticDependenciesID=fa8875dcc5c758111f82599509a4eefb 
Number of updated asset objects reloaded before import = 0
Number of asset objects unloaded after import = 3
========================================================================
Received Import Request.
  Time of request: 2026-09-06T07:35:41.4548449Z
  Time since last request: 0.0004578 seconds.
  importAddress: GUID: 884283af7ad9b465ca0a3973b018c42e - Path: Assets/IUH_Campus/Materials/M_IUH_Gate_Road.mat - Importer: PreviewImporter
Importing 'GUID: 884283af7ad9b465ca0a3973b018c42e - Path: Assets/IUH_Campus/Materials/M_IUH_Gate_Road.mat - Importer: PreviewImporter' with importer (PreviewImporter)
Imported 'GUID: 884283af7ad9b465ca0a3973b018c42e' -> (Import Result ID: '7af55287e1925e313fe41a8095b55260') in 0.010 seconds [static and dynamic dependencies]. Details - ImportResultOutputID=a3377f69b3aae6f61b227a13c4757554 DependenciesID=617b8f7f58f866194c4f0d76a6f1089c StaticDependenciesID=4d6fe0055151b83ac3ab6e35f161d788 
Number of updated asset objects reloaded before import = 0
Number of asset objects unloaded after import = 2
========================================================================
Received Import Request.
  Time of request: 2026-09-06T07:35:41.4736154Z
  Time since last request: 0.000414 seconds.
  importAddress: GUID: 85c3d67062aeb40179aed663a3198c17 - Path: Assets/IUH_Campus/Materials/M_IUH_Academic_Turquoise.mat - Importer: PreviewImporter
Importing 'GUID: 85c3d67062aeb40179aed663a3198c17 - Path: Assets/IUH_Campus/Materials/M_IUH_Academic_Turquoise.mat - Importer: PreviewImporter' with importer (PreviewImporter)
Imported 'GUID: 85c3d67062aeb40179aed663a3198c17' -> (Import Result ID: '72164fc40412cc1a20facb243a9815cf') in 0.012 seconds [static and dynamic dependencies]. Details - ImportResultOutputID=5a7d825bee8736420e31a25cfd50ef5b DependenciesID=b1d894709edbb33dd87c403df749c1f9 StaticDependenciesID=24e4ae126755f8718d6cc45cf087f83e 
Number of updated asset objects reloaded before import = 0
Number of asset objects unloaded after import = 2
========================================================================
Received Import Request.
  Time of request: 2026-09-06T07:35:41.4943111Z
  Time since last request: 0.0003967 seconds.
  importAddress: GUID: c3b964b0a65fb43bb979f8856982a4f8 - Path: Assets/IUH_Campus/Materials/M_IUH_Flag_YouthUnion.mat - Importer: PreviewImporter
Importing 'GUID: c3b964b0a65fb43bb979f8856982a4f8 - Path: Assets/IUH_Campus/Materials/M_IUH_Flag_YouthUnion.mat - Importer: PreviewImporter' with importer (PreviewImporter)
Imported 'GUID: c3b964b0a65fb43bb979f8856982a4f8' -> (Import Result ID: 'a31f12fee02ddf50cd738a429e32c728') in 0.018 seconds [static and dynamic dependencies]. Details - ImportResultOutputID=96833d763a65a649c3cbd6bcf22efe78 DependenciesID=59c00c905b54f32a6f6ed89da49629b1 StaticDependenciesID=a92c1dba770c491b1e140a27c0098ec2 
Number of updated asset objects reloaded before import = 0
Number of asset objects unloaded after import = 3
========================================================================
Received Import Request.
  Time of request: 2026-09-06T07:35:41.5220616Z
  Time since last request: 0.000455 seconds.
  importAddress: GUID: 54acbfe91b4cb4ab9ada027214d2451c - Path: Assets/IUH_Campus/Materials/M_IUH_Gate_Curb.mat - Importer: PreviewImporter
Importing 'GUID: 54acbfe91b4cb4ab9ada027214d2451c - Path: Assets/IUH_Campus/Materials/M_IUH_Gate_Curb.mat - Importer: PreviewImporter' with importer (PreviewImporter)
Imported 'GUID: 54acbfe91b4cb4ab9ada027214d2451c' -> (Import Result ID: 'bf3d0270a94475cadd378b2bdf4999b7') in 0.011 seconds [static and dynamic dependencies]. Details - ImportResultOutputID=a303a021b3d3a9fe85a39eef453208fb DependenciesID=30048c5a3045fe998e1e68010fde5ffa StaticDependenciesID=2319aa0d91c88e3bf5eab83406a0dfc8 
Number of updated asset objects reloaded before import = 0
Number of asset objects unloaded after import = 2
========================================================================
Received Import Request.
  Time of request: 2026-09-06T07:35:41.5426181Z
  Time since last request: 0.0007471 seconds.
  importAddress: GUID: 5d1ace88f416f7d45a4e584aa2cf72cf - Path: Assets/IUH_Campus/Materials/M_IUH_G_Sign.mat - Importer: PreviewImporter
Importing 'GUID: 5d1ace88f416f7d45a4e584aa2cf72cf - Path: Assets/IUH_Campus/Materials/M_IUH_G_Sign.mat - Importer: PreviewImporter' with importer (PreviewImporter)
Imported 'GUID: 5d1ace88f416f7d45a4e584aa2cf72cf' -> (Import Result ID: '7aee1447b05bd7ded45c9e77ae0c2b39') in 0.015 seconds [static and dynamic dependencies]. Details - ImportResultOutputID=99daf4b1c338b846f70274610fa3516b DependenciesID=9be98d548fa70c6d8ccea4aed60ed203 StaticDependenciesID=0af98c7f3ddf77f8a50721aaec079a36 
Number of updated asset objects reloaded before import = 0
Number of asset objects unloaded after import = 3
========================================================================
Received Import Request.
  Time of request: 2026-09-06T07:35:41.5656166Z
  Time since last request: 0.0003572 seconds.
  importAddress: GUID: c4404847d0e395847a6ef44e92f559d3 - Path: Assets/IUH_Campus/Materials/M_IUH_C_AccentMint.mat - Importer: PreviewImporter
Importing 'GUID: c4404847d0e395847a6ef44e92f559d3 - Path: Assets/IUH_Campus/Materials/M_IUH_C_AccentMint.mat - Importer: PreviewImporter' with importer (PreviewImporter)
Imported 'GUID: c4404847d0e395847a6ef44e92f559d3' -> (Import Result ID: 'c680ce22a2640600e1db91fb7901dd80') in 0.014 seconds [static and dynamic dependencies]. Details - ImportResultOutputID=0473d72a63abaaa684cb41f6156e0149 DependenciesID=26125119e704129c2e4bf07d495b0a6e StaticDependenciesID=fa7fc36bc3a93a82cdd4ec1d06685b4a 
Number of updated asset objects reloaded before import = 0
Number of asset objects unloaded after import = 2
========================================================================
Received Import Request.
  Time of request: 2026-09-06T07:35:41.5889115Z
  Time since last request: 0.0003171 seconds.
  importAddress: GUID: 2ae070a6c89fd47a99011a6e2f448efd - Path: Assets/IUH_Campus/Materials/M_IUH_Gate_Stone.mat - Importer: PreviewImporter
Importing 'GUID: 2ae070a6c89fd47a99011a6e2f448efd - Path: Assets/IUH_Campus/Materials/M_IUH_Gate_Stone.mat - Importer: PreviewImporter' with importer (PreviewImporter)
Imported 'GUID: 2ae070a6c89fd47a99011a6e2f448efd' -> (Import Result ID: 'a0fe68b23fcfec816ece8ff2b62f6e87') in 0.012 seconds [static and dynamic dependencies]. Details - ImportResultOutputID=36efae28ed0f56977aada6ef18cc1000 DependenciesID=11cf7e8092e71668efe980d1fc8765f5 StaticDependenciesID=f6f0e3e94a363527e0608eef1864b36c 
Number of updated asset objects reloaded before import = 0
Number of asset objects unloaded after import = 2
========================================================================
Received Import Request.
  Time of request: 2026-09-06T07:35:41.6097172Z
  Time since last request: 0.0006202 seconds.
  importAddress: GUID: 71de2a2045d184329a0af34f8070bc53 - Path: Assets/IUH_Campus/Materials/M_IUH_BlueFacade.mat - Importer: PreviewImporter
Importing 'GUID: 71de2a2045d184329a0af34f8070bc53 - Path: Assets/IUH_Campus/Materials/M_IUH_BlueFacade.mat - Importer: PreviewImporter' with importer (PreviewImporter)
Imported 'GUID: 71de2a2045d184329a0af34f8070bc53' -> (Import Result ID: '1f98563f2c818f49df894e7571d081f9') in 0.011 seconds [static and dynamic dependencies]. Details - ImportResultOutputID=9e4d358166c746b83bad1131477e637b DependenciesID=b03be60bfce73564de98659059194c8f StaticDependenciesID=a287f87892d99653831e94162c81447e 
Number of updated asset objects reloaded before import = 0
Number of asset objects unloaded after import = 2
========================================================================
Received Import Request.
  Time of request: 2026-09-06T07:35:41.6312575Z
  Time since last request: 0.0004923 seconds.
  importAddress: GUID: d9e23d97315b0064c84ebd9f68625443 - Path: Assets/IUH_Campus/Materials/M_IUH_Drain_Grate.mat - Importer: PreviewImporter
Importing 'GUID: d9e23d97315b0064c84ebd9f68625443 - Path: Assets/IUH_Campus/Materials/M_IUH_Drain_Grate.mat - Importer: PreviewImporter' with importer (PreviewImporter)
Imported 'GUID: d9e23d97315b0064c84ebd9f68625443' -> (Import Result ID: '4aba6fc78253ad9f10b9b38570520f94') in 0.016 seconds [static and dynamic dependencies]. Details - ImportResultOutputID=0bf33fbeddfa342ab6d27153424c8795 DependenciesID=7bdc645e965d3d895e0aa0b73226a71d StaticDependenciesID=ca06acdf2cc57631443c75abf34a3131 
Number of updated asset objects reloaded before import = 0
Number of asset objects unloaded after import = 3
========================================================================
Received Import Request.
  Time of request: 2026-09-06T07:35:41.656851Z
  Time since last request: 0.0002659 seconds.
  importAddress: GUID: a1c2663f95bfd874a815646596d8b8b6 - Path: Assets/IUH_Campus/Materials/M_IUH_I_Glass.mat - Importer: PreviewImporter
Importing 'GUID: a1c2663f95bfd874a815646596d8b8b6 - Path: Assets/IUH_Campus/Materials/M_IUH_I_Glass.mat - Importer: PreviewImporter' with importer (PreviewImporter)
Imported 'GUID: a1c2663f95bfd874a815646596d8b8b6' -> (Import Result ID: '523bf84a86b3669e343172f49391f412') in 0.009 seconds [static and dynamic dependencies]. Details - ImportResultOutputID=9cd1da0a6ab75185119af6652ef53f10 DependenciesID=52e3bbbc8f3ec44ecd730350521bc1eb StaticDependenciesID=180ef794fdadd9ae6dcb47fc29072c99 
Number of updated asset objects reloaded before import = 0
Number of asset objects unloaded after import = 2
========================================================================
Received Import Request.
  Time of request: 2026-09-06T07:35:41.6747332Z
  Time since last request: 0.000319 seconds.
  importAddress: GUID: 094b5a38ed19c441a8c73ddfa136269f - Path: Assets/IUH_Campus/Materials/M_IUH_Granite_Stairs.mat - Importer: PreviewImporter
Importing 'GUID: 094b5a38ed19c441a8c73ddfa136269f - Path: Assets/IUH_Campus/Materials/M_IUH_Granite_Stairs.mat - Importer: PreviewImporter' with importer (PreviewImporter)
Imported 'GUID: 094b5a38ed19c441a8c73ddfa136269f' -> (Import Result ID: 'a9eb2471ce8d08e86520e39a60e25450') in 0.016 seconds [static and dynamic dependencies]. Details - ImportResultOutputID=ea4532889948678ce047b5533f877c5f DependenciesID=9142a30f7296b00d2d8035621a9de0a9 StaticDependenciesID=3fcd78ce7fb8d3bdd03a07473463007f 
Number of updated asset objects reloaded before import = 0
Number of asset objects unloaded after import = 3
========================================================================
Received Import Request.
  Time of request: 2026-09-06T07:35:41.7006939Z
  Time since last request: 0.0003308 seconds.
  importAddress: GUID: 4bba295354908ab459b4780d60c005a1 - Path: Assets/IUH_Campus/Materials/M_IUH_Bench_Wood.mat - Importer: PreviewImporter
Importing 'GUID: 4bba295354908ab459b4780d60c005a1 - Path: Assets/IUH_Campus/Materials/M_IUH_Bench_Wood.mat - Importer: PreviewImporter' with importer (PreviewImporter)
Imported 'GUID: 4bba295354908ab459b4780d60c005a1' -> (Import Result ID: '2da7592afb1e882c9df7876a301eec8e') in 0.012 seconds [static and dynamic dependencies]. Details - ImportResultOutputID=0f7240de7250885b856c87f923a025eb DependenciesID=bae4c38a921dda0980128120f5cb019b StaticDependenciesID=0932ed9496c00ba209eac18d8ca4b5cb 
Number of updated asset objects reloaded before import = 0
Number of asset objects unloaded after import = 2
========================================================================
Received Import Request.
  Time of request: 2026-09-06T07:35:45.6532905Z
  Time since last request: 3.9328785 seconds.
  importAddress: GUID: 63f6d2bcb120bea4d8122d5c10a790eb - Path: Assets/IUH_Campus/Screenshots/aerial_oblique_reference.png - Importer: PreviewImporter
Importing 'GUID: 63f6d2bcb120bea4d8122d5c10a790eb - Path: Assets/IUH_Campus/Screenshots/aerial_oblique_reference.png - Importer: PreviewImporter' with importer (PreviewImporter)
Imported 'GUID: 63f6d2bcb120bea4d8122d5c10a790eb' -> (Import Result ID: '77b9627d665d6de9ad3ec4d1536180e8') in 0.028 seconds [static and dynamic dependencies]. Details - ImportResultOutputID=b374883737db4d2db5cf5197479b925b DependenciesID=25f4f26c72872a728c39542fc799e1cc StaticDependenciesID=1015ad944d54235b6e0823aa875e3d0b 
Number of updated asset objects reloaded before import = 0
Number of asset objects unloaded after import = 2
========================================================================
Received Import Request.
  Time of request: 2026-09-06T07:35:45.6888022Z
  Time since last request: 0.0005534 seconds.
  importAddress: GUID: 784403395ef5e024aa99dcc6792e594a - Path: Assets/IUH_Campus/Screenshots/screenshot_multifloor_10_stairwell_vertical.png - Importer: PreviewImporter
Importing 'GUID: 784403395ef5e024aa99dcc6792e594a - Path: Assets/IUH_Campus/Screenshots/screenshot_multifloor_10_stairwell_vertical.png - Importer: PreviewImporter' with importer (PreviewImporter)
Imported 'GUID: 784403395ef5e024aa99dcc6792e594a' -> (Import Result ID: '7eb96dd74580e5b080761ff48f069e86') in 0.011 seconds [static and dynamic dependencies]. Details - ImportResultOutputID=ee6a55aef8f283090bcb774e3f0a1f26 DependenciesID=12cb0b2a296dc1e563af948510e3516b StaticDependenciesID=1a1a58380f2ffc048997e232c40bc514 
Number of updated asset objects reloaded before import = 0
Number of asset objects unloaded after import = 2
========================================================================
Received Import Request.
  Time of request: 2026-09-06T07:35:45.708669Z
  Time since last request: 0.0004742 seconds.
  importAddress: GUID: 834fc2df3e6331145adcc45309d3d970 - Path: Assets/IUH_Campus/Screenshots/screenshot_01_aerial.png - Importer: PreviewImporter
Importing 'GUID: 834fc2df3e6331145adcc45309d3d970 - Path: Assets/IUH_Campus/Screenshots/screenshot_01_aerial.png - Importer: PreviewImporter' with importer (PreviewImporter)
Imported 'GUID: 834fc2df3e6331145adcc45309d3d970' -> (Import Result ID: 'f55938d1554ac8b463fc41d09a3854bd') in 0.016 seconds [static and dynamic dependencies]. Details - ImportResultOutputID=c6ebd6f4621ed716eeb210e1e0a6cec3 DependenciesID=8f32c9df355170ab9a52c9395027fc3d StaticDependenciesID=074bd04998f3fd261b42809753f3a20d 
Number of updated asset objects reloaded before import = 0
Number of asset objects unloaded after import = 2
========================================================================
Received Import Request.
  Time of request: 2026-09-06T07:35:45.7341477Z
  Time since last request: 0.0004173 seconds.
  importAddress: GUID: a5a6874f12b1aa24791e42551e090f0e - Path: Assets/IUH_Campus/Screenshots/screenshot_03_building_g_entrance.png - Importer: PreviewImporter
Importing 'GUID: a5a6874f12b1aa24791e42551e090f0e - Path: Assets/IUH_Campus/Screenshots/screenshot_03_building_g_entrance.png - Importer: PreviewImporter' with importer (PreviewImporter)
Imported 'GUID: a5a6874f12b1aa24791e42551e090f0e' -> (Import Result ID: '974f057e0e3a41ddd711df399eb0865e') in 0.016 seconds [static and dynamic dependencies]. Details - ImportResultOutputID=59361f64602425abf08efbf0e6c1a5c2 DependenciesID=4ee3f001062522135eca747c82c79934 StaticDependenciesID=dc13e7fe995f336f67671a5f93f65990 
Number of updated asset objects reloaded before import = 0
Number of asset objects unloaded after import = 2
========================================================================
Received Import Request.
  Time of request: 2026-09-06T07:35:45.7587435Z
  Time since last request: 0.000466 seconds.
  importAddress: GUID: 91bc3416e87f8484f9e907c60c74c797 - Path: Assets/IUH_Campus/Screenshots/screenshot_05_corridor.png - Importer: PreviewImporter
Importing 'GUID: 91bc3416e87f8484f9e907c60c74c797 - Path: Assets/IUH_Campus/Screenshots/screenshot_05_corridor.png - Importer: PreviewImporter' with importer (PreviewImporter)
Imported 'GUID: 91bc3416e87f8484f9e907c60c74c797' -> (Import Result ID: '0087e29d36e0a93c1c3f7f975e69d4de') in 0.015 seconds [static and dynamic dependencies]. Details - ImportResultOutputID=9fb90c44aeaf165f60bdde355f0ed09a DependenciesID=df844ed0085e9a1e8f505cd2fb7303ae StaticDependenciesID=557411486a05d33f949889a18d4ae988 
Number of updated asset objects reloaded before import = 0
Number of asset objects unloaded after import = 2
========================================================================
Received Import Request.
  Time of request: 2026-09-06T07:35:45.783786Z
  Time since last request: 0.0004653 seconds.
  importAddress: GUID: bee69f86491e2514c8e4d4dd5d55336f - Path: Assets/IUH_Campus/Screenshots/screenshot_multifloor_01_lobby.png - Importer: PreviewImporter
Importing 'GUID: bee69f86491e2514c8e4d4dd5d55336f - Path: Assets/IUH_Campus/Screenshots/screenshot_multifloor_01_lobby.png - Importer: PreviewImporter' with importer (PreviewImporter)
Imported 'GUID: bee69f86491e2514c8e4d4dd5d55336f' -> (Import Result ID: '3cf9f818461d60dc45c23e185f4443d8') in 0.014 seconds [static and dynamic dependencies]. Details - ImportResultOutputID=099c802308e6332582804383899702c5 DependenciesID=8652fb2ae581970c5c0810639546258e StaticDependenciesID=df982674c7e534233169f0f0ece28bca 
Number of updated asset objects reloaded before import = 0
Number of asset objects unloaded after import = 2
========================================================================
Received Import Request.
  Time of request: 2026-09-06T07:35:45.8072806Z
  Time since last request: 0.0003436 seconds.
  importAddress: GUID: 0a280421a7af46c459fb4f8e0a70e88f - Path: Assets/IUH_Campus/Screenshots/screenshot_multifloor_07_floor_2_overview.png - Importer: PreviewImporter
Importing 'GUID: 0a280421a7af46c459fb4f8e0a70e88f - Path: Assets/IUH_Campus/Screenshots/screenshot_multifloor_07_floor_2_overview.png - Importer: PreviewImporter' with importer (PreviewImporter)
Imported 'GUID: 0a280421a7af46c459fb4f8e0a70e88f' -> (Import Result ID: '60336c188b8e6c52e45e93e0af9c1f30') in 0.015 seconds [static and dynamic dependencies]. Details - ImportResultOutputID=1fd83f5c0933527081bdc491630146fc DependenciesID=55420ba1f83882d128d8413e9401c61f StaticDependenciesID=cec3086b1d87294e77e2f60e0c375777 
Number of updated asset objects reloaded before import = 0
Number of asset objects unloaded after import = 2
========================================================================
Received Import Request.
  Time of request: 2026-09-06T07:35:45.8323167Z
  Time since last request: 0.0005582 seconds.
  importAddress: GUID: 0dd0f28be86ddf74e9ae86dfefcc33e4 - Path: Assets/IUH_Campus/Screenshots/player_02_reception.png - Importer: PreviewImporter
Importing 'GUID: 0dd0f28be86ddf74e9ae86dfefcc33e4 - Path: Assets/IUH_Campus/Screenshots/player_02_reception.png - Importer: PreviewImporter' with importer (PreviewImporter)
Imported 'GUID: 0dd0f28be86ddf74e9ae86dfefcc33e4' -> (Import Result ID: 'e8e7eb192f8760f6363fc575e107fdd3') in 0.016 seconds [static and dynamic dependencies]. Details - ImportResultOutputID=cd88a36dace1ee97acf9527776fc12ef DependenciesID=d2d29ce49a5aa4aa4130fb56d22d3b50 StaticDependenciesID=d1566d3079e34ee3e8ecab0f2d0e4ec7 
Number of updated asset objects reloaded before import = 0
Number of asset objects unloaded after import = 2
========================================================================
Received Import Request.
  Time of request: 2026-09-06T07:35:45.8577629Z
  Time since last request: 0.000896 seconds.
  importAddress: GUID: 52e7d6527f5c9c64f87336fd9d7c3d2c - Path: Assets/IUH_Campus/Screenshots/screenshot_system_03_door.png - Importer: PreviewImporter
Importing 'GUID: 52e7d6527f5c9c64f87336fd9d7c3d2c - Path: Assets/IUH_Campus/Screenshots/screenshot_system_03_door.png - Importer: PreviewImporter' with importer (PreviewImporter)
Imported 'GUID: 52e7d6527f5c9c64f87336fd9d7c3d2c' -> (Import Result ID: 'a1c10c5069952ab689b602641cd555a2') in 0.017 seconds [static and dynamic dependencies]. Details - ImportResultOutputID=2f1e1e96a674450201e90426be15bf29 DependenciesID=fceeb68832ee0836d1e21d2eb8b4eb66 StaticDependenciesID=4f0e6e3ec5483b4f596cb079aa251a39 
Number of updated asset objects reloaded before import = 0
Number of asset objects unloaded after import = 2
========================================================================
Received Import Request.
  Time of request: 2026-09-06T07:35:45.8844484Z
  Time since last request: 0.0003257 seconds.
  importAddress: GUID: 92517d5cabb0bc94fa00bf69ef2b6805 - Path: Assets/IUH_Campus/Screenshots/screenshot_multifloor_08_floor_3_overview.png - Importer: PreviewImporter
Importing 'GUID: 92517d5cabb0bc94fa00bf69ef2b6805 - Path: Assets/IUH_Campus/Screenshots/screenshot_multifloor_08_floor_3_overview.png - Importer: PreviewImporter' with importer (PreviewImporter)
Imported 'GUID: 92517d5cabb0bc94fa00bf69ef2b6805' -> (Import Result ID: '0c42615ea5b82cae78f2e84bd0c89129') in 0.015 seconds [static and dynamic dependencies]. Details - ImportResultOutputID=e660b90374dadc4c46aa2fa3243f7960 DependenciesID=20b5ed54f464fe71fb350bf4adb66632 StaticDependenciesID=5382b58322ddc9b9922c673c7067d572 
Number of updated asset objects reloaded before import = 0
Number of asset objects unloaded after import = 2
========================================================================
Received Import Request.
  Time of request: 2026-09-06T07:35:45.9101695Z
  Time since last request: 0.0010057 seconds.
  importAddress: GUID: 7cd1d36db64ad6549a661ff2a2490d9f - Path: Assets/IUH_Campus/Screenshots/screenshot_system_02_computer.png - Importer: PreviewImporter
Importing 'GUID: 7cd1d36db64ad6549a661ff2a2490d9f - Path: Assets/IUH_Campus/Screenshots/screenshot_system_02_computer.png - Importer: PreviewImporter' with importer (PreviewImporter)
Imported 'GUID: 7cd1d36db64ad6549a661ff2a2490d9f' -> (Import Result ID: '56b9a64f336e34177bfc7ca3e26b0e8f') in 0.017 seconds [static and dynamic dependencies]. Details - ImportResultOutputID=82bb4efe8fec9b6d0434e1b0a33df648 DependenciesID=afaee4bbe25f8379a57091be26faf95f StaticDependenciesID=ecc0c463e94158919efcd4ae03b7d645 
Number of updated asset objects reloaded before import = 0
Number of asset objects unloaded after import = 2
========================================================================
Received Import Request.
  Time of request: 2026-09-06T07:35:45.9356324Z
  Time since last request: 0.0003617 seconds.
  importAddress: GUID: a9a0b15db39e2ae4c840f83f9131d5e4 - Path: Assets/IUH_Campus/Screenshots/interior_connecting_corridor.png - Importer: PreviewImporter
Importing 'GUID: a9a0b15db39e2ae4c840f83f9131d5e4 - Path: Assets/IUH_Campus/Screenshots/interior_connecting_corridor.png - Importer: PreviewImporter' with importer (PreviewImporter)
Imported 'GUID: a9a0b15db39e2ae4c840f83f9131d5e4' -> (Import Result ID: '180a6ca9bfc41a7d2bf348d11dd7e5dd') in 0.014 seconds [static and dynamic dependencies]. Details - ImportResultOutputID=9fcbc32951c16ff00d384ea6bcd63389 DependenciesID=cb4ca81db18799aebdc681e3eedea7b0 StaticDependenciesID=b034b70f44614f099a0308753d91ddbd 
Number of updated asset objects reloaded before import = 0
Number of asset objects unloaded after import = 2
========================================================================
Received Import Request.
  Time of request: 2026-09-06T07:35:45.9591509Z
  Time since last request: 0.0003548 seconds.
  importAddress: GUID: 8106fd4203386994996ba9c03d2c8fbe - Path: Assets/IUH_Campus/Screenshots/player_04_training_lab.png - Importer: PreviewImporter
Importing 'GUID: 8106fd4203386994996ba9c03d2c8fbe - Path: Assets/IUH_Campus/Screenshots/player_04_training_lab.png - Importer: PreviewImporter' with importer (PreviewImporter)
Imported 'GUID: 8106fd4203386994996ba9c03d2c8fbe' -> (Import Result ID: '9805248c0b958f24662276332f094e92') in 0.009 seconds [static and dynamic dependencies]. Details - ImportResultOutputID=5c851fbf8eba54d4983a8140cfbe43ed DependenciesID=88274d63f354b9d86ae47ef498f34ee4 StaticDependenciesID=9b4ce0a9912ecf5b20ceca9cab8f4a90 
Number of updated asset objects reloaded before import = 0
Number of asset objects unloaded after import = 2
========================================================================
Received Import Request.
  Time of request: 2026-09-06T07:35:45.9770668Z
  Time since last request: 0.0005262 seconds.
  importAddress: GUID: 31b0eb79dad4f404cb5fc6039cea4534 - Path: Assets/IUH_Campus/Screenshots/camera_player_height.png - Importer: PreviewImporter
Importing 'GUID: 31b0eb79dad4f404cb5fc6039cea4534 - Path: Assets/IUH_Campus/Screenshots/camera_player_height.png - Importer: PreviewImporter' with importer (PreviewImporter)
Imported 'GUID: 31b0eb79dad4f404cb5fc6039cea4534' -> (Import Result ID: '46837c50f5bae8e54d9eadc8f1bb36c0') in 0.007 seconds [static and dynamic dependencies]. Details - ImportResultOutputID=8611b5a5c66b43da57b48c109ebcb0c3 DependenciesID=5d433777329175bfabf9fb49de149d16 StaticDependenciesID=0d609b61904b527ea2510b4d1613e792 
Number of updated asset objects reloaded before import = 0
Number of asset objects unloaded after import = 2
========================================================================
Received Import Request.
  Time of request: 2026-09-06T07:35:45.9938954Z
  Time since last request: 0.0002597 seconds.
  importAddress: GUID: 64c1b3a2944e2e5449375b793af8072f - Path: Assets/IUH_Campus/Screenshots/interior_training_lab.png - Importer: PreviewImporter
Importing 'GUID: 64c1b3a2944e2e5449375b793af8072f - Path: Assets/IUH_Campus/Screenshots/interior_training_lab.png - Importer: PreviewImporter' with importer (PreviewImporter)
Imported 'GUID: 64c1b3a2944e2e5449375b793af8072f' -> (Import Result ID: 'ac1ba6ecaad4e7be582973668bb27126') in 0.009 seconds [static and dynamic dependencies]. Details - ImportResultOutputID=46766508cd351dd8341c6003a729a386 DependenciesID=92957674353f40beb8e4e3d6b9893410 StaticDependenciesID=95e8ff6eaaec86bdbc65cf884132dde1 
Number of updated asset objects reloaded before import = 0
Number of asset objects unloaded after import = 2
========================================================================
Received Import Request.
  Time of request: 2026-09-06T07:35:46.014443Z
  Time since last request: 0.0003412 seconds.
  importAddress: GUID: cf4684fef2cd1de4d8002a3cb002d59d - Path: Assets/IUH_Campus/Screenshots/player_03_waiting_lounge.png - Importer: PreviewImporter
Importing 'GUID: cf4684fef2cd1de4d8002a3cb002d59d - Path: Assets/IUH_Campus/Screenshots/player_03_waiting_lounge.png - Importer: PreviewImporter' with importer (PreviewImporter)
Imported 'GUID: cf4684fef2cd1de4d8002a3cb002d59d' -> (Import Result ID: '7d660b4781c367564d03911d87a9d898') in 0.008 seconds [static and dynamic dependencies]. Details - ImportResultOutputID=c8212629ae7751d4bb41850bcb3441b6 DependenciesID=ce3ee66560ea44b6a559d4e5ee38f136 StaticDependenciesID=26ae9dc1f9280f35389dbee139e98bf8 
Number of updated asset objects reloaded before import = 0
Number of asset objects unloaded after import = 2
========================================================================
Received Import Request.
  Time of request: 2026-09-06T07:35:46.0320532Z
  Time since last request: 0.0003671 seconds.
  importAddress: GUID: 78a7171d8c607ec48a508c315cb34bfb - Path: Assets/IUH_Campus/Screenshots/screenshot_system_01_infoboard.png - Importer: PreviewImporter
Importing 'GUID: 78a7171d8c607ec48a508c315cb34bfb - Path: Assets/IUH_Campus/Screenshots/screenshot_system_01_infoboard.png - Importer: PreviewImporter' with importer (PreviewImporter)
Imported 'GUID: 78a7171d8c607ec48a508c315cb34bfb' -> (Import Result ID: '0c7788ce02959df1581d842efc39f354') in 0.008 seconds [static and dynamic dependencies]. Details - ImportResultOutputID=f63aea1df3f2c8926d1b13543f4b8c77 DependenciesID=a034673bb6e8a415770ddbe72a07cc9d StaticDependenciesID=5455a82c74eda99dee92b4c0fd5cec91 
Number of updated asset objects reloaded before import = 0
Number of asset objects unloaded after import = 2
========================================================================
Received Import Request.
  Time of request: 2026-09-06T07:35:46.0499572Z
  Time since last request: 0.0003579 seconds.
  importAddress: GUID: db7d58aa66dc8484aa7093640cdd2cad - Path: Assets/IUH_Campus/Screenshots/interior_front_desk.png - Importer: PreviewImporter
Importing 'GUID: db7d58aa66dc8484aa7093640cdd2cad - Path: Assets/IUH_Campus/Screenshots/interior_front_desk.png - Importer: PreviewImporter' with importer (PreviewImporter)
Imported 'GUID: db7d58aa66dc8484aa7093640cdd2cad' -> (Import Result ID: 'fd0cd683da350325b4e25da14e62595f') in 0.007 seconds [static and dynamic dependencies]. Details - ImportResultOutputID=88c71e3fd4ee4fd6f07449a94e50ce0b DependenciesID=2bba3bd09cdd6d0d8f6de43624b7d474 StaticDependenciesID=c3de046e8ce31bc14e68945a578853dd 
Number of updated asset objects reloaded before import = 0
Number of asset objects unloaded after import = 2
========================================================================
Received Import Request.
  Time of request: 2026-09-06T07:35:46.0671388Z
  Time since last request: 0.0004388 seconds.
  importAddress: GUID: 1a321fc513292504cb2710dd9adba172 - Path: Assets/IUH_Campus/Screenshots/camera_entrance.png - Importer: PreviewImporter
Importing 'GUID: 1a321fc513292504cb2710dd9adba172 - Path: Assets/IUH_Campus/Screenshots/camera_entrance.png - Importer: PreviewImporter' with importer (PreviewImporter)
Imported 'GUID: 1a321fc513292504cb2710dd9adba172' -> (Import Result ID: '660013d43a9562b9f1fdd23eef2cd360') in 0.010 seconds [static and dynamic dependencies]. Details - ImportResultOutputID=ef6b5fd7adcaa2bba29b6b17e507df80 DependenciesID=d7b0b75ab6e4a5552014136aaf3cb0db StaticDependenciesID=4467d6bac426610a8ca37676bb4a7587 
Number of updated asset objects reloaded before import = 0
Number of asset objects unloaded after import = 2
========================================================================
Received Import Request.
  Time of request: 2026-09-06T07:35:46.0883901Z
  Time since last request: 0.0005422 seconds.
  importAddress: GUID: b86d0df5827c7ee48a44c88462e35dc0 - Path: Assets/IUH_Campus/Screenshots/screenshot_system_06_gameplay_anchors.png - Importer: PreviewImporter
Importing 'GUID: b86d0df5827c7ee48a44c88462e35dc0 - Path: Assets/IUH_Campus/Screenshots/screenshot_system_06_gameplay_anchors.png - Importer: PreviewImporter' with importer (PreviewImporter)
Imported 'GUID: b86d0df5827c7ee48a44c88462e35dc0' -> (Import Result ID: '2ede358c7ac7a881d13b5bb6f1f05c6e') in 0.007 seconds [static and dynamic dependencies]. Details - ImportResultOutputID=6d245315c34021cc4165c1d94ce18042 DependenciesID=862bb8c7b628975a8c801292057e989c StaticDependenciesID=4e96eda2b2d2fed1d8e3f3ff6ff4756b 
Number of updated asset objects reloaded before import = 0
Number of asset objects unloaded after import = 2
========================================================================
Received Import Request.
  Time of request: 2026-09-06T07:35:47.6333493Z
  Time since last request: 1.5282679 seconds.
  importAddress: GUID: ab09877e2e707104187f6f83e2f62510 - Path: Assets/Settings/DefaultVolumeProfile.asset - Importer: PreviewImporter
Importing 'GUID: ab09877e2e707104187f6f83e2f62510 - Path: Assets/Settings/DefaultVolumeProfile.asset - Importer: PreviewImporter' with importer (PreviewImporter)
Imported 'GUID: ab09877e2e707104187f6f83e2f62510' -> (Import Result ID: 'cd2ab37e8a546cfde534ca00738e4e69') in 0.001 seconds [static and dynamic dependencies]. Details - ImportResultOutputID=39a7eb3f94a6a5b6171a14dafa83e11c DependenciesID=587b084cfa76ef33d67478b470b07c3a StaticDependenciesID=a3b39ca5ec6b60c3ad53ce97f89914ba 
Number of updated asset objects reloaded before import = 0
Number of asset objects unloaded after import = 0
========================================================================
Received Import Request.
  Time of request: 2026-09-06T07:35:47.6458168Z
  Time since last request: 0.0030618 seconds.
  importAddress: GUID: 65bc7dbf4170f435aa868c779acfb082 - Path: Assets/Settings/Mobile_Renderer.asset - Importer: PreviewImporter
Importing 'GUID: 65bc7dbf4170f435aa868c779acfb082 - Path: Assets/Settings/Mobile_Renderer.asset - Importer: PreviewImporter' with importer (PreviewImporter)
Imported 'GUID: 65bc7dbf4170f435aa868c779acfb082' -> (Import Result ID: '2833ec08d12de7dd42b8ddeed2d19b27') in 0.003 seconds [static and dynamic dependencies]. Details - ImportResultOutputID=3f42f84a47690ff94da2ded4a5d18b87 DependenciesID=c1c00101b67bc2f311d158ec3766fc22 StaticDependenciesID=add33dc3cf91b27a20cb16e35c21ce37 
Number of updated asset objects reloaded before import = 0
Number of asset objects unloaded after import = 1
========================================================================
Received Import Request.
  Time of request: 2026-09-06T07:35:47.6569879Z
  Time since last request: 0.0003452 seconds.
  importAddress: GUID: 10fc4df2da32a41aaa32d77bc913491c - Path: Assets/Settings/SampleSceneProfile.asset - Importer: PreviewImporter
Importing 'GUID: 10fc4df2da32a41aaa32d77bc913491c - Path: Assets/Settings/SampleSceneProfile.asset - Importer: PreviewImporter' with importer (PreviewImporter)
Imported 'GUID: 10fc4df2da32a41aaa32d77bc913491c' -> (Import Result ID: 'dd7d75ac8205f5a46b7689047144852b') in 0.001 seconds [static and dynamic dependencies]. Details - ImportResultOutputID=1ad280767d0147e753bc6289476229da DependenciesID=8fda8779411f1716bca3ee05112ab64b StaticDependenciesID=ae109a276de524900d249afa9343bde2 
Number of updated asset objects reloaded before import = 0
Number of asset objects unloaded after import = 0
========================================================================
Received Import Request.
  Time of request: 2026-09-06T07:35:47.6675029Z
  Time since last request: 0.0003805 seconds.
  importAddress: GUID: 18dc0cd2c080841dea60987a38ce93fa - Path: Assets/Settings/UniversalRenderPipelineGlobalSettings.asset - Importer: PreviewImporter
Importing 'GUID: 18dc0cd2c080841dea60987a38ce93fa - Path: Assets/Settings/UniversalRenderPipelineGlobalSettings.asset - Importer: PreviewImporter' with importer (PreviewImporter)
Imported 'GUID: 18dc0cd2c080841dea60987a38ce93fa' -> (Import Result ID: '94408b5630ac1eef6ff405d97062cc12') in 0.001 seconds [static and dynamic dependencies]. Details - ImportResultOutputID=9691795f80db41dbb7e60a41dca299bb DependenciesID=8a86f5b3a21efb1bd8cdf4992e0437b3 StaticDependenciesID=af1761d111c47b9f3c84efdb2770d920 
Number of updated asset objects reloaded before import = 0
Number of asset objects unloaded after import = 0
========================================================================
Received Import Request.
  Time of request: 2026-09-06T07:35:48.6193626Z
  Time since last request: 0.9421987 seconds.
  importAddress: GUID: e292ca04aa838403f99cd1560d11c3b4 - Path: Assets/Screenshots/iuh_aerial_expansion_match.png - Importer: PreviewImporter
Importing 'GUID: e292ca04aa838403f99cd1560d11c3b4 - Path: Assets/Screenshots/iuh_aerial_expansion_match.png - Importer: PreviewImporter' with importer (PreviewImporter)
Imported 'GUID: e292ca04aa838403f99cd1560d11c3b4' -> (Import Result ID: 'd2c0d77276d93a3abddeefde1a7cc52a') in 0.007 seconds [static and dynamic dependencies]. Details - ImportResultOutputID=e580f490bbfbc86424e7e591af983762 DependenciesID=bef10855e876034747ad870147a03681 StaticDependenciesID=4cc7dae27a8277180a5e4f69505a3145 
Number of updated asset objects reloaded before import = 0
Number of asset objects unloaded after import = 2
========================================================================
Received Import Request.
  Time of request: 2026-09-06T07:35:48.6344165Z
  Time since last request: 0.0003087 seconds.
  importAddress: GUID: 96b6cb242caf74481b2f2769358d76a8 - Path: Assets/Screenshots/iuh_aerial_master_validation.png - Importer: PreviewImporter
Importing 'GUID: 96b6cb242caf74481b2f2769358d76a8 - Path: Assets/Screenshots/iuh_aerial_master_validation.png - Importer: PreviewImporter' with importer (PreviewImporter)
Imported 'GUID: 96b6cb242caf74481b2f2769358d76a8' -> (Import Result ID: '0c7f4b51f92df75c11321abd3ff63fcb') in 0.007 seconds [static and dynamic dependencies]. Details - ImportResultOutputID=3e7151c35d86f561a2b923675bfc9619 DependenciesID=afc4c5b1db7840f6367b2480d14e4cb4 StaticDependenciesID=f1d79119852abe625eae56bf32caba06 
Number of updated asset objects reloaded before import = 0
Number of asset objects unloaded after import = 2
========================================================================
Received Import Request.
  Time of request: 2026-09-06T07:35:48.650054Z
  Time since last request: 0.0003792 seconds.
  importAddress: GUID: 4d9662fae5d5e44a9b6f0fc37c890273 - Path: Assets/Screenshots/iuh_aerial_true_reference.png - Importer: PreviewImporter
Importing 'GUID: 4d9662fae5d5e44a9b6f0fc37c890273 - Path: Assets/Screenshots/iuh_aerial_true_reference.png - Importer: PreviewImporter' with importer (PreviewImporter)
Imported 'GUID: 4d9662fae5d5e44a9b6f0fc37c890273' -> (Import Result ID: 'b999a71d1a928faebfe05064fc2f410f') in 0.007 seconds [static and dynamic dependencies]. Details - ImportResultOutputID=877cc6410900e98e368f8d9f1f9dd6d3 DependenciesID=c073e5e2e84144f724570f54c3bc2aa9 StaticDependenciesID=66c340d611827fcc5c7a6736ae92d417 
Number of updated asset objects reloaded before import = 0
Number of asset objects unloaded after import = 2
========================================================================
Received Import Request.
  Time of request: 2026-09-06T07:35:48.6650756Z
  Time since last request: 0.0003885 seconds.
  importAddress: GUID: 0470daeed1cd3427db5355b6cc5f5f35 - Path: Assets/Screenshots/iuh_campus_wide.png - Importer: PreviewImporter
Importing 'GUID: 0470daeed1cd3427db5355b6cc5f5f35 - Path: Assets/Screenshots/iuh_campus_wide.png - Importer: PreviewImporter' with importer (PreviewImporter)
Imported 'GUID: 0470daeed1cd3427db5355b6cc5f5f35' -> (Import Result ID: 'ee3e0639dfd83f86438ac89859e737c6') in 0.008 seconds [static and dynamic dependencies]. Details - ImportResultOutputID=73ac02eddba6abfb0cc3a8e4c694c99c DependenciesID=d9048220a10143792fec635c07a1dc08 StaticDependenciesID=7041f174e9a765cf672fa73669a0c7b6 
Number of updated asset objects reloaded before import = 0
Number of asset objects unloaded after import = 2
========================================================================
Received Import Request.
  Time of request: 2026-09-06T07:35:48.6820932Z
  Time since last request: 0.000385 seconds.
  importAddress: GUID: 40e115efa11e54816aac89dd2578d746 - Path: Assets/Screenshots/iuh_aerial_photo1_correct.png - Importer: PreviewImporter
Importing 'GUID: 40e115efa11e54816aac89dd2578d746 - Path: Assets/Screenshots/iuh_aerial_photo1_correct.png - Importer: PreviewImporter' with importer (PreviewImporter)
Imported 'GUID: 40e115efa11e54816aac89dd2578d746' -> (Import Result ID: '209de4925a2f00974daaeef882a3b16f') in 0.008 seconds [static and dynamic dependencies]. Details - ImportResultOutputID=2119a7b0477eff8b80259df61cdab805 DependenciesID=f8bc43d4e3cde4ffb74e8d79e72d6c87 StaticDependenciesID=b05771efeb5b89013bb41285f9655b45 
Number of updated asset objects reloaded before import = 0
Number of asset objects unloaded after import = 2
========================================================================
Received Import Request.
  Time of request: 2026-09-06T07:35:48.6990651Z
  Time since last request: 0.0004408 seconds.
  importAddress: GUID: b13472b6d1609477189a8f81a990fc5e - Path: Assets/Screenshots/iuh_ground_looking_at_right_building_final.png - Importer: PreviewImporter
Importing 'GUID: b13472b6d1609477189a8f81a990fc5e - Path: Assets/Screenshots/iuh_ground_looking_at_right_building_final.png - Importer: PreviewImporter' with importer (PreviewImporter)
Imported 'GUID: b13472b6d1609477189a8f81a990fc5e' -> (Import Result ID: '542f98d22e55b918f3ce081dba19fbf7') in 0.007 seconds [static and dynamic dependencies]. Details - ImportResultOutputID=3a8053ec32ff4256d46d1182dd068e9a DependenciesID=cca94aed5dc9f382b819f33ed0637f88 StaticDependenciesID=02d4b0099e0c74e7179d9ffd3758b7e4 
Number of updated asset objects reloaded before import = 0
Number of asset objects unloaded after import = 2
========================================================================
Received Import Request.
  Time of request: 2026-09-06T07:35:48.7151235Z
  Time since last request: 0.0004142 seconds.
  importAddress: GUID: c48e0d12c57f3406bb338b2b9987bf9d - Path: Assets/Screenshots/iuh_ground_photo2_match.png - Importer: PreviewImporter
Importing 'GUID: c48e0d12c57f3406bb338b2b9987bf9d - Path: Assets/Screenshots/iuh_ground_photo2_match.png - Importer: PreviewImporter' with importer (PreviewImporter)
Imported 'GUID: c48e0d12c57f3406bb338b2b9987bf9d' -> (Import Result ID: '854f5a854062f61bcda90f2f3504081d') in 0.008 seconds [static and dynamic dependencies]. Details - ImportResultOutputID=fb0ffb2e2589560ad1ea2903ef5d62c8 DependenciesID=8f95e94c3ebc1923a66f467d18e17f23 StaticDependenciesID=f36f30aa04617491152f249559f8ced8 
Number of updated asset objects reloaded before import = 0
Number of asset objects unloaded after import = 2
========================================================================
Received Import Request.
  Time of request: 2026-09-06T07:35:48.7317154Z
  Time since last request: 0.0003837 seconds.
  importAddress: GUID: 46c1850c18f7a43a98398fc4e45674ff - Path: Assets/Screenshots/iuh_front_monument_view.png - Importer: PreviewImporter
Importing 'GUID: 46c1850c18f7a43a98398fc4e45674ff - Path: Assets/Screenshots/iuh_front_monument_view.png - Importer: PreviewImporter' with importer (PreviewImporter)
Imported 'GUID: 46c1850c18f7a43a98398fc4e45674ff' -> (Import Result ID: 'daf7ccfac6a2557061fa11469a71dd25') in 0.010 seconds [static and dynamic dependencies]. Details - ImportResultOutputID=866b5bb4742a4519b894802f43a46622 DependenciesID=cc54e944e8acf4d3e1cf7f893a66750e StaticDependenciesID=b2da9925b0524571b57fa52e0f6eb841 
Number of updated asset objects reloaded before import = 0
Number of asset objects unloaded after import = 2
========================================================================
Received Import Request.
  Time of request: 2026-09-06T07:35:48.7499284Z
  Time since last request: 0.0003027 seconds.
  importAddress: GUID: d025ebea78ad143c0b6b6141fc600989 - Path: Assets/Screenshots/iuh_masterplan_angle.png - Importer: PreviewImporter
Importing 'GUID: d025ebea78ad143c0b6b6141fc600989 - Path: Assets/Screenshots/iuh_masterplan_angle.png - Importer: PreviewImporter' with importer (PreviewImporter)
Imported 'GUID: d025ebea78ad143c0b6b6141fc600989' -> (Import Result ID: 'cb84cfd186e27c63081b5df0d79802ab') in 0.008 seconds [static and dynamic dependencies]. Details - ImportResultOutputID=20c528658c6ef0d2f0af1d9564f3991a DependenciesID=f4813fc70fcec71933fc9f6d718d55a1 StaticDependenciesID=f40c55635f4c9003264c32f0ae86e57e 
Number of updated asset objects reloaded before import = 0
Number of asset objects unloaded after import = 2
========================================================================
Received Import Request.
  Time of request: 2026-09-06T07:35:48.7666241Z
  Time since last request: 0.0005041 seconds.
  importAddress: GUID: 9530c63ea70a34fe0a8298febde5cc13 - Path: Assets/Screenshots/iuh_player_tower_look.png - Importer: PreviewImporter
Importing 'GUID: 9530c63ea70a34fe0a8298febde5cc13 - Path: Assets/Screenshots/iuh_player_tower_look.png - Importer: PreviewImporter' with importer (PreviewImporter)
Imported 'GUID: 9530c63ea70a34fe0a8298febde5cc13' -> (Import Result ID: '103646ca658e1ce03af870f7947c50db') in 0.011 seconds [static and dynamic dependencies]. Details - ImportResultOutputID=8996ae565bac4eeeb5ae4ad142996fcb DependenciesID=435b94885b39b1fe05a93a30a67c70d1 StaticDependenciesID=574feb2ea3767b04dc3a7465252070a7 
Number of updated asset objects reloaded before import = 0
Number of asset objects unloaded after import = 2
========================================================================
Received Import Request.
  Time of request: 2026-09-06T07:35:48.7888464Z
  Time since last request: 0.0009734 seconds.
  importAddress: GUID: 8cedc0bc30a3c43a0b38159710f117a3 - Path: Assets/Screenshots/iuh_main_building_photo_match_angle.png - Importer: PreviewImporter
Importing 'GUID: 8cedc0bc30a3c43a0b38159710f117a3 - Path: Assets/Screenshots/iuh_main_building_photo_match_angle.png - Importer: PreviewImporter' with importer (PreviewImporter)
Imported 'GUID: 8cedc0bc30a3c43a0b38159710f117a3' -> (Import Result ID: '1bd0c7fc4fa3ec5f38a81c86d21a3a25') in 0.009 seconds [static and dynamic dependencies]. Details - ImportResultOutputID=3b1372ccde5d6c560b5bbddde529a5b5 DependenciesID=c015bb92b7de89fc5619d7ca53a2f830 StaticDependenciesID=0f372fa3e40f8742a34027449055524d 
Number of updated asset objects reloaded before import = 0
Number of asset objects unloaded after import = 2
========================================================================
Received Import Request.
  Time of request: 2026-09-06T07:35:48.808393Z
  Time since last request: 0.000521 seconds.
  importAddress: GUID: c25e256c7153843eeb37b7aa63c6d803 - Path: Assets/Screenshots/iuh_ground_photo2_correct.png - Importer: PreviewImporter
Importing 'GUID: c25e256c7153843eeb37b7aa63c6d803 - Path: Assets/Screenshots/iuh_ground_photo2_correct.png - Importer: PreviewImporter' with importer (PreviewImporter)
Imported 'GUID: c25e256c7153843eeb37b7aa63c6d803' -> (Import Result ID: '16949a0726208dc1b3e3fc3f645fed1b') in 0.009 seconds [static and dynamic dependencies]. Details - ImportResultOutputID=85029da5a4bca7ced68910cd39651471 DependenciesID=e44a7c21dc3af79061579bc99033efb0 StaticDependenciesID=898dd1141cd3eb82c343c3ddad012dd3 
Number of updated asset objects reloaded before import = 0
Number of asset objects unloaded after import = 2
========================================================================
Received Import Request.
  Time of request: 2026-09-06T07:35:50.7024918Z
  Time since last request: 1.8764279 seconds.
  importAddress: GUID: bc52cf2e0304044a8bd022825f3073af - Path: Assets/IUH_Campus/Textures/T_Flag_IUH.png - Importer: PreviewImporter
Importing 'GUID: bc52cf2e0304044a8bd022825f3073af - Path: Assets/IUH_Campus/Textures/T_Flag_IUH.png - Importer: PreviewImporter' with importer (PreviewImporter)
Imported 'GUID: bc52cf2e0304044a8bd022825f3073af' -> (Import Result ID: 'aa64295892cf2014e7c0082694e38ab2') in 0.007 seconds [static and dynamic dependencies]. Details - ImportResultOutputID=12b49f53b8fd1b24bfffe8d40fe3df53 DependenciesID=143b447f97f5f80f448e23f741b93228 StaticDependenciesID=78be15b6682aabea4fbf97a9decf16c5 
Number of updated asset objects reloaded before import = 0
Number of asset objects unloaded after import = 2
========================================================================
Received Import Request.
  Time of request: 2026-09-06T07:35:50.7176821Z
  Time since last request: 0.0005136 seconds.
  importAddress: GUID: c289e37746c1e461690898b0d17f40c1 - Path: Assets/IUH_Campus/Textures/T_Flag_YouthUnion.png - Importer: PreviewImporter
Importing 'GUID: c289e37746c1e461690898b0d17f40c1 - Path: Assets/IUH_Campus/Textures/T_Flag_YouthUnion.png - Importer: PreviewImporter' with importer (PreviewImporter)
Imported 'GUID: c289e37746c1e461690898b0d17f40c1' -> (Import Result ID: '94ad99f6ff933b279d107cbd2c53df98') in 0.007 seconds [static and dynamic dependencies]. Details - ImportResultOutputID=cd113cd13f0f346249ab42282ca29874 DependenciesID=c6dab9b3a2687cb59064b7c731bbb220 StaticDependenciesID=86a5b5730d5edf3f4784b5cf55656eb7 
Number of updated asset objects reloaded before import = 0
Number of asset objects unloaded after import = 2
========================================================================
Received Import Request.
  Time of request: 2026-09-06T07:35:50.7341135Z
  Time since last request: 0.0006619 seconds.
  importAddress: GUID: 9f4e0e5332d3720488bfd2c7ab536975 - Path: Assets/IUH_Campus/Textures/T_IUH_Asphalt_Cracks.png - Importer: PreviewImporter
Importing 'GUID: 9f4e0e5332d3720488bfd2c7ab536975 - Path: Assets/IUH_Campus/Textures/T_IUH_Asphalt_Cracks.png - Importer: PreviewImporter' with importer (PreviewImporter)
Imported 'GUID: 9f4e0e5332d3720488bfd2c7ab536975' -> (Import Result ID: '1a9d9ce18964087f77238f130f6e1466') in 0.014 seconds [static and dynamic dependencies]. Details - ImportResultOutputID=13f0209dcb10c41d37e71801ba27cf23 DependenciesID=2844868958f595dc247a1fe0628a7a11 StaticDependenciesID=ee54b8d04e1e388573d2ed35a5b2936b 
Number of updated asset objects reloaded before import = 0
Number of asset objects unloaded after import = 2
========================================================================
Received Import Request.
  Time of request: 2026-09-06T07:35:50.7591031Z
  Time since last request: 0.0003933 seconds.
  importAddress: GUID: d819f6b117ba744708a35d167a27288d - Path: Assets/IUH_Campus/Textures/T_IUH_Logo_Crest.png - Importer: PreviewImporter
Importing 'GUID: d819f6b117ba744708a35d167a27288d - Path: Assets/IUH_Campus/Textures/T_IUH_Logo_Crest.png - Importer: PreviewImporter' with importer (PreviewImporter)
Imported 'GUID: d819f6b117ba744708a35d167a27288d' -> (Import Result ID: 'e11cf88f3d81806d6ffe82a8d532430c') in 0.010 seconds [static and dynamic dependencies]. Details - ImportResultOutputID=4aa0b103ab7b7238ed44d754b9f70338 DependenciesID=080fc7a3c2366100ff831755d1806c90 StaticDependenciesID=0bc3544b329a49ec5401ee489904b1e5 
Number of updated asset objects reloaded before import = 0
Number of asset objects unloaded after import = 2
========================================================================
Received Import Request.
  Time of request: 2026-09-06T07:35:50.7779193Z
  Time since last request: 0.0004269 seconds.
  importAddress: GUID: e67b370f1f5bf304f80810156bfad63c - Path: Assets/IUH_Campus/Textures/T_Interior_PerforatedMetal.png - Importer: PreviewImporter
Importing 'GUID: e67b370f1f5bf304f80810156bfad63c - Path: Assets/IUH_Campus/Textures/T_Interior_PerforatedMetal.png - Importer: PreviewImporter' with importer (PreviewImporter)
Imported 'GUID: e67b370f1f5bf304f80810156bfad63c' -> (Import Result ID: '069fcd7c3b34210e550ab38ed69ef434') in 0.009 seconds [static and dynamic dependencies]. Details - ImportResultOutputID=4cc017401801d8d0ebf124f9f60651bf DependenciesID=3658f4a93d07c0d8ffceded0d5f6d79e StaticDependenciesID=9810986986b8758eddf6d7e8c13dc8ef 
Number of updated asset objects reloaded before import = 0
Number of asset objects unloaded after import = 2
========================================================================
Received Import Request.
  Time of request: 2026-09-06T07:35:50.7966373Z
  Time since last request: 0.000332 seconds.
  importAddress: GUID: b196359924d64ec45b96093ee7945304 - Path: Assets/IUH_Campus/Textures/T_Interior_LightPorcelainTile.png - Importer: PreviewImporter
Importing 'GUID: b196359924d64ec45b96093ee7945304 - Path: Assets/IUH_Campus/Textures/T_Interior_LightPorcelainTile.png - Importer: PreviewImporter' with importer (PreviewImporter)
Imported 'GUID: b196359924d64ec45b96093ee7945304' -> (Import Result ID: '0310fc16a5321ed8a00b347da8be12b4') in 0.011 seconds [static and dynamic dependencies]. Details - ImportResultOutputID=58b5119ed49f998b60c87a18b8bf4683 DependenciesID=e46a7ea901cf03275c1daafb4bb1a601 StaticDependenciesID=70682ef56efd11b5ba2d7682a89c8514 
Number of updated asset objects reloaded before import = 0
Number of asset objects unloaded after import = 2
========================================================================
Received Import Request.
  Time of request: 2026-09-06T07:35:50.8161966Z
  Time since last request: 0.0004275 seconds.
  importAddress: GUID: 80e7667bcea86f94d877f29a397f1737 - Path: Assets/IUH_Campus/Textures/T_Interior_ScreenPC.png - Importer: PreviewImporter
Importing 'GUID: 80e7667bcea86f94d877f29a397f1737 - Path: Assets/IUH_Campus/Textures/T_Interior_ScreenPC.png - Importer: PreviewImporter' with importer (PreviewImporter)
Imported 'GUID: 80e7667bcea86f94d877f29a397f1737' -> (Import Result ID: '01919ed4358da1f6913f6476e8167e68') in 0.014 seconds [static and dynamic dependencies]. Details - ImportResultOutputID=66ccd3a88952167a2d65d706905e081d DependenciesID=5bd32fd4e0a6dca83f4d5698c0e5e38a StaticDependenciesID=224f12cb3d7b2f4d88a46a4d6a212690 
Number of updated asset objects reloaded before import = 0
Number of asset objects unloaded after import = 2
========================================================================
Received Import Request.
  Time of request: 2026-09-06T07:35:50.8396755Z
  Time since last request: 0.0004442 seconds.
  importAddress: GUID: 7fb1e694f3deae64aa2ac21e50168742 - Path: Assets/IUH_Campus/Textures/T_IUH_Sign_NoticeBoard.png - Importer: PreviewImporter
Importing 'GUID: 7fb1e694f3deae64aa2ac21e50168742 - Path: Assets/IUH_Campus/Textures/T_IUH_Sign_NoticeBoard.png - Importer: PreviewImporter' with importer (PreviewImporter)
Imported 'GUID: 7fb1e694f3deae64aa2ac21e50168742' -> (Import Result ID: 'a8c9e5085502f016d598a6fccd076ebf') in 0.009 seconds [static and dynamic dependencies]. Details - ImportResultOutputID=b393d97367f12c06f2d55c71b8b9b3d1 DependenciesID=f915ec29ef320c033c2b661f8e2faf55 StaticDependenciesID=368fd81eae9fe6dfe5b118c321eeecaf 
Number of updated asset objects reloaded before import = 0
Number of asset objects unloaded after import = 2
========================================================================
Received Import Request.
  Time of request: 2026-09-06T07:35:50.8588953Z
  Time since last request: 0.0005892 seconds.
  importAddress: GUID: 6299df673f17e8146837babcbafadf73 - Path: Assets/IUH_Campus/Textures/T_Interior_AcademicPoster1.png - Importer: PreviewImporter
Importing 'GUID: 6299df673f17e8146837babcbafadf73 - Path: Assets/IUH_Campus/Textures/T_Interior_AcademicPoster1.png - Importer: PreviewImporter' with importer (PreviewImporter)
Imported 'GUID: 6299df673f17e8146837babcbafadf73' -> (Import Result ID: '7e8080f8a2f854fc3f68d9b2d638d8be') in 0.014 seconds [static and dynamic dependencies]. Details - ImportResultOutputID=20f5ed812795d3e88bcff83f8f76bfa3 DependenciesID=0951334399e5dbaee5e88a8fb0c9cec8 StaticDependenciesID=1587189d991465a4dc673efb7387ec54 
Number of updated asset objects reloaded before import = 0
Number of asset objects unloaded after import = 2
========================================================================
Received Import Request.
  Time of request: 2026-09-06T07:35:50.8820825Z
  Time since last request: 0.0008839 seconds.
  importAddress: GUID: 28a7d24fd79a17c479bafe45071c644f - Path: Assets/IUH_Campus/Textures/T_Interior_CyanFabric.png - Importer: PreviewImporter
Importing 'GUID: 28a7d24fd79a17c479bafe45071c644f - Path: Assets/IUH_Campus/Textures/T_Interior_CyanFabric.png - Importer: PreviewImporter' with importer (PreviewImporter)
Imported 'GUID: 28a7d24fd79a17c479bafe45071c644f' -> (Import Result ID: 'c330a6bb03367b705ca59e09d50fee85') in 0.010 seconds [static and dynamic dependencies]. Details - ImportResultOutputID=99a54dd7d3769ce9978a0111e46f2830 DependenciesID=7e1a0913ca9f183007bbc08ee14d09b7 StaticDependenciesID=f48dd832b19971f0f601e5e5c6f7e5fb 
Number of updated asset objects reloaded before import = 0
Number of asset objects unloaded after import = 2
========================================================================
Received Import Request.
  Time of request: 2026-09-06T07:35:50.9000585Z
  Time since last request: 0.0003068 seconds.
  importAddress: GUID: ba11b5b11ad70944fa91b842a92a644c - Path: Assets/IUH_Campus/Textures/T_IUH_Sign_Directional.png - Importer: PreviewImporter
Importing 'GUID: ba11b5b11ad70944fa91b842a92a644c - Path: Assets/IUH_Campus/Textures/T_IUH_Sign_Directional.png - Importer: PreviewImporter' with importer (PreviewImporter)
Imported 'GUID: ba11b5b11ad70944fa91b842a92a644c' -> (Import Result ID: '928bb5530edaab736ecb5b2e5a5df8a0') in 0.014 seconds [static and dynamic dependencies]. Details - ImportResultOutputID=a506ef4b08c5192983ec909ca67bba65 DependenciesID=8c097deef45bb7768af7ffc74e23a221 StaticDependenciesID=7ceea62de83cf172440821be072fad1b 
Number of updated asset objects reloaded before import = 0
Number of asset objects unloaded after import = 2
========================================================================
Received Import Request.
  Time of request: 2026-09-06T07:35:50.9226503Z
  Time since last request: 0.0003561 seconds.
  importAddress: GUID: 644a53defcebefc489266b8facd48e72 - Path: Assets/IUH_Campus/Textures/T_IUH_Tree_Bark.png - Importer: PreviewImporter
Importing 'GUID: 644a53defcebefc489266b8facd48e72 - Path: Assets/IUH_Campus/Textures/T_IUH_Tree_Bark.png - Importer: PreviewImporter' with importer (PreviewImporter)
Imported 'GUID: 644a53defcebefc489266b8facd48e72' -> (Import Result ID: 'c9da457c8eb7993eb80a6b4a6c99d29f') in 0.010 seconds [static and dynamic dependencies]. Details - ImportResultOutputID=e7d4b71518b0c3355b74546a629385a3 DependenciesID=09fd377754ee9e48d994f4b6777554f6 StaticDependenciesID=78145da076f9f5bb5e69140fdc4fb3d8 
Number of updated asset objects reloaded before import = 0
Number of asset objects unloaded after import = 2
========================================================================
Received Import Request.
  Time of request: 2026-09-06T07:35:50.9427345Z
  Time since last request: 0.0004114 seconds.
  importAddress: GUID: 853db2e41830a8147ade716778152a65 - Path: Assets/IUH_Campus/Textures/T_IUH_Concrete_Seams.png - Importer: PreviewImporter
Importing 'GUID: 853db2e41830a8147ade716778152a65 - Path: Assets/IUH_Campus/Textures/T_IUH_Concrete_Seams.png - Importer: PreviewImporter' with importer (PreviewImporter)
Imported 'GUID: 853db2e41830a8147ade716778152a65' -> (Import Result ID: '18803536af18a6bd34d6f1784617950b') in 0.012 seconds [static and dynamic dependencies]. Details - ImportResultOutputID=d640d8f74ce190cd7ff791796f3979bc DependenciesID=b0b127b052264568b8b02b108b47007b StaticDependenciesID=4c18082ab48327a81239675136482ead 
Number of updated asset objects reloaded before import = 0
Number of asset objects unloaded after import = 2
========================================================================
Received Import Request.
  Time of request: 2026-09-06T07:35:50.9646837Z
  Time since last request: 0.0004461 seconds.
  importAddress: GUID: 72f1b52cb69ee5c4f88dd9c0860f2ea9 - Path: Assets/IUH_Campus/Textures/T_IUH_Sign_BuildingG.png - Importer: PreviewImporter
Importing 'GUID: 72f1b52cb69ee5c4f88dd9c0860f2ea9 - Path: Assets/IUH_Campus/Textures/T_IUH_Sign_BuildingG.png - Importer: PreviewImporter' with importer (PreviewImporter)
Imported 'GUID: 72f1b52cb69ee5c4f88dd9c0860f2ea9' -> (Import Result ID: 'ce778a6027e8ffdf6282aad71c8587e6') in 0.008 seconds [static and dynamic dependencies]. Details - ImportResultOutputID=06dda179dadcf73f61fe9402f1c579a3 DependenciesID=86baf402b97a15cc809c1d7a3575214d StaticDependenciesID=aa9de527c1f13a2f9f4a57d3d331e52a 
Number of updated asset objects reloaded before import = 0
Number of asset objects unloaded after import = 2
========================================================================
Received Import Request.
  Time of request: 2026-09-06T07:35:50.9830021Z
  Time since last request: 0.0005311 seconds.
  importAddress: GUID: d4f9d36ac9fd3d145bb959bcebacef16 - Path: Assets/IUH_Campus/Textures/T_IUH_Access_Control.png - Importer: PreviewImporter
Importing 'GUID: d4f9d36ac9fd3d145bb959bcebacef16 - Path: Assets/IUH_Campus/Textures/T_IUH_Access_Control.png - Importer: PreviewImporter' with importer (PreviewImporter)
Imported 'GUID: d4f9d36ac9fd3d145bb959bcebacef16' -> (Import Result ID: 'f267a97f9d074e9532cf0976d5f8102f') in 0.006 seconds [static and dynamic dependencies]. Details - ImportResultOutputID=b40f6a522e8a8b9be0095289af0fa0f3 DependenciesID=405661ee5c650c46b9effd487246d6ef StaticDependenciesID=09117f4c8e3d19a757d17a2b0934f5eb 
Number of updated asset objects reloaded before import = 0
Number of asset objects unloaded after import = 2
========================================================================
Received Import Request.
  Time of request: 2026-09-06T07:35:50.9997326Z
  Time since last request: 0.0004389 seconds.
  importAddress: GUID: de52316930c4b56418e8a23ded6700b1 - Path: Assets/IUH_Campus/Textures/T_Interior_CeilingGrid.png - Importer: PreviewImporter
Importing 'GUID: de52316930c4b56418e8a23ded6700b1 - Path: Assets/IUH_Campus/Textures/T_Interior_CeilingGrid.png - Importer: PreviewImporter' with importer (PreviewImporter)
Imported 'GUID: de52316930c4b56418e8a23ded6700b1' -> (Import Result ID: '40bb4348a129b1ec19c82ae8774a9457') in 0.008 seconds [static and dynamic dependencies]. Details - ImportResultOutputID=10157fa11f397b3c58b5fc69b65f2dce DependenciesID=0dd46babfda9470526ec6491861865e6 StaticDependenciesID=5f87c2f289f5ff06a56db9dcb1a3f14b 
Number of updated asset objects reloaded before import = 0
Number of asset objects unloaded after import = 2
========================================================================
Received Import Request.
  Time of request: 2026-09-06T07:35:51.0177538Z
  Time since last request: 0.0003781 seconds.
  importAddress: GUID: e8b534f9f898d154cb94990ef7abec8a - Path: Assets/IUH_Campus/Textures/T_IUH_Manhole_Cover.png - Importer: PreviewImporter
Importing 'GUID: e8b534f9f898d154cb94990ef7abec8a - Path: Assets/IUH_Campus/Textures/T_IUH_Manhole_Cover.png - Importer: PreviewImporter' with importer (PreviewImporter)
Imported 'GUID: e8b534f9f898d154cb94990ef7abec8a' -> (Import Result ID: '37a90818d2f03e9924dff31c43012238') in 0.008 seconds [static and dynamic dependencies]. Details - ImportResultOutputID=4b49bce7eb3e17605b5c9929829d9aa5 DependenciesID=f6bbeaf893962eaff941c4b01d177413 StaticDependenciesID=6bf9ffb9342ebe7255b0a23885f67b61 
Number of updated asset objects reloaded before import = 0
Number of asset objects unloaded after import = 2
========================================================================
Received Import Request.
  Time of request: 2026-09-06T07:35:51.0355633Z
  Time since last request: 0.0005258 seconds.
  importAddress: GUID: 6fd2d71661ca9454b889e90e44e2fc39 - Path: Assets/IUH_Campus/Textures/T_Road_Arrow_Yellow.png - Importer: PreviewImporter
Importing 'GUID: 6fd2d71661ca9454b889e90e44e2fc39 - Path: Assets/IUH_Campus/Textures/T_Road_Arrow_Yellow.png - Importer: PreviewImporter' with importer (PreviewImporter)
Imported 'GUID: 6fd2d71661ca9454b889e90e44e2fc39' -> (Import Result ID: 'c5dbb9f6da383fec649c291f914d7411') in 0.007 seconds [static and dynamic dependencies]. Details - ImportResultOutputID=33fb0f877cc402e5f61915086f30a79e DependenciesID=3cdef9a19635b92d5d609c9ba2c7acd5 StaticDependenciesID=54ff698e823d5a545187d07286f7ebac 
Number of updated asset objects reloaded before import = 0
Number of asset objects unloaded after import = 2
========================================================================
Received Import Request.
  Time of request: 2026-09-06T07:37:15.1673219Z
  Time since last request: 84.1156539 seconds.
  importAddress: GUID: bb1528195f99db040bf599974f15153d - Path: Assets/Models - Importer: PreviewImporter
Importing 'GUID: bb1528195f99db040bf599974f15153d - Path: Assets/Models - Importer: PreviewImporter' with importer (PreviewImporter)
Imported 'GUID: bb1528195f99db040bf599974f15153d' -> (Import Result ID: 'b6602208b406ced66440f4f78a4800cb') in 0.001 seconds [static and dynamic dependencies]. Details - ImportResultOutputID=e4990e60a04ede914a2384f11592fe46 DependenciesID=bd9a4c1cd12d15ce9b50e3dbf52df200 StaticDependenciesID=945f6f487d26cf7ea1bcb80f4f290d07 
Number of updated asset objects reloaded before import = 0
Number of asset objects unloaded after import = 0
========================================================================
Received Import Request.
  Time of request: 2026-09-06T07:37:16.139466Z
  Time since last request: 0.9621017 seconds.
  importAddress: GUID: bb1528195f99db040bf599974f15153d - Path: Assets/Models - Importer: ScriptedImporter/UnityEditor.QuickSearchModule:UnityEditor.Search:ASIAI0B
Importing 'GUID: bb1528195f99db040bf599974f15153d - Path: Assets/Models - Importer: ScriptedImporter/UnityEditor.QuickSearchModule:UnityEditor.Search:ASIAI0B' with importer (ScriptedImporter : UnityEditor.QuickSearchModule:UnityEditor.Search:ASIAI0B)
Imported 'GUID: bb1528195f99db040bf599974f15153d' -> (Import Result ID: '86d2c1c739e0f9f0fd9b2e756aa60974') in 0.003 seconds [static and dynamic dependencies]. Details - ImportResultOutputID=afe7ba62938f1744d49731b5eb1a3dfc DependenciesID=8741e4a0bcd8f1cc74deedc92b7baa42 StaticDependenciesID=08482b0bdabcab116e1b1018861d836f 
Number of updated asset objects reloaded before import = 0
Number of asset objects unloaded after import = 1
========================================================================
Received Import Request.
  Time of request: 2026-09-06T07:37:56.110515Z
  Time since last request: 39.9596708 seconds.
  importAddress: GUID: c3108fce63e144146a1043ae0e2f6576 - Path: Assets/Models/campus_P0_progress.fbx - Importer: ScriptedImporter/UnityEditor.QuickSearchModule:UnityEditor.Search:ASIAI0B
Importing 'GUID: c3108fce63e144146a1043ae0e2f6576 - Path: Assets/Models/campus_P0_progress.fbx - Importer: ScriptedImporter/UnityEditor.QuickSearchModule:UnityEditor.Search:ASIAI0B' with importer (ScriptedImporter : UnityEditor.QuickSearchModule:UnityEditor.Search:ASIAI0B)
Imported 'GUID: c3108fce63e144146a1043ae0e2f6576' -> (Import Result ID: '6793b76ceb8c6fe927bb80e18c2b924e') in 49.787 seconds [static and dynamic dependencies]. Details - ImportResultOutputID=8ff4d5a09d2710cad784aafdab0fb14d DependenciesID=20ad7a866ca4c84e184e9fd5e9dcfe94 StaticDependenciesID=e7e612b603da5a9dca1f7999771aa5a7 
Number of updated asset objects reloaded before import = 0
Number of asset objects unloaded after import = 174190
========================================================================
Received Prepare
Default GameObject Tag: Player already registered
Default GameObject Tag: MainCamera already registered
AcceleratorClientConnectionCallback - disconnected - :0
Unloading 22 Unused Serialized files (Serialized files now loaded: 0)
Unloading 58 unused Assets / (2.6 MB). Loaded Objects now: 8115.
Memory consumption went from 497.3 MB to 494.7 MB.
Total: 63.066900 ms (FindLiveObjects: 2.589300 ms CreateObjectMapping: 1.177900 ms MarkObjects: 58.802700 ms  DeleteObjects: 0.494000 ms)

Prepare: number of updated asset objects reloaded= 0
========================================================================
Received Import Request.
  Time of request: 2026-09-06T07:50:19.1038079Z
  Time since last request: 691.9394787 seconds.
  importAddress: GUID: 18db03f34e2da4973bc73ad72a635f82 - Path: Assets/IUH_Campus/Materials/M_IUH_Road_Arrow.mat - Importer: ScriptedImporter/UnityEditor.QuickSearchModule:UnityEditor.Search:ASIAI0B
Importing 'GUID: 18db03f34e2da4973bc73ad72a635f82 - Path: Assets/IUH_Campus/Materials/M_IUH_Road_Arrow.mat - Importer: ScriptedImporter/UnityEditor.QuickSearchModule:UnityEditor.Search:ASIAI0B' with importer (ScriptedImporter : UnityEditor.QuickSearchModule:UnityEditor.Search:ASIAI0B)
Imported 'GUID: 18db03f34e2da4973bc73ad72a635f82' -> (Import Result ID: '6d7d62468d879c058135ffe8b315b7f0') in 0.358 seconds [static and dynamic dependencies]. Details - ImportResultOutputID=d893974a534d1d8d8beb0d1932103beb DependenciesID=830d2128d5241683966157cfd51ecf93 StaticDependenciesID=13c5666e3bbae58b3f5a7241af87486d 
Number of updated asset objects reloaded before import = 0
Number of asset objects unloaded after import = 3
========================================================================
Received Prepare
Default GameObject Tag: Player already registered
Default GameObject Tag: MainCamera already registered
AcceleratorClientConnectionCallback - disconnected - :0
Assembly reference Packages/com.unity.cinemachine/Editor/Samples/ExposeHDRPInternals/HDRP-Editor-ref.asmref has no target assembly definition
Assembly reference Packages/com.unity.cinemachine/Editor/Samples/ExposeHDRPInternals/HDRP-Editor-ref.asmref has no target assembly definition
[Licensing::Client] Successfully resolved entitlement details
Begin MonoManager ReloadAssembly
Symbol file LoadedFromMemory is not a mono symbol file
Assembly reference Packages/com.unity.cinemachine/Editor/Samples/ExposeHDRPInternals/HDRP-Editor-ref.asmref has no target assembly definition
Assembly reference Packages/com.unity.cinemachine/Editor/Samples/ExposeHDRPInternals/HDRP-Editor-ref.asmref has no target assembly definition
'Packages/com.unity.cinemachine/Editor/Obsolete/CinemachineVirtualCameraBaseEditor.cs' contains partial class of Unity.Object, exactly 1 of the partial classes needs to be in a file with the same filename. This is to know the one that can be referenced from ie. GameObjects
'Packages/com.unity.cinemachine/Editor/Editors/CinemachineVirtualCameraBaseEditor.cs' contains partial class of Unity.Object, exactly 1 of the partial classes needs to be in a file with the same filename. This is to know the one that can be referenced from ie. GameObjects
Native extension for WindowsStandalone target not found
[Package Manager] Failed to launch server process. Reason: Unity was launched with the -noUpm command-line argument
[Package Manager] Unable to send message (not connected to server process).
[Package Manager] Cannot connect to Unity Package Manager local server
[Package Manager] Failed to launch server process. Reason: Unity was launched with the -noUpm command-line argument
[Package Manager] Unable to send message (not connected to server process).
[Package Manager] Cannot connect to Unity Package Manager local server
[Package Manager] Failed to launch server process. Reason: Unity was launched with the -noUpm command-line argument
[Package Manager] Unable to send message (not connected to server process).
[Package Manager] Cannot connect to Unity Package Manager local server
ScheduleIndexationOnStartup MainProcess:False IndexOnStartup:True
Mono: successfully reloaded assembly
- Finished resetting the current domain, in  0.968 seconds
Domain Reload Profiling: 2223ms
	BeginReloadAssembly (446ms)
		DisableScriptedObjects (88ms)
		CreateAndSetChildDomain (119ms)
	RebuildCommonClasses (11ms)
	RebuildNativeTypeToScriptingClass (19ms)
	initialDomainReloadingComplete (80ms)
	LoadAllAssembliesAndSetupDomain (698ms)
		LoadAssemblies (453ms)
		AnalyzeDomain (242ms)
			TypeCache.Refresh (26ms)
				TypeCache.ScanAssembly (12ms)
			BuildScriptInfoCaches (207ms)
			ResolveRequiredComponents (6ms)
	FinalizeReload (969ms)
		SetupLoadedEditorAssemblies (0ms)
			BeforeProcessingInitializeOnLoad (85ms)
			ProcessInitializeOnLoadAttributes (383ms)
			ProcessInitializeOnLoadMethodAttributes (145ms)
			AfterProcessingInitializeOnLoad (6ms)
		AwakeInstancesAfterBackupRestoration (18ms)
Unloading 26 Unused Serialized files (Serialized files now loaded: 0)
Unloading 7390 unused Assets / (8.7 MB). Loaded Objects now: 8470.
Memory consumption went from 468.7 MB to 460.0 MB.
Total: 11.846900 ms (FindLiveObjects: 0.646000 ms CreateObjectMapping: 2.693300 ms MarkObjects: 4.486500 ms  DeleteObjects: 4.019000 ms)

Prepare: number of updated asset objects reloaded= 0
========================================================================
Received Import Request.
  Time of request: 2026-09-06T07:52:34.9753131Z
  Time since last request: 129.24059099999999 seconds.
  importAddress: GUID: 91c3fe9c5761c87498f34619ed51aca6 - Path: Assets/Starter Assets/Sample - Importer: PreviewImporter
Importing 'GUID: 91c3fe9c5761c87498f34619ed51aca6 - Path: Assets/Starter Assets/Sample - Importer: PreviewImporter' with importer (PreviewImporter)
Imported 'GUID: 91c3fe9c5761c87498f34619ed51aca6' -> (Import Result ID: 'cc0862f6608b8c1e9fd173aefb1c204c') in 0.003 seconds [static and dynamic dependencies]. Details - ImportResultOutputID=cbd01cb30f758b1a89fe87e14da107bc DependenciesID=112004de0bdeaeb06f29c66c83ca0af6 StaticDependenciesID=56f1124df31d9989d0f614a64a3956cf 
Number of updated asset objects reloaded before import = 0
Number of asset objects unloaded after import = 0
========================================================================
Received Prepare
Default GameObject Tag: Player already registered
Default GameObject Tag: MainCamera already registered
AcceleratorClientConnectionCallback - disconnected - :0
Unloading 26 Unused Serialized files (Serialized files now loaded: 0)
Unloading 26 unused Assets / (3.4 MB). Loaded Objects now: 8470.
Memory consumption went from 465.3 MB to 461.9 MB.
Total: 7.675200 ms (FindLiveObjects: 0.361500 ms CreateObjectMapping: 1.040000 ms MarkObjects: 5.464200 ms  DeleteObjects: 0.808400 ms)

Prepare: number of updated asset objects reloaded= 0
========================================================================
Received Import Request.
  Time of request: 2026-09-06T07:55:40.4653561Z
  Time since last request: 185.475943 seconds.
  importAddress: GUID: 51e8050f26ab504469d218c927558c5e - Path: Assets/Starter Assets/Sample/ThirdPersonController/Playground/LightingData.asset - Importer: PreviewImporter
Importing 'GUID: 51e8050f26ab504469d218c927558c5e - Path: Assets/Starter Assets/Sample/ThirdPersonController/Playground/LightingData.asset - Importer: PreviewImporter' with importer (PreviewImporter)
Imported 'GUID: 51e8050f26ab504469d218c927558c5e' -> (Import Result ID: '7bb095cb568d44c882a86aa63edfaae5') in 0.022 seconds [static and dynamic dependencies]. Details - ImportResultOutputID=3336c87f94843999ac02d66e01ab50e7 DependenciesID=bd0f3f002235b2ead481f11c9536b129 StaticDependenciesID=3ffdd6d6bbb71d4258ce36fd2d7800fc 
Number of updated asset objects reloaded before import = 0
Number of asset objects unloaded after import = 2
========================================================================
Received Import Request.
  Time of request: 2026-09-06T07:55:40.5153703Z
  Time since last request: 0.0182395 seconds.
  importAddress: GUID: b65762d7243eb714e903b585ed68a576 - Path: Assets/Starter Assets/Sample/ThirdPersonController/Playground/ReflectionProbe-0.exr - Importer: PreviewImporter
Importing 'GUID: b65762d7243eb714e903b585ed68a576 - Path: Assets/Starter Assets/Sample/ThirdPersonController/Playground/ReflectionProbe-0.exr - Importer: PreviewImporter' with importer (PreviewImporter)
Imported 'GUID: b65762d7243eb714e903b585ed68a576' -> (Import Result ID: 'dccd996ea38199bcf87881b5e82db4b9') in 0.429 seconds [static and dynamic dependencies]. Details - ImportResultOutputID=25159e5e953018e3ac293bdd7366033a DependenciesID=b6150c70aa7806c1a19c9a6e2a45b8ea StaticDependenciesID=9efef89ef27994d339bf9cefc2b08657 
Number of updated asset objects reloaded before import = 0
Number of asset objects unloaded after import = 1
========================================================================
Received Import Request.
  Time of request: 2026-09-06T07:55:40.9604419Z
  Time since last request: 0.0000359 seconds.
  importAddress: GUID: 7e3f1677bc1aead4fb8791998078dcec - Path: Assets/Starter Assets/Sample/ThirdPersonController/Playground/ReflectionProbe-2.exr - Importer: PreviewImporter
Importing 'GUID: 7e3f1677bc1aead4fb8791998078dcec - Path: Assets/Starter Assets/Sample/ThirdPersonController/Playground/ReflectionProbe-2.exr - Importer: PreviewImporter' with importer (PreviewImporter)
Imported 'GUID: 7e3f1677bc1aead4fb8791998078dcec' -> (Import Result ID: '5cffa7a81da26dc88bf486b0d3d2b110') in 0.016 seconds [static and dynamic dependencies]. Details - ImportResultOutputID=2b6e481823bdf3515928739018b471d6 DependenciesID=dcc6f97d046433ae5b9b369b6362d0ab StaticDependenciesID=4bc5b5ef0a685a613b055a9d8194e321 
Number of updated asset objects reloaded before import = 0
Number of asset objects unloaded after import = 1
========================================================================
Received Import Request.
  Time of request: 2026-09-06T07:57:49.5448546Z
  Time since last request: 128.5385775 seconds.
  importAddress: GUID: 2690b0834b22e2940b40018922228eb6 - Path: Assets/Starter Assets/Sample/FirstPersonController/Playground/LightingData.asset - Importer: PreviewImporter
Importing 'GUID: 2690b0834b22e2940b40018922228eb6 - Path: Assets/Starter Assets/Sample/FirstPersonController/Playground/LightingData.asset - Importer: PreviewImporter' with importer (PreviewImporter)
Imported 'GUID: 2690b0834b22e2940b40018922228eb6' -> (Import Result ID: '1c9bc6049dfb8c26b13711cf148ebb79') in 0.003 seconds [static and dynamic dependencies]. Details - ImportResultOutputID=6336f9d6f31ead217a41c7f2ea232cec DependenciesID=c2ff65c03eee0076d3ec511b8651735a StaticDependenciesID=87ca47e4f5fcf2cbcc2fa5a8098a4aeb 
Number of updated asset objects reloaded before import = 0
Number of asset objects unloaded after import = 2
========================================================================
Received Import Request.
  Time of request: 2026-09-06T07:57:49.5589672Z
  Time since last request: 0.0016038 seconds.
  importAddress: GUID: 5515cbebf3ef1144ebf8d50ed9091e17 - Path: Assets/Starter Assets/Sample/FirstPersonController/Playground/ReflectionProbe-1.exr - Importer: PreviewImporter
Importing 'GUID: 5515cbebf3ef1144ebf8d50ed9091e17 - Path: Assets/Starter Assets/Sample/FirstPersonController/Playground/ReflectionProbe-1.exr - Importer: PreviewImporter' with importer (PreviewImporter)
Imported 'GUID: 5515cbebf3ef1144ebf8d50ed9091e17' -> (Import Result ID: '6b964e98ef249864168fbdf226e9f3f0') in 0.019 seconds [static and dynamic dependencies]. Details - ImportResultOutputID=babed7c1ae5fe283dcb066f7030ff8ee DependenciesID=f1b29136d458f98bcb9e5c7aec9bd306 StaticDependenciesID=58790c35e9680edad0ca39f1cc971b4c 
Number of updated asset objects reloaded before import = 0
Number of asset objects unloaded after import = 1
========================================================================
Received Import Request.
  Time of request: 2026-09-06T07:58:03.7420702Z
  Time since last request: 14.1345446 seconds.
  importAddress: GUID: e9017d5f96b9f09489b4b37e1d6eb914 - Path: Assets/Starter Assets/Sample/ThirdPersonController/Playground.unity - Importer: PreviewImporter
Importing 'GUID: e9017d5f96b9f09489b4b37e1d6eb914 - Path: Assets/Starter Assets/Sample/ThirdPersonController/Playground.unity - Importer: PreviewImporter' with importer (PreviewImporter)
Imported 'GUID: e9017d5f96b9f09489b4b37e1d6eb914' -> (Import Result ID: '0e7aa356889cee5ee45f7587ce69ed65') in 0.002 seconds [static and dynamic dependencies]. Details - ImportResultOutputID=6b4e93f1ea2401a98b527fccb1275887 DependenciesID=cf0c867cbb02787690cd9698aec3f4d0 StaticDependenciesID=c90d7eec56d407780acd581dcb5609a3 
Number of updated asset objects reloaded before import = 0
Number of asset objects unloaded after import = 0
========================================================================
Received Import Request.
  Time of request: 2026-09-06T07:59:50.0469716Z
  Time since last request: 106.29144789999999 seconds.
  importAddress: GUID: be6977c835160b643b208844b583a89c - Path: Packages/com.unity.splines/Editor/GUI/ToolbarsOverlays/Separator.cs - Importer: ScriptedImporter/UnityEditor.QuickSearchModule:UnityEditor.Search:ASIAI0B
Importing 'GUID: be6977c835160b643b208844b583a89c - Path: Packages/com.unity.splines/Editor/GUI/ToolbarsOverlays/Separator.cs - Importer: ScriptedImporter/UnityEditor.QuickSearchModule:UnityEditor.Search:ASIAI0B' with importer (ScriptedImporter : UnityEditor.QuickSearchModule:UnityEditor.Search:ASIAI0B)
Imported 'GUID: be6977c835160b643b208844b583a89c' -> (Import Result ID: 'c4e616ed8355886ee37d64d3774ff21e') in 0.075 seconds [static and dynamic dependencies]. Details - ImportResultOutputID=1e0fc5de0912e2a9ca1f9ced810b950e DependenciesID=014b91b9d0f55a61afb3db0f83fc0fc0 StaticDependenciesID=7115c9ba850f825f36d062a7f7ac5cf7 
Number of updated asset objects reloaded before import = 0
Number of asset objects unloaded after import = 0
========================================================================
Received Import Request.
  Time of request: 2026-09-06T07:59:50.133212Z
  Time since last request: 0.0008149 seconds.
  importAddress: GUID: 5e1d22189222c4391a54ed3a476adb97 - Path: Packages/com.unity.splines/Editor/Editor Resources/Icons/ToolHandleElement@2x.png - Importer: ScriptedImporter/UnityEditor.QuickSearchModule:UnityEditor.Search:ASIAI0B
Importing 'GUID: 5e1d22189222c4391a54ed3a476adb97 - Path: Packages/com.unity.splines/Editor/Editor Resources/Icons/ToolHandleElement@2x.png - Importer: ScriptedImporter/UnityEditor.QuickSearchModule:UnityEditor.Search:ASIAI0B' with importer (ScriptedImporter : UnityEditor.QuickSearchModule:UnityEditor.Search:ASIAI0B)
Imported 'GUID: 5e1d22189222c4391a54ed3a476adb97' -> (Import Result ID: 'ef6f7bfa5dc9c7d29ab1c215997e5880') in 0.043 seconds [static and dynamic dependencies]. Details - ImportResultOutputID=c0d33e69aad81424699b9febaac95496 DependenciesID=84eb3f443e136b1525b91a70c8022560 StaticDependenciesID=a0e819cbabcd6d5280322efade47d14a 
Number of updated asset objects reloaded before import = 0
Number of asset objects unloaded after import = 1
========================================================================
Received Import Request.
  Time of request: 2026-09-06T07:59:50.1879662Z
  Time since last request: 0.0003761 seconds.
  importAddress: GUID: e6a4aa6f3d941a64c9a1e93aa05ea6da - Path: Assets/Starter Assets/Sample/ThirdPersonController/Playground - Importer: ScriptedImporter/UnityEditor.QuickSearchModule:UnityEditor.Search:ASIAI0B
Importing 'GUID: e6a4aa6f3d941a64c9a1e93aa05ea6da - Path: Assets/Starter Assets/Sample/ThirdPersonController/Playground - Importer: ScriptedImporter/UnityEditor.QuickSearchModule:UnityEditor.Search:ASIAI0B' with importer (ScriptedImporter : UnityEditor.QuickSearchModule:UnityEditor.Search:ASIAI0B)
Imported 'GUID: e6a4aa6f3d941a64c9a1e93aa05ea6da' -> (Import Result ID: '9dc1584ee2b07f7ab635652ca42b2550') in 0.004 seconds [static and dynamic dependencies]. Details - ImportResultOutputID=3cd3d0ac165828a060f1705282ec8d47 DependenciesID=9f0f1344bd6b0bc6c33ac682a691608c StaticDependenciesID=ff78bf316abd0e59f9f4bdc9a16c0d08 
Number of updated asset objects reloaded before import = 0
Number of asset objects unloaded after import = 1
========================================================================
Received Import Request.
  Time of request: 2026-09-06T07:59:50.2019867Z
  Time since last request: 0.0009102 seconds.
  importAddress: GUID: 449ef5ebbe24720439ec31d15f7b6f3d - Path: Packages/com.unity.cinemachine/Runtime/PostProcessing/CinemachineVolumeSettings.cs - Importer: ScriptedImporter/UnityEditor.QuickSearchModule:UnityEditor.Search:ASIAI0B
Importing 'GUID: 449ef5ebbe24720439ec31d15f7b6f3d - Path: Packages/com.unity.cinemachine/Runtime/PostProcessing/CinemachineVolumeSettings.cs - Importer: ScriptedImporter/UnityEditor.QuickSearchModule:UnityEditor.Search:ASIAI0B' with importer (ScriptedImporter : UnityEditor.QuickSearchModule:UnityEditor.Search:ASIAI0B)
Imported 'GUID: 449ef5ebbe24720439ec31d15f7b6f3d' -> (Import Result ID: '91aa0074d55d4f9219cacc2648f0a002') in 0.008 seconds [static and dynamic dependencies]. Details - ImportResultOutputID=84a56566ba359988a41873b61c77953a DependenciesID=e0554588f7fab8741ab6cf66dd3c05ca StaticDependenciesID=2b9022b3f090f4bde6dc1a38197c080d 
Number of updated asset objects reloaded before import = 0
Number of asset objects unloaded after import = 1
========================================================================
Received Import Request.
  Time of request: 2026-09-06T07:59:50.2214277Z
  Time since last request: 0.0006522 seconds.
  importAddress: GUID: 1c640147ed7cf254190b8caf8fe0f6f3 - Path: Packages/com.unity.splines/Editor/Tools/SplineScaleTool.cs - Importer: ScriptedImporter/UnityEditor.QuickSearchModule:UnityEditor.Search:ASIAI0B
Importing 'GUID: 1c640147ed7cf254190b8caf8fe0f6f3 - Path: Packages/com.unity.splines/Editor/Tools/SplineScaleTool.cs - Importer: ScriptedImporter/UnityEditor.QuickSearchModule:UnityEditor.Search:ASIAI0B' with importer (ScriptedImporter : UnityEditor.QuickSearchModule:UnityEditor.Search:ASIAI0B)
Imported 'GUID: 1c640147ed7cf254190b8caf8fe0f6f3' -> (Import Result ID: '654ef2815bddf2eb5d35acb0b6f05ad3') in 0.004 seconds [static and dynamic dependencies]. Details - ImportResultOutputID=e8277736541a9e4d0b9e92ae69643a38 DependenciesID=ece5267f7525dc6b37a4a9b720f7ba90 StaticDependenciesID=764dbf9829742d08e97835e15f873ceb 
Number of updated asset objects reloaded before import = 0
Number of asset objects unloaded after import = 0
========================================================================
Received Import Request.
  Time of request: 2026-09-06T07:59:50.2354869Z
  Time since last request: 0.0008382 seconds.
  importAddress: GUID: c444e3d02d2fcff4d9fe5211d67652a0 - Path: Assets/Starter Assets/Runtime/ThirdPersonController/Character/Textures/Armature_Legs_AlbedoTransparency.tif - Importer: ScriptedImporter/UnityEditor.QuickSearchModule:UnityEditor.Search:ASIAI0B
Importing 'GUID: c444e3d02d2fcff4d9fe5211d67652a0 - Path: Assets/Starter Assets/Runtime/ThirdPersonController/Character/Textures/Armature_Legs_AlbedoTransparency.tif - Importer: ScriptedImporter/UnityEditor.QuickSearchModule:UnityEditor.Search:ASIAI0B' with importer (ScriptedImporter : UnityEditor.QuickSearchModule:UnityEditor.Search:ASIAI0B)
Imported 'GUID: c444e3d02d2fcff4d9fe5211d67652a0' -> (Import Result ID: '213fc9e47321041071c3ce7e892aa05a') in 0.020 seconds [static and dynamic dependencies]. Details - ImportResultOutputID=4717fbe1240b9aef5774a8c966a7b902 DependenciesID=13ddb21ebd21479bc48ab93fd3056443 StaticDependenciesID=03ed7f7cfa09aba14098cd92827d9287 
Number of updated asset objects reloaded before import = 0
Number of asset objects unloaded after import = 1
========================================================================
Received Import Request.
  Time of request: 2026-09-06T07:59:50.2652962Z
  Time since last request: 0.0009746 seconds.
  importAddress: GUID: c574a2f698921d1458f6dfba4b5e1229 - Path: Packages/com.unity.splines/Editor/Components/SplineInstantiateEditor.cs - Importer: ScriptedImporter/UnityEditor.QuickSearchModule:UnityEditor.Search:ASIAI0B
Importing 'GUID: c574a2f698921d1458f6dfba4b5e1229 - Path: Packages/com.unity.splines/Editor/Components/SplineInstantiateEditor.cs - Importer: ScriptedImporter/UnityEditor.QuickSearchModule:UnityEditor.Search:ASIAI0B' with importer (ScriptedImporter : UnityEditor.QuickSearchModule:UnityEditor.Search:ASIAI0B)
Imported 'GUID: c574a2f698921d1458f6dfba4b5e1229' -> (Import Result ID: '187b2002b6b91925dd1caecb3786a2ce') in 0.003 seconds [static and dynamic dependencies]. Details - ImportResultOutputID=2f7b17f4b4d5531fcffc946903408855 DependenciesID=b608d1b2beb992a3db227116c3ebdb52 StaticDependenciesID=d1133540f7623ce53779efe71f085034 
Number of updated asset objects reloaded before import = 0
Number of asset objects unloaded after import = 0
========================================================================
Received Import Request.
  Time of request: 2026-09-06T07:59:50.277568Z
  Time since last request: 0.0003759 seconds.
  importAddress: GUID: 49818357e697641afb75d2f8acaf1861 - Path: Packages/com.unity.settings-manager/Editor/Unity.Settings.Editor.asmdef - Importer: ScriptedImporter/UnityEditor.QuickSearchModule:UnityEditor.Search:ASIAI0B
Importing 'GUID: 49818357e697641afb75d2f8acaf1861 - Path: Packages/com.unity.settings-manager/Editor/Unity.Settings.Editor.asmdef - Importer: ScriptedImporter/UnityEditor.QuickSearchModule:UnityEditor.Search:ASIAI0B' with importer (ScriptedImporter : UnityEditor.QuickSearchModule:UnityEditor.Search:ASIAI0B)
Imported 'GUID: 49818357e697641afb75d2f8acaf1861' -> (Import Result ID: '273e24232bbcac38c1e7045cd21dee8e') in 0.005 seconds [static and dynamic dependencies]. Details - ImportResultOutputID=ed997f1091c45e5612c73affdb50739f DependenciesID=efd25372501d1b5a24085cc807a2b21a StaticDependenciesID=e01f8e8afab70ba7529a2bc192e50e3d 
Number of updated asset objects reloaded before import = 0
Number of asset objects unloaded after import = 1
========================================================================
Received Import Request.
  Time of request: 2026-09-06T07:59:50.2920051Z
  Time since last request: 0.000739 seconds.
  importAddress: GUID: b56f2475416eeea4c916add2d7268ad1 - Path: Packages/com.unity.cinemachine/Editor/Impulse/CinemachineImpulseSourceEditor.cs - Importer: ScriptedImporter/UnityEditor.QuickSearchModule:UnityEditor.Search:ASIAI0B
Importing 'GUID: b56f2475416eeea4c916add2d7268ad1 - Path: Packages/com.unity.cinemachine/Editor/Impulse/CinemachineImpulseSourceEditor.cs - Importer: ScriptedImporter/UnityEditor.QuickSearchModule:UnityEditor.Search:ASIAI0B' with importer (ScriptedImporter : UnityEditor.QuickSearchModule:UnityEditor.Search:ASIAI0B)
Imported 'GUID: b56f2475416eeea4c916add2d7268ad1' -> (Import Result ID: '4f52b2f9195bfa191aa8887d68428af7') in 0.004 seconds [static and dynamic dependencies]. Details - ImportResultOutputID=128d83b03bb3e14a0f476b779c3f74c2 DependenciesID=cb477b8ad2a7873e22e6133978fee1c3 StaticDependenciesID=617d3953bbbe104109088b9e39db52b9 
Number of updated asset objects reloaded before import = 0
Number of asset objects unloaded after import = 0
========================================================================
Received Import Request.
  Time of request: 2026-09-06T07:59:50.3070806Z
  Time since last request: 0.0003887 seconds.
  importAddress: GUID: 09aade0ecefd01e4b8f7661acf64f5c2 - Path: Assets/Starter Assets/Sample/Environment/Prefabs/Environment_Prefab.prefab - Importer: ScriptedImporter/UnityEditor.QuickSearchModule:UnityEditor.Search:ASIAI0B
Importing 'GUID: 09aade0ecefd01e4b8f7661acf64f5c2 - Path: Assets/Starter Assets/Sample/Environment/Prefabs/Environment_Prefab.prefab - Importer: ScriptedImporter/UnityEditor.QuickSearchModule:UnityEditor.Search:ASIAI0B' with importer (ScriptedImporter : UnityEditor.QuickSearchModule:UnityEditor.Search:ASIAI0B)
Imported 'GUID: 09aade0ecefd01e4b8f7661acf64f5c2' -> (Import Result ID: 'a2441e77efe6abd14699e5a03f4170a0') in 0.023 seconds [static and dynamic dependencies]. Details - ImportResultOutputID=946ea14aeb84a36abbf262565a93706d DependenciesID=fb295e72ed3961770eafb0cde9431440 StaticDependenciesID=045b728e760177e5464186f3185bf79d 
Number of updated asset objects reloaded before import = 0
Number of asset objects unloaded after import = 303
========================================================================
Received Import Request.
  Time of request: 2026-09-06T07:59:50.3417699Z
  Time since last request: 0.0006137 seconds.
  importAddress: GUID: ed06e3b6fec5ecc4696004cedc31f0ac - Path: Assets/Starter Assets/Runtime/Mobile/Scripts/VirtualInput.cs - Importer: ScriptedImporter/UnityEditor.QuickSearchModule:UnityEditor.Search:ASIAI0B
Importing 'GUID: ed06e3b6fec5ecc4696004cedc31f0ac - Path: Assets/Starter Assets/Runtime/Mobile/Scripts/VirtualInput.cs - Importer: ScriptedImporter/UnityEditor.QuickSearchModule:UnityEditor.Search:ASIAI0B' with importer (ScriptedImporter : UnityEditor.QuickSearchModule:UnityEditor.Search:ASIAI0B)
Imported 'GUID: ed06e3b6fec5ecc4696004cedc31f0ac' -> (Import Result ID: 'd6ca38c0a4fb1ea8529f419e1c09b21e') in 0.004 seconds [static and dynamic dependencies]. Details - ImportResultOutputID=6428a5066a3d85011d449fd2aafa27c4 DependenciesID=3da34b3b998804e75e805891b7d5974e StaticDependenciesID=a6df7907f8092bcade79b0b30326d7ae 
Number of updated asset objects reloaded before import = 0
Number of asset objects unloaded after import = 0
========================================================================
Received Import Request.
  Time of request: 2026-09-06T07:59:50.3573563Z
  Time since last request: 0.000338 seconds.
  importAddress: GUID: 6068bbcc6ab13ed4abcc6c97f2ba9085 - Path: Assets/Starter Assets/Runtime/SpaceRobotKyle/Textures/KyleRobot_Metallic.png - Importer: ScriptedImporter/UnityEditor.QuickSearchModule:UnityEditor.Search:ASIAI0B
Importing 'GUID: 6068bbcc6ab13ed4abcc6c97f2ba9085 - Path: Assets/Starter Assets/Runtime/SpaceRobotKyle/Textures/KyleRobot_Metallic.png - Importer: ScriptedImporter/UnityEditor.QuickSearchModule:UnityEditor.Search:ASIAI0B' with importer (ScriptedImporter : UnityEditor.QuickSearchModule:UnityEditor.Search:ASIAI0B)
Imported 'GUID: 6068bbcc6ab13ed4abcc6c97f2ba9085' -> (Import Result ID: 'ae6df34f3cd0448ab4c7a78f25d37487') in 0.009 seconds [static and dynamic dependencies]. Details - ImportResultOutputID=4e833031820105c0d42b0241b9064bbe DependenciesID=79744b531f217638181260c530df3d2b StaticDependenciesID=9c04e4a548edd36b264d62e650f0fab6 
Number of updated asset objects reloaded before import = 0
Number of asset objects unloaded after import = 1
========================================================================
Received Import Request.
  Time of request: 2026-09-06T07:59:50.3765108Z
  Time since last request: 0.0006708 seconds.
  importAddress: GUID: c49f0086bddfacf42acfd4f44b870aba - Path: Packages/com.unity.cinemachine/Runtime/Core/VirtualCameraRegistry.cs - Importer: ScriptedImporter/UnityEditor.QuickSearchModule:UnityEditor.Search:ASIAI0B
Importing 'GUID: c49f0086bddfacf42acfd4f44b870aba - Path: Packages/com.unity.cinemachine/Runtime/Core/VirtualCameraRegistry.cs - Importer: ScriptedImporter/UnityEditor.QuickSearchModule:UnityEditor.Search:ASIAI0B' with importer (ScriptedImporter : UnityEditor.QuickSearchModule:UnityEditor.Search:ASIAI0B)
Imported 'GUID: c49f0086bddfacf42acfd4f44b870aba' -> (Import Result ID: 'd2df8b82a9eb3e864cc60ae7ef285234') in 0.004 seconds [static and dynamic dependencies]. Details - ImportResultOutputID=04ac4d34234217ad4eb9399facb13f0a DependenciesID=0b4b736da2debb4d175d52f1fcc08d22 StaticDependenciesID=90a843ba7abbe53f8be2539224532056 
Number of updated asset objects reloaded before import = 0
Number of asset objects unloaded after import = 0
========================================================================
Received Import Request.
  Time of request: 2026-09-06T07:59:50.3908811Z
  Time since last request: 0.0007681 seconds.
  importAddress: GUID: 627a593abae54148b748c319c242e79e - Path: Packages/com.unity.splines/Runtime/EmbeddedSplineDataType.cs - Importer: ScriptedImporter/UnityEditor.QuickSearchModule:UnityEditor.Search:ASIAI0B
Importing 'GUID: 627a593abae54148b748c319c242e79e - Path: Packages/com.unity.splines/Runtime/EmbeddedSplineDataType.cs - Importer: ScriptedImporter/UnityEditor.QuickSearchModule:UnityEditor.Search:ASIAI0B' with importer (ScriptedImporter : UnityEditor.QuickSearchModule:UnityEditor.Search:ASIAI0B)
Imported 'GUID: 627a593abae54148b748c319c242e79e' -> (Import Result ID: '1b4a1ccea0d93fb4545ffdf6081de847') in 0.005 seconds [static and dynamic dependencies]. Details - ImportResultOutputID=1f832c53994a6f7625bff1c3f608109e DependenciesID=18ec648aad457a265c74d182c6d5b8ca StaticDependenciesID=fdf1de94ee8b8522fcc773aee30ed63e 
Number of updated asset objects reloaded before import = 0
Number of asset objects unloaded after import = 0
========================================================================
Received Import Request.
  Time of request: 2026-09-06T07:59:50.4064192Z
  Time since last request: 0.0007009 seconds.
  importAddress: GUID: 5bcefd1f1914dff4dae9fe9c4250b8da - Path: Packages/com.unity.splines/Editor/GUI/Editors/SplineDataReorderableListUtility.cs - Importer: ScriptedImporter/UnityEditor.QuickSearchModule:UnityEditor.Search:ASIAI0B
Importing 'GUID: 5bcefd1f1914dff4dae9fe9c4250b8da - Path: Packages/com.unity.splines/Editor/GUI/Editors/SplineDataReorderableListUtility.cs - Importer: ScriptedImporter/UnityEditor.QuickSearchModule:UnityEditor.Search:ASIAI0B' with importer (ScriptedImporter : UnityEditor.QuickSearchModule:UnityEditor.Search:ASIAI0B)
Imported 'GUID: 5bcefd1f1914dff4dae9fe9c4250b8da' -> (Import Result ID: '185371f9dbe2f77a8f8d2d10d4715806') in 0.003 seconds [static and dynamic dependencies]. Details - ImportResultOutputID=8790a0d997337d0ac3de706ba615da43 DependenciesID=9fe65d61d4698b6ff7ef294fc035db8f StaticDependenciesID=a9bf5b4c37b068f5189426a4ef2ae83c 
Number of updated asset objects reloaded before import = 0
Number of asset objects unloaded after import = 0
========================================================================
Received Import Request.
  Time of request: 2026-09-06T07:59:50.4196127Z
  Time since last request: 0.0003991 seconds.
  importAddress: GUID: 7ab977a21c92388468ee65ad1c0e5a78 - Path: Assets/Starter Assets/Sample/Environment/Art/Materials/GridOrange_01_Mat.mat - Importer: ScriptedImporter/UnityEditor.QuickSearchModule:UnityEditor.Search:ASIAI0B
Importing 'GUID: 7ab977a21c92388468ee65ad1c0e5a78 - Path: Assets/Starter Assets/Sample/Environment/Art/Materials/GridOrange_01_Mat.mat - Importer: ScriptedImporter/UnityEditor.QuickSearchModule:UnityEditor.Search:ASIAI0B' with importer (ScriptedImporter : UnityEditor.QuickSearchModule:UnityEditor.Search:ASIAI0B)
Imported 'GUID: 7ab977a21c92388468ee65ad1c0e5a78' -> (Import Result ID: '8eb84e9655d8cb9fb2ed56a4c8e62d47') in 0.024 seconds [static and dynamic dependencies]. Details - ImportResultOutputID=9bd542119e452c3c7043a2d875fd873e DependenciesID=8ccf4c307a79942b677e4dfa3874e07a StaticDependenciesID=47aff18e7409c562b54f934c1d80f0b7 
Number of updated asset objects reloaded before import = 0
Number of asset objects unloaded after import = 5
========================================================================
Received Import Request.
  Time of request: 2026-09-06T07:59:50.4544737Z
  Time since last request: 0.0006765 seconds.
  importAddress: GUID: 2d37e5385efd7064cb1d54c94960acae - Path: Packages/com.unity.cinemachine/Runtime/Deprecated/CinemachinePath.cs - Importer: ScriptedImporter/UnityEditor.QuickSearchModule:UnityEditor.Search:ASIAI0B
Importing 'GUID: 2d37e5385efd7064cb1d54c94960acae - Path: Packages/com.unity.cinemachine/Runtime/Deprecated/CinemachinePath.cs - Importer: ScriptedImporter/UnityEditor.QuickSearchModule:UnityEditor.Search:ASIAI0B' with importer (ScriptedImporter : UnityEditor.QuickSearchModule:UnityEditor.Search:ASIAI0B)
Imported 'GUID: 2d37e5385efd7064cb1d54c94960acae' -> (Import Result ID: '13d5a157a96665f1545c6ce443ef1cff') in 0.004 seconds [static and dynamic dependencies]. Details - ImportResultOutputID=8c190c99860857230e78fd18e542340b DependenciesID=d0d0723ae7f2ba30bc5a6891a200ca56 StaticDependenciesID=9180242174a1ab074613e8920a93aa36 
Number of updated asset objects reloaded before import = 0
Number of asset objects unloaded after import = 0
========================================================================
Received Import Request.
  Time of request: 2026-09-06T07:59:50.4704714Z
  Time since last request: 0.0009162 seconds.
  importAddress: GUID: 58551bba53e5a21419a45405ff024eb0 - Path: Assets/Starter Assets/Runtime/SpaceRobotKyle/Prefabs - Importer: ScriptedImporter/UnityEditor.QuickSearchModule:UnityEditor.Search:ASIAI0B
Importing 'GUID: 58551bba53e5a21419a45405ff024eb0 - Path: Assets/Starter Assets/Runtime/SpaceRobotKyle/Prefabs - Importer: ScriptedImporter/UnityEditor.QuickSearchModule:UnityEditor.Search:ASIAI0B' with importer (ScriptedImporter : UnityEditor.QuickSearchModule:UnityEditor.Search:ASIAI0B)
Imported 'GUID: 58551bba53e5a21419a45405ff024eb0' -> (Import Result ID: 'fac1a8e524ec645feef84be66a64dd8f') in 0.003 seconds [static and dynamic dependencies]. Details - ImportResultOutputID=e2451a50657e1476c087e3a7a1bb24d0 DependenciesID=c8d8bea6c5aa198331be2fb4aec97dd3 StaticDependenciesID=a9500529d3f29d8168523df55db46345 
Number of updated asset objects reloaded before import = 0
Number of asset objects unloaded after import = 1
========================================================================
Received Import Request.
  Time of request: 2026-09-06T07:59:50.4863321Z
  Time since last request: 0.0009385 seconds.
  importAddress: GUID: a60d9407e2bb20e4ea00281b1e33eae7 - Path: Packages/com.unity.cinemachine/Editor/Utility/SerializedPropertyHelper.cs - Importer: ScriptedImporter/UnityEditor.QuickSearchModule:UnityEditor.Search:ASIAI0B
Importing 'GUID: a60d9407e2bb20e4ea00281b1e33eae7 - Path: Packages/com.unity.cinemachine/Editor/Utility/SerializedPropertyHelper.cs - Importer: ScriptedImporter/UnityEditor.QuickSearchModule:UnityEditor.Search:ASIAI0B' with importer (ScriptedImporter : UnityEditor.QuickSearchModule:UnityEditor.Search:ASIAI0B)
Imported 'GUID: a60d9407e2bb20e4ea00281b1e33eae7' -> (Import Result ID: 'effe702ae02db0d138b4d12048308f60') in 0.004 seconds [static and dynamic dependencies]. Details - ImportResultOutputID=d22fb9d5e77bd8e5f1a9c5507cf9fa5c DependenciesID=c0c75db1d73f83c005ab24652e886f7d StaticDependenciesID=69d46904c659a5e39d084c8a79a03c7c 
Number of updated asset objects reloaded before import = 0
Number of asset objects unloaded after import = 0
========================================================================
Received Import Request.
  Time of request: 2026-09-06T07:59:50.5002503Z
  Time since last request: 0.0009478 seconds.
  importAddress: GUID: e1a95ad96e477f440950f95746ec9730 - Path: Packages/com.unity.cinemachine/Editor/PropertyDrawers/GroupTargetPropertyDrawer.cs - Importer: ScriptedImporter/UnityEditor.QuickSearchModule:UnityEditor.Search:ASIAI0B
Importing 'GUID: e1a95ad96e477f440950f95746ec9730 - Path: Packages/com.unity.cinemachine/Editor/PropertyDrawers/GroupTargetPropertyDrawer.cs - Importer: ScriptedImporter/UnityEditor.QuickSearchModule:UnityEditor.Search:ASIAI0B' with importer (ScriptedImporter : UnityEditor.QuickSearchModule:UnityEditor.Search:ASIAI0B)
Imported 'GUID: e1a95ad96e477f440950f95746ec9730' -> (Import Result ID: 'a35a7e8b98b2cf7e8731a43bacec0ae7') in 0.004 seconds [static and dynamic dependencies]. Details - ImportResultOutputID=f351e5689674e59d3b369bc1d7df05ac DependenciesID=f1a7a8fed980e45ab7b8d03e3dde71da StaticDependenciesID=e9389356415166f6eca211bbf7db59f3 
Number of updated asset objects reloaded before import = 0
Number of asset objects unloaded after import = 0
========================================================================
Received Import Request.
  Time of request: 2026-09-06T07:59:50.5175242Z
  Time since last request: 0.0007574 seconds.
  importAddress: GUID: 44205bfb94ccacc4ea6744b8bfc057d1 - Path: Packages/com.unity.splines/Editor/Tools/SplineMoveTool.cs - Importer: ScriptedImporter/UnityEditor.QuickSearchModule:UnityEditor.Search:ASIAI0B
Importing 'GUID: 44205bfb94ccacc4ea6744b8bfc057d1 - Path: Packages/com.unity.splines/Editor/Tools/SplineMoveTool.cs - Importer: ScriptedImporter/UnityEditor.QuickSearchModule:UnityEditor.Search:ASIAI0B' with importer (ScriptedImporter : UnityEditor.QuickSearchModule:UnityEditor.Search:ASIAI0B)
Imported 'GUID: 44205bfb94ccacc4ea6744b8bfc057d1' -> (Import Result ID: 'c5f1c85cabf417363e6a5cb3e926ac0a') in 0.004 seconds [static and dynamic dependencies]. Details - ImportResultOutputID=8132cfe651fbe3ab228feac10a28435b DependenciesID=fd3b7172703e043d7be1ae271feb106d StaticDependenciesID=4defa4f14490d2d45512a6993a8aa8c8 
Number of updated asset objects reloaded before import = 0
Number of asset objects unloaded after import = 0
========================================================================
Received Import Request.
  Time of request: 2026-09-06T07:59:50.5342566Z
  Time since last request: 0.0005808 seconds.
  importAddress: GUID: 10e6f8c815d3c4d45b1d98b951d53912 - Path: Packages/com.unity.cinemachine/Runtime/Debug/CinemachineDebug.cs - Importer: ScriptedImporter/UnityEditor.QuickSearchModule:UnityEditor.Search:ASIAI0B
Importing 'GUID: 10e6f8c815d3c4d45b1d98b951d53912 - Path: Packages/com.unity.cinemachine/Runtime/Debug/CinemachineDebug.cs - Importer: ScriptedImporter/UnityEditor.QuickSearchModule:UnityEditor.Search:ASIAI0B' with importer (ScriptedImporter : UnityEditor.QuickSearchModule:UnityEditor.Search:ASIAI0B)
Imported 'GUID: 10e6f8c815d3c4d45b1d98b951d53912' -> (Import Result ID: 'b6f5a28f93299c310aabf20db69f3c8c') in 0.004 seconds [static and dynamic dependencies]. Details - ImportResultOutputID=10f4c9160f7a949126f7cff628bc128e DependenciesID=b91d30eec89c5b7b7171d1c54e90e001 StaticDependenciesID=caf97dee2b6cfbfa50fd08c459026cb9 
Number of updated asset objects reloaded before import = 0
Number of asset objects unloaded after import = 0
========================================================================
Received Import Request.
  Time of request: 2026-09-06T07:59:50.5504909Z
  Time since last request: 0.0010098 seconds.
  importAddress: GUID: 9d3c7f8bbb5843a48aaa0b19964df4bb - Path: Packages/com.unity.cinemachine/Runtime/SaveDuringPlay - Importer: ScriptedImporter/UnityEditor.QuickSearchModule:UnityEditor.Search:ASIAI0B
Importing 'GUID: 9d3c7f8bbb5843a48aaa0b19964df4bb - Path: Packages/com.unity.cinemachine/Runtime/SaveDuringPlay - Importer: ScriptedImporter/UnityEditor.QuickSearchModule:UnityEditor.Search:ASIAI0B' with importer (ScriptedImporter : UnityEditor.QuickSearchModule:UnityEditor.Search:ASIAI0B)
Imported 'GUID: 9d3c7f8bbb5843a48aaa0b19964df4bb' -> (Import Result ID: 'ed58806ee23ca5d277fb3a8e2540f3e9') in 0.004 seconds [static and dynamic dependencies]. Details - ImportResultOutputID=830e94b188ec5392f21223f2a0606434 DependenciesID=14418ff1001057266f815c44877387eb StaticDependenciesID=5669d0ab46b33fe38d10bd329183a347 
Number of updated asset objects reloaded before import = 0
Number of asset objects unloaded after import = 1
========================================================================
Received Import Request.
  Time of request: 2026-09-06T07:59:50.5654753Z
  Time since last request: 0.0004614 seconds.
  importAddress: GUID: 86764a910a1ef6042bd6232da5be8ea8 - Path: Assets/Starter Assets/Runtime - Importer: ScriptedImporter/UnityEditor.QuickSearchModule:UnityEditor.Search:ASIAI0B
Importing 'GUID: 86764a910a1ef6042bd6232da5be8ea8 - Path: Assets/Starter Assets/Runtime - Importer: ScriptedImporter/UnityEditor.QuickSearchModule:UnityEditor.Search:ASIAI0B' with importer (ScriptedImporter : UnityEditor.QuickSearchModule:UnityEditor.Search:ASIAI0B)
Imported 'GUID: 86764a910a1ef6042bd6232da5be8ea8' -> (Import Result ID: '5e6a98032fcdd4c52cb5996f9bca3f1c') in 0.003 seconds [static and dynamic dependencies]. Details - ImportResultOutputID=6dcd07dd184b77d9ef0712c7c156fb41 DependenciesID=adb41e8ac4707633927ebe2e625f5c29 StaticDependenciesID=603805a0b48e4470c5d0592565c55738 
Number of updated asset objects reloaded before import = 0
Number of asset objects unloaded after import = 1
========================================================================
Received Import Request.
  Time of request: 2026-09-06T07:59:50.5803552Z
  Time since last request: 0.0004312 seconds.
  importAddress: GUID: d0a9bfb4b5f28174884e89dd76563ae8 - Path: Assets/Starter Assets/Sample/Environment/Art/Models/Structure_Mesh.fbx - Importer: ScriptedImporter/UnityEditor.QuickSearchModule:UnityEditor.Search:ASIAI0B
Importing 'GUID: d0a9bfb4b5f28174884e89dd76563ae8 - Path: Assets/Starter Assets/Sample/Environment/Art/Models/Structure_Mesh.fbx - Importer: ScriptedImporter/UnityEditor.QuickSearchModule:UnityEditor.Search:ASIAI0B' with importer (ScriptedImporter : UnityEditor.QuickSearchModule:UnityEditor.Search:ASIAI0B)
Imported 'GUID: d0a9bfb4b5f28174884e89dd76563ae8' -> (Import Result ID: '088f997d032fa8320360f783ed0dbba6') in 0.043 seconds [static and dynamic dependencies]. Details - ImportResultOutputID=12a0f10f3e9dd584d34bcedfdd0056c9 DependenciesID=f1538503daeb098fe951849122a79f37 StaticDependenciesID=88f86385e2cd09c9c901cfa2d73726b3 
Number of updated asset objects reloaded before import = 0
Number of asset objects unloaded after import = 9
========================================================================
Received Import Request.
  Time of request: 2026-09-06T07:59:50.6377467Z
  Time since last request: 0.0007375 seconds.
  importAddress: GUID: 486a73a8310372840b8f6347258269ac - Path: Packages/com.unity.cinemachine/Runtime/Core/BlendManager.cs - Importer: ScriptedImporter/UnityEditor.QuickSearchModule:UnityEditor.Search:ASIAI0B
Importing 'GUID: 486a73a8310372840b8f6347258269ac - Path: Packages/com.unity.cinemachine/Runtime/Core/BlendManager.cs - Importer: ScriptedImporter/UnityEditor.QuickSearchModule:UnityEditor.Search:ASIAI0B' with importer (ScriptedImporter : UnityEditor.QuickSearchModule:UnityEditor.Search:ASIAI0B)
Imported 'GUID: 486a73a8310372840b8f6347258269ac' -> (Import Result ID: 'e655852cc00fdf65be43b2b36a3f69ec') in 0.004 seconds [static and dynamic dependencies]. Details - ImportResultOutputID=e715b0e67549e483cb37138408527562 DependenciesID=d182d1407f29196de5c787fca5f97824 StaticDependenciesID=9639d6c399c3d66aaf500863cad31e12 
Number of updated asset objects reloaded before import = 0
Number of asset objects unloaded after import = 0
========================================================================
Received Import Request.
  Time of request: 2026-09-06T07:59:50.6529143Z
  Time since last request: 0.0003604 seconds.
  importAddress: GUID: 3300a5c4710bac244815734e484b3b90 - Path: Assets/Starter Assets/Sample/Environment/Art/Materials/Built-in_RP/BuiltInTriplanar_01_Mat.mat - Importer: ScriptedImporter/UnityEditor.QuickSearchModule:UnityEditor.Search:ASIAI0B
Importing 'GUID: 3300a5c4710bac244815734e484b3b90 - Path: Assets/Starter Assets/Sample/Environment/Art/Materials/Built-in_RP/BuiltInTriplanar_01_Mat.mat - Importer: ScriptedImporter/UnityEditor.QuickSearchModule:UnityEditor.Search:ASIAI0B' with importer (ScriptedImporter : UnityEditor.QuickSearchModule:UnityEditor.Search:ASIAI0B)
Imported 'GUID: 3300a5c4710bac244815734e484b3b90' -> (Import Result ID: 'e29f9dcc4877489e7a1dc5b7924e38c5') in 0.039 seconds [static and dynamic dependencies]. Details - ImportResultOutputID=7474261cc6da893506a64512374d0a79 DependenciesID=046b636aa3a8209790e153c520d5f233 StaticDependenciesID=a3045a2a72e249f5cffa0d23a1cb7d63 
Number of updated asset objects reloaded before import = 0
Number of asset objects unloaded after import = 4
========================================================================
Received Import Request.
  Time of request: 2026-09-06T07:59:50.7033252Z
  Time since last request: 0.0003903 seconds.
  importAddress: GUID: 7a97571b2775aab4e8bf63d9ceb96743 - Path: Packages/com.unity.cinemachine/package.json - Importer: ScriptedImporter/UnityEditor.QuickSearchModule:UnityEditor.Search:ASIAI0B
Importing 'GUID: 7a97571b2775aab4e8bf63d9ceb96743 - Path: Packages/com.unity.cinemachine/package.json - Importer: ScriptedImporter/UnityEditor.QuickSearchModule:UnityEditor.Search:ASIAI0B' with importer (ScriptedImporter : UnityEditor.QuickSearchModule:UnityEditor.Search:ASIAI0B)
Imported 'GUID: 7a97571b2775aab4e8bf63d9ceb96743' -> (Import Result ID: '8f6ff9f6684ba692b9216e4cdfeba709') in 0.005 seconds [static and dynamic dependencies]. Details - ImportResultOutputID=9aad1cde4456afa36d7f74ac561c4d76 DependenciesID=3879b823324e2f832fa67249c00d9460 StaticDependenciesID=414669c7cc286bfb4472656f3f618dc4 
Number of updated asset objects reloaded before import = 0
Number of asset objects unloaded after import = 1
========================================================================
Received Import Request.
  Time of request: 2026-09-06T07:59:50.7198303Z
  Time since last request: 0.000787 seconds.
  importAddress: GUID: 7950340077b4bfa4b8e61a4bc56f6b2e - Path: Packages/com.unity.splines/Editor/Editor Resources/Icons/d_Tangent_Continuous.png - Importer: ScriptedImporter/UnityEditor.QuickSearchModule:UnityEditor.Search:ASIAI0B
Importing 'GUID: 7950340077b4bfa4b8e61a4bc56f6b2e - Path: Packages/com.unity.splines/Editor/Editor Resources/Icons/d_Tangent_Continuous.png - Importer: ScriptedImporter/UnityEditor.QuickSearchModule:UnityEditor.Search:ASIAI0B' with importer (ScriptedImporter : UnityEditor.QuickSearchModule:UnityEditor.Search:ASIAI0B)
Imported 'GUID: 7950340077b4bfa4b8e61a4bc56f6b2e' -> (Import Result ID: '42c5aa5b0054df4a15b964d25c63997f') in 0.009 seconds [static and dynamic dependencies]. Details - ImportResultOutputID=df99788cb28dcdbeb2ba853edfef0172 DependenciesID=da61b8e5ddc571c90b91c55f7f80de9b StaticDependenciesID=8e302cb9816f2cf34fd53ba368309a4c 
Number of updated asset objects reloaded before import = 0
Number of asset objects unloaded after import = 1
========================================================================
Received Import Request.
  Time of request: 2026-09-06T07:59:50.742279Z
  Time since last request: 0.0006218 seconds.
  importAddress: GUID: e9ce97b7a206dc64d90931ea044e0c72 - Path: Packages/com.unity.cinemachine/Presets/Noise/6D Wobble.asset - Importer: ScriptedImporter/UnityEditor.QuickSearchModule:UnityEditor.Search:ASIAI0B
Importing 'GUID: e9ce97b7a206dc64d90931ea044e0c72 - Path: Packages/com.unity.cinemachine/Presets/Noise/6D Wobble.asset - Importer: ScriptedImporter/UnityEditor.QuickSearchModule:UnityEditor.Search:ASIAI0B' with importer (ScriptedImporter : UnityEditor.QuickSearchModule:UnityEditor.Search:ASIAI0B)
Imported 'GUID: e9ce97b7a206dc64d90931ea044e0c72' -> (Import Result ID: '9739748950e87b6e08449f47e4fe59fa') in 0.008 seconds [static and dynamic dependencies]. Details - ImportResultOutputID=f9cd88933d18deb298765c7c4c8bba1a DependenciesID=c53817596355a431d10f7c4b47f0874a StaticDependenciesID=2633557d017e2d86d46d160b5c6ad28a 
Number of updated asset objects reloaded before import = 0
Number of asset objects unloaded after import = 1
========================================================================
Received Import Request.
  Time of request: 2026-09-06T07:59:50.7624539Z
  Time since last request: 0.0007872 seconds.
  importAddress: GUID: 30dcd166c0e84ff5bf290b88ce72bdda - Path: Packages/com.unity.splines/Editor/GUI/Editors/KnotReorderableList.cs - Importer: ScriptedImporter/UnityEditor.QuickSearchModule:UnityEditor.Search:ASIAI0B
Importing 'GUID: 30dcd166c0e84ff5bf290b88ce72bdda - Path: Packages/com.unity.splines/Editor/GUI/Editors/KnotReorderableList.cs - Importer: ScriptedImporter/UnityEditor.QuickSearchModule:UnityEditor.Search:ASIAI0B' with importer (ScriptedImporter : UnityEditor.QuickSearchModule:UnityEditor.Search:ASIAI0B)
Imported 'GUID: 30dcd166c0e84ff5bf290b88ce72bdda' -> (Import Result ID: '9d9311f79191256c531ff61f36fcdd72') in 0.004 seconds [static and dynamic dependencies]. Details - ImportResultOutputID=8026a7fc138c8659468d761bb9ee5873 DependenciesID=b6173cf8d049be298f70e91bfacd1917 StaticDependenciesID=f7b223bda28cda6ddf8f2ae53a960173 
Number of updated asset objects reloaded before import = 0
Number of asset objects unloaded after import = 0
========================================================================
Received Import Request.
  Time of request: 2026-09-06T07:59:50.7777771Z
  Time since last request: 0.0004774 seconds.
  importAddress: GUID: 46d8205276dc66f46ba61fb807f9dc62 - Path: Packages/com.unity.splines/Editor/Editor Resources/Icons/d_Tangent_Linear On@2x.png - Importer: ScriptedImporter/UnityEditor.QuickSearchModule:UnityEditor.Search:ASIAI0B
Importing 'GUID: 46d8205276dc66f46ba61fb807f9dc62 - Path: Packages/com.unity.splines/Editor/Editor Resources/Icons/d_Tangent_Linear On@2x.png - Importer: ScriptedImporter/UnityEditor.QuickSearchModule:UnityEditor.Search:ASIAI0B' with importer (ScriptedImporter : UnityEditor.QuickSearchModule:UnityEditor.Search:ASIAI0B)
Imported 'GUID: 46d8205276dc66f46ba61fb807f9dc62' -> (Import Result ID: 'e915c801dcadfd584ed4b1ad3dab30c8') in 0.007 seconds [static and dynamic dependencies]. Details - ImportResultOutputID=07070c35ba933889ed3c7d2053075460 DependenciesID=85a8ba7871f6af5cbf2db3905a96cb7c StaticDependenciesID=0aee93905af2a4e5a723ae768948f831 
Number of updated asset objects reloaded before import = 0
Number of asset objects unloaded after import = 1
========================================================================
Received Import Request.
  Time of request: 2026-09-06T07:59:50.7962284Z
  Time since last request: 0.0004709 seconds.
  importAddress: GUID: 871a00306922d48e1872740163b0d74b - Path: Assets/Starter Assets/Runtime/Settings/Medium_PipelineAsset_ForwardRenderer.asset - Importer: ScriptedImporter/UnityEditor.QuickSearchModule:UnityEditor.Search:ASIAI0B
Importing 'GUID: 871a00306922d48e1872740163b0d74b - Path: Assets/Starter Assets/Runtime/Settings/Medium_PipelineAsset_ForwardRenderer.asset - Importer: ScriptedImporter/UnityEditor.QuickSearchModule:UnityEditor.Search:ASIAI0B' with importer (ScriptedImporter : UnityEditor.QuickSearchModule:UnityEditor.Search:ASIAI0B)
Imported 'GUID: 871a00306922d48e1872740163b0d74b' -> (Import Result ID: 'c3bf61ef8f41464b01e0270298f99a09') in 0.033 seconds [static and dynamic dependencies]. Details - ImportResultOutputID=571394018c3ce2cae91c22274a2fa77c DependenciesID=401ae55188c6a5b2ce296374aba63dbb StaticDependenciesID=41e5266eaebae3c20c72e7eb47bca6a1 
Number of updated asset objects reloaded before import = 0
Number of asset objects unloaded after import = 1
========================================================================
Received Import Request.
  Time of request: 2026-09-06T07:59:50.8532189Z
  Time since last request: 0.013069 seconds.
  importAddress: GUID: e7d72dd62f9cbd947958c4a7482ab605 - Path: Packages/com.unity.cinemachine/Editor/Editors/CinemachineVirtualCameraBaseEditor.cs - Importer: ScriptedImporter/UnityEditor.QuickSearchModule:UnityEditor.Search:ASIAI0B
Importing 'GUID: e7d72dd62f9cbd947958c4a7482ab605 - Path: Packages/com.unity.cinemachine/Editor/Editors/CinemachineVirtualCameraBaseEditor.cs - Importer: ScriptedImporter/UnityEditor.QuickSearchModule:UnityEditor.Search:ASIAI0B' with importer (ScriptedImporter : UnityEditor.QuickSearchModule:UnityEditor.Search:ASIAI0B)
Imported 'GUID: e7d72dd62f9cbd947958c4a7482ab605' -> (Import Result ID: '0e5ebbe65bfdd669f3395fb8ea6ce5c3') in 0.004 seconds [static and dynamic dependencies]. Details - ImportResultOutputID=7109f520da44aedee7999ff357812150 DependenciesID=3319408502b01406deebdde3be21addc StaticDependenciesID=e9d3cbf6073dcd1669a995dec76af82e 
Number of updated asset objects reloaded before import = 0
Number of asset objects unloaded after import = 0
========================================================================
Received Import Request.
  Time of request: 2026-09-06T07:59:50.8659219Z
  Time since last request: 0.0007446 seconds.
  importAddress: GUID: 57744762d9079934292f57896d8193e0 - Path: Packages/com.unity.cinemachine/Runtime/Behaviours/CinemachineExternalCamera.cs - Importer: ScriptedImporter/UnityEditor.QuickSearchModule:UnityEditor.Search:ASIAI0B
Importing 'GUID: 57744762d9079934292f57896d8193e0 - Path: Packages/com.unity.cinemachine/Runtime/Behaviours/CinemachineExternalCamera.cs - Importer: ScriptedImporter/UnityEditor.QuickSearchModule:UnityEditor.Search:ASIAI0B' with importer (ScriptedImporter : UnityEditor.QuickSearchModule:UnityEditor.Search:ASIAI0B)
Imported 'GUID: 57744762d9079934292f57896d8193e0' -> (Import Result ID: '9aed142338243f355abc3d36a85957a7') in 0.007 seconds [static and dynamic dependencies]. Details - ImportResultOutputID=ea700d38007b64eeba20057a1365b990 DependenciesID=7f759da5b1619b8529dab5c50d0ee35f StaticDependenciesID=4b79554b8bf8065c0f3dac2b0a29d5e7 
Number of updated asset objects reloaded before import = 0
Number of asset objects unloaded after import = 1
========================================================================
Received Import Request.
  Time of request: 2026-09-06T07:59:50.8847585Z
  Time since last request: 0.0005538 seconds.
  importAddress: GUID: f6867fa804c14cf40b3f68fd943d8aae - Path: Packages/com.unity.cinemachine/Runtime/Core/CameraBlendStack.cs - Importer: ScriptedImporter/UnityEditor.QuickSearchModule:UnityEditor.Search:ASIAI0B
Importing 'GUID: f6867fa804c14cf40b3f68fd943d8aae - Path: Packages/com.unity.cinemachine/Runtime/Core/CameraBlendStack.cs - Importer: ScriptedImporter/UnityEditor.QuickSearchModule:UnityEditor.Search:ASIAI0B' with importer (ScriptedImporter : UnityEditor.QuickSearchModule:UnityEditor.Search:ASIAI0B)
Imported 'GUID: f6867fa804c14cf40b3f68fd943d8aae' -> (Import Result ID: 'e5aa088dcd701df5174a5b9d8fb41301') in 0.004 seconds [static and dynamic dependencies]. Details - ImportResultOutputID=c2c26e889d3f6a237bf899d00f769356 DependenciesID=6c2d50199c209bdd0180fe1f16b4e41c StaticDependenciesID=62a47e4a5b8336d9dcc6de0c925c623c 
Number of updated asset objects reloaded before import = 0
Number of asset objects unloaded after import = 0
========================================================================
Received Import Request.
  Time of request: 2026-09-06T07:59:50.9007129Z
  Time since last request: 0.0010182 seconds.
  importAddress: GUID: 7d0d800d47186f0468d962ccf338ab97 - Path: Packages/com.unity.cinemachine/Editor/PropertyDrawers/NoiseSettingsPropertyDrawer.cs - Importer: ScriptedImporter/UnityEditor.QuickSearchModule:UnityEditor.Search:ASIAI0B
Importing 'GUID: 7d0d800d47186f0468d962ccf338ab97 - Path: Packages/com.unity.cinemachine/Editor/PropertyDrawers/NoiseSettingsPropertyDrawer.cs - Importer: ScriptedImporter/UnityEditor.QuickSearchModule:UnityEditor.Search:ASIAI0B' with importer (ScriptedImporter : UnityEditor.QuickSearchModule:UnityEditor.Search:ASIAI0B)
Imported 'GUID: 7d0d800d47186f0468d962ccf338ab97' -> (Import Result ID: '34e5e69b94581e16d0f60ac59e029404') in 0.004 seconds [static and dynamic dependencies]. Details - ImportResultOutputID=354749114ea008b98e807b9597d26d7a DependenciesID=d61303851c5204c954cc359cff9d08b0 StaticDependenciesID=15b715904f61c7bfa07f3fb33b3d0d2c 
Number of updated asset objects reloaded before import = 0
Number of asset objects unloaded after import = 0
========================================================================
Received Import Request.
  Time of request: 2026-09-06T07:59:50.9161616Z
  Time since last request: 0.0005926 seconds.
  importAddress: GUID: ef969b61b6f6df4419ea83c42719409b - Path: Packages/com.unity.cinemachine/Editor/PostProcessing/CinemachineAutoFocusEditor.cs - Importer: ScriptedImporter/UnityEditor.QuickSearchModule:UnityEditor.Search:ASIAI0B
Importing 'GUID: ef969b61b6f6df4419ea83c42719409b - Path: Packages/com.unity.cinemachine/Editor/PostProcessing/CinemachineAutoFocusEditor.cs - Importer: ScriptedImporter/UnityEditor.QuickSearchModule:UnityEditor.Search:ASIAI0B' with importer (ScriptedImporter : UnityEditor.QuickSearchModule:UnityEditor.Search:ASIAI0B)
Imported 'GUID: ef969b61b6f6df4419ea83c42719409b' -> (Import Result ID: 'eac18055cf337f46cafde67762875a1e') in 0.004 seconds [static and dynamic dependencies]. Details - ImportResultOutputID=f18e3b1b4583ac3ab4549956dcb039a4 DependenciesID=4b3a60516325d6dca9a66366f6a78424 StaticDependenciesID=05d206a2bdaff7eef5df42093623b180 
Number of updated asset objects reloaded before import = 0
Number of asset objects unloaded after import = 0
========================================================================
Received Import Request.
  Time of request: 2026-09-06T07:59:50.9321381Z
  Time since last request: 0.0005659 seconds.
  importAddress: GUID: 319d2fe34a804e245819465c9505ea59 - Path: Packages/com.unity.cinemachine/Runtime/Deprecated/CinemachineFreeLook.cs - Importer: ScriptedImporter/UnityEditor.QuickSearchModule:UnityEditor.Search:ASIAI0B
Importing 'GUID: 319d2fe34a804e245819465c9505ea59 - Path: Packages/com.unity.cinemachine/Runtime/Deprecated/CinemachineFreeLook.cs - Importer: ScriptedImporter/UnityEditor.QuickSearchModule:UnityEditor.Search:ASIAI0B' with importer (ScriptedImporter : UnityEditor.QuickSearchModule:UnityEditor.Search:ASIAI0B)
Imported 'GUID: 319d2fe34a804e245819465c9505ea59' -> (Import Result ID: '10a2a248042d6852d0ecc6a4715d892c') in 0.004 seconds [static and dynamic dependencies]. Details - ImportResultOutputID=9d25af311b74693ff74745a36bb502d8 DependenciesID=959e8c7535b5e5ece0986d676c2b120c StaticDependenciesID=85ba521789c98da8c6520fa9c90975c6 
Number of updated asset objects reloaded before import = 0
Number of asset objects unloaded after import = 0
========================================================================
Received Import Request.
  Time of request: 2026-09-06T07:59:50.9475517Z
  Time since last request: 0.0004733 seconds.
  importAddress: GUID: 44f1bb87db78405e95edea0e310287b2 - Path: Packages/com.unity.splines/Editor/GUI/Editors/EmbeddedSplineDataPropertyDrawer.cs - Importer: ScriptedImporter/UnityEditor.QuickSearchModule:UnityEditor.Search:ASIAI0B
Importing 'GUID: 44f1bb87db78405e95edea0e310287b2 - Path: Packages/com.unity.splines/Editor/GUI/Editors/EmbeddedSplineDataPropertyDrawer.cs - Importer: ScriptedImporter/UnityEditor.QuickSearchModule:UnityEditor.Search:ASIAI0B' with importer (ScriptedImporter : UnityEditor.QuickSearchModule:UnityEditor.Search:ASIAI0B)
Imported 'GUID: 44f1bb87db78405e95edea0e310287b2' -> (Import Result ID: '9dfa4f59caefa1d8402f7048e3af4cbe') in 0.005 seconds [static and dynamic dependencies]. Details - ImportResultOutputID=48e911dea922aa485028fb860005cc06 DependenciesID=78896fe3a14b8250f16fe4b750cacfc3 StaticDependenciesID=68e8affd3bb092ec1102c8dcf537b343 
Number of updated asset objects reloaded before import = 0
Number of asset objects unloaded after import = 0
========================================================================
Received Import Request.
  Time of request: 2026-09-06T07:59:50.9645104Z
  Time since last request: 0.0009428 seconds.
  importAddress: GUID: 271d0c8741016ff4eae1b9070589c571 - Path: Assets/Starter Assets/Runtime/Mobile/UI/TouchScreenInputDefaultStyle.tss - Importer: ScriptedImporter/UnityEditor.QuickSearchModule:UnityEditor.Search:ASIAI0B
Importing 'GUID: 271d0c8741016ff4eae1b9070589c571 - Path: Assets/Starter Assets/Runtime/Mobile/UI/TouchScreenInputDefaultStyle.tss - Importer: ScriptedImporter/UnityEditor.QuickSearchModule:UnityEditor.Search:ASIAI0B' with importer (ScriptedImporter : UnityEditor.QuickSearchModule:UnityEditor.Search:ASIAI0B)
Imported 'GUID: 271d0c8741016ff4eae1b9070589c571' -> (Import Result ID: 'b1e642d87fd99ad991624de4802b782f') in 0.009 seconds [static and dynamic dependencies]. Details - ImportResultOutputID=c5ce6e62b2204af841d2fcd8632338f7 DependenciesID=76a13159cb34cfaf7ef92a8d7c0f74e1 StaticDependenciesID=c18be982450472984d1d07ec55686228 
Number of updated asset objects reloaded before import = 0
Number of asset objects unloaded after import = 8
========================================================================
Received Import Request.
  Time of request: 2026-09-06T07:59:50.9851733Z
  Time since last request: 0.0004489 seconds.
  importAddress: GUID: a8bf75b028a574e5e02d406022be02e1 - Path: Packages/com.unity.cinemachine - Importer: ScriptedImporter/UnityEditor.QuickSearchModule:UnityEditor.Search:ASIAI0B
Importing 'GUID: a8bf75b028a574e5e02d406022be02e1 - Path: Packages/com.unity.cinemachine - Importer: ScriptedImporter/UnityEditor.QuickSearchModule:UnityEditor.Search:ASIAI0B' with importer (ScriptedImporter : UnityEditor.QuickSearchModule:UnityEditor.Search:ASIAI0B)
Imported 'GUID: a8bf75b028a574e5e02d406022be02e1' -> (Import Result ID: '2348846b479beb7249fe4561ff267aa9') in 0.004 seconds [static and dynamic dependencies]. Details - ImportResultOutputID=e7dfe16ff2991221a760b3160134b762 DependenciesID=683a2b5e9ab2ff7e1c0021a4942ed792 StaticDependenciesID=98be9ec95bc068fba1046f71dc1da388 
Number of updated asset objects reloaded before import = 0
Number of asset objects unloaded after import = 1
========================================================================
Received Import Request.
  Time of request: 2026-09-06T07:59:51.002225Z
  Time since last request: 0.0007756 seconds.
  importAddress: GUID: add4c76e08cd35f4d973fbe94b8553e8 - Path: Packages/com.unity.cinemachine/Editor/Utility/SplineDataInspectorUtility.cs - Importer: ScriptedImporter/UnityEditor.QuickSearchModule:UnityEditor.Search:ASIAI0B
Importing 'GUID: add4c76e08cd35f4d973fbe94b8553e8 - Path: Packages/com.unity.cinemachine/Editor/Utility/SplineDataInspectorUtility.cs - Importer: ScriptedImporter/UnityEditor.QuickSearchModule:UnityEditor.Search:ASIAI0B' with importer (ScriptedImporter : UnityEditor.QuickSearchModule:UnityEditor.Search:ASIAI0B)
Imported 'GUID: add4c76e08cd35f4d973fbe94b8553e8' -> (Import Result ID: '185e22dc479ac359f0aef9dffa37f798') in 0.004 seconds [static and dynamic dependencies]. Details - ImportResultOutputID=cb4a0052d819ff6671a4882a89c3f01e DependenciesID=b7ea6d3a4c70c8e685f43c0c2b33caca StaticDependenciesID=05a5a0b2789068ad0181720dbf852350 
Number of updated asset objects reloaded before import = 0
Number of asset objects unloaded after import = 0
========================================================================
Received Import Request.
  Time of request: 2026-09-06T07:59:51.017902Z
  Time since last request: 0.0004971 seconds.
  importAddress: GUID: 247be52eadac5044e9f8b7b4d8d0ada9 - Path: Packages/com.unity.cinemachine/Editor/Obsolete/CinemachineOrbitalTransposerEditor.cs - Importer: ScriptedImporter/UnityEditor.QuickSearchModule:UnityEditor.Search:ASIAI0B
Importing 'GUID: 247be52eadac5044e9f8b7b4d8d0ada9 - Path: Packages/com.unity.cinemachine/Editor/Obsolete/CinemachineOrbitalTransposerEditor.cs - Importer: ScriptedImporter/UnityEditor.QuickSearchModule:UnityEditor.Search:ASIAI0B' with importer (ScriptedImporter : UnityEditor.QuickSearchModule:UnityEditor.Search:ASIAI0B)
Imported 'GUID: 247be52eadac5044e9f8b7b4d8d0ada9' -> (Import Result ID: '95c667ea977836de2b8738b8bbd48f7e') in 0.004 seconds [static and dynamic dependencies]. Details - ImportResultOutputID=961f1151c1fe0d2397d57f9fece37e55 DependenciesID=95096de93725338c5182624813c426e7 StaticDependenciesID=32aa91abc3b539a4a04c5f78deab2cc0 
Number of updated asset objects reloaded before import = 0
Number of asset objects unloaded after import = 0
========================================================================
Received Import Request.
  Time of request: 2026-09-06T07:59:51.0339766Z
  Time since last request: 0.000541 seconds.
  importAddress: GUID: 6a0472cd31396f741969b8c1af8dd5a0 - Path: Packages/com.unity.cinemachine/Runtime/Core/UnityVectorExtensions.cs - Importer: ScriptedImporter/UnityEditor.QuickSearchModule:UnityEditor.Search:ASIAI0B
Importing 'GUID: 6a0472cd31396f741969b8c1af8dd5a0 - Path: Packages/com.unity.cinemachine/Runtime/Core/UnityVectorExtensions.cs - Importer: ScriptedImporter/UnityEditor.QuickSearchModule:UnityEditor.Search:ASIAI0B' with importer (ScriptedImporter : UnityEditor.QuickSearchModule:UnityEditor.Search:ASIAI0B)
Imported 'GUID: 6a0472cd31396f741969b8c1af8dd5a0' -> (Import Result ID: 'e87097bbdcebca1a025463e9d54b9599') in 0.003 seconds [static and dynamic dependencies]. Details - ImportResultOutputID=ae0d11122f2e534186e91102810c98f6 DependenciesID=24dd3c171a42b2badad3886f08f3ce06 StaticDependenciesID=0f482d3170ecbf9f1678c05bf9c6de6d 
Number of updated asset objects reloaded before import = 0
Number of asset objects unloaded after import = 0
========================================================================
Received Import Request.
  Time of request: 2026-09-06T07:59:51.0481257Z
  Time since last request: 0.0007119 seconds.
  importAddress: GUID: a8aaec50d5ae8d94798cd6a476f5fe37 - Path: Packages/com.unity.cinemachine/Editor/Editors/CinemachineExtensionEditor.cs - Importer: ScriptedImporter/UnityEditor.QuickSearchModule:UnityEditor.Search:ASIAI0B
Importing 'GUID: a8aaec50d5ae8d94798cd6a476f5fe37 - Path: Packages/com.unity.cinemachine/Editor/Editors/CinemachineExtensionEditor.cs - Importer: ScriptedImporter/UnityEditor.QuickSearchModule:UnityEditor.Search:ASIAI0B' with importer (ScriptedImporter : UnityEditor.QuickSearchModule:UnityEditor.Search:ASIAI0B)
Imported 'GUID: a8aaec50d5ae8d94798cd6a476f5fe37' -> (Import Result ID: 'd6edd8830c94e873cc7be9434a2b5801') in 0.004 seconds [static and dynamic dependencies]. Details - ImportResultOutputID=9e6f8527aa55ecd03b1cfb5399cd747c DependenciesID=76338a5dc6454a2a07270845f5589987 StaticDependenciesID=d1b7647f3c050b2e79d1ff916bb669da 
Number of updated asset objects reloaded before import = 0
Number of asset objects unloaded after import = 0
========================================================================
Received Import Request.
  Time of request: 2026-09-06T07:59:51.063316Z
  Time since last request: 0.000566 seconds.
  importAddress: GUID: 602641ea1fd244aaba8015c11565a988 - Path: Packages/com.unity.splines/Editor/Stylesheets/SplineAnimateInspectorLight.uss - Importer: ScriptedImporter/UnityEditor.QuickSearchModule:UnityEditor.Search:ASIAI0B
Importing 'GUID: 602641ea1fd244aaba8015c11565a988 - Path: Packages/com.unity.splines/Editor/Stylesheets/SplineAnimateInspectorLight.uss - Importer: ScriptedImporter/UnityEditor.QuickSearchModule:UnityEditor.Search:ASIAI0B' with importer (ScriptedImporter : UnityEditor.QuickSearchModule:UnityEditor.Search:ASIAI0B)
Imported 'GUID: 602641ea1fd244aaba8015c11565a988' -> (Import Result ID: '6576de5925662796bc9da4b6a0f54a8a') in 0.006 seconds [static and dynamic dependencies]. Details - ImportResultOutputID=2892b97c7d650fa1b3d28bc166b93ffa DependenciesID=2f9b744feb56a6612eef0522b0ff2ff6 StaticDependenciesID=3066f11094d2e9472f3f7837221aed91 
Number of updated asset objects reloaded before import = 0
Number of asset objects unloaded after import = 1
========================================================================
Received Import Request.
  Time of request: 2026-09-06T07:59:51.2692344Z
  Time since last request: 0.1871695 seconds.
  importAddress: GUID: 8b243853b51eeb14694e302b57cb8970 - Path: Packages/com.unity.splines/Editor/Tools/SplineRotateTool.cs - Importer: ScriptedImporter/UnityEditor.QuickSearchModule:UnityEditor.Search:ASIAI0B
Importing 'GUID: 8b243853b51eeb14694e302b57cb8970 - Path: Packages/com.unity.splines/Editor/Tools/SplineRotateTool.cs - Importer: ScriptedImporter/UnityEditor.QuickSearchModule:UnityEditor.Search:ASIAI0B' with importer (ScriptedImporter : UnityEditor.QuickSearchModule:UnityEditor.Search:ASIAI0B)
Imported 'GUID: 8b243853b51eeb14694e302b57cb8970' -> (Import Result ID: 'bcccc46347f5dfdcdc94d98d266d40a2') in 0.004 seconds [static and dynamic dependencies]. Details - ImportResultOutputID=ba7b48b64180df1190aaac1b03b794b5 DependenciesID=6861976a741794d819a7f8689fa5504f StaticDependenciesID=c94c2360df415dbe90363c6292c341a6 
Number of updated asset objects reloaded before import = 0
Number of asset objects unloaded after import = 0
========================================================================
Received Import Request.
  Time of request: 2026-09-06T07:59:51.2872356Z
  Time since last request: 0.0021871 seconds.
  importAddress: GUID: ae3c8f89802f5a242813000e2c3b55a7 - Path: Packages/com.unity.splines/Editor/GUI/ToolbarsOverlays/Float3PropertyField.cs - Importer: ScriptedImporter/UnityEditor.QuickSearchModule:UnityEditor.Search:ASIAI0B
Importing 'GUID: ae3c8f89802f5a242813000e2c3b55a7 - Path: Packages/com.unity.splines/Editor/GUI/ToolbarsOverlays/Float3PropertyField.cs - Importer: ScriptedImporter/UnityEditor.QuickSearchModule:UnityEditor.Search:ASIAI0B' with importer (ScriptedImporter : UnityEditor.QuickSearchModule:UnityEditor.Search:ASIAI0B)
Imported 'GUID: ae3c8f89802f5a242813000e2c3b55a7' -> (Import Result ID: 'f23fe3eaa3d0556824c967d98e51c33b') in 0.003 seconds [static and dynamic dependencies]. Details - ImportResultOutputID=ceb98657fefcbb404ac7daeeb263f54e DependenciesID=699bdd14c9eac0615720fa5a2538029f StaticDependenciesID=8954e517190285f9ebcb59de6c7f26db 
Number of updated asset objects reloaded before import = 0
Number of asset objects unloaded after import = 0
========================================================================
Received Import Request.
  Time of request: 2026-09-06T07:59:51.2997609Z
  Time since last request: 0.0011041 seconds.
  importAddress: GUID: a666097a01ce68b47bef32805c05c7cb - Path: Packages/com.unity.cinemachine/Editor/PropertyDrawers/HideIfNoComponentPropertyDrawer.cs - Importer: ScriptedImporter/UnityEditor.QuickSearchModule:UnityEditor.Search:ASIAI0B
Importing 'GUID: a666097a01ce68b47bef32805c05c7cb - Path: Packages/com.unity.cinemachine/Editor/PropertyDrawers/HideIfNoComponentPropertyDrawer.cs - Importer: ScriptedImporter/UnityEditor.QuickSearchModule:UnityEditor.Search:ASIAI0B' with importer (ScriptedImporter : UnityEditor.QuickSearchModule:UnityEditor.Search:ASIAI0B)
Imported 'GUID: a666097a01ce68b47bef32805c05c7cb' -> (Import Result ID: '0492a94a59de484e203bb87f0c436e1e') in 0.004 seconds [static and dynamic dependencies]. Details - ImportResultOutputID=0738549131d39188dfc4aebc897bfcbf DependenciesID=173608e7b84f87d6f4754dccda1c8d05 StaticDependenciesID=f4ced7979c0cf1e594ec4ef684a63746 
Number of updated asset objects reloaded before import = 0
Number of asset objects unloaded after import = 0
========================================================================
Received Import Request.
  Time of request: 2026-09-06T07:59:51.313122Z
  Time since last request: 0.0007025 seconds.
  importAddress: GUID: b1a97a2b5515f5d49977e7e8add5b7a9 - Path: Packages/com.unity.cinemachine/Editor/Impulse/CinemachineImpulseDefinitionPropertyDrawer.cs - Importer: ScriptedImporter/UnityEditor.QuickSearchModule:UnityEditor.Search:ASIAI0B
Importing 'GUID: b1a97a2b5515f5d49977e7e8add5b7a9 - Path: Packages/com.unity.cinemachine/Editor/Impulse/CinemachineImpulseDefinitionPropertyDrawer.cs - Importer: ScriptedImporter/UnityEditor.QuickSearchModule:UnityEditor.Search:ASIAI0B' with importer (ScriptedImporter : UnityEditor.QuickSearchModule:UnityEditor.Search:ASIAI0B)
Imported 'GUID: b1a97a2b5515f5d49977e7e8add5b7a9' -> (Import Result ID: 'f60aa312e48943b9ffe384983b894210') in 0.003 seconds [static and dynamic dependencies]. Details - ImportResultOutputID=a8c9ac9797ade7f61ad4072db1d79f35 DependenciesID=4f88aced103d4e576e3acfa2373011b5 StaticDependenciesID=092362bea486ddc283607b179d63e667 
Number of updated asset objects reloaded before import = 0
Number of asset objects unloaded after import = 0
========================================================================
Received Import Request.
  Time of request: 2026-09-06T07:59:51.3266539Z
  Time since last request: 0.0014197 seconds.
  importAddress: GUID: c49ef192a57a5af42a728163b2468c8a - Path: Assets/Starter Assets/Sample/FirstPersonController/Playground/ReflectionProbe-2.exr - Importer: ScriptedImporter/UnityEditor.QuickSearchModule:UnityEditor.Search:ASIAI0B
Importing 'GUID: c49ef192a57a5af42a728163b2468c8a - Path: Assets/Starter Assets/Sample/FirstPersonController/Playground/ReflectionProbe-2.exr - Importer: ScriptedImporter/UnityEditor.QuickSearchModule:UnityEditor.Search:ASIAI0B' with importer (ScriptedImporter : UnityEditor.QuickSearchModule:UnityEditor.Search:ASIAI0B)
Imported 'GUID: c49ef192a57a5af42a728163b2468c8a' -> (Import Result ID: '3e37a1aa9ba9049798d0fc2e0641e694') in 0.010 seconds [static and dynamic dependencies]. Details - ImportResultOutputID=6fd5c04c01ab65136a7fe2c2719ea550 DependenciesID=cfe63b24d5dcf69bb895f8db310698c4 StaticDependenciesID=c05fb6a873dc7eba2ee7e2079e1ae2df 
Number of updated asset objects reloaded before import = 0
Number of asset objects unloaded after import = 1
========================================================================
Received Import Request.
  Time of request: 2026-09-06T07:59:51.3464692Z
  Time since last request: 0.0006485 seconds.
  importAddress: GUID: 7e0223e1d3e1733499accfa5ebffb67e - Path: Assets/Starter Assets/Sample/Environment/Art/Models/Stairs_650_400_300_Mesh.fbx - Importer: ScriptedImporter/UnityEditor.QuickSearchModule:UnityEditor.Search:ASIAI0B
Importing 'GUID: 7e0223e1d3e1733499accfa5ebffb67e - Path: Assets/Starter Assets/Sample/Environment/Art/Models/Stairs_650_400_300_Mesh.fbx - Importer: ScriptedImporter/UnityEditor.QuickSearchModule:UnityEditor.Search:ASIAI0B' with importer (ScriptedImporter : UnityEditor.QuickSearchModule:UnityEditor.Search:ASIAI0B)
Imported 'GUID: 7e0223e1d3e1733499accfa5ebffb67e' -> (Import Result ID: '1dc4a4f7622a1f71b548f30cbbe2d3f6') in 0.009 seconds [static and dynamic dependencies]. Details - ImportResultOutputID=8981cb57270d33ff66d9543deb94122d DependenciesID=0f8bf62cbed5b39a96eaa515d6d5d307 StaticDependenciesID=dead2b5f1ec07d7a5ac8791751bce322 
Number of updated asset objects reloaded before import = 0
Number of asset objects unloaded after import = 17
========================================================================
Received Import Request.
  Time of request: 2026-09-06T07:59:51.366735Z
  Time since last request: 0.0007482 seconds.
  importAddress: GUID: 014bdaee1f9322e4aab0358e6f7e3959 - Path: Packages/com.unity.splines/Runtime/ISplineProvider.cs - Importer: ScriptedImporter/UnityEditor.QuickSearchModule:UnityEditor.Search:ASIAI0B
Importing 'GUID: 014bdaee1f9322e4aab0358e6f7e3959 - Path: Packages/com.unity.splines/Runtime/ISplineProvider.cs - Importer: ScriptedImporter/UnityEditor.QuickSearchModule:UnityEditor.Search:ASIAI0B' with importer (ScriptedImporter : UnityEditor.QuickSearchModule:UnityEditor.Search:ASIAI0B)
Imported 'GUID: 014bdaee1f9322e4aab0358e6f7e3959' -> (Import Result ID: 'cca21618457a858fce6f9080814c50a3') in 0.003 seconds [static and dynamic dependencies]. Details - ImportResultOutputID=914ab8677caebfedab92d4d0b9ae90bb DependenciesID=5745fb33966f574f87c49c2840944cc0 StaticDependenciesID=628337523cf848b7cfcaec5c0813db7f 
Number of updated asset objects reloaded before import = 0
Number of asset objects unloaded after import = 0
========================================================================
Received Import Request.
  Time of request: 2026-09-06T07:59:51.3795308Z
  Time since last request: 0.00043 seconds.
  importAddress: GUID: a52f5403392ac46e991381bec69935a7 - Path: Packages/com.unity.splines/Editor/Editor Resources/Icons/AutoSmoothKnot On.png - Importer: ScriptedImporter/UnityEditor.QuickSearchModule:UnityEditor.Search:ASIAI0B
Importing 'GUID: a52f5403392ac46e991381bec69935a7 - Path: Packages/com.unity.splines/Editor/Editor Resources/Icons/AutoSmoothKnot On.png - Importer: ScriptedImporter/UnityEditor.QuickSearchModule:UnityEditor.Search:ASIAI0B' with importer (ScriptedImporter : UnityEditor.QuickSearchModule:UnityEditor.Search:ASIAI0B)
Imported 'GUID: a52f5403392ac46e991381bec69935a7' -> (Import Result ID: 'f55c8219ec02ceb798939013069f090a') in 0.006 seconds [static and dynamic dependencies]. Details - ImportResultOutputID=34c4ff1ea3c844e3cd07fa93e1a5a3e8 DependenciesID=10ec8f3e303c5471056bf1a73dc0d820 StaticDependenciesID=a390d14e9ca7ad3268cddb72479564e8 
Number of updated asset objects reloaded before import = 0
Number of asset objects unloaded after import = 1
========================================================================
Received Import Request.
  Time of request: 2026-09-06T07:59:51.6264Z
  Time since last request: 0.2296265 seconds.
  importAddress: GUID: b0da2494b9f846808b9175a7333f72dc - Path: Packages/com.unity.splines/Runtime/NativeSpline.cs - Importer: ScriptedImporter/UnityEditor.QuickSearchModule:UnityEditor.Search:ASIAI0B
Importing 'GUID: b0da2494b9f846808b9175a7333f72dc - Path: Packages/com.unity.splines/Runtime/NativeSpline.cs - Importer: ScriptedImporter/UnityEditor.QuickSearchModule:UnityEditor.Search:ASIAI0B' with importer (ScriptedImporter : UnityEditor.QuickSearchModule:UnityEditor.Search:ASIAI0B)
Imported 'GUID: b0da2494b9f846808b9175a7333f72dc' -> (Import Result ID: 'c49f3ae07141343fd3e7fb0815376ce1') in 0.004 seconds [static and dynamic dependencies]. Details - ImportResultOutputID=8aa3dce6c583a55020ddd18cda2407fd DependenciesID=1224b52731795dc89fceec72a75e5216 StaticDependenciesID=e7285250a613531d98ade274337b1750 
Number of updated asset objects reloaded before import = 0
Number of asset objects unloaded after import = 0
========================================================================
Received Import Request.
  Time of request: 2026-09-06T07:59:51.6401211Z
  Time since last request: 0.0004991 seconds.
  importAddress: GUID: b8d7679189d4a5940af46004f3870920 - Path: Assets/Starter Assets/Sample/Environment/Shaders/URP_HDRP_ShaderGraph/UrpTriplanar.shadergraph - Importer: ScriptedImporter/UnityEditor.QuickSearchModule:UnityEditor.Search:ASIAI0B
Importing 'GUID: b8d7679189d4a5940af46004f3870920 - Path: Assets/Starter Assets/Sample/Environment/Shaders/URP_HDRP_ShaderGraph/UrpTriplanar.shadergraph - Importer: ScriptedImporter/UnityEditor.QuickSearchModule:UnityEditor.Search:ASIAI0B' with importer (ScriptedImporter : UnityEditor.QuickSearchModule:UnityEditor.Search:ASIAI0B)
Imported 'GUID: b8d7679189d4a5940af46004f3870920' -> (Import Result ID: '4d3acdf3666adb7005e85e7282759282') in 0.167 seconds [static and dynamic dependencies]. Details - ImportResultOutputID=e85ffc9f679872b3efc2c93d3aa03edc DependenciesID=4035f54fca783d01777d1d173e86af1f StaticDependenciesID=b98c9bf4fcde735830948c277e312a14 
Number of updated asset objects reloaded before import = 0
Number of asset objects unloaded after import = 6
========================================================================
Received Import Request.
  Time of request: 2026-09-06T07:59:51.8185279Z
  Time since last request: 0.0003902 seconds.
  importAddress: GUID: ae2b1a5ceb8161842831f6637cd5f0df - Path: Packages/com.unity.cinemachine/Editor/PropertyDrawers/EmbeddedBlenderSettingsPropertyDrawer.cs - Importer: ScriptedImporter/UnityEditor.QuickSearchModule:UnityEditor.Search:ASIAI0B
Importing 'GUID: ae2b1a5ceb8161842831f6637cd5f0df - Path: Packages/com.unity.cinemachine/Editor/PropertyDrawers/EmbeddedBlenderSettingsPropertyDrawer.cs - Importer: ScriptedImporter/UnityEditor.QuickSearchModule:UnityEditor.Search:ASIAI0B' with importer (ScriptedImporter : UnityEditor.QuickSearchModule:UnityEditor.Search:ASIAI0B)
Imported 'GUID: ae2b1a5ceb8161842831f6637cd5f0df' -> (Import Result ID: 'c0f8c865dddc15e89fa1700c2bff235f') in 0.005 seconds [static and dynamic dependencies]. Details - ImportResultOutputID=e717381987133fabad11cf76240d2599 DependenciesID=c860bb19cd9640326f87412871223468 StaticDependenciesID=35fd165bc9ad103574061f16ee14168b 
Number of updated asset objects reloaded before import = 0
Number of asset objects unloaded after import = 0
========================================================================
Received Import Request.
  Time of request: 2026-09-06T07:59:51.835563Z
  Time since last request: 0.0004233 seconds.
  importAddress: GUID: 2409454fa7d96184c8d17b932bcdc5d5 - Path: Packages/com.unity.cinemachine/Runtime/Input - Importer: ScriptedImporter/UnityEditor.QuickSearchModule:UnityEditor.Search:ASIAI0B
Importing 'GUID: 2409454fa7d96184c8d17b932bcdc5d5 - Path: Packages/com.unity.cinemachine/Runtime/Input - Importer: ScriptedImporter/UnityEditor.QuickSearchModule:UnityEditor.Search:ASIAI0B' with importer (ScriptedImporter : UnityEditor.QuickSearchModule:UnityEditor.Search:ASIAI0B)
Imported 'GUID: 2409454fa7d96184c8d17b932bcdc5d5' -> (Import Result ID: '4e9d02fcfe05d22a473f90a50c88a858') in 0.004 seconds [static and dynamic dependencies]. Details - ImportResultOutputID=11266cc82830e2ed29f6a47a88df0d86 DependenciesID=b3f707d6b310fd520871f056b7b360c4 StaticDependenciesID=13596f65aa4983401648ee64b62d9b85 
Number of updated asset objects reloaded before import = 0
Number of asset objects unloaded after import = 1
========================================================================
Received Import Request.
  Time of request: 2026-09-06T07:59:51.8503562Z
  Time since last request: 0.0004155 seconds.
  importAddress: GUID: af0ae2dbf3d1efb4f82af377950704a2 - Path: Assets/Starter Assets/Runtime/Mobile/UI/Images/UI_Icon_Look.png - Importer: ScriptedImporter/UnityEditor.QuickSearchModule:UnityEditor.Search:ASIAI0B
Importing 'GUID: af0ae2dbf3d1efb4f82af377950704a2 - Path: Assets/Starter Assets/Runtime/Mobile/UI/Images/UI_Icon_Look.png - Importer: ScriptedImporter/UnityEditor.QuickSearchModule:UnityEditor.Search:ASIAI0B' with importer (ScriptedImporter : UnityEditor.QuickSearchModule:UnityEditor.Search:ASIAI0B)
Imported 'GUID: af0ae2dbf3d1efb4f82af377950704a2' -> (Import Result ID: 'ac5a2b6988927cf38b0ffa4b21cca508') in 0.016 seconds [static and dynamic dependencies]. Details - ImportResultOutputID=adc258dfabeb68d5ed6c045326d4cac3 DependenciesID=ebda3ad8ae38a0efc406b4fb1ff56758 StaticDependenciesID=132da3a744773c859d9a9b93ba8c91e1 
Number of updated asset objects reloaded before import = 0
Number of asset objects unloaded after import = 3
========================================================================
Received Import Request.
  Time of request: 2026-09-06T07:59:51.8771013Z
  Time since last request: 0.0003396 seconds.
  importAddress: GUID: 8ca134f3775ab504686258c3e27322cb - Path: Packages/com.unity.cinemachine/Runtime/Deprecated/LegacyLensSettings.cs - Importer: ScriptedImporter/UnityEditor.QuickSearchModule:UnityEditor.Search:ASIAI0B
Importing 'GUID: 8ca134f3775ab504686258c3e27322cb - Path: Packages/com.unity.cinemachine/Runtime/Deprecated/LegacyLensSettings.cs - Importer: ScriptedImporter/UnityEditor.QuickSearchModule:UnityEditor.Search:ASIAI0B' with importer (ScriptedImporter : UnityEditor.QuickSearchModule:UnityEditor.Search:ASIAI0B)
Imported 'GUID: 8ca134f3775ab504686258c3e27322cb' -> (Import Result ID: 'f034de832d98716ccfcd0aa552942d8a') in 0.005 seconds [static and dynamic dependencies]. Details - ImportResultOutputID=5fd79babade913ab9f870ee28b0496fc DependenciesID=846aaba5c8f267def088867d62d5a01d StaticDependenciesID=2c089d923a19b4939415fd17b888635e 
Number of updated asset objects reloaded before import = 0
Number of asset objects unloaded after import = 0
========================================================================
Received Import Request.
  Time of request: 2026-09-06T07:59:51.8932111Z
  Time since last request: 0.000951 seconds.
  importAddress: GUID: eb146aa65c3e4768bb8e02d69185a3ae - Path: Packages/com.unity.splines/Runtime/BezierKnot.cs - Importer: ScriptedImporter/UnityEditor.QuickSearchModule:UnityEditor.Search:ASIAI0B
Importing 'GUID: eb146aa65c3e4768bb8e02d69185a3ae - Path: Packages/com.unity.splines/Runtime/BezierKnot.cs - Importer: ScriptedImporter/UnityEditor.QuickSearchModule:UnityEditor.Search:ASIAI0B' with importer (ScriptedImporter : UnityEditor.QuickSearchModule:UnityEditor.Search:ASIAI0B)
Imported 'GUID: eb146aa65c3e4768bb8e02d69185a3ae' -> (Import Result ID: 'cf8d8f95461832a6afdedcbc7442916b') in 0.004 seconds [static and dynamic dependencies]. Details - ImportResultOutputID=e90c86461773a2fe118a8ebc48ec8592 DependenciesID=8016057f0e17af23e6c2443520039105 StaticDependenciesID=15fbe83ec9c2e67efecf032a53106f10 
Number of updated asset objects reloaded before import = 0
Number of asset objects unloaded after import = 0
========================================================================
Received Import Request.
  Time of request: 2026-09-06T07:59:51.9084745Z
  Time since last request: 0.0003732 seconds.
  importAddress: GUID: 14d1d515dbdfb4206ae3afd891bf975b - Path: Assets/Starter Assets/Sample/Environment/RenderPipelineProfiles/StarterAssetsURPRenderer.asset - Importer: ScriptedImporter/UnityEditor.QuickSearchModule:UnityEditor.Search:ASIAI0B
Importing 'GUID: 14d1d515dbdfb4206ae3afd891bf975b - Path: Assets/Starter Assets/Sample/Environment/RenderPipelineProfiles/StarterAssetsURPRenderer.asset - Importer: ScriptedImporter/UnityEditor.QuickSearchModule:UnityEditor.Search:ASIAI0B' with importer (ScriptedImporter : UnityEditor.QuickSearchModule:UnityEditor.Search:ASIAI0B)
Imported 'GUID: 14d1d515dbdfb4206ae3afd891bf975b' -> (Import Result ID: '42581cd5ded882a9bc572d090c3ecbb4') in 0.006 seconds [static and dynamic dependencies]. Details - ImportResultOutputID=309072114e9bdaf7ce9b415985095c01 DependenciesID=2b900a3cced5aa7e9599643b7b662456 StaticDependenciesID=3433b7103e475d9fad0d7e63aaa7a9aa 
Number of updated asset objects reloaded before import = 0
Number of asset objects unloaded after import = 1
========================================================================
Received Import Request.
  Time of request: 2026-09-06T07:59:51.9254188Z
  Time since last request: 0.0006536 seconds.
  importAddress: GUID: f3e99075e258cf04898636e5e72ec3e5 - Path: Packages/com.unity.splines/Editor/GUI/Editors/KnotPropertyDrawer.cs - Importer: ScriptedImporter/UnityEditor.QuickSearchModule:UnityEditor.Search:ASIAI0B
Importing 'GUID: f3e99075e258cf04898636e5e72ec3e5 - Path: Packages/com.unity.splines/Editor/GUI/Editors/KnotPropertyDrawer.cs - Importer: ScriptedImporter/UnityEditor.QuickSearchModule:UnityEditor.Search:ASIAI0B' with importer (ScriptedImporter : UnityEditor.QuickSearchModule:UnityEditor.Search:ASIAI0B)
Imported 'GUID: f3e99075e258cf04898636e5e72ec3e5' -> (Import Result ID: '02d402c435f2f2c715a55e99ccfc8864') in 0.004 seconds [static and dynamic dependencies]. Details - ImportResultOutputID=ef91ef01258e2865d1b5e0be211363d2 DependenciesID=98e153e6080f00ddbdff6b4af3f8e13b StaticDependenciesID=1cd7ce893824c6c00938a5ae0d94aba0 
Number of updated asset objects reloaded before import = 0
Number of asset objects unloaded after import = 0
========================================================================
Received Import Request.
  Time of request: 2026-09-06T07:59:51.9413276Z
  Time since last request: 0.0004749 seconds.
  importAddress: GUID: e46ac8d61dc065848bd5a1aa7cd8c006 - Path: Packages/com.unity.cinemachine/Runtime/Helpers/CinemachineTriggerAction.cs - Importer: ScriptedImporter/UnityEditor.QuickSearchModule:UnityEditor.Search:ASIAI0B
Importing 'GUID: e46ac8d61dc065848bd5a1aa7cd8c006 - Path: Packages/com.unity.cinemachine/Runtime/Helpers/CinemachineTriggerAction.cs - Importer: ScriptedImporter/UnityEditor.QuickSearchModule:UnityEditor.Search:ASIAI0B' with importer (ScriptedImporter : UnityEditor.QuickSearchModule:UnityEditor.Search:ASIAI0B)
Imported 'GUID: e46ac8d61dc065848bd5a1aa7cd8c006' -> (Import Result ID: '938623ca18b86556cf818a8f280aa6f8') in 0.005 seconds [static and dynamic dependencies]. Details - ImportResultOutputID=7f9049968d0c8031a91e9a11e0c94e09 DependenciesID=806c463a32335840465ddb3689ab4ff9 StaticDependenciesID=755d6f6e7f713075114ad4508d98ebf6 
Number of updated asset objects reloaded before import = 0
Number of asset objects unloaded after import = 0
========================================================================
Received Import Request.
  Time of request: 2026-09-06T07:59:51.9601249Z
  Time since last request: 0.0007351 seconds.
  importAddress: GUID: 21046f374a25c0845adf5880bccdb30c - Path: Assets/Starter Assets/Runtime/Unity.StarterAssets.asmdef - Importer: ScriptedImporter/UnityEditor.QuickSearchModule:UnityEditor.Search:ASIAI0B
Importing 'GUID: 21046f374a25c0845adf5880bccdb30c - Path: Assets/Starter Assets/Runtime/Unity.StarterAssets.asmdef - Importer: ScriptedImporter/UnityEditor.QuickSearchModule:UnityEditor.Search:ASIAI0B' with importer (ScriptedImporter : UnityEditor.QuickSearchModule:UnityEditor.Search:ASIAI0B)
Imported 'GUID: 21046f374a25c0845adf5880bccdb30c' -> (Import Result ID: '75e902aa8a0cb8eff563e2a55debec1d') in 0.005 seconds [static and dynamic dependencies]. Details - ImportResultOutputID=51227b0bf2a6123892d0e9976c9a0d34 DependenciesID=0cab772d86644b4b2c9b1cc0af9dea05 StaticDependenciesID=653487c194d57b1257ed00c4dc9e44c5 
Number of updated asset objects reloaded before import = 0
Number of asset objects unloaded after import = 1
========================================================================
Received Import Request.
  Time of request: 2026-09-06T07:59:51.9875501Z
  Time since last request: 0.0115021 seconds.
  importAddress: GUID: d96dfe6cb862ab34894ef767abef2e84 - Path: Packages/com.unity.splines/Editor/Editor Resources - Importer: ScriptedImporter/UnityEditor.QuickSearchModule:UnityEditor.Search:ASIAI0B
Importing 'GUID: d96dfe6cb862ab34894ef767abef2e84 - Path: Packages/com.unity.splines/Editor/Editor Resources - Importer: ScriptedImporter/UnityEditor.QuickSearchModule:UnityEditor.Search:ASIAI0B' with importer (ScriptedImporter : UnityEditor.QuickSearchModule:UnityEditor.Search:ASIAI0B)
Imported 'GUID: d96dfe6cb862ab34894ef767abef2e84' -> (Import Result ID: 'ff115cfdc92d8be1a0d27176dce29a4e') in 0.003 seconds [static and dynamic dependencies]. Details - ImportResultOutputID=24c3b39efb74a4ac32247402be62af37 DependenciesID=cfcbe86c458b1e645df1065763349ea0 StaticDependenciesID=d735cdc06004b5f1046085fb444286cc 
Number of updated asset objects reloaded before import = 0
Number of asset objects unloaded after import = 1
========================================================================
Received Import Request.
  Time of request: 2026-09-06T07:59:52.0010416Z
  Time since last request: 0.0009697 seconds.
  importAddress: GUID: 6ad980451443d70438faac0bc6c235a0 - Path: Packages/com.unity.cinemachine/Runtime/Deprecated/CinemachineFramingTransposer.cs - Importer: ScriptedImporter/UnityEditor.QuickSearchModule:UnityEditor.Search:ASIAI0B
Importing 'GUID: 6ad980451443d70438faac0bc6c235a0 - Path: Packages/com.unity.cinemachine/Runtime/Deprecated/CinemachineFramingTransposer.cs - Importer: ScriptedImporter/UnityEditor.QuickSearchModule:UnityEditor.Search:ASIAI0B' with importer (ScriptedImporter : UnityEditor.QuickSearchModule:UnityEditor.Search:ASIAI0B)
Imported 'GUID: 6ad980451443d70438faac0bc6c235a0' -> (Import Result ID: '2709f13163e094adb63729136bb1fa02') in 0.004 seconds [static and dynamic dependencies]. Details - ImportResultOutputID=e62ecaa55de532bdb2ae244b88be691c DependenciesID=67dbf33abd339db3ebb4dd181ae59c95 StaticDependenciesID=182d827ef602162e9bfbb53cc659c6d3 
Number of updated asset objects reloaded before import = 0
Number of asset objects unloaded after import = 0
========================================================================
Received Import Request.
  Time of request: 2026-09-06T07:59:52.0154826Z
  Time since last request: 0.0002688 seconds.
  importAddress: GUID: 9cd1a769fbb1d1c47b4c22a04a64fa5f - Path: Packages/com.unity.cinemachine/Editor/Impulse/CinemachineCollisionImpulseSourceEditor.cs - Importer: ScriptedImporter/UnityEditor.QuickSearchModule:UnityEditor.Search:ASIAI0B
Importing 'GUID: 9cd1a769fbb1d1c47b4c22a04a64fa5f - Path: Packages/com.unity.cinemachine/Editor/Impulse/CinemachineCollisionImpulseSourceEditor.cs - Importer: ScriptedImporter/UnityEditor.QuickSearchModule:UnityEditor.Search:ASIAI0B' with importer (ScriptedImporter : UnityEditor.QuickSearchModule:UnityEditor.Search:ASIAI0B)
Imported 'GUID: 9cd1a769fbb1d1c47b4c22a04a64fa5f' -> (Import Result ID: 'a96f03a59ffd536b32a77eecd26f985e') in 0.004 seconds [static and dynamic dependencies]. Details - ImportResultOutputID=8c3decbfce18a2398fb047bd7e5c5822 DependenciesID=cfd40dc69a0cb41d4eaf39bcf077896b StaticDependenciesID=89f5129dc99fd2cbf7a2338620204abc 
Number of updated asset objects reloaded before import = 0
Number of asset objects unloaded after import = 0
========================================================================
Received Import Request.
  Time of request: 2026-09-06T07:59:52.0313934Z
  Time since last request: 0.0012222 seconds.
  importAddress: GUID: 5737da4b5db2be640adcc9bb3360aa91 - Path: Packages/com.unity.splines/Editor/GUI/ToolbarsOverlays/SplineInspectorOverlay.cs - Importer: ScriptedImporter/UnityEditor.QuickSearchModule:UnityEditor.Search:ASIAI0B
Importing 'GUID: 5737da4b5db2be640adcc9bb3360aa91 - Path: Packages/com.unity.splines/Editor/GUI/ToolbarsOverlays/SplineInspectorOverlay.cs - Importer: ScriptedImporter/UnityEditor.QuickSearchModule:UnityEditor.Search:ASIAI0B' with importer (ScriptedImporter : UnityEditor.QuickSearchModule:UnityEditor.Search:ASIAI0B)
Imported 'GUID: 5737da4b5db2be640adcc9bb3360aa91' -> (Import Result ID: '46d141311c4c7a17743ca05f14d8a112') in 0.003 seconds [static and dynamic dependencies]. Details - ImportResultOutputID=bbe21c9b4bd390f6da1f68d7b38d3766 DependenciesID=d89dba7cc29fae7f30606fcd285ba4a7 StaticDependenciesID=afef089657c6dc7854d26e69e6885655 
Number of updated asset objects reloaded before import = 0
Number of asset objects unloaded after import = 0
========================================================================
Received Import Request.
  Time of request: 2026-09-06T07:59:52.046016Z
  Time since last request: 0.0008093 seconds.
  importAddress: GUID: 9b17d23c06da64c139386c53a0b59281 - Path: Packages/com.unity.splines/Editor/Components/SplineContainerEditor.cs - Importer: ScriptedImporter/UnityEditor.QuickSearchModule:UnityEditor.Search:ASIAI0B
Importing 'GUID: 9b17d23c06da64c139386c53a0b59281 - Path: Packages/com.unity.splines/Editor/Components/SplineContainerEditor.cs - Importer: ScriptedImporter/UnityEditor.QuickSearchModule:UnityEditor.Search:ASIAI0B' with importer (ScriptedImporter : UnityEditor.QuickSearchModule:UnityEditor.Search:ASIAI0B)
Imported 'GUID: 9b17d23c06da64c139386c53a0b59281' -> (Import Result ID: 'bb63d70719b574db878a57623bc39b8a') in 0.004 seconds [static and dynamic dependencies]. Details - ImportResultOutputID=8a1c0a70ce137d4ea412082238d0e687 DependenciesID=01e3a9a2ad09f5f975bdbd3a1e78cbbc StaticDependenciesID=31e9503a8509d66c34b5c32fa15e6333 
Number of updated asset objects reloaded before import = 0
Number of asset objects unloaded after import = 0
========================================================================
Received Import Request.
  Time of request: 2026-09-06T07:59:52.0624489Z
  Time since last request: 0.0004681 seconds.
  importAddress: GUID: f7a3b83d4996a5c4cba55bdeda5d9c72 - Path: Assets/Starter Assets/Runtime/SpaceRobotKyle/Prefabs/RobotKyle.prefab - Importer: ScriptedImporter/UnityEditor.QuickSearchModule:UnityEditor.Search:ASIAI0B
Importing 'GUID: f7a3b83d4996a5c4cba55bdeda5d9c72 - Path: Assets/Starter Assets/Runtime/SpaceRobotKyle/Prefabs/RobotKyle.prefab - Importer: ScriptedImporter/UnityEditor.QuickSearchModule:UnityEditor.Search:ASIAI0B' with importer (ScriptedImporter : UnityEditor.QuickSearchModule:UnityEditor.Search:ASIAI0B)
Imported 'GUID: f7a3b83d4996a5c4cba55bdeda5d9c72' -> (Import Result ID: '281dda06bcc51c28e61d3235af5d3210') in 0.214 seconds [static and dynamic dependencies]. Details - ImportResultOutputID=4e9d59332e7466d6029d7729d93aa384 DependenciesID=fb312d9d48258eed3e00a3e28fcafc22 StaticDependenciesID=b73e92472692a2bebe0787942570f527 
Number of updated asset objects reloaded before import = 0
Number of asset objects unloaded after import = 298
========================================================================
Received Import Request.
  Time of request: 2026-09-06T07:59:52.2898733Z
  Time since last request: 0.0000337 seconds.
  importAddress: GUID: 1a91fcd19acf1e54bba0945d9f390849 - Path: Assets/Starter Assets/Runtime/ThirdPersonController/Character/Sfx/Player_Footstep_04.wav - Importer: ScriptedImporter/UnityEditor.QuickSearchModule:UnityEditor.Search:ASIAI0B
Importing 'GUID: 1a91fcd19acf1e54bba0945d9f390849 - Path: Assets/Starter Assets/Runtime/ThirdPersonController/Character/Sfx/Player_Footstep_04.wav - Importer: ScriptedImporter/UnityEditor.QuickSearchModule:UnityEditor.Search:ASIAI0B' with importer (ScriptedImporter : UnityEditor.QuickSearchModule:UnityEditor.Search:ASIAI0B)
Imported 'GUID: 1a91fcd19acf1e54bba0945d9f390849' -> (Import Result ID: 'ae3dd26cdb47ace24d0af9be27ba4b42') in 0.011 seconds [static and dynamic dependencies]. Details - ImportResultOutputID=7ad479f7540a48cab935d708ad8ef93b DependenciesID=2eb093998548ab985e4f5f1b1634d942 StaticDependenciesID=47309d143e82a9813d84b7ab8116b539 
Number of updated asset objects reloaded before import = 0
Number of asset objects unloaded after import = 1
========================================================================
Received Import Request.
  Time of request: 2026-09-06T07:59:52.3136255Z
  Time since last request: 0.0004356 seconds.
  importAddress: GUID: 44d70cc20219cd84593f67d248eafe36 - Path: Packages/com.unity.cinemachine/Runtime/Behaviours/CinemachineCameraOffset.cs - Importer: ScriptedImporter/UnityEditor.QuickSearchModule:UnityEditor.Search:ASIAI0B
Importing 'GUID: 44d70cc20219cd84593f67d248eafe36 - Path: Packages/com.unity.cinemachine/Runtime/Behaviours/CinemachineCameraOffset.cs - Importer: ScriptedImporter/UnityEditor.QuickSearchModule:UnityEditor.Search:ASIAI0B' with importer (ScriptedImporter : UnityEditor.QuickSearchModule:UnityEditor.Search:ASIAI0B)
Imported 'GUID: 44d70cc20219cd84593f67d248eafe36' -> (Import Result ID: '92517e8f53cb1c0c0da01d3a9756de2f') in 0.006 seconds [static and dynamic dependencies]. Details - ImportResultOutputID=78724bf016160e01db267d4a563c023f DependenciesID=1018a4191ecf904b5e6c81bf442e8be5 StaticDependenciesID=9f3fa489b0420aa3d4579ce4a167bb20 
Number of updated asset objects reloaded before import = 0
Number of asset objects unloaded after import = 1
========================================================================
Received Import Request.
  Time of request: 2026-09-06T07:59:52.3301206Z
  Time since last request: 0.0006486 seconds.
  importAddress: GUID: 1c987ba0c29c30143b692b275a4ca2d0 - Path: Packages/com.unity.cinemachine/Runtime/Core/SplineAutoDolly.cs - Importer: ScriptedImporter/UnityEditor.QuickSearchModule:UnityEditor.Search:ASIAI0B
Importing 'GUID: 1c987ba0c29c30143b692b275a4ca2d0 - Path: Packages/com.unity.cinemachine/Runtime/Core/SplineAutoDolly.cs - Importer: ScriptedImporter/UnityEditor.QuickSearchModule:UnityEditor.Search:ASIAI0B' with importer (ScriptedImporter : UnityEditor.QuickSearchModule:UnityEditor.Search:ASIAI0B)
Imported 'GUID: 1c987ba0c29c30143b692b275a4ca2d0' -> (Import Result ID: 'e9cd63aedf1bc22a90bcd75d7fc0eacf') in 0.004 seconds [static and dynamic dependencies]. Details - ImportResultOutputID=da242eaeae5855dbefe5257169b7254d DependenciesID=e0a3669ea9174c74ca611d5200ca06da StaticDependenciesID=67a7f32274b37eb89390652d8e1effde 
Number of updated asset objects reloaded before import = 0
Number of asset objects unloaded after import = 0
========================================================================
Received Import Request.
  Time of request: 2026-09-06T07:59:52.3465678Z
  Time since last request: 0.0004001 seconds.
  importAddress: GUID: 97db6026b4154fbf97b957dd2137810d - Path: Packages/com.unity.splines/Editor/GUI/SplineDataConversionWindow.cs - Importer: ScriptedImporter/UnityEditor.QuickSearchModule:UnityEditor.Search:ASIAI0B
Importing 'GUID: 97db6026b4154fbf97b957dd2137810d - Path: Packages/com.unity.splines/Editor/GUI/SplineDataConversionWindow.cs - Importer: ScriptedImporter/UnityEditor.QuickSearchModule:UnityEditor.Search:ASIAI0B' with importer (ScriptedImporter : UnityEditor.QuickSearchModule:UnityEditor.Search:ASIAI0B)
Imported 'GUID: 97db6026b4154fbf97b957dd2137810d' -> (Import Result ID: 'e116aabcf8b1fec2b456da78e284a2c7') in 0.004 seconds [static and dynamic dependencies]. Details - ImportResultOutputID=e4fa664ed295431ad4a048213c5ff4d0 DependenciesID=583b9a3409872f8a1aae25bacfc8c4af StaticDependenciesID=fed7047b7cee56f489e5a20df17fdeb0 
Number of updated asset objects reloaded before import = 0
Number of asset objects unloaded after import = 0
========================================================================
Received Import Request.
  Time of request: 2026-09-06T07:59:52.3624299Z
  Time since last request: 0.0006596 seconds.
  importAddress: GUID: a5969901aa40942499363f92e3787110 - Path: Packages/com.unity.cinemachine/Runtime/Impulse/CinemachineFixedSignal.cs - Importer: ScriptedImporter/UnityEditor.QuickSearchModule:UnityEditor.Search:ASIAI0B
Importing 'GUID: a5969901aa40942499363f92e3787110 - Path: Packages/com.unity.cinemachine/Runtime/Impulse/CinemachineFixedSignal.cs - Importer: ScriptedImporter/UnityEditor.QuickSearchModule:UnityEditor.Search:ASIAI0B' with importer (ScriptedImporter : UnityEditor.QuickSearchModule:UnityEditor.Search:ASIAI0B)
Imported 'GUID: a5969901aa40942499363f92e3787110' -> (Import Result ID: '1e71df19cb7e935e3b1b6d2b7e663fd6') in 0.004 seconds [static and dynamic dependencies]. Details - ImportResultOutputID=a138a510fb0ab077020b0b5f97659d5f DependenciesID=73bb4b18db94fabcf5538e5bfa151d20 StaticDependenciesID=a96719eed04c59743113c278eb73696c 
Number of updated asset objects reloaded before import = 0
Number of asset objects unloaded after import = 0
========================================================================
Received Import Request.
  Time of request: 2026-09-06T07:59:52.3772755Z
  Time since last request: 0.0004712 seconds.
  importAddress: GUID: 2a47d279b040e40478c5fd28969dd431 - Path: Packages/com.unity.cinemachine/Editor/EditorResources/Icons - Importer: ScriptedImporter/UnityEditor.QuickSearchModule:UnityEditor.Search:ASIAI0B
Importing 'GUID: 2a47d279b040e40478c5fd28969dd431 - Path: Packages/com.unity.cinemachine/Editor/EditorResources/Icons - Importer: ScriptedImporter/UnityEditor.QuickSearchModule:UnityEditor.Search:ASIAI0B' with importer (ScriptedImporter : UnityEditor.QuickSearchModule:UnityEditor.Search:ASIAI0B)
Imported 'GUID: 2a47d279b040e40478c5fd28969dd431' -> (Import Result ID: '7383de56e10a3a852f39af9a260ef8d4') in 0.004 seconds [static and dynamic dependencies]. Details - ImportResultOutputID=a0660c058b491bec07bedb4c0c8475ae DependenciesID=728a0be6e37530686e219884345e3c73 StaticDependenciesID=34e7990622d793140fc147ca923d9a64 
Number of updated asset objects reloaded before import = 0
Number of asset objects unloaded after import = 1
========================================================================
Received Import Request.
  Time of request: 2026-09-06T07:59:52.3933363Z
  Time since last request: 0.0004133 seconds.
  importAddress: GUID: df9aec944f4474a04847b6d6375e4138 - Path: Packages/com.unity.cinemachine/Runtime/Debug/CinemachineRuntimeTheme.tss - Importer: ScriptedImporter/UnityEditor.QuickSearchModule:UnityEditor.Search:ASIAI0B
Importing 'GUID: df9aec944f4474a04847b6d6375e4138 - Path: Packages/com.unity.cinemachine/Runtime/Debug/CinemachineRuntimeTheme.tss - Importer: ScriptedImporter/UnityEditor.QuickSearchModule:UnityEditor.Search:ASIAI0B' with importer (ScriptedImporter : UnityEditor.QuickSearchModule:UnityEditor.Search:ASIAI0B)
Imported 'GUID: df9aec944f4474a04847b6d6375e4138' -> (Import Result ID: 'd91ad3c82ae9f9eaa33d1682e0ed2c7f') in 0.029 seconds [static and dynamic dependencies]. Details - ImportResultOutputID=4ee4beee1892c1647745f9e4bcca9ff9 DependenciesID=1a8406a586d81784d1849d246e125b99 StaticDependenciesID=46208404dffcc1097fecff4c93c0f50c 
Number of updated asset objects reloaded before import = 0
Number of asset objects unloaded after import = 25
========================================================================
Received Import Request.
  Time of request: 2026-09-06T07:59:52.4351581Z
  Time since last request: 0.0003335 seconds.
  importAddress: GUID: aa8fca85e6e850a418db66582b4d99dd - Path: Packages/com.unity.cinemachine/Runtime/Core/OutputChannel.cs - Importer: ScriptedImporter/UnityEditor.QuickSearchModule:UnityEditor.Search:ASIAI0B
Importing 'GUID: aa8fca85e6e850a418db66582b4d99dd - Path: Packages/com.unity.cinemachine/Runtime/Core/OutputChannel.cs - Importer: ScriptedImporter/UnityEditor.QuickSearchModule:UnityEditor.Search:ASIAI0B' with importer (ScriptedImporter : UnityEditor.QuickSearchModule:UnityEditor.Search:ASIAI0B)
Imported 'GUID: aa8fca85e6e850a418db66582b4d99dd' -> (Import Result ID: '6e73d2a73dcbdc80713f744ca7bc3f2c') in 0.004 seconds [static and dynamic dependencies]. Details - ImportResultOutputID=e1f293fa12073c9d160f985c468ef350 DependenciesID=ea4fbad1ca9d6dfc8d50a5c61c9beed3 StaticDependenciesID=685919c12d8cfe1038c52444e10bd36e 
Number of updated asset objects reloaded before import = 0
Number of asset objects unloaded after import = 0
========================================================================
Received Import Request.
  Time of request: 2026-09-06T07:59:52.4513669Z
  Time since last request: 0.0007041 seconds.
  importAddress: GUID: 6737bd70bfd650947bc2fa589cefc395 - Path: Packages/com.unity.cinemachine/Editor/Editors/CinemachineSplineSmootherEditor.cs - Importer: ScriptedImporter/UnityEditor.QuickSearchModule:UnityEditor.Search:ASIAI0B
Importing 'GUID: 6737bd70bfd650947bc2fa589cefc395 - Path: Packages/com.unity.cinemachine/Editor/Editors/CinemachineSplineSmootherEditor.cs - Importer: ScriptedImporter/UnityEditor.QuickSearchModule:UnityEditor.Search:ASIAI0B' with importer (ScriptedImporter : UnityEditor.QuickSearchModule:UnityEditor.Search:ASIAI0B)
Imported 'GUID: 6737bd70bfd650947bc2fa589cefc395' -> (Import Result ID: '8086a3412f5717fcb77bb253b43219ac') in 0.004 seconds [static and dynamic dependencies]. Details - ImportResultOutputID=d8b155dd37c167521e72da05924942e9 DependenciesID=dc8120fb4f2eea5fbea2803ed1b48503 StaticDependenciesID=be5d609c344f35069bee097b80f34747 
Number of updated asset objects reloaded before import = 0
Number of asset objects unloaded after import = 0
========================================================================
Received Import Request.
  Time of request: 2026-09-06T07:59:52.4680976Z
  Time since last request: 0.0004315 seconds.
  importAddress: GUID: 791ecff9a0b9fc1439e92e50ceb81dbb - Path: Packages/com.unity.splines/Editor/Editor Resources/Icons/Tangent_Continuous.png - Importer: ScriptedImporter/UnityEditor.QuickSearchModule:UnityEditor.Search:ASIAI0B
Importing 'GUID: 791ecff9a0b9fc1439e92e50ceb81dbb - Path: Packages/com.unity.splines/Editor/Editor Resources/Icons/Tangent_Continuous.png - Importer: ScriptedImporter/UnityEditor.QuickSearchModule:UnityEditor.Search:ASIAI0B' with importer (ScriptedImporter : UnityEditor.QuickSearchModule:UnityEditor.Search:ASIAI0B)
Imported 'GUID: 791ecff9a0b9fc1439e92e50ceb81dbb' -> (Import Result ID: 'c9fca764c199dc719663e00816a131cf') in 0.007 seconds [static and dynamic dependencies]. Details - ImportResultOutputID=54b564118482695fae470b7891bb8246 DependenciesID=df21a510807e10bf259c64fbaa27fcb1 StaticDependenciesID=590d35aaeba31a6a96459a9187b27d8a 
Number of updated asset objects reloaded before import = 0
Number of asset objects unloaded after import = 1
========================================================================
Received Import Request.
  Time of request: 2026-09-06T07:59:52.4878467Z
  Time since last request: 0.0012289 seconds.
  importAddress: GUID: 7529a2acb193d1946b9ce1ecb41dd4d5 - Path: Packages/com.unity.splines/Editor/Core/SplineSelection.cs - Importer: ScriptedImporter/UnityEditor.QuickSearchModule:UnityEditor.Search:ASIAI0B
Importing 'GUID: 7529a2acb193d1946b9ce1ecb41dd4d5 - Path: Packages/com.unity.splines/Editor/Core/SplineSelection.cs - Importer: ScriptedImporter/UnityEditor.QuickSearchModule:UnityEditor.Search:ASIAI0B' with importer (ScriptedImporter : UnityEditor.QuickSearchModule:UnityEditor.Search:ASIAI0B)
Imported 'GUID: 7529a2acb193d1946b9ce1ecb41dd4d5' -> (Import Result ID: '9d6ea04d4570bfd8077f5e1825f50f40') in 0.004 seconds [static and dynamic dependencies]. Details - ImportResultOutputID=66d52a1fe99a71bf2f882c5a5296d7e3 DependenciesID=97df0ca42dadf68e144c25e62d494806 StaticDependenciesID=1e9b9645ea69e6b0d8492d95a012deda 
Number of updated asset objects reloaded before import = 0
Number of asset objects unloaded after import = 0
========================================================================
Received Import Request.
  Time of request: 2026-09-06T07:59:52.5030003Z
  Time since last request: 0.0005352 seconds.
  importAddress: GUID: 50a0925b0c22af146a2d15615f815a1c - Path: Assets/Starter Assets/Sample/Environment/Prefabs/Stairs_650_400_300_Prefab.prefab - Importer: ScriptedImporter/UnityEditor.QuickSearchModule:UnityEditor.Search:ASIAI0B
Importing 'GUID: 50a0925b0c22af146a2d15615f815a1c - Path: Assets/Starter Assets/Sample/Environment/Prefabs/Stairs_650_400_300_Prefab.prefab - Importer: ScriptedImporter/UnityEditor.QuickSearchModule:UnityEditor.Search:ASIAI0B' with importer (ScriptedImporter : UnityEditor.QuickSearchModule:UnityEditor.Search:ASIAI0B)
Imported 'GUID: 50a0925b0c22af146a2d15615f815a1c' -> (Import Result ID: 'dd8a8524da898ec73d0dfc770f85994c') in 0.012 seconds [static and dynamic dependencies]. Details - ImportResultOutputID=d5a8334987e0ce4899b48194ecf92fae DependenciesID=a9d0056919198f292e53fadf3449496d StaticDependenciesID=c6a270053f8b6d3db3ec24fb1a181b0d 
Number of updated asset objects reloaded before import = 0
Number of asset objects unloaded after import = 10
========================================================================
Received Import Request.
  Time of request: 2026-09-06T07:59:52.5261845Z
  Time since last request: 0.0002834 seconds.
  importAddress: GUID: b617507da6d07e749b7efdb34e1173e1 - Path: Packages/com.unity.cinemachine/Runtime/Components/CinemachineFollow.cs - Importer: ScriptedImporter/UnityEditor.QuickSearchModule:UnityEditor.Search:ASIAI0B
Importing 'GUID: b617507da6d07e749b7efdb34e1173e1 - Path: Packages/com.unity.cinemachine/Runtime/Components/CinemachineFollow.cs - Importer: ScriptedImporter/UnityEditor.QuickSearchModule:UnityEditor.Search:ASIAI0B' with importer (ScriptedImporter : UnityEditor.QuickSearchModule:UnityEditor.Search:ASIAI0B)
Imported 'GUID: b617507da6d07e749b7efdb34e1173e1' -> (Import Result ID: '9759c53da4041b54b9b20e39f9bd7d84') in 0.006 seconds [static and dynamic dependencies]. Details - ImportResultOutputID=ff7ccaeed69f4551eee3f0fe753fdbbb DependenciesID=30c2546414696de29e1a298945b1c165 StaticDependenciesID=1fc1d54b608f50a4f57c25fcaf366d8c 
Number of updated asset objects reloaded before import = 0
Number of asset objects unloaded after import = 1
========================================================================
Received Import Request.
  Time of request: 2026-09-06T07:59:52.5442165Z
  Time since last request: 0.0004336 seconds.
  importAddress: GUID: 3547d539220f51a4599294020a5f42cf - Path: Assets/Starter Assets/Runtime/FirstPersonController/Prefabs - Importer: ScriptedImporter/UnityEditor.QuickSearchModule:UnityEditor.Search:ASIAI0B
Importing 'GUID: 3547d539220f51a4599294020a5f42cf - Path: Assets/Starter Assets/Runtime/FirstPersonController/Prefabs - Importer: ScriptedImporter/UnityEditor.QuickSearchModule:UnityEditor.Search:ASIAI0B' with importer (ScriptedImporter : UnityEditor.QuickSearchModule:UnityEditor.Search:ASIAI0B)
Imported 'GUID: 3547d539220f51a4599294020a5f42cf' -> (Import Result ID: '2413fff730ef84a5ba92c58f7bd064b8') in 0.004 seconds [static and dynamic dependencies]. Details - ImportResultOutputID=544d51ec1df62132bfae4024763b3dba DependenciesID=ec94bd5699cee3bd296060886517e32b StaticDependenciesID=b4f080a6809d15212d5ed3e0f8cd6d68 
Number of updated asset objects reloaded before import = 0
Number of asset objects unloaded after import = 1
========================================================================
Received Import Request.
  Time of request: 2026-09-06T07:59:52.5604245Z
  Time since last request: 0.0006797 seconds.
  importAddress: GUID: a95378e0fd5828442a6ed903fb3b0bf7 - Path: Assets/Starter Assets/Runtime/ThirdPersonController/Character/Textures/Armature_Body_RGB.tif - Importer: ScriptedImporter/UnityEditor.QuickSearchModule:UnityEditor.Search:ASIAI0B
Importing 'GUID: a95378e0fd5828442a6ed903fb3b0bf7 - Path: Assets/Starter Assets/Runtime/ThirdPersonController/Character/Textures/Armature_Body_RGB.tif - Importer: ScriptedImporter/UnityEditor.QuickSearchModule:UnityEditor.Search:ASIAI0B' with importer (ScriptedImporter : UnityEditor.QuickSearchModule:UnityEditor.Search:ASIAI0B)
Imported 'GUID: a95378e0fd5828442a6ed903fb3b0bf7' -> (Import Result ID: '33a04384181ef5b2cdb89ed06a5e957c') in 0.011 seconds [static and dynamic dependencies]. Details - ImportResultOutputID=52eb51ea7e1c8b56f6b49f12b3d8c8bc DependenciesID=6b79f49d1b8a240ee68fedbdc7a8d569 StaticDependenciesID=e125a8ef9de37e807284ff9e1ec42280 
Number of updated asset objects reloaded before import = 0
Number of asset objects unloaded after import = 1
========================================================================
Received Import Request.
  Time of request: 2026-09-06T07:59:52.5820725Z
  Time since last request: 0.0004426 seconds.
  importAddress: GUID: a9ef32e8d7c7bb84c8730e7347b637de - Path: Assets/Starter Assets/Sample/Environment/Prefabs/Ramp_100x100x200_Mesh.prefab - Importer: ScriptedImporter/UnityEditor.QuickSearchModule:UnityEditor.Search:ASIAI0B
Importing 'GUID: a9ef32e8d7c7bb84c8730e7347b637de - Path: Assets/Starter Assets/Sample/Environment/Prefabs/Ramp_100x100x200_Mesh.prefab - Importer: ScriptedImporter/UnityEditor.QuickSearchModule:UnityEditor.Search:ASIAI0B' with importer (ScriptedImporter : UnityEditor.QuickSearchModule:UnityEditor.Search:ASIAI0B)
Imported 'GUID: a9ef32e8d7c7bb84c8730e7347b637de' -> (Import Result ID: '45c82c133d2901d113ca6b57f2c1a904') in 0.009 seconds [static and dynamic dependencies]. Details - ImportResultOutputID=dc9bcef405f83c3b51ca556cec2e2d78 DependenciesID=f5476d1610bacdea1ca5dd0c3d63691a StaticDependenciesID=89ec7c6cc2a3ca2b29e50889af0dff29 
Number of updated asset objects reloaded before import = 0
Number of asset objects unloaded after import = 14
========================================================================
Received Import Request.
  Time of request: 2026-09-06T07:59:52.6016899Z
  Time since last request: 0.0003524 seconds.
  importAddress: GUID: c24f57f3f3c554e51ab791526e33e337 - Path: Packages/com.unity.settings-manager/Editor/UserSettings.cs - Importer: ScriptedImporter/UnityEditor.QuickSearchModule:UnityEditor.Search:ASIAI0B
Importing 'GUID: c24f57f3f3c554e51ab791526e33e337 - Path: Packages/com.unity.settings-manager/Editor/UserSettings.cs - Importer: ScriptedImporter/UnityEditor.QuickSearchModule:UnityEditor.Search:ASIAI0B' with importer (ScriptedImporter : UnityEditor.QuickSearchModule:UnityEditor.Search:ASIAI0B)
Imported 'GUID: c24f57f3f3c554e51ab791526e33e337' -> (Import Result ID: 'e75fe59ea5503bffe24d525bc1a9ad23') in 0.004 seconds [static and dynamic dependencies]. Details - ImportResultOutputID=ceeee127c5638c34163b46e5c583c8e2 DependenciesID=dfaba34ec2bc471d39ad00fcce55eccf StaticDependenciesID=353386b93afa9d9d40d3952dcbe1166b 
Number of updated asset objects reloaded before import = 0
Number of asset objects unloaded after import = 0
========================================================================
Received Import Request.
  Time of request: 2026-09-06T07:59:52.6216613Z
  Time since last request: 0.000793 seconds.
  importAddress: GUID: db00a1694ad7319449442045b8557a93 - Path: Packages/com.unity.splines/Editor/GUI/Editors/SplineDataPropertyDrawer.cs - Importer: ScriptedImporter/UnityEditor.QuickSearchModule:UnityEditor.Search:ASIAI0B
Importing 'GUID: db00a1694ad7319449442045b8557a93 - Path: Packages/com.unity.splines/Editor/GUI/Editors/SplineDataPropertyDrawer.cs - Importer: ScriptedImporter/UnityEditor.QuickSearchModule:UnityEditor.Search:ASIAI0B' with importer (ScriptedImporter : UnityEditor.QuickSearchModule:UnityEditor.Search:ASIAI0B)
Imported 'GUID: db00a1694ad7319449442045b8557a93' -> (Import Result ID: '29edc31b05a0176e70f4b93ca94b7d17') in 0.004 seconds [static and dynamic dependencies]. Details - ImportResultOutputID=d2469a3ec14b93775cc72288d9da87e0 DependenciesID=16a2b821cfdcf93ed9e6dcf9a96a27f7 StaticDependenciesID=10fb4b5a16b81ae1af3bb2b12e0b50ec 
Number of updated asset objects reloaded before import = 0
Number of asset objects unloaded after import = 0
========================================================================
Received Import Request.
  Time of request: 2026-09-06T07:59:52.6392758Z
  Time since last request: 0.0010029 seconds.
  importAddress: GUID: e88477d7eedfb4ca8b5d8912575efa76 - Path: Packages/com.unity.splines/Editor/Components - Importer: ScriptedImporter/UnityEditor.QuickSearchModule:UnityEditor.Search:ASIAI0B
Importing 'GUID: e88477d7eedfb4ca8b5d8912575efa76 - Path: Packages/com.unity.splines/Editor/Components - Importer: ScriptedImporter/UnityEditor.QuickSearchModule:UnityEditor.Search:ASIAI0B' with importer (ScriptedImporter : UnityEditor.QuickSearchModule:UnityEditor.Search:ASIAI0B)
Imported 'GUID: e88477d7eedfb4ca8b5d8912575efa76' -> (Import Result ID: '37981e0411c1b6f210cc1442e289c68a') in 0.004 seconds [static and dynamic dependencies]. Details - ImportResultOutputID=9d5b3ccb84d6de9f3e51378f4ccdccab DependenciesID=4cd18978d8a1984cf39c2f088d856220 StaticDependenciesID=2861b960c97ef9d442959ad978a9e8b3 
Number of updated asset objects reloaded before import = 0
Number of asset objects unloaded after import = 1
========================================================================
Received Import Request.
  Time of request: 2026-09-06T07:59:52.6570323Z
  Time since last request: 0.0003389 seconds.
  importAddress: GUID: 961772e8b1d75dd4a915fb8a236d5a8a - Path: Packages/com.unity.cinemachine/Runtime/Timeline/CinemachinePlayableMixer.cs - Importer: ScriptedImporter/UnityEditor.QuickSearchModule:UnityEditor.Search:ASIAI0B
Importing 'GUID: 961772e8b1d75dd4a915fb8a236d5a8a - Path: Packages/com.unity.cinemachine/Runtime/Timeline/CinemachinePlayableMixer.cs - Importer: ScriptedImporter/UnityEditor.QuickSearchModule:UnityEditor.Search:ASIAI0B' with importer (ScriptedImporter : UnityEditor.QuickSearchModule:UnityEditor.Search:ASIAI0B)
Imported 'GUID: 961772e8b1d75dd4a915fb8a236d5a8a' -> (Import Result ID: 'e03204cace4450a2b428560071f23ecb') in 0.003 seconds [static and dynamic dependencies]. Details - ImportResultOutputID=c5d7aa742f88ba82d96de3ff6dbbf25b DependenciesID=63602d35320cdc66874af4c43a206b3b StaticDependenciesID=8ddde6747e45626f912046c88c3f5935 
Number of updated asset objects reloaded before import = 0
Number of asset objects unloaded after import = 0
========================================================================
Received Import Request.
  Time of request: 2026-09-06T07:59:52.7174379Z
  Time since last request: 0.0452456 seconds.
  importAddress: GUID: c1cb3553d4b18664bab73d84a88bdf2a - Path: Packages/com.unity.cinemachine/Editor/SaveDuringPlay - Importer: ScriptedImporter/UnityEditor.QuickSearchModule:UnityEditor.Search:ASIAI0B
Importing 'GUID: c1cb3553d4b18664bab73d84a88bdf2a - Path: Packages/com.unity.cinemachine/Editor/SaveDuringPlay - Importer: ScriptedImporter/UnityEditor.QuickSearchModule:UnityEditor.Search:ASIAI0B' with importer (ScriptedImporter : UnityEditor.QuickSearchModule:UnityEditor.Search:ASIAI0B)
Imported 'GUID: c1cb3553d4b18664bab73d84a88bdf2a' -> (Import Result ID: 'f8e94cbaa36ab6d542a49c0349e7958d') in 0.003 seconds [static and dynamic dependencies]. Details - ImportResultOutputID=352fb80f1107da8b982ab994940ce1b6 DependenciesID=5866d6e84a59a2cac6a3116ab995ebeb StaticDependenciesID=c5dc7a39e89fa9d247de9875e5e5195c 
Number of updated asset objects reloaded before import = 0
Number of asset objects unloaded after import = 1
========================================================================
Received Import Request.
  Time of request: 2026-09-06T07:59:52.7307017Z
  Time since last request: 0.0010126 seconds.
  importAddress: GUID: aceb1a3f85f55c249bba6eaade29f2aa - Path: Packages/com.unity.cinemachine/Editor/Windows/CinemachineDeoccluderPrefs.cs - Importer: ScriptedImporter/UnityEditor.QuickSearchModule:UnityEditor.Search:ASIAI0B
Importing 'GUID: aceb1a3f85f55c249bba6eaade29f2aa - Path: Packages/com.unity.cinemachine/Editor/Windows/CinemachineDeoccluderPrefs.cs - Importer: ScriptedImporter/UnityEditor.QuickSearchModule:UnityEditor.Search:ASIAI0B' with importer (ScriptedImporter : UnityEditor.QuickSearchModule:UnityEditor.Search:ASIAI0B)
Imported 'GUID: aceb1a3f85f55c249bba6eaade29f2aa' -> (Import Result ID: '5b4df3c90743d23e675f39765d6c3c65') in 0.004 seconds [static and dynamic dependencies]. Details - ImportResultOutputID=5678cbf59189cff0941596e07587e6e3 DependenciesID=8d224e5ce7273125d2195d9de5d674d8 StaticDependenciesID=80a9bd91e5bd6fe30fec67d429c32e9e 
Number of updated asset objects reloaded before import = 0
Number of asset objects unloaded after import = 0
========================================================================
Received Import Request.
  Time of request: 2026-09-06T07:59:52.7456748Z
  Time since last request: 0.0005226 seconds.
  importAddress: GUID: 6f80c07efbcffac4380910b5aac93c8d - Path: Assets/Starter Assets/Runtime/Mobile/UI/TouchScreenInputPanelSetting.asset - Importer: ScriptedImporter/UnityEditor.QuickSearchModule:UnityEditor.Search:ASIAI0B
Importing 'GUID: 6f80c07efbcffac4380910b5aac93c8d - Path: Assets/Starter Assets/Runtime/Mobile/UI/TouchScreenInputPanelSetting.asset - Importer: ScriptedImporter/UnityEditor.QuickSearchModule:UnityEditor.Search:ASIAI0B' with importer (ScriptedImporter : UnityEditor.QuickSearchModule:UnityEditor.Search:ASIAI0B)
Imported 'GUID: 6f80c07efbcffac4380910b5aac93c8d' -> (Import Result ID: '96159d07616768045f2d5e11a29ed3d6') in 0.020 seconds [static and dynamic dependencies]. Details - ImportResultOutputID=d0cb0b939c35fa137c544e15a857e19d DependenciesID=730db6dfae6a16656167ec31934bc379 StaticDependenciesID=7f0f4c9f0fe0b4c438cfa8e3c92d45b1 
Number of updated asset objects reloaded before import = 0
Number of asset objects unloaded after import = 9
========================================================================
Received Import Request.
  Time of request: 2026-09-06T07:59:52.7764787Z
  Time since last request: 0.0005921 seconds.
  importAddress: GUID: d3c815396f3a64c2d925a2100e08e093 - Path: Packages/com.unity.settings-manager/Editor/Settings.cs - Importer: ScriptedImporter/UnityEditor.QuickSearchModule:UnityEditor.Search:ASIAI0B
Importing 'GUID: d3c815396f3a64c2d925a2100e08e093 - Path: Packages/com.unity.settings-manager/Editor/Settings.cs - Importer: ScriptedImporter/UnityEditor.QuickSearchModule:UnityEditor.Search:ASIAI0B' with importer (ScriptedImporter : UnityEditor.QuickSearchModule:UnityEditor.Search:ASIAI0B)
Imported 'GUID: d3c815396f3a64c2d925a2100e08e093' -> (Import Result ID: '845773af17e9af1729f368a5e50c52e7') in 0.004 seconds [static and dynamic dependencies]. Details - ImportResultOutputID=a3abc691f815d40eb7a51519bf30271b DependenciesID=f1cccad2bd1f6e8540bb91cd0b3a2871 StaticDependenciesID=ca03d9290d6d1ab568c7b0e85becc465 
Number of updated asset objects reloaded before import = 0
Number of asset objects unloaded after import = 0
========================================================================
Received Import Request.
  Time of request: 2026-09-06T07:59:52.7945752Z
  Time since last request: 0.0010919 seconds.
  importAddress: GUID: e501d18bb52cf8c40b1853ca4904654f - Path: Packages/com.unity.cinemachine/Runtime/Deprecated/CinemachineCollider.cs - Importer: ScriptedImporter/UnityEditor.QuickSearchModule:UnityEditor.Search:ASIAI0B
Importing 'GUID: e501d18bb52cf8c40b1853ca4904654f - Path: Packages/com.unity.cinemachine/Runtime/Deprecated/CinemachineCollider.cs - Importer: ScriptedImporter/UnityEditor.QuickSearchModule:UnityEditor.Search:ASIAI0B' with importer (ScriptedImporter : UnityEditor.QuickSearchModule:UnityEditor.Search:ASIAI0B)
Imported 'GUID: e501d18bb52cf8c40b1853ca4904654f' -> (Import Result ID: '4b61ac624653af0e2e5f7899aaceb07a') in 0.004 seconds [static and dynamic dependencies]. Details - ImportResultOutputID=64b7f5bc64c11adbf5986067d240c515 DependenciesID=1d1bd379499ecb8fd80bb9d282b8f0cb StaticDependenciesID=8a67b37f0259507d32555c881524189d 
Number of updated asset objects reloaded before import = 0
Number of asset objects unloaded after import = 0
========================================================================
Received Import Request.
  Time of request: 2026-09-06T07:59:52.8104133Z
  Time since last request: 0.0008229 seconds.
  importAddress: GUID: a146d0e278af9f940896728fd82bdb2d - Path: Packages/com.unity.cinemachine/Runtime/Deprecated/DeprecatedAttributes.cs - Importer: ScriptedImporter/UnityEditor.QuickSearchModule:UnityEditor.Search:ASIAI0B
Importing 'GUID: a146d0e278af9f940896728fd82bdb2d - Path: Packages/com.unity.cinemachine/Runtime/Deprecated/DeprecatedAttributes.cs - Importer: ScriptedImporter/UnityEditor.QuickSearchModule:UnityEditor.Search:ASIAI0B' with importer (ScriptedImporter : UnityEditor.QuickSearchModule:UnityEditor.Search:ASIAI0B)
Imported 'GUID: a146d0e278af9f940896728fd82bdb2d' -> (Import Result ID: 'e9ac853f018cea14330f1161490e315e') in 0.004 seconds [static and dynamic dependencies]. Details - ImportResultOutputID=6ab73c3a02c3c9eb863978b4532fa2b8 DependenciesID=b0cdb0bb1dd509da4640ad34ec659a31 StaticDependenciesID=99e93d643e8addb6e2a3f2ddf72609b0 
Number of updated asset objects reloaded before import = 0
Number of asset objects unloaded after import = 0
========================================================================
Received Import Request.
  Time of request: 2026-09-06T07:59:52.8256751Z
  Time since last request: 0.0003757 seconds.
  importAddress: GUID: 64d6bedfd9838e14fb51c78c8e947042 - Path: Assets/Starter Assets/Runtime/ThirdPersonController/Character/Textures/Armature_Legs_RGB.tif - Importer: ScriptedImporter/UnityEditor.QuickSearchModule:UnityEditor.Search:ASIAI0B
Importing 'GUID: 64d6bedfd9838e14fb51c78c8e947042 - Path: Assets/Starter Assets/Runtime/ThirdPersonController/Character/Textures/Armature_Legs_RGB.tif - Importer: ScriptedImporter/UnityEditor.QuickSearchModule:UnityEditor.Search:ASIAI0B' with importer (ScriptedImporter : UnityEditor.QuickSearchModule:UnityEditor.Search:ASIAI0B)
Imported 'GUID: 64d6bedfd9838e14fb51c78c8e947042' -> (Import Result ID: '400496e4c2604cbb4e83a70a01cebb29') in 0.011 seconds [static and dynamic dependencies]. Details - ImportResultOutputID=de0ec334db6de9670e3d3cceb1b69763 DependenciesID=7867fab7e14f83128502bea6b5c7bfd1 StaticDependenciesID=c8fc250609a925a80c8da99cbd39d213 
Number of updated asset objects reloaded before import = 0
Number of asset objects unloaded after import = 1
========================================================================
Received Import Request.
  Time of request: 2026-09-06T07:59:52.8488615Z
  Time since last request: 0.0003726 seconds.
  importAddress: GUID: bf34fbe7a6e71634493d770ed0031f9d - Path: Packages/com.unity.cinemachine/Editor/Editors/CinemachineDeoccluderEditor.cs - Importer: ScriptedImporter/UnityEditor.QuickSearchModule:UnityEditor.Search:ASIAI0B
Importing 'GUID: bf34fbe7a6e71634493d770ed0031f9d - Path: Packages/com.unity.cinemachine/Editor/Editors/CinemachineDeoccluderEditor.cs - Importer: ScriptedImporter/UnityEditor.QuickSearchModule:UnityEditor.Search:ASIAI0B' with importer (ScriptedImporter : UnityEditor.QuickSearchModule:UnityEditor.Search:ASIAI0B)
Imported 'GUID: bf34fbe7a6e71634493d770ed0031f9d' -> (Import Result ID: '33aec2b9d9e4240f88ede79778b41ca6') in 0.004 seconds [static and dynamic dependencies]. Details - ImportResultOutputID=e2c93dbcad07305456ef101ac26f1df7 DependenciesID=49b43e1a5c73f283c11327fe9522a064 StaticDependenciesID=305adba719ff076ce6df9718595cc924 
Number of updated asset objects reloaded before import = 0
Number of asset objects unloaded after import = 0
========================================================================
Received Import Request.
  Time of request: 2026-09-06T07:59:52.8652326Z
  Time since last request: 0.0006071 seconds.
  importAddress: GUID: 5cd0dbc3db7748baa71797f5bc16a1b4 - Path: Packages/com.unity.splines/Runtime/SplineShaderUtility.cs - Importer: ScriptedImporter/UnityEditor.QuickSearchModule:UnityEditor.Search:ASIAI0B
Importing 'GUID: 5cd0dbc3db7748baa71797f5bc16a1b4 - Path: Packages/com.unity.splines/Runtime/SplineShaderUtility.cs - Importer: ScriptedImporter/UnityEditor.QuickSearchModule:UnityEditor.Search:ASIAI0B' with importer (ScriptedImporter : UnityEditor.QuickSearchModule:UnityEditor.Search:ASIAI0B)
Imported 'GUID: 5cd0dbc3db7748baa71797f5bc16a1b4' -> (Import Result ID: '8ed9a74fc08914bce8dbf8387cf03940') in 0.004 seconds [static and dynamic dependencies]. Details - ImportResultOutputID=cb920aadbc1bc4473954becf3d5f9dcd DependenciesID=485ceab9e7eed39c3deae84be8174ce4 StaticDependenciesID=b94cb4d5c15c057d03968f5b612ba435 
Number of updated asset objects reloaded before import = 0
Number of asset objects unloaded after import = 0
========================================================================
Received Import Request.
  Time of request: 2026-09-06T07:59:52.8802579Z
  Time since last request: 0.0004365 seconds.
  importAddress: GUID: b1787a7070753594996dac074aee4532 - Path: Assets/Starter Assets/Runtime/SpaceRobotKyle/Models/KyleRobot.fbx - Importer: ScriptedImporter/UnityEditor.QuickSearchModule:UnityEditor.Search:ASIAI0B
Importing 'GUID: b1787a7070753594996dac074aee4532 - Path: Assets/Starter Assets/Runtime/SpaceRobotKyle/Models/KyleRobot.fbx - Importer: ScriptedImporter/UnityEditor.QuickSearchModule:UnityEditor.Search:ASIAI0B' with importer (ScriptedImporter : UnityEditor.QuickSearchModule:UnityEditor.Search:ASIAI0B)
Imported 'GUID: b1787a7070753594996dac074aee4532' -> (Import Result ID: 'a3a6a6d4ec2a4070b34837dc56fde434') in 0.023 seconds [static and dynamic dependencies]. Details - ImportResultOutputID=db3bdc74671ace5ec257c8b7fe5aa5b9 DependenciesID=3b5440da85e8f6251e5c689a4d23bcd1 StaticDependenciesID=5c49c5a3dac8c01a546917a532aeb7dc 
Number of updated asset objects reloaded before import = 0
Number of asset objects unloaded after import = 115
========================================================================
Received Import Request.
  Time of request: 2026-09-06T07:59:52.9144033Z
  Time since last request: 0.0004795 seconds.
  importAddress: GUID: 50dad30bbe8922644a0ce1606ef18295 - Path: Packages/com.unity.splines/Editor/Editor Resources/Icons/Tangent_Linear On@2x.png - Importer: ScriptedImporter/UnityEditor.QuickSearchModule:UnityEditor.Search:ASIAI0B
Importing 'GUID: 50dad30bbe8922644a0ce1606ef18295 - Path: Packages/com.unity.splines/Editor/Editor Resources/Icons/Tangent_Linear On@2x.png - Importer: ScriptedImporter/UnityEditor.QuickSearchModule:UnityEditor.Search:ASIAI0B' with importer (ScriptedImporter : UnityEditor.QuickSearchModule:UnityEditor.Search:ASIAI0B)
Imported 'GUID: 50dad30bbe8922644a0ce1606ef18295' -> (Import Result ID: '9f4e9ff7c255e4142d36baedafbb9db7') in 0.007 seconds [static and dynamic dependencies]. Details - ImportResultOutputID=4e47982dd18911a17543cc0cb2126e2a DependenciesID=5aba4cf5ee6794962bac64d02962a45a StaticDependenciesID=0362626e88ea57d52247ddc722d46c7a 
Number of updated asset objects reloaded before import = 0
Number of asset objects unloaded after import = 1
========================================================================
Received Import Request.
  Time of request: 2026-09-06T07:59:52.9329367Z
  Time since last request: 0.0004538 seconds.
  importAddress: GUID: 6965211c873de4048aa9043e5e287c73 - Path: Packages/com.unity.settings-manager/Editor/UserSettingsRepository.cs - Importer: ScriptedImporter/UnityEditor.QuickSearchModule:UnityEditor.Search:ASIAI0B
Importing 'GUID: 6965211c873de4048aa9043e5e287c73 - Path: Packages/com.unity.settings-manager/Editor/UserSettingsRepository.cs - Importer: ScriptedImporter/UnityEditor.QuickSearchModule:UnityEditor.Search:ASIAI0B' with importer (ScriptedImporter : UnityEditor.QuickSearchModule:UnityEditor.Search:ASIAI0B)
Imported 'GUID: 6965211c873de4048aa9043e5e287c73' -> (Import Result ID: '461f46fa97e6a7fd882a80281c1db331') in 0.003 seconds [static and dynamic dependencies]. Details - ImportResultOutputID=5dda0f79d782ef8b8290bc0d632151fb DependenciesID=6954342588d287aeab35abaee2f30af9 StaticDependenciesID=6fd5a23332efa6ad8f2c08a8a28501f6 
Number of updated asset objects reloaded before import = 0
Number of asset objects unloaded after import = 0
========================================================================
Received Import Request.
  Time of request: 2026-09-06T07:59:52.9485391Z
  Time since last request: 0.0005778 seconds.
  importAddress: GUID: 515aafa3af3048d18c327fa7af8028a7 - Path: Packages/com.unity.splines/Runtime/ISpline.cs - Importer: ScriptedImporter/UnityEditor.QuickSearchModule:UnityEditor.Search:ASIAI0B
Importing 'GUID: 515aafa3af3048d18c327fa7af8028a7 - Path: Packages/com.unity.splines/Runtime/ISpline.cs - Importer: ScriptedImporter/UnityEditor.QuickSearchModule:UnityEditor.Search:ASIAI0B' with importer (ScriptedImporter : UnityEditor.QuickSearchModule:UnityEditor.Search:ASIAI0B)
Imported 'GUID: 515aafa3af3048d18c327fa7af8028a7' -> (Import Result ID: '4fc560ef5464312ee3076dcab1f24340') in 0.005 seconds [static and dynamic dependencies]. Details - ImportResultOutputID=ac87dc4301a64f669fd86992059f5f95 DependenciesID=4092d28460ccd985790e307bb68c4ec8 StaticDependenciesID=f32a5b32740420ae332427e187fb8186 
Number of updated asset objects reloaded before import = 0
Number of asset objects unloaded after import = 0
========================================================================
Received Import Request.
  Time of request: 2026-09-06T07:59:52.9656033Z
  Time since last request: 0.0003953 seconds.
  importAddress: GUID: bc688fc4c70b02044b054f994d6e36e6 - Path: Assets/Starter Assets/Sample/Environment/Art - Importer: ScriptedImporter/UnityEditor.QuickSearchModule:UnityEditor.Search:ASIAI0B
Importing 'GUID: bc688fc4c70b02044b054f994d6e36e6 - Path: Assets/Starter Assets/Sample/Environment/Art - Importer: ScriptedImporter/UnityEditor.QuickSearchModule:UnityEditor.Search:ASIAI0B' with importer (ScriptedImporter : UnityEditor.QuickSearchModule:UnityEditor.Search:ASIAI0B)
Imported 'GUID: bc688fc4c70b02044b054f994d6e36e6' -> (Import Result ID: 'bc584b3f285a40412da49877b6c75cec') in 0.004 seconds [static and dynamic dependencies]. Details - ImportResultOutputID=3c3eeebb6419f5e818cbe6879a45d86f DependenciesID=507a092a0f4493383acc4650ba4fc59f StaticDependenciesID=f0a0365af5d23268a97fa41e12b23b31 
Number of updated asset objects reloaded before import = 0
Number of asset objects unloaded after import = 1
========================================================================
Received Import Request.
  Time of request: 2026-09-06T07:59:52.9809191Z
  Time since last request: 0.0004339 seconds.
  importAddress: GUID: ece444ad7ba310d4c9fa193b1bcfe706 - Path: Assets/Starter Assets/Sample/FirstPersonController/Playground - Importer: ScriptedImporter/UnityEditor.QuickSearchModule:UnityEditor.Search:ASIAI0B
Importing 'GUID: ece444ad7ba310d4c9fa193b1bcfe706 - Path: Assets/Starter Assets/Sample/FirstPersonController/Playground - Importer: ScriptedImporter/UnityEditor.QuickSearchModule:UnityEditor.Search:ASIAI0B' with importer (ScriptedImporter : UnityEditor.QuickSearchModule:UnityEditor.Search:ASIAI0B)
Imported 'GUID: ece444ad7ba310d4c9fa193b1bcfe706' -> (Import Result ID: '82d59c8c285090f7a8d5c59e4fb44b2c') in 0.004 seconds [static and dynamic dependencies]. Details - ImportResultOutputID=c4886d4bf06f00725f15e4dd252bedea DependenciesID=29938bc5648373f8c33cccc34e00d40e StaticDependenciesID=dd3914e563fbcd563c3065ff47784ffc 
Number of updated asset objects reloaded before import = 0
Number of asset objects unloaded after import = 1
========================================================================
Received Import Request.
  Time of request: 2026-09-06T07:59:52.9960207Z
  Time since last request: 0.000346 seconds.
  importAddress: GUID: d1118dda59970a2449ee890fa247c4c5 - Path: Assets/Starter Assets/Sample/Environment/Art/Textures/Grid_01_BaseMap.png - Importer: ScriptedImporter/UnityEditor.QuickSearchModule:UnityEditor.Search:ASIAI0B
Importing 'GUID: d1118dda59970a2449ee890fa247c4c5 - Path: Assets/Starter Assets/Sample/Environment/Art/Textures/Grid_01_BaseMap.png - Importer: ScriptedImporter/UnityEditor.QuickSearchModule:UnityEditor.Search:ASIAI0B' with importer (ScriptedImporter : UnityEditor.QuickSearchModule:UnityEditor.Search:ASIAI0B)
Imported 'GUID: d1118dda59970a2449ee890fa247c4c5' -> (Import Result ID: '4d91556da97594cb53cbc3cdcb7a0e1b') in 0.010 seconds [static and dynamic dependencies]. Details - ImportResultOutputID=e09d59fb0aed1da4e7ed511067046ced DependenciesID=0574f091384b9114040f8d1c2a5a9f42 StaticDependenciesID=a4aed460cd08ad8ac70d02a65f172451 
Number of updated asset objects reloaded before import = 0
Number of asset objects unloaded after import = 1
========================================================================
Received Import Request.
  Time of request: 2026-09-06T07:59:53.0171827Z
  Time since last request: 0.0004474 seconds.
  importAddress: GUID: 4962dd039b8344ed295c4518245d6c7b - Path: Assets/Starter Assets/Runtime/Settings/Very High_PipelineAsset_ForwardRenderer.asset - Importer: ScriptedImporter/UnityEditor.QuickSearchModule:UnityEditor.Search:ASIAI0B
Importing 'GUID: 4962dd039b8344ed295c4518245d6c7b - Path: Assets/Starter Assets/Runtime/Settings/Very High_PipelineAsset_ForwardRenderer.asset - Importer: ScriptedImporter/UnityEditor.QuickSearchModule:UnityEditor.Search:ASIAI0B' with importer (ScriptedImporter : UnityEditor.QuickSearchModule:UnityEditor.Search:ASIAI0B)
Imported 'GUID: 4962dd039b8344ed295c4518245d6c7b' -> (Import Result ID: '9b236e671100d788f1865b7562fd9f62') in 0.005 seconds [static and dynamic dependencies]. Details - ImportResultOutputID=6659eb24c9a2dc35ed39152b942c1781 DependenciesID=3c0d00d905c0132ccfd97937422181c4 StaticDependenciesID=2acddffcb199dcedb92e4fe615d1d83e 
Number of updated asset objects reloaded before import = 0
Number of asset objects unloaded after import = 1
========================================================================
Received Import Request.
  Time of request: 2026-09-06T07:59:53.0355381Z
  Time since last request: 0.0013889 seconds.
  importAddress: GUID: fa7155796051b734daa718462081dc5f - Path: Packages/com.unity.cinemachine/Runtime/Deprecated/CinemachineTransposer.cs - Importer: ScriptedImporter/UnityEditor.QuickSearchModule:UnityEditor.Search:ASIAI0B
Importing 'GUID: fa7155796051b734daa718462081dc5f - Path: Packages/com.unity.cinemachine/Runtime/Deprecated/CinemachineTransposer.cs - Importer: ScriptedImporter/UnityEditor.QuickSearchModule:UnityEditor.Search:ASIAI0B' with importer (ScriptedImporter : UnityEditor.QuickSearchModule:UnityEditor.Search:ASIAI0B)
Imported 'GUID: fa7155796051b734daa718462081dc5f' -> (Import Result ID: 'c4250539d18b3e9cdb7672341986ead7') in 0.004 seconds [static and dynamic dependencies]. Details - ImportResultOutputID=a83654bb536c19c29b2616c6731886f1 DependenciesID=7687e74e8637ae138369ad551e55847c StaticDependenciesID=8e087eaf8dd12505ceaa716e0d7f7f6b 
Number of updated asset objects reloaded before import = 0
Number of asset objects unloaded after import = 0
========================================================================
Received Import Request.
  Time of request: 2026-09-06T07:59:53.0538221Z
  Time since last request: 0.0014116 seconds.
  importAddress: GUID: 822ea5c93c1bf9349bdbc5af5e6add1c - Path: Packages/com.unity.splines/Editor/Stylesheets/SplineInspectorCommon.uss - Importer: ScriptedImporter/UnityEditor.QuickSearchModule:UnityEditor.Search:ASIAI0B
Importing 'GUID: 822ea5c93c1bf9349bdbc5af5e6add1c - Path: Packages/com.unity.splines/Editor/Stylesheets/SplineInspectorCommon.uss - Importer: ScriptedImporter/UnityEditor.QuickSearchModule:UnityEditor.Search:ASIAI0B' with importer (ScriptedImporter : UnityEditor.QuickSearchModule:UnityEditor.Search:ASIAI0B)
Imported 'GUID: 822ea5c93c1bf9349bdbc5af5e6add1c' -> (Import Result ID: '7573a6b4a0485cf5c802b51edddaf166') in 0.006 seconds [static and dynamic dependencies]. Details - ImportResultOutputID=d0cea1407a3d32b90b1f0f56b096a703 DependenciesID=f8d45e34e2c5321b4aa48afa1888c089 StaticDependenciesID=b86190615b4b06580d5d8924e029b365 
Number of updated asset objects reloaded before import = 0
Number of asset objects unloaded after import = 1
========================================================================
Received Import Request.
  Time of request: 2026-09-06T07:59:53.0713258Z
  Time since last request: 0.0004833 seconds.
  importAddress: GUID: 476cc7d7cd9874016adc216baab94a0a - Path: Assets/TutorialInfo/Scripts/Editor/ReadmeEditor.cs - Importer: ScriptedImporter/UnityEditor.QuickSearchModule:UnityEditor.Search:ASIAI0B
Importing 'GUID: 476cc7d7cd9874016adc216baab94a0a - Path: Assets/TutorialInfo/Scripts/Editor/ReadmeEditor.cs - Importer: ScriptedImporter/UnityEditor.QuickSearchModule:UnityEditor.Search:ASIAI0B' with importer (ScriptedImporter : UnityEditor.QuickSearchModule:UnityEditor.Search:ASIAI0B)
Imported 'GUID: 476cc7d7cd9874016adc216baab94a0a' -> (Import Result ID: '1e59d9f6af71403ab312b7aa87186f4b') in 0.004 seconds [static and dynamic dependencies]. Details - ImportResultOutputID=ce1971ab02ad14ccd472b482a7b7952f DependenciesID=a55a8f103e2278d8a499080dc792981b StaticDependenciesID=153d1782eea38bb27960e27e0e3db93f 
Number of updated asset objects reloaded before import = 0
Number of asset objects unloaded after import = 0
========================================================================
Received Import Request.
  Time of request: 2026-09-06T07:59:53.0884988Z
  Time since last request: 0.0006089 seconds.
  importAddress: GUID: be15d08d234eb234592b477784a70fd0 - Path: Packages/com.unity.cinemachine/Editor/EditorResources/Icons/Light/CmSplineLookAtTargetsTool@256.png - Importer: ScriptedImporter/UnityEditor.QuickSearchModule:UnityEditor.Search:ASIAI0B
Importing 'GUID: be15d08d234eb234592b477784a70fd0 - Path: Packages/com.unity.cinemachine/Editor/EditorResources/Icons/Light/CmSplineLookAtTargetsTool@256.png - Importer: ScriptedImporter/UnityEditor.QuickSearchModule:UnityEditor.Search:ASIAI0B' with importer (ScriptedImporter : UnityEditor.QuickSearchModule:UnityEditor.Search:ASIAI0B)
Imported 'GUID: be15d08d234eb234592b477784a70fd0' -> (Import Result ID: '4901cf976c09a1067d52a06c53071ed3') in 0.008 seconds [static and dynamic dependencies]. Details - ImportResultOutputID=864817fd4a610965fb0619389765af39 DependenciesID=239fb941306e042940b7b7bdfef998f9 StaticDependenciesID=bf04fc73f13a37bcffc2987235c5d500 
Number of updated asset objects reloaded before import = 0
Number of asset objects unloaded after import = 1
========================================================================
Received Import Request.
  Time of request: 2026-09-06T07:59:53.1100021Z
  Time since last request: 0.0005904 seconds.
  importAddress: GUID: f99957d857b6314489a45d0556423fd4 - Path: Assets/Starter Assets/Runtime/ThirdPersonController/Character/Sfx - Importer: ScriptedImporter/UnityEditor.QuickSearchModule:UnityEditor.Search:ASIAI0B
Importing 'GUID: f99957d857b6314489a45d0556423fd4 - Path: Assets/Starter Assets/Runtime/ThirdPersonController/Character/Sfx - Importer: ScriptedImporter/UnityEditor.QuickSearchModule:UnityEditor.Search:ASIAI0B' with importer (ScriptedImporter : UnityEditor.QuickSearchModule:UnityEditor.Search:ASIAI0B)
Imported 'GUID: f99957d857b6314489a45d0556423fd4' -> (Import Result ID: '61cb2187ad15c7081dde8384b77aada1') in 0.004 seconds [static and dynamic dependencies]. Details - ImportResultOutputID=1cfbc7c17fd8488d577713f7849ecb80 DependenciesID=6d12b50625ae4143c30a4be376ded241 StaticDependenciesID=9aa3ce0107e5030b2578a449e7a415ff 
Number of updated asset objects reloaded before import = 0
Number of asset objects unloaded after import = 1
========================================================================
Received Import Request.
  Time of request: 2026-09-06T07:59:53.1258327Z
  Time since last request: 0.0004122 seconds.
  importAddress: GUID: 6ffeb238724f5924aa8b82f064ff6e0d - Path: Packages/com.unity.cinemachine/Editor/PropertyDrawers/Vector2AsRangePropertyDrawer.cs - Importer: ScriptedImporter/UnityEditor.QuickSearchModule:UnityEditor.Search:ASIAI0B
Importing 'GUID: 6ffeb238724f5924aa8b82f064ff6e0d - Path: Packages/com.unity.cinemachine/Editor/PropertyDrawers/Vector2AsRangePropertyDrawer.cs - Importer: ScriptedImporter/UnityEditor.QuickSearchModule:UnityEditor.Search:ASIAI0B' with importer (ScriptedImporter : UnityEditor.QuickSearchModule:UnityEditor.Search:ASIAI0B)
Imported 'GUID: 6ffeb238724f5924aa8b82f064ff6e0d' -> (Import Result ID: '92d2dac2946c9a1b50f3392783d34d71') in 0.004 seconds [static and dynamic dependencies]. Details - ImportResultOutputID=63d10a47c39b9d91ffe1d2e0a60d6c10 DependenciesID=927336fcab5a59a005b84f588ecfb3dc StaticDependenciesID=a52221831136a14a67cfb425777d8c28 
Number of updated asset objects reloaded before import = 0
Number of asset objects unloaded after import = 0
========================================================================
Received Import Request.
  Time of request: 2026-09-06T07:59:53.1434241Z
  Time since last request: 0.0005858 seconds.
  importAddress: GUID: 4afa82ae3200b82408d605c3dbdd1e38 - Path: Packages/com.unity.cinemachine/Runtime/Components/CinemachineRotateWithFollowTarget.cs - Importer: ScriptedImporter/UnityEditor.QuickSearchModule:UnityEditor.Search:ASIAI0B
Importing 'GUID: 4afa82ae3200b82408d605c3dbdd1e38 - Path: Packages/com.unity.cinemachine/Runtime/Components/CinemachineRotateWithFollowTarget.cs - Importer: ScriptedImporter/UnityEditor.QuickSearchModule:UnityEditor.Search:ASIAI0B' with importer (ScriptedImporter : UnityEditor.QuickSearchModule:UnityEditor.Search:ASIAI0B)
Imported 'GUID: 4afa82ae3200b82408d605c3dbdd1e38' -> (Import Result ID: '1cdb1d68ca6136c7ccd61670ce35c935') in 0.007 seconds [static and dynamic dependencies]. Details - ImportResultOutputID=2bc5cbc29fb65908c6f165efb8ed3ae9 DependenciesID=cb52fe432b43a6fbe6aaa59322358499 StaticDependenciesID=20f3d8a8c57c82a98e11dcff6e495eb2 
Number of updated asset objects reloaded before import = 0
Number of asset objects unloaded after import = 1
========================================================================
Received Import Request.
  Time of request: 2026-09-06T07:59:53.1647611Z
  Time since last request: 0.0010188 seconds.
  importAddress: GUID: 8ae5aa24d97048439e76e9392765c364 - Path: Packages/com.unity.splines/Editor/Components/SplineExtrudeEditor.cs - Importer: ScriptedImporter/UnityEditor.QuickSearchModule:UnityEditor.Search:ASIAI0B
Importing 'GUID: 8ae5aa24d97048439e76e9392765c364 - Path: Packages/com.unity.splines/Editor/Components/SplineExtrudeEditor.cs - Importer: ScriptedImporter/UnityEditor.QuickSearchModule:UnityEditor.Search:ASIAI0B' with importer (ScriptedImporter : UnityEditor.QuickSearchModule:UnityEditor.Search:ASIAI0B)
Imported 'GUID: 8ae5aa24d97048439e76e9392765c364' -> (Import Result ID: 'de3ae62098b3a26b89c5cddf33de9f99') in 0.005 seconds [static and dynamic dependencies]. Details - ImportResultOutputID=59d4125c715eab88d7038ba21597e909 DependenciesID=b3330b092fa810ea52d87c6c88dc3ddd StaticDependenciesID=ac4a9e453e80d8d2967767ba232401ad 
Number of updated asset objects reloaded before import = 0
Number of asset objects unloaded after import = 0
========================================================================
Received Import Request.
  Time of request: 2026-09-06T07:59:53.1827784Z
  Time since last request: 0.0004758 seconds.
  importAddress: GUID: 72f526a6a9890f643a88e85a61c86c8a - Path: Assets/Starter Assets/Runtime/ThirdPersonController/Character/Sfx/Player_Footstep_01.wav - Importer: ScriptedImporter/UnityEditor.QuickSearchModule:UnityEditor.Search:ASIAI0B
Importing 'GUID: 72f526a6a9890f643a88e85a61c86c8a - Path: Assets/Starter Assets/Runtime/ThirdPersonController/Character/Sfx/Player_Footstep_01.wav - Importer: ScriptedImporter/UnityEditor.QuickSearchModule:UnityEditor.Search:ASIAI0B' with importer (ScriptedImporter : UnityEditor.QuickSearchModule:UnityEditor.Search:ASIAI0B)
Imported 'GUID: 72f526a6a9890f643a88e85a61c86c8a' -> (Import Result ID: '3a94ff41b2ff1a51468152564fba6584') in 0.011 seconds [static and dynamic dependencies]. Details - ImportResultOutputID=f0de902e3642b832321e3ea68e89c5ef DependenciesID=4398aa2d21d8875620f8ff4802a14c05 StaticDependenciesID=bd04ff38084fa6fabaa4fd2c32ae61c8 
Number of updated asset objects reloaded before import = 0
Number of asset objects unloaded after import = 1
========================================================================
Received Import Request.
  Time of request: 2026-09-06T07:59:53.2060424Z
  Time since last request: 0.0005151 seconds.
  importAddress: GUID: e087ecce43ebbff45a1b360637807d93 - Path: Assets/Starter Assets/Runtime/InputSystem/StarterAssetsInputs.cs - Importer: ScriptedImporter/UnityEditor.QuickSearchModule:UnityEditor.Search:ASIAI0B
Importing 'GUID: e087ecce43ebbff45a1b360637807d93 - Path: Assets/Starter Assets/Runtime/InputSystem/StarterAssetsInputs.cs - Importer: ScriptedImporter/UnityEditor.QuickSearchModule:UnityEditor.Search:ASIAI0B' with importer (ScriptedImporter : UnityEditor.QuickSearchModule:UnityEditor.Search:ASIAI0B)
Imported 'GUID: e087ecce43ebbff45a1b360637807d93' -> (Import Result ID: 'd20eb702b054d4539fb613c34bb8bd9a') in 0.004 seconds [static and dynamic dependencies]. Details - ImportResultOutputID=c0e0ed55daa0aec70508514bc7007709 DependenciesID=557478727b4d1c43afe55796de87ed5c StaticDependenciesID=bb31cf15d8d545f9123df3585686d278 
Number of updated asset objects reloaded before import = 0
Number of asset objects unloaded after import = 0
========================================================================
Received Import Request.
  Time of request: 2026-09-06T07:59:53.2231335Z
  Time since last request: 0.0004461 seconds.
  importAddress: GUID: 954ac4bd24b73a540a2e84414caf856c - Path: Packages/com.unity.splines/Editor/Editor Resources/Icons/KnotPlacementTool.png - Importer: ScriptedImporter/UnityEditor.QuickSearchModule:UnityEditor.Search:ASIAI0B
Importing 'GUID: 954ac4bd24b73a540a2e84414caf856c - Path: Packages/com.unity.splines/Editor/Editor Resources/Icons/KnotPlacementTool.png - Importer: ScriptedImporter/UnityEditor.QuickSearchModule:UnityEditor.Search:ASIAI0B' with importer (ScriptedImporter : UnityEditor.QuickSearchModule:UnityEditor.Search:ASIAI0B)
Imported 'GUID: 954ac4bd24b73a540a2e84414caf856c' -> (Import Result ID: 'eb0ebc0579ad1d3782ec3a87b7098a71') in 0.008 seconds [static and dynamic dependencies]. Details - ImportResultOutputID=efc5a7cda2658167053269fcc3641c8b DependenciesID=56e69a817cfb17506477aa6a198018fb StaticDependenciesID=21615da86ce719e973777cd81531cae0 
Number of updated asset objects reloaded before import = 0
Number of asset objects unloaded after import = 1
========================================================================
Received Import Request.
  Time of request: 2026-09-06T07:59:53.2440329Z
  Time since last request: 0.0008767 seconds.
  importAddress: GUID: 75f705e6f5d33bf4289d6f6ab72e8af5 - Path: Packages/com.unity.cinemachine/Runtime/Helpers/CinemachineMixerEventsBase.cs - Importer: ScriptedImporter/UnityEditor.QuickSearchModule:UnityEditor.Search:ASIAI0B
Importing 'GUID: 75f705e6f5d33bf4289d6f6ab72e8af5 - Path: Packages/com.unity.cinemachine/Runtime/Helpers/CinemachineMixerEventsBase.cs - Importer: ScriptedImporter/UnityEditor.QuickSearchModule:UnityEditor.Search:ASIAI0B' with importer (ScriptedImporter : UnityEditor.QuickSearchModule:UnityEditor.Search:ASIAI0B)
Imported 'GUID: 75f705e6f5d33bf4289d6f6ab72e8af5' -> (Import Result ID: '69019684c16cb54f91b0dc08c6f0f323') in 0.007 seconds [static and dynamic dependencies]. Details - ImportResultOutputID=4d195facabd0935dfd676b5323f98a3f DependenciesID=b432704b40cf3d7e8802f716fab9841d StaticDependenciesID=b7987daabdbb5e73184df196b57f6f9e 
Number of updated asset objects reloaded before import = 0
Number of asset objects unloaded after import = 1
========================================================================
Received Import Request.
  Time of request: 2026-09-06T07:59:53.2634117Z
  Time since last request: 0.0008541 seconds.
  importAddress: GUID: 92d8b52044d794450a4f29aec979a34a - Path: Packages/com.unity.splines/Editor/Editor Resources/Icons/d_SplineEditMode-Info@2x.png - Importer: ScriptedImporter/UnityEditor.QuickSearchModule:UnityEditor.Search:ASIAI0B
Importing 'GUID: 92d8b52044d794450a4f29aec979a34a - Path: Packages/com.unity.splines/Editor/Editor Resources/Icons/d_SplineEditMode-Info@2x.png - Importer: ScriptedImporter/UnityEditor.QuickSearchModule:UnityEditor.Search:ASIAI0B' with importer (ScriptedImporter : UnityEditor.QuickSearchModule:UnityEditor.Search:ASIAI0B)
Imported 'GUID: 92d8b52044d794450a4f29aec979a34a' -> (Import Result ID: 'a1c289b9fbf5313dcbaca25bba46cd05') in 0.011 seconds [static and dynamic dependencies]. Details - ImportResultOutputID=2f1989551cbf5ed14a1235ba5bd3bc86 DependenciesID=f0afcb0a0143627d4d324b787eb55706 StaticDependenciesID=be5c36dc817f8f4416b7369fb5a94b6b 
Number of updated asset objects reloaded before import = 0
Number of asset objects unloaded after import = 1
========================================================================
Received Import Request.
  Time of request: 2026-09-06T07:59:53.2859005Z
  Time since last request: 0.0007548 seconds.
  importAddress: GUID: 0846ad73a5274e88951b2645bf7dac6c - Path: Packages/com.unity.settings-manager/Editor/FileSettingsRepository.cs - Importer: ScriptedImporter/UnityEditor.QuickSearchModule:UnityEditor.Search:ASIAI0B
Importing 'GUID: 0846ad73a5274e88951b2645bf7dac6c - Path: Packages/com.unity.settings-manager/Editor/FileSettingsRepository.cs - Importer: ScriptedImporter/UnityEditor.QuickSearchModule:UnityEditor.Search:ASIAI0B' with importer (ScriptedImporter : UnityEditor.QuickSearchModule:UnityEditor.Search:ASIAI0B)
Imported 'GUID: 0846ad73a5274e88951b2645bf7dac6c' -> (Import Result ID: '4fe5831a5bbf926aeab38a3db2718570') in 0.004 seconds [static and dynamic dependencies]. Details - ImportResultOutputID=e35c92cbd6656304d53fa128a4f71a04 DependenciesID=5d054ba2d30bfb20285d87f987999212 StaticDependenciesID=145a46a64f24e3866a6d14a1a1f1954e 
Number of updated asset objects reloaded before import = 0
Number of asset objects unloaded after import = 0
========================================================================
Received Import Request.
  Time of request: 2026-09-06T07:59:53.3018187Z
  Time since last request: 0.0004334 seconds.
  importAddress: GUID: 90ded0611e490aa4ba6961afbfc2280d - Path: Assets/Starter Assets/Runtime/Mobile/UI/Images/UI_Circle_Faded.png - Importer: ScriptedImporter/UnityEditor.QuickSearchModule:UnityEditor.Search:ASIAI0B
Importing 'GUID: 90ded0611e490aa4ba6961afbfc2280d - Path: Assets/Starter Assets/Runtime/Mobile/UI/Images/UI_Circle_Faded.png - Importer: ScriptedImporter/UnityEditor.QuickSearchModule:UnityEditor.Search:ASIAI0B' with importer (ScriptedImporter : UnityEditor.QuickSearchModule:UnityEditor.Search:ASIAI0B)
Imported 'GUID: 90ded0611e490aa4ba6961afbfc2280d' -> (Import Result ID: '40ace52619348f9a3b8f645a24f55524') in 0.021 seconds [static and dynamic dependencies]. Details - ImportResultOutputID=6f76f1a1b7744cbe6a5f9c5b8b9dc02a DependenciesID=c60bf3df87c7e2be444e670fe7bfc1a7 StaticDependenciesID=9377fd0e65865cadbc71e0fd09082d6a 
Number of updated asset objects reloaded before import = 0
Number of asset objects unloaded after import = 3
========================================================================
Received Import Request.
  Time of request: 2026-09-06T07:59:53.3442236Z
  Time since last request: 0.0084948 seconds.
  importAddress: GUID: c59b7c2565a25a24ea3a1f988e7bd7b2 - Path: Packages/com.unity.cinemachine/Editor/Editors/CinemachineSplineRollEditor.cs - Importer: ScriptedImporter/UnityEditor.QuickSearchModule:UnityEditor.Search:ASIAI0B
Importing 'GUID: c59b7c2565a25a24ea3a1f988e7bd7b2 - Path: Packages/com.unity.cinemachine/Editor/Editors/CinemachineSplineRollEditor.cs - Importer: ScriptedImporter/UnityEditor.QuickSearchModule:UnityEditor.Search:ASIAI0B' with importer (ScriptedImporter : UnityEditor.QuickSearchModule:UnityEditor.Search:ASIAI0B)
Imported 'GUID: c59b7c2565a25a24ea3a1f988e7bd7b2' -> (Import Result ID: 'b6e88876afe853a0787d97faf23f3c71') in 0.004 seconds [static and dynamic dependencies]. Details - ImportResultOutputID=466c5563158a869bd4efd4b7a1ae4ee9 DependenciesID=53ea73cb9bfa2e0721ceff5e608439bc StaticDependenciesID=d340522e47fd642735afdb15d45f5a56 
Number of updated asset objects reloaded before import = 0
Number of asset objects unloaded after import = 0
========================================================================
Received Import Request.
  Time of request: 2026-09-06T07:59:53.3588527Z
  Time since last request: 0.0003205 seconds.
  importAddress: GUID: b70f45aa92a641feb261c5d55ce46edf - Path: Assets/Starter Assets/Editor/ThirdPersonStarterAssetsDeployMenu.cs - Importer: ScriptedImporter/UnityEditor.QuickSearchModule:UnityEditor.Search:ASIAI0B
Importing 'GUID: b70f45aa92a641feb261c5d55ce46edf - Path: Assets/Starter Assets/Editor/ThirdPersonStarterAssetsDeployMenu.cs - Importer: ScriptedImporter/UnityEditor.QuickSearchModule:UnityEditor.Search:ASIAI0B' with importer (ScriptedImporter : UnityEditor.QuickSearchModule:UnityEditor.Search:ASIAI0B)
Imported 'GUID: b70f45aa92a641feb261c5d55ce46edf' -> (Import Result ID: '4b53f61bc776ed0fa07cc1e7a9fa01ca') in 0.004 seconds [static and dynamic dependencies]. Details - ImportResultOutputID=f1a43c69f68f7d4adab0077586296579 DependenciesID=7cfc76f65802574faca46220dd97bf13 StaticDependenciesID=0c204df452a3fe9ab79175c8396a8fa4 
Number of updated asset objects reloaded before import = 0
Number of asset objects unloaded after import = 0
========================================================================
Received Import Request.
  Time of request: 2026-09-06T07:59:53.3738672Z
  Time since last request: 0.0004622 seconds.
  importAddress: GUID: d4d6919451fe3e24388816386a6d15a4 - Path: Assets/Starter Assets/Sample/Environment/Art/Textures/Grid_01_Emissive.png - Importer: ScriptedImporter/UnityEditor.QuickSearchModule:UnityEditor.Search:ASIAI0B
Importing 'GUID: d4d6919451fe3e24388816386a6d15a4 - Path: Assets/Starter Assets/Sample/Environment/Art/Textures/Grid_01_Emissive.png - Importer: ScriptedImporter/UnityEditor.QuickSearchModule:UnityEditor.Search:ASIAI0B' with importer (ScriptedImporter : UnityEditor.QuickSearchModule:UnityEditor.Search:ASIAI0B)
Imported 'GUID: d4d6919451fe3e24388816386a6d15a4' -> (Import Result ID: 'eadde9fb47473c0cd5ec58ff40430315') in 0.010 seconds [static and dynamic dependencies]. Details - ImportResultOutputID=33deca5df6398f0dc8589b7b5f0b44bb DependenciesID=4b97b6184016ee41ed181f71d1b433ab StaticDependenciesID=9ff832dade708d396dbd7252aa713213 
Number of updated asset objects reloaded before import = 0
Number of asset objects unloaded after import = 1
========================================================================
Received Import Request.
  Time of request: 2026-09-06T07:59:53.396015Z
  Time since last request: 0.000361 seconds.
  importAddress: GUID: 9563dd1f3643cc54ba60086d957fcd78 - Path: Packages/com.unity.settings-manager/Tests/Editor - Importer: ScriptedImporter/UnityEditor.QuickSearchModule:UnityEditor.Search:ASIAI0B
Importing 'GUID: 9563dd1f3643cc54ba60086d957fcd78 - Path: Packages/com.unity.settings-manager/Tests/Editor - Importer: ScriptedImporter/UnityEditor.QuickSearchModule:UnityEditor.Search:ASIAI0B' with importer (ScriptedImporter : UnityEditor.QuickSearchModule:UnityEditor.Search:ASIAI0B)
Imported 'GUID: 9563dd1f3643cc54ba60086d957fcd78' -> (Import Result ID: '1b6d43eb3e4ce4dc0f52d9e3f25654dd') in 0.004 seconds [static and dynamic dependencies]. Details - ImportResultOutputID=b5456ad4b7f341aa44b719058bddc1cb DependenciesID=e241950a91c4a338a5e69607d19b573e StaticDependenciesID=5a658318dc809f2b74df4d9937a67dc0 
Number of updated asset objects reloaded before import = 0
Number of asset objects unloaded after import = 1
========================================================================
Received Import Request.
  Time of request: 2026-09-06T07:59:53.4133452Z
  Time since last request: 0.0004425 seconds.
  importAddress: GUID: 0c798f601e8d04973bbefdbf7bd6a371 - Path: Packages/com.unity.cinemachine/Editor/Samples/ExposeHDRPInternals - Importer: ScriptedImporter/UnityEditor.QuickSearchModule:UnityEditor.Search:ASIAI0B
Importing 'GUID: 0c798f601e8d04973bbefdbf7bd6a371 - Path: Packages/com.unity.cinemachine/Editor/Samples/ExposeHDRPInternals - Importer: ScriptedImporter/UnityEditor.QuickSearchModule:UnityEditor.Search:ASIAI0B' with importer (ScriptedImporter : UnityEditor.QuickSearchModule:UnityEditor.Search:ASIAI0B)
Imported 'GUID: 0c798f601e8d04973bbefdbf7bd6a371' -> (Import Result ID: '7724ce9a4a21533c34b7da7a15944d0a') in 0.004 seconds [static and dynamic dependencies]. Details - ImportResultOutputID=b692f60a3b58588870f7c498cefb566e DependenciesID=1e49c1877dd907655748900e380ac622 StaticDependenciesID=ae63edfcfe9a9cbd5255fc75cd28cc89 
Number of updated asset objects reloaded before import = 0
Number of asset objects unloaded after import = 1
========================================================================
Received Import Request.
  Time of request: 2026-09-06T07:59:53.4300811Z
  Time since last request: 0.0003237 seconds.
  importAddress: GUID: 91c3fe9c5761c87498f34619ed51aca6 - Path: Assets/Starter Assets/Sample - Importer: ScriptedImporter/UnityEditor.QuickSearchModule:UnityEditor.Search:ASIAI0B
Importing 'GUID: 91c3fe9c5761c87498f34619ed51aca6 - Path: Assets/Starter Assets/Sample - Importer: ScriptedImporter/UnityEditor.QuickSearchModule:UnityEditor.Search:ASIAI0B' with importer (ScriptedImporter : UnityEditor.QuickSearchModule:UnityEditor.Search:ASIAI0B)
Imported 'GUID: 91c3fe9c5761c87498f34619ed51aca6' -> (Import Result ID: '6ff094af2f0f717b0b5d145b4f5ccfb3') in 0.004 seconds [static and dynamic dependencies]. Details - ImportResultOutputID=fa902c68ca0f3c36ceabbfe78d7ab047 DependenciesID=92607f66a59e997db746b241c6b7b296 StaticDependenciesID=5cef1d935e80ceb60b707f5d4c1fbcc7 
Number of updated asset objects reloaded before import = 0
Number of asset objects unloaded after import = 1
========================================================================
Received Import Request.
  Time of request: 2026-09-06T07:59:53.4446707Z
  Time since last request: 0.0005696 seconds.
  importAddress: GUID: 274649b0e221539409070ebf6c18918b - Path: Assets/Starter Assets/Runtime/ThirdPersonController/Character/Sfx/Player_Footstep_09.wav - Importer: ScriptedImporter/UnityEditor.QuickSearchModule:UnityEditor.Search:ASIAI0B
Importing 'GUID: 274649b0e221539409070ebf6c18918b - Path: Assets/Starter Assets/Runtime/ThirdPersonController/Character/Sfx/Player_Footstep_09.wav - Importer: ScriptedImporter/UnityEditor.QuickSearchModule:UnityEditor.Search:ASIAI0B' with importer (ScriptedImporter : UnityEditor.QuickSearchModule:UnityEditor.Search:ASIAI0B)
Imported 'GUID: 274649b0e221539409070ebf6c18918b' -> (Import Result ID: '8f2afc95b37664b4134d40a5842a3d74') in 0.005 seconds [static and dynamic dependencies]. Details - ImportResultOutputID=6c09e27902fc63c593f4b4385c565a50 DependenciesID=6183bcbccb5c792ae928c3877fb85211 StaticDependenciesID=14d5b1842856acaa74f2194d5ef609a2 
Number of updated asset objects reloaded before import = 0
Number of asset objects unloaded after import = 1
========================================================================
Received Import Request.
  Time of request: 2026-09-06T07:59:53.4602373Z
  Time since last request: 0.0003223 seconds.
  importAddress: GUID: 1d6e640e716dc4ff6989b73d02023f2b - Path: Packages/com.unity.cinemachine/Runtime/Input/CinemachineDefaultInputActions.inputactions - Importer: ScriptedImporter/UnityEditor.QuickSearchModule:UnityEditor.Search:ASIAI0B
Importing 'GUID: 1d6e640e716dc4ff6989b73d02023f2b - Path: Packages/com.unity.cinemachine/Runtime/Input/CinemachineDefaultInputActions.inputactions - Importer: ScriptedImporter/UnityEditor.QuickSearchModule:UnityEditor.Search:ASIAI0B' with importer (ScriptedImporter : UnityEditor.QuickSearchModule:UnityEditor.Search:ASIAI0B)
Imported 'GUID: 1d6e640e716dc4ff6989b73d02023f2b' -> (Import Result ID: '2584813330d1ef1ff84246bba7c22724') in 0.013 seconds [static and dynamic dependencies]. Details - ImportResultOutputID=9e69b4a6b0e41774a924b54ab217b5c3 DependenciesID=23ec87f7a3d8e357aa314deb3bcf579d StaticDependenciesID=8b33c83c2cfaa6769a195d090e50999a 
Number of updated asset objects reloaded before import = 0
Number of asset objects unloaded after import = 12
========================================================================
Received Import Request.
  Time of request: 2026-09-06T07:59:53.4863481Z
  Time since last request: 0.0003795 seconds.
  importAddress: GUID: fdb859783dabdca44be0ea05d1203b30 - Path: Packages/com.unity.cinemachine/Editor/Impulse/CinemachineImpulseEnvelopePropertyDrawer.cs - Importer: ScriptedImporter/UnityEditor.QuickSearchModule:UnityEditor.Search:ASIAI0B
Importing 'GUID: fdb859783dabdca44be0ea05d1203b30 - Path: Packages/com.unity.cinemachine/Editor/Impulse/CinemachineImpulseEnvelopePropertyDrawer.cs - Importer: ScriptedImporter/UnityEditor.QuickSearchModule:UnityEditor.Search:ASIAI0B' with importer (ScriptedImporter : UnityEditor.QuickSearchModule:UnityEditor.Search:ASIAI0B)
Imported 'GUID: fdb859783dabdca44be0ea05d1203b30' -> (Import Result ID: '812d0d701e5d41ae7235b98cee2cc615') in 0.004 seconds [static and dynamic dependencies]. Details - ImportResultOutputID=81e229fd0c34b74feee2a1687618142b DependenciesID=63bb41f5cb1c900ebb595b2e80b57bea StaticDependenciesID=52e07afa83098e4379fd5f5f1092c1f7 
Number of updated asset objects reloaded before import = 0
Number of asset objects unloaded after import = 0
========================================================================
Received Import Request.
  Time of request: 2026-09-06T07:59:53.5041244Z
  Time since last request: 0.0005375 seconds.
  importAddress: GUID: d30409ab90458e5409807c8b0274ac9c - Path: Packages/com.unity.cinemachine/Editor/Utility/EmbeddedAssetEditorUtility.cs - Importer: ScriptedImporter/UnityEditor.QuickSearchModule:UnityEditor.Search:ASIAI0B
Importing 'GUID: d30409ab90458e5409807c8b0274ac9c - Path: Packages/com.unity.cinemachine/Editor/Utility/EmbeddedAssetEditorUtility.cs - Importer: ScriptedImporter/UnityEditor.QuickSearchModule:UnityEditor.Search:ASIAI0B' with importer (ScriptedImporter : UnityEditor.QuickSearchModule:UnityEditor.Search:ASIAI0B)
Imported 'GUID: d30409ab90458e5409807c8b0274ac9c' -> (Import Result ID: '5b7aa7aa19257c0d0a6ea285331c71ba') in 0.003 seconds [static and dynamic dependencies]. Details - ImportResultOutputID=355ee8c3323e8e56124a5c54ddce8b94 DependenciesID=1497da4ec8b1d636124d08ac28139879 StaticDependenciesID=f2f7c65fe0c4830e1cc33f20c0126690 
Number of updated asset objects reloaded before import = 0
Number of asset objects unloaded after import = 0
========================================================================
Received Import Request.
  Time of request: 2026-09-06T07:59:53.5196966Z
  Time since last request: 0.0003709 seconds.
  importAddress: GUID: 31c3ab7d86d07034eb528155d40c016b - Path: Packages/com.unity.cinemachine/Editor/PropertyDrawers - Importer: ScriptedImporter/UnityEditor.QuickSearchModule:UnityEditor.Search:ASIAI0B
Importing 'GUID: 31c3ab7d86d07034eb528155d40c016b - Path: Packages/com.unity.cinemachine/Editor/PropertyDrawers - Importer: ScriptedImporter/UnityEditor.QuickSearchModule:UnityEditor.Search:ASIAI0B' with importer (ScriptedImporter : UnityEditor.QuickSearchModule:UnityEditor.Search:ASIAI0B)
Imported 'GUID: 31c3ab7d86d07034eb528155d40c016b' -> (Import Result ID: 'd542432ac9a0edef39b643cf90e4abf2') in 0.004 seconds [static and dynamic dependencies]. Details - ImportResultOutputID=0866d5af7d387e41c40d6321736065f1 DependenciesID=9aefb52e3e4c95b28d1a46381e43a0e5 StaticDependenciesID=f934338ea05403988eae096f5876ad12 
Number of updated asset objects reloaded before import = 0
Number of asset objects unloaded after import = 1
========================================================================
Received Import Request.
  Time of request: 2026-09-06T07:59:53.5348531Z
  Time since last request: 0.0004484 seconds.
  importAddress: GUID: f34d110791e602a418f182fbec6b699d - Path: Packages/com.unity.cinemachine/Editor/EditorResources/StdLib.hlsl - Importer: ScriptedImporter/UnityEditor.QuickSearchModule:UnityEditor.Search:ASIAI0B
Importing 'GUID: f34d110791e602a418f182fbec6b699d - Path: Packages/com.unity.cinemachine/Editor/EditorResources/StdLib.hlsl - Importer: ScriptedImporter/UnityEditor.QuickSearchModule:UnityEditor.Search:ASIAI0B' with importer (ScriptedImporter : UnityEditor.QuickSearchModule:UnityEditor.Search:ASIAI0B)
Imported 'GUID: f34d110791e602a418f182fbec6b699d' -> (Import Result ID: 'a62c0f25ae67a5e439c40a17aa4b3d03') in 0.005 seconds [static and dynamic dependencies]. Details - ImportResultOutputID=b29c8d7be6d43dcca68f26535b64f2e1 DependenciesID=6df6fce481d2e77d076b818e7252c457 StaticDependenciesID=7121c9d9953872ea8c0650528fe164d4 
Number of updated asset objects reloaded before import = 0
Number of asset objects unloaded after import = 1
========================================================================
Received Import Request.
  Time of request: 2026-09-06T07:59:53.5521349Z
  Time since last request: 0.0004226 seconds.
  importAddress: GUID: 3c3ef6c576346de41b39443390926030 - Path: Assets/Starter Assets/Sample/Environment/Shaders/Built-in_RP - Importer: ScriptedImporter/UnityEditor.QuickSearchModule:UnityEditor.Search:ASIAI0B
Importing 'GUID: 3c3ef6c576346de41b39443390926030 - Path: Assets/Starter Assets/Sample/Environment/Shaders/Built-in_RP - Importer: ScriptedImporter/UnityEditor.QuickSearchModule:UnityEditor.Search:ASIAI0B' with importer (ScriptedImporter : UnityEditor.QuickSearchModule:UnityEditor.Search:ASIAI0B)
Imported 'GUID: 3c3ef6c576346de41b39443390926030' -> (Import Result ID: '358118ac3d69227451e7b927ce8d172b') in 0.003 seconds [static and dynamic dependencies]. Details - ImportResultOutputID=3a5f882a1831c33f1f2217cc8e369c86 DependenciesID=71e4e108967fb7196d00dfa0f17b1caa StaticDependenciesID=4c1dccf6674510ad485a12c25ecc2b13 
Number of updated asset objects reloaded before import = 0
Number of asset objects unloaded after import = 1
========================================================================
Received Import Request.
  Time of request: 2026-09-06T07:59:53.5687922Z
  Time since last request: 0.0005221 seconds.
  importAddress: GUID: c39afad2c38718f49ab40bffd508ed26 - Path: Packages/com.unity.cinemachine/Editor/PropertyDrawers/MinMaxRangeSliderPropertyDrawer.cs - Importer: ScriptedImporter/UnityEditor.QuickSearchModule:UnityEditor.Search:ASIAI0B
Importing 'GUID: c39afad2c38718f49ab40bffd508ed26 - Path: Packages/com.unity.cinemachine/Editor/PropertyDrawers/MinMaxRangeSliderPropertyDrawer.cs - Importer: ScriptedImporter/UnityEditor.QuickSearchModule:UnityEditor.Search:ASIAI0B' with importer (ScriptedImporter : UnityEditor.QuickSearchModule:UnityEditor.Search:ASIAI0B)
Imported 'GUID: c39afad2c38718f49ab40bffd508ed26' -> (Import Result ID: '1f6b635f4ae4e1a69c5ce2d03ed7eea0') in 0.003 seconds [static and dynamic dependencies]. Details - ImportResultOutputID=c7361d8c69abe81877dff8f41157ef0d DependenciesID=62ae2d390aaae02e7870f6bcd9620358 StaticDependenciesID=42ec9b2ef9a4cbf95093bbb9bf4a8ae1 
Number of updated asset objects reloaded before import = 0
Number of asset objects unloaded after import = 0
========================================================================
Received Import Request.
  Time of request: 2026-09-06T07:59:53.5831175Z
  Time since last request: 0.0004006 seconds.
  importAddress: GUID: 73dae0f38fe36064e80bee257b7da7b9 - Path: Packages/com.unity.cinemachine/Runtime/PostProcessing - Importer: ScriptedImporter/UnityEditor.QuickSearchModule:UnityEditor.Search:ASIAI0B
Importing 'GUID: 73dae0f38fe36064e80bee257b7da7b9 - Path: Packages/com.unity.cinemachine/Runtime/PostProcessing - Importer: ScriptedImporter/UnityEditor.QuickSearchModule:UnityEditor.Search:ASIAI0B' with importer (ScriptedImporter : UnityEditor.QuickSearchModule:UnityEditor.Search:ASIAI0B)
Imported 'GUID: 73dae0f38fe36064e80bee257b7da7b9' -> (Import Result ID: '5ffd06c32e8150d5a071b26a0f2b0ee6') in 0.005 seconds [static and dynamic dependencies]. Details - ImportResultOutputID=0b00dcaee5789b83e8516c99a30ed8b3 DependenciesID=ea012dfc8003406e6ef861b90a7a62d7 StaticDependenciesID=2d6be1bc55186fe297ea9794077a95fe 
Number of updated asset objects reloaded before import = 0
Number of asset objects unloaded after import = 1
========================================================================
Received Import Request.
  Time of request: 2026-09-06T07:59:53.598973Z
  Time since last request: 0.0009045 seconds.
  importAddress: GUID: 063aa479676c4084ebf187660ca0a7b8 - Path: Assets/Starter Assets/Runtime/ThirdPersonController/Character/Animations/Jump--InAir.anim.fbx - Importer: ScriptedImporter/UnityEditor.QuickSearchModule:UnityEditor.Search:ASIAI0B
Importing 'GUID: 063aa479676c4084ebf187660ca0a7b8 - Path: Assets/Starter Assets/Runtime/ThirdPersonController/Character/Animations/Jump--InAir.anim.fbx - Importer: ScriptedImporter/UnityEditor.QuickSearchModule:UnityEditor.Search:ASIAI0B' with importer (ScriptedImporter : UnityEditor.QuickSearchModule:UnityEditor.Search:ASIAI0B)
Imported 'GUID: 063aa479676c4084ebf187660ca0a7b8' -> (Import Result ID: 'c03a5fa204b9ddfa0c6d91d5f30a9b61') in 0.013 seconds [static and dynamic dependencies]. Details - ImportResultOutputID=914d5d40a46181707dd67664382bd9f6 DependenciesID=ce646058d5b09aeb8892666d3768e845 StaticDependenciesID=5448963438cb8cb4040f9127729eb489 
Number of updated asset objects reloaded before import = 0
Number of asset objects unloaded after import = 144
========================================================================
Received Import Request.
  Time of request: 2026-09-06T07:59:53.6255914Z
  Time since last request: 0.0009415 seconds.
  importAddress: GUID: 62d54399b04b4fa48a73e121d4937dd4 - Path: Packages/com.unity.cinemachine/Runtime/Components/CinemachinePanTilt.cs - Importer: ScriptedImporter/UnityEditor.QuickSearchModule:UnityEditor.Search:ASIAI0B
Importing 'GUID: 62d54399b04b4fa48a73e121d4937dd4 - Path: Packages/com.unity.cinemachine/Runtime/Components/CinemachinePanTilt.cs - Importer: ScriptedImporter/UnityEditor.QuickSearchModule:UnityEditor.Search:ASIAI0B' with importer (ScriptedImporter : UnityEditor.QuickSearchModule:UnityEditor.Search:ASIAI0B)
Imported 'GUID: 62d54399b04b4fa48a73e121d4937dd4' -> (Import Result ID: 'b90728271d66a4c9c19cf12de29b2cca') in 0.005 seconds [static and dynamic dependencies]. Details - ImportResultOutputID=4bed441622a2bda22a8df15a25d5b177 DependenciesID=c5de8620317acf64cba3879161fafdaa StaticDependenciesID=313864266943e14128cf0dd7f2eb4503 
Number of updated asset objects reloaded before import = 0
Number of asset objects unloaded after import = 1
========================================================================
Received Import Request.
  Time of request: 2026-09-06T07:59:53.6441737Z
  Time since last request: 0.0008142 seconds.
  importAddress: GUID: 2495f958516e4867aa9cbcbcf916836c - Path: Packages/com.unity.splines/Editor/Utilities/SplineDataHandle.cs - Importer: ScriptedImporter/UnityEditor.QuickSearchModule:UnityEditor.Search:ASIAI0B
Importing 'GUID: 2495f958516e4867aa9cbcbcf916836c - Path: Packages/com.unity.splines/Editor/Utilities/SplineDataHandle.cs - Importer: ScriptedImporter/UnityEditor.QuickSearchModule:UnityEditor.Search:ASIAI0B' with importer (ScriptedImporter : UnityEditor.QuickSearchModule:UnityEditor.Search:ASIAI0B)
Imported 'GUID: 2495f958516e4867aa9cbcbcf916836c' -> (Import Result ID: 'e58637e57e8a869a5fb8fddb6e2b3b97') in 0.005 seconds [static and dynamic dependencies]. Details - ImportResultOutputID=fb198954ed9fd1cefaedb19b0986e773 DependenciesID=14f5f994dead11db55d08dc0c49999db StaticDependenciesID=272620df0c7b6facc234b17ac3577a7f 
Number of updated asset objects reloaded before import = 0
Number of asset objects unloaded after import = 0
========================================================================
Received Import Request.
  Time of request: 2026-09-06T07:59:53.6616973Z
  Time since last request: 0.0004423 seconds.
  importAddress: GUID: 87edaa385191f4e43ac1e2831a02159f - Path: Packages/com.unity.cinemachine/Editor/Utility/CinemachineLensPalette.cs - Importer: ScriptedImporter/UnityEditor.QuickSearchModule:UnityEditor.Search:ASIAI0B
Importing 'GUID: 87edaa385191f4e43ac1e2831a02159f - Path: Packages/com.unity.cinemachine/Editor/Utility/CinemachineLensPalette.cs - Importer: ScriptedImporter/UnityEditor.QuickSearchModule:UnityEditor.Search:ASIAI0B' with importer (ScriptedImporter : UnityEditor.QuickSearchModule:UnityEditor.Search:ASIAI0B)
Imported 'GUID: 87edaa385191f4e43ac1e2831a02159f' -> (Import Result ID: '84b7fdffba4ff3beb0b2ec8348f55814') in 0.004 seconds [static and dynamic dependencies]. Details - ImportResultOutputID=33ec2bd3b8cf494d0cafeb9202f494d3 DependenciesID=82a28803f844aa0566709a12425209ac StaticDependenciesID=5ecec98bc010b16697524ca9058f7f1e 
Number of updated asset objects reloaded before import = 0
Number of asset objects unloaded after import = 0
========================================================================
Received Import Request.
  Time of request: 2026-09-06T07:59:53.6790058Z
  Time since last request: 0.0006994 seconds.
  importAddress: GUID: 26663a5ec9987421996161615506b6c5 - Path: Packages/com.unity.cinemachine/Editor/EditorResources/Icons/Light/CmComponent@256.png - Importer: ScriptedImporter/UnityEditor.QuickSearchModule:UnityEditor.Search:ASIAI0B
Importing 'GUID: 26663a5ec9987421996161615506b6c5 - Path: Packages/com.unity.cinemachine/Editor/EditorResources/Icons/Light/CmComponent@256.png - Importer: ScriptedImporter/UnityEditor.QuickSearchModule:UnityEditor.Search:ASIAI0B' with importer (ScriptedImporter : UnityEditor.QuickSearchModule:UnityEditor.Search:ASIAI0B)
Imported 'GUID: 26663a5ec9987421996161615506b6c5' -> (Import Result ID: 'c884602bdd058373d29d77514baad493') in 0.011 seconds [static and dynamic dependencies]. Details - ImportResultOutputID=e561e0df95bf826396f7dc7af4355ac9 DependenciesID=080be609ef13167c162e0f46f93fffe8 StaticDependenciesID=dd4e94b6fb7003ca9ca5eb936bfd8c1d 
Number of updated asset objects reloaded before import = 0
Number of asset objects unloaded after import = 1
========================================================================
Received Import Request.
  Time of request: 2026-09-06T07:59:53.7015836Z
  Time since last request: 0.0008174 seconds.
  importAddress: GUID: ce936ac659770a44aa1173e2a6dce953 - Path: Packages/com.unity.cinemachine/Editor/Windows/CinemachineTimelinePrefs.cs - Importer: ScriptedImporter/UnityEditor.QuickSearchModule:UnityEditor.Search:ASIAI0B
Importing 'GUID: ce936ac659770a44aa1173e2a6dce953 - Path: Packages/com.unity.cinemachine/Editor/Windows/CinemachineTimelinePrefs.cs - Importer: ScriptedImporter/UnityEditor.QuickSearchModule:UnityEditor.Search:ASIAI0B' with importer (ScriptedImporter : UnityEditor.QuickSearchModule:UnityEditor.Search:ASIAI0B)
Imported 'GUID: ce936ac659770a44aa1173e2a6dce953' -> (Import Result ID: '03bab0b8a3fe661f9f63c663cdf36aa5') in 0.005 seconds [static and dynamic dependencies]. Details - ImportResultOutputID=a612c19f39804370ae754db35a920c53 DependenciesID=ca213c7f7cea2a339e6f0531d27dd618 StaticDependenciesID=c7982125aebaf498860727d368a6adc7 
Number of updated asset objects reloaded before import = 0
Number of asset objects unloaded after import = 0
========================================================================
Received Import Request.
  Time of request: 2026-09-06T07:59:53.7169394Z
  Time since last request: 0.0004672 seconds.
  importAddress: GUID: 418e42c7d0405cc48a7b83f63ea53bb3 - Path: Packages/com.unity.cinemachine/Runtime/Deprecated/CinemachineTrackedDolly.cs - Importer: ScriptedImporter/UnityEditor.QuickSearchModule:UnityEditor.Search:ASIAI0B
Importing 'GUID: 418e42c7d0405cc48a7b83f63ea53bb3 - Path: Packages/com.unity.cinemachine/Runtime/Deprecated/CinemachineTrackedDolly.cs - Importer: ScriptedImporter/UnityEditor.QuickSearchModule:UnityEditor.Search:ASIAI0B' with importer (ScriptedImporter : UnityEditor.QuickSearchModule:UnityEditor.Search:ASIAI0B)
Imported 'GUID: 418e42c7d0405cc48a7b83f63ea53bb3' -> (Import Result ID: '3cb68a1297a480f846c83959b91c7b9f') in 0.004 seconds [static and dynamic dependencies]. Details - ImportResultOutputID=b8f9a940e05f8c8b8cff306aec89007e DependenciesID=7890f0576ee489b8a3cd31b680ec97de StaticDependenciesID=64edb19787557ca79563166058b1b117 
Number of updated asset objects reloaded before import = 0
Number of asset objects unloaded after import = 0
========================================================================
Received Import Request.
  Time of request: 2026-09-06T07:59:53.7335042Z
  Time since last request: 0.0004212 seconds.
  importAddress: GUID: 7b7b7ed25b78f49208462984ca88f556 - Path: Packages/com.unity.splines/Editor/Utilities/SerializedPropertyUtility.cs - Importer: ScriptedImporter/UnityEditor.QuickSearchModule:UnityEditor.Search:ASIAI0B
Importing 'GUID: 7b7b7ed25b78f49208462984ca88f556 - Path: Packages/com.unity.splines/Editor/Utilities/SerializedPropertyUtility.cs - Importer: ScriptedImporter/UnityEditor.QuickSearchModule:UnityEditor.Search:ASIAI0B' with importer (ScriptedImporter : UnityEditor.QuickSearchModule:UnityEditor.Search:ASIAI0B)
Imported 'GUID: 7b7b7ed25b78f49208462984ca88f556' -> (Import Result ID: 'e91b9c8a15a4e9e014dfcb8d54a00a98') in 0.004 seconds [static and dynamic dependencies]. Details - ImportResultOutputID=b44a2ce73abc2f415e6beca19c6eeb77 DependenciesID=396b5b7a130a388d909b3a03df942910 StaticDependenciesID=c9228ff6728faf43e65d76d88512c94e 
Number of updated asset objects reloaded before import = 0
Number of asset objects unloaded after import = 0
========================================================================
Received Import Request.
  Time of request: 2026-09-06T07:59:53.7509061Z
  Time since last request: 0.000637 seconds.
  importAddress: GUID: 85016e0f2b01da248b9663dd49a161b0 - Path: Assets/Starter Assets/Runtime/ThirdPersonController/Character/Sfx/Player_Footstep_02.wav - Importer: ScriptedImporter/UnityEditor.QuickSearchModule:UnityEditor.Search:ASIAI0B
Importing 'GUID: 85016e0f2b01da248b9663dd49a161b0 - Path: Assets/Starter Assets/Runtime/ThirdPersonController/Character/Sfx/Player_Footstep_02.wav - Importer: ScriptedImporter/UnityEditor.QuickSearchModule:UnityEditor.Search:ASIAI0B' with importer (ScriptedImporter : UnityEditor.QuickSearchModule:UnityEditor.Search:ASIAI0B)
Imported 'GUID: 85016e0f2b01da248b9663dd49a161b0' -> (Import Result ID: '747892ff289090a4ca4be2b97c83a9ba') in 0.006 seconds [static and dynamic dependencies]. Details - ImportResultOutputID=c64d408d75f41ab275db6fb4c8d28bda DependenciesID=ddd8baf2dff724500e0bcee4eb8488d4 StaticDependenciesID=0c5c5112d644bf05a5f2e51e34eea7e9 
Number of updated asset objects reloaded before import = 0
Number of asset objects unloaded after import = 1
========================================================================
Received Import Request.
  Time of request: 2026-09-06T07:59:53.7705567Z
  Time since last request: 0.0008395 seconds.
  importAddress: GUID: c6a55ba99e9e99d41b7eef123e311a43 - Path: Assets/Starter Assets/Sample/Environment/Art/Models/Box_350x250x200_Mesh.fbx - Importer: ScriptedImporter/UnityEditor.QuickSearchModule:UnityEditor.Search:ASIAI0B
Importing 'GUID: c6a55ba99e9e99d41b7eef123e311a43 - Path: Assets/Starter Assets/Sample/Environment/Art/Models/Box_350x250x200_Mesh.fbx - Importer: ScriptedImporter/UnityEditor.QuickSearchModule:UnityEditor.Search:ASIAI0B' with importer (ScriptedImporter : UnityEditor.QuickSearchModule:UnityEditor.Search:ASIAI0B)
Imported 'GUID: c6a55ba99e9e99d41b7eef123e311a43' -> (Import Result ID: '702f43c1595044bda2e45289ad3f9a4c') in 0.009 seconds [static and dynamic dependencies]. Details - ImportResultOutputID=1e445cc8a1e6a191fde09ad15ce1a650 DependenciesID=df9e1c8455816dcce7a3539d4a37179d StaticDependenciesID=838f5d2b455682747befb68a10ef7dcf 
Number of updated asset objects reloaded before import = 0
Number of asset objects unloaded after import = 9
========================================================================
Received Import Request.
  Time of request: 2026-09-06T07:59:53.7905454Z
  Time since last request: 0.0002518 seconds.
  importAddress: GUID: 2d65bb50aabd144ed9c1a4c2bc6d072e - Path: Packages/com.unity.settings-manager/Editor/ValueWrapper.cs - Importer: ScriptedImporter/UnityEditor.QuickSearchModule:UnityEditor.Search:ASIAI0B
Importing 'GUID: 2d65bb50aabd144ed9c1a4c2bc6d072e - Path: Packages/com.unity.settings-manager/Editor/ValueWrapper.cs - Importer: ScriptedImporter/UnityEditor.QuickSearchModule:UnityEditor.Search:ASIAI0B' with importer (ScriptedImporter : UnityEditor.QuickSearchModule:UnityEditor.Search:ASIAI0B)
Imported 'GUID: 2d65bb50aabd144ed9c1a4c2bc6d072e' -> (Import Result ID: '7cf730bd6dabedefda986a079e1f8800') in 0.004 seconds [static and dynamic dependencies]. Details - ImportResultOutputID=6637b4b37e44f1f29f4d90c01275de1c DependenciesID=08b29191c6d860ccbf1562a18d056f0d StaticDependenciesID=d323428d860818537007e655ae6578e9 
Number of updated asset objects reloaded before import = 0
Number of asset objects unloaded after import = 0
========================================================================
Received Import Request.
  Time of request: 2026-09-06T07:59:53.8063341Z
  Time since last request: 0.0007345 seconds.
  importAddress: GUID: b74c31d447d2f5d41a61081bdf5e7126 - Path: Assets/Starter Assets/Runtime/Mobile/UI/Images/UI_Circle_Bevel_Base.png - Importer: ScriptedImporter/UnityEditor.QuickSearchModule:UnityEditor.Search:ASIAI0B
Importing 'GUID: b74c31d447d2f5d41a61081bdf5e7126 - Path: Assets/Starter Assets/Runtime/Mobile/UI/Images/UI_Circle_Bevel_Base.png - Importer: ScriptedImporter/UnityEditor.QuickSearchModule:UnityEditor.Search:ASIAI0B' with importer (ScriptedImporter : UnityEditor.QuickSearchModule:UnityEditor.Search:ASIAI0B)
Imported 'GUID: b74c31d447d2f5d41a61081bdf5e7126' -> (Import Result ID: '0efbf00003f5cfa74b0f651e9d115fec') in 0.012 seconds [static and dynamic dependencies]. Details - ImportResultOutputID=96801ff6e269fb2a780aa38ed0909469 DependenciesID=1dccdf72cc6006d0dc7293f0ba323530 StaticDependenciesID=06767499e1c3308c5bc0e4dc52a6a911 
Number of updated asset objects reloaded before import = 0
Number of asset objects unloaded after import = 3
========================================================================
Received Import Request.
  Time of request: 2026-09-06T07:59:53.8322903Z
  Time since last request: 0.0011563 seconds.
  importAddress: GUID: cd7588d2cd80879409b245a5a34211f4 - Path: Packages/com.unity.splines/Editor/Editor Resources/Icons/Tangent_Linear On.png - Importer: ScriptedImporter/UnityEditor.QuickSearchModule:UnityEditor.Search:ASIAI0B
Importing 'GUID: cd7588d2cd80879409b245a5a34211f4 - Path: Packages/com.unity.splines/Editor/Editor Resources/Icons/Tangent_Linear On.png - Importer: ScriptedImporter/UnityEditor.QuickSearchModule:UnityEditor.Search:ASIAI0B' with importer (ScriptedImporter : UnityEditor.QuickSearchModule:UnityEditor.Search:ASIAI0B)
Imported 'GUID: cd7588d2cd80879409b245a5a34211f4' -> (Import Result ID: '1ba2185154e0ababaf4289d4c1435d49') in 0.007 seconds [static and dynamic dependencies]. Details - ImportResultOutputID=2fdb19c4530025200974095bec0deb65 DependenciesID=66a1ea33075c0a4512dd73fc81287705 StaticDependenciesID=9a388d147d154eac2d4bcfb3386cf31d 
Number of updated asset objects reloaded before import = 0
Number of asset objects unloaded after import = 1
========================================================================
Received Import Request.
  Time of request: 2026-09-06T07:59:53.8524629Z
  Time since last request: 0.0005051 seconds.
  importAddress: GUID: b41d630ccc344454bb1f27587f9acd70 - Path: Assets/Starter Assets/Runtime/ThirdPersonController/Character/Textures/Armature_Arms_MetallicSmoothness.tif - Importer: ScriptedImporter/UnityEditor.QuickSearchModule:UnityEditor.Search:ASIAI0B
Importing 'GUID: b41d630ccc344454bb1f27587f9acd70 - Path: Assets/Starter Assets/Runtime/ThirdPersonController/Character/Textures/Armature_Arms_MetallicSmoothness.tif - Importer: ScriptedImporter/UnityEditor.QuickSearchModule:UnityEditor.Search:ASIAI0B' with importer (ScriptedImporter : UnityEditor.QuickSearchModule:UnityEditor.Search:ASIAI0B)
Imported 'GUID: b41d630ccc344454bb1f27587f9acd70' -> (Import Result ID: '04dd3d4a4188ec5a811630a8739ab1f9') in 0.012 seconds [static and dynamic dependencies]. Details - ImportResultOutputID=dde2143619cb940e6c1f1a47faebd3d6 DependenciesID=3b0ed183f9c5417e365ba5f79982f0aa StaticDependenciesID=d9dd7836c49a3e3cb932d723158a12e5 
Number of updated asset objects reloaded before import = 0
Number of asset objects unloaded after import = 1
========================================================================
Received Import Request.
  Time of request: 2026-09-06T07:59:53.8753629Z
  Time since last request: 0.000502 seconds.
  importAddress: GUID: 1079f99242427d64780589323ecd5db4 - Path: Assets/Starter Assets/Runtime/SpaceRobotKyle/Materials - Importer: ScriptedImporter/UnityEditor.QuickSearchModule:UnityEditor.Search:ASIAI0B
Importing 'GUID: 1079f99242427d64780589323ecd5db4 - Path: Assets/Starter Assets/Runtime/SpaceRobotKyle/Materials - Importer: ScriptedImporter/UnityEditor.QuickSearchModule:UnityEditor.Search:ASIAI0B' with importer (ScriptedImporter : UnityEditor.QuickSearchModule:UnityEditor.Search:ASIAI0B)
Imported 'GUID: 1079f99242427d64780589323ecd5db4' -> (Import Result ID: 'a133716052201cf149831f092d85fffb') in 0.004 seconds [static and dynamic dependencies]. Details - ImportResultOutputID=6b054e8d5411c2d78dcb5fcca582b7db DependenciesID=60c00eec784376d996fdcfef6cc0705f StaticDependenciesID=059bd38e166a68068b9a15664b3d648a 
Number of updated asset objects reloaded before import = 0
Number of asset objects unloaded after import = 1
========================================================================
Received Import Request.
  Time of request: 2026-09-06T07:59:53.8924421Z
  Time since last request: 0.000493 seconds.
  importAddress: GUID: 7ab49b8cec0f2a3478a749ef9b463c43 - Path: Assets/Starter Assets/Runtime/SpaceRobotKyle/Textures - Importer: ScriptedImporter/UnityEditor.QuickSearchModule:UnityEditor.Search:ASIAI0B
Importing 'GUID: 7ab49b8cec0f2a3478a749ef9b463c43 - Path: Assets/Starter Assets/Runtime/SpaceRobotKyle/Textures - Importer: ScriptedImporter/UnityEditor.QuickSearchModule:UnityEditor.Search:ASIAI0B' with importer (ScriptedImporter : UnityEditor.QuickSearchModule:UnityEditor.Search:ASIAI0B)
Imported 'GUID: 7ab49b8cec0f2a3478a749ef9b463c43' -> (Import Result ID: '119b8ba1aa635de6b5f19a0b9acb1906') in 0.004 seconds [static and dynamic dependencies]. Details - ImportResultOutputID=d57ed50c82244c9f2924e4c0b6081149 DependenciesID=ce2a4d0116fd277e2de72e9f2763987a StaticDependenciesID=f0a63d2aa61dc00671d28ff1596ef3e0 
Number of updated asset objects reloaded before import = 0
Number of asset objects unloaded after import = 1
========================================================================
Received Import Request.
  Time of request: 2026-09-06T07:59:53.9239534Z
  Time since last request: 0.0159968 seconds.
  importAddress: GUID: 084e3bf849254ae4688d18544d82c114 - Path: Packages/com.unity.cinemachine/Editor/Utility/DelayedFriendlyFieldDragger.cs - Importer: ScriptedImporter/UnityEditor.QuickSearchModule:UnityEditor.Search:ASIAI0B
Importing 'GUID: 084e3bf849254ae4688d18544d82c114 - Path: Packages/com.unity.cinemachine/Editor/Utility/DelayedFriendlyFieldDragger.cs - Importer: ScriptedImporter/UnityEditor.QuickSearchModule:UnityEditor.Search:ASIAI0B' with importer (ScriptedImporter : UnityEditor.QuickSearchModule:UnityEditor.Search:ASIAI0B)
Imported 'GUID: 084e3bf849254ae4688d18544d82c114' -> (Import Result ID: '4a23c917a7f5de398ad7f24e8ec9848d') in 0.004 seconds [static and dynamic dependencies]. Details - ImportResultOutputID=87a598ff7ba2f9688c218df2458b999a DependenciesID=e3767919bcdd9b277113f58c31aa73d9 StaticDependenciesID=e5aac226f957f7337b33241bf58478b4 
Number of updated asset objects reloaded before import = 0
Number of asset objects unloaded after import = 0
========================================================================
Received Import Request.
  Time of request: 2026-09-06T07:59:53.939276Z
  Time since last request: 0.0005679 seconds.
  importAddress: GUID: 766fd3ff04aab4745a764d33daac86fa - Path: Assets/Starter Assets/Runtime/ThirdPersonController/Character/Materials/M_Armature_Arms.mat - Importer: ScriptedImporter/UnityEditor.QuickSearchModule:UnityEditor.Search:ASIAI0B
Importing 'GUID: 766fd3ff04aab4745a764d33daac86fa - Path: Assets/Starter Assets/Runtime/ThirdPersonController/Character/Materials/M_Armature_Arms.mat - Importer: ScriptedImporter/UnityEditor.QuickSearchModule:UnityEditor.Search:ASIAI0B' with importer (ScriptedImporter : UnityEditor.QuickSearchModule:UnityEditor.Search:ASIAI0B)
Imported 'GUID: 766fd3ff04aab4745a764d33daac86fa' -> (Import Result ID: '9e9bc8d9ff036a1cb6aab75d53475c92') in 0.021 seconds [static and dynamic dependencies]. Details - ImportResultOutputID=841541df0d03b83194cca87a936d4704 DependenciesID=6676efb183f526c3084d94354a8628a8 StaticDependenciesID=3721bd99ca31baa4c4a95548204652d8 
Number of updated asset objects reloaded before import = 0
Number of asset objects unloaded after import = 5
========================================================================
Received Import Request.
  Time of request: 2026-09-06T07:59:53.9735154Z
  Time since last request: 0.000309 seconds.
  importAddress: GUID: b7fc12931c76a4c09b3ca863ae523672 - Path: Packages/com.unity.splines/Editor/Editor Resources/Icons/SplineEditMode-Info@2x.png - Importer: ScriptedImporter/UnityEditor.QuickSearchModule:UnityEditor.Search:ASIAI0B
Importing 'GUID: b7fc12931c76a4c09b3ca863ae523672 - Path: Packages/com.unity.splines/Editor/Editor Resources/Icons/SplineEditMode-Info@2x.png - Importer: ScriptedImporter/UnityEditor.QuickSearchModule:UnityEditor.Search:ASIAI0B' with importer (ScriptedImporter : UnityEditor.QuickSearchModule:UnityEditor.Search:ASIAI0B)
Imported 'GUID: b7fc12931c76a4c09b3ca863ae523672' -> (Import Result ID: 'fab54df86cbeb5ff00c91ec23d5a6f46') in 0.010 seconds [static and dynamic dependencies]. Details - ImportResultOutputID=067360f203dbfb76f07e6505d83047dc DependenciesID=5a5fa5c6d34fe1155a49aae53ac437e2 StaticDependenciesID=b5fd441ecfe2e98125406dd11969fc8a 
Number of updated asset objects reloaded before import = 0
Number of asset objects unloaded after import = 1
========================================================================
Received Import Request.
  Time of request: 2026-09-06T07:59:53.9961249Z
  Time since last request: 0.0005327 seconds.
  importAddress: GUID: 729aad4491e915a41bda2b8325cf757a - Path: Packages/com.unity.cinemachine/Runtime/PostProcessing/CinemachinePostProcessing.cs - Importer: ScriptedImporter/UnityEditor.QuickSearchModule:UnityEditor.Search:ASIAI0B
Importing 'GUID: 729aad4491e915a41bda2b8325cf757a - Path: Packages/com.unity.cinemachine/Runtime/PostProcessing/CinemachinePostProcessing.cs - Importer: ScriptedImporter/UnityEditor.QuickSearchModule:UnityEditor.Search:ASIAI0B' with importer (ScriptedImporter : UnityEditor.QuickSearchModule:UnityEditor.Search:ASIAI0B)
Imported 'GUID: 729aad4491e915a41bda2b8325cf757a' -> (Import Result ID: 'feb608aa6a5acd76f1a9b526247edeac') in 0.005 seconds [static and dynamic dependencies]. Details - ImportResultOutputID=3a59901257b0f08834b348badbd10f34 DependenciesID=64d61b4b4d52ce72e3ae1caa77958169 StaticDependenciesID=ecfc9929fe556902c858c7a1e3d97eb6 
Number of updated asset objects reloaded before import = 0
Number of asset objects unloaded after import = 1
========================================================================
Received Import Request.
  Time of request: 2026-09-06T07:59:54.0140887Z
  Time since last request: 0.0007673 seconds.
  importAddress: GUID: 0f7633c93f0364a418841eeb8b058634 - Path: Packages/com.unity.cinemachine/Runtime/Deprecated/CinemachineGroupComposer.cs - Importer: ScriptedImporter/UnityEditor.QuickSearchModule:UnityEditor.Search:ASIAI0B
Importing 'GUID: 0f7633c93f0364a418841eeb8b058634 - Path: Packages/com.unity.cinemachine/Runtime/Deprecated/CinemachineGroupComposer.cs - Importer: ScriptedImporter/UnityEditor.QuickSearchModule:UnityEditor.Search:ASIAI0B' with importer (ScriptedImporter : UnityEditor.QuickSearchModule:UnityEditor.Search:ASIAI0B)
Imported 'GUID: 0f7633c93f0364a418841eeb8b058634' -> (Import Result ID: '5079d108482b846db817a9bb372588d2') in 0.004 seconds [static and dynamic dependencies]. Details - ImportResultOutputID=3e13ddef6503802b15a4e0fa39ca25f2 DependenciesID=46e4ab36db052cc24310ac9bbf80f30f StaticDependenciesID=bd8c5b2e174bee6f1afbc11679bf7672 
Number of updated asset objects reloaded before import = 0
Number of asset objects unloaded after import = 0
========================================================================
Received Import Request.
  Time of request: 2026-09-06T07:59:54.0290257Z
  Time since last request: 0.0003465 seconds.
  importAddress: GUID: f38bda98361e1de48a4ca2bd86ea3c17 - Path: Packages/com.unity.cinemachine/Runtime/Components/CinemachineRotationComposer.cs - Importer: ScriptedImporter/UnityEditor.QuickSearchModule:UnityEditor.Search:ASIAI0B
Importing 'GUID: f38bda98361e1de48a4ca2bd86ea3c17 - Path: Packages/com.unity.cinemachine/Runtime/Components/CinemachineRotationComposer.cs - Importer: ScriptedImporter/UnityEditor.QuickSearchModule:UnityEditor.Search:ASIAI0B' with importer (ScriptedImporter : UnityEditor.QuickSearchModule:UnityEditor.Search:ASIAI0B)
Imported 'GUID: f38bda98361e1de48a4ca2bd86ea3c17' -> (Import Result ID: '715a1e404908ad311372f20f953ddcef') in 0.006 seconds [static and dynamic dependencies]. Details - ImportResultOutputID=6627623a9f683c9fd01aff38fd098702 DependenciesID=4ffcbe4eb7d0be0f47d7b276d8c764d6 StaticDependenciesID=7b675082232aeb9de6b9c8e94f3c0448 
Number of updated asset objects reloaded before import = 0
Number of asset objects unloaded after import = 1
========================================================================
Received Import Request.
  Time of request: 2026-09-06T07:59:54.0463833Z
  Time since last request: 0.0003246 seconds.
  importAddress: GUID: bf6af609234b6af4f8218e694d4895c4 - Path: Packages/com.unity.splines/Editor/GUI/SplineGUIUtility.cs - Importer: ScriptedImporter/UnityEditor.QuickSearchModule:UnityEditor.Search:ASIAI0B
Importing 'GUID: bf6af609234b6af4f8218e694d4895c4 - Path: Packages/com.unity.splines/Editor/GUI/SplineGUIUtility.cs - Importer: ScriptedImporter/UnityEditor.QuickSearchModule:UnityEditor.Search:ASIAI0B' with importer (ScriptedImporter : UnityEditor.QuickSearchModule:UnityEditor.Search:ASIAI0B)
Imported 'GUID: bf6af609234b6af4f8218e694d4895c4' -> (Import Result ID: 'f01b77ee920348cab339d3ee8d186421') in 0.004 seconds [static and dynamic dependencies]. Details - ImportResultOutputID=1d4726e6b2aba30348f55ce799ec7992 DependenciesID=219bf88559118b7a3bdcbb0ff31d0aba StaticDependenciesID=1226e9590c218a1d78d3c403f4a4cf69 
Number of updated asset objects reloaded before import = 0
Number of asset objects unloaded after import = 0
========================================================================
Received Import Request.
  Time of request: 2026-09-06T07:59:54.0619642Z
  Time since last request: 0.0003366 seconds.
  importAddress: GUID: 0181db608628b494d8ae50728e507ce1 - Path: Packages/com.unity.cinemachine/Editor/Editors/CinemachineSequencerCameraEditor.cs - Importer: ScriptedImporter/UnityEditor.QuickSearchModule:UnityEditor.Search:ASIAI0B
Importing 'GUID: 0181db608628b494d8ae50728e507ce1 - Path: Packages/com.unity.cinemachine/Editor/Editors/CinemachineSequencerCameraEditor.cs - Importer: ScriptedImporter/UnityEditor.QuickSearchModule:UnityEditor.Search:ASIAI0B' with importer (ScriptedImporter : UnityEditor.QuickSearchModule:UnityEditor.Search:ASIAI0B)
Imported 'GUID: 0181db608628b494d8ae50728e507ce1' -> (Import Result ID: 'cc5f4e11a8f648b2f4a5de3c1f3aeb3b') in 0.004 seconds [static and dynamic dependencies]. Details - ImportResultOutputID=e3583708cd3a9aeb302599c8ede8adde DependenciesID=6d4d091ef10e21ce5242d823ca291bed StaticDependenciesID=015c317a6f7c95ed7158d6ebe6d278e4 
Number of updated asset objects reloaded before import = 0
Number of asset objects unloaded after import = 0
========================================================================
Received Import Request.
  Time of request: 2026-09-06T07:59:54.0787145Z
  Time since last request: 0.0005216 seconds.
  importAddress: GUID: 8a0e91532ce93274fb01919ee0dda264 - Path: Assets/Starter Assets/Runtime/ThirdPersonController/Character/Materials - Importer: ScriptedImporter/UnityEditor.QuickSearchModule:UnityEditor.Search:ASIAI0B
Importing 'GUID: 8a0e91532ce93274fb01919ee0dda264 - Path: Assets/Starter Assets/Runtime/ThirdPersonController/Character/Materials - Importer: ScriptedImporter/UnityEditor.QuickSearchModule:UnityEditor.Search:ASIAI0B' with importer (ScriptedImporter : UnityEditor.QuickSearchModule:UnityEditor.Search:ASIAI0B)
Imported 'GUID: 8a0e91532ce93274fb01919ee0dda264' -> (Import Result ID: '089983e3492675df5c7ec544dfeb10a1') in 0.005 seconds [static and dynamic dependencies]. Details - ImportResultOutputID=00efd09829507575c5a5e12cb710328b DependenciesID=477011dfe25881176bee64dc14911013 StaticDependenciesID=fde12992b93b1a7c2f89f1aaf83f6836 
Number of updated asset objects reloaded before import = 0
Number of asset objects unloaded after import = 1
========================================================================
Received Import Request.
  Time of request: 2026-09-06T07:59:54.0963898Z
  Time since last request: 0.0003925 seconds.
  importAddress: GUID: ff7bfa7addf40784d86f62b8e4a034a6 - Path: Assets/Starter Assets/Runtime/Mobile/UI/Images/UI_Icon_Move.png - Importer: ScriptedImporter/UnityEditor.QuickSearchModule:UnityEditor.Search:ASIAI0B
Importing 'GUID: ff7bfa7addf40784d86f62b8e4a034a6 - Path: Assets/Starter Assets/Runtime/Mobile/UI/Images/UI_Icon_Move.png - Importer: ScriptedImporter/UnityEditor.QuickSearchModule:UnityEditor.Search:ASIAI0B' with importer (ScriptedImporter : UnityEditor.QuickSearchModule:UnityEditor.Search:ASIAI0B)
Imported 'GUID: ff7bfa7addf40784d86f62b8e4a034a6' -> (Import Result ID: 'f8cd37636ebc1a08010fce9ab77e894e') in 0.010 seconds [static and dynamic dependencies]. Details - ImportResultOutputID=a1a2fe5a6c7a5ff38842136543d810a7 DependenciesID=6a72e1a5640cd5ff6fe89313bd4d225f StaticDependenciesID=06f0b9887a5a33b7fe76f09b9d17514e 
Number of updated asset objects reloaded before import = 0
Number of asset objects unloaded after import = 3
========================================================================
Received Import Request.
  Time of request: 2026-09-06T07:59:54.1180372Z
  Time since last request: 0.0004376 seconds.
  importAddress: GUID: 9a1e76c9845005c41a09e1d83102744e - Path: Packages/com.unity.splines/Editor/Editor Resources/Icons/d_SplineComponent@2x.png - Importer: ScriptedImporter/UnityEditor.QuickSearchModule:UnityEditor.Search:ASIAI0B
Importing 'GUID: 9a1e76c9845005c41a09e1d83102744e - Path: Packages/com.unity.splines/Editor/Editor Resources/Icons/d_SplineComponent@2x.png - Importer: ScriptedImporter/UnityEditor.QuickSearchModule:UnityEditor.Search:ASIAI0B' with importer (ScriptedImporter : UnityEditor.QuickSearchModule:UnityEditor.Search:ASIAI0B)
Imported 'GUID: 9a1e76c9845005c41a09e1d83102744e' -> (Import Result ID: 'de133f90fc25d548411a9bf35fceb1d4') in 0.008 seconds [static and dynamic dependencies]. Details - ImportResultOutputID=de1ca597661f62c1d55dd2c42f51b48d DependenciesID=daf8ddf66b9978c6c69fe544bdfe3911 StaticDependenciesID=a61dd10cb6a5b9a758d8c04ca16bb48d 
Number of updated asset objects reloaded before import = 0
Number of asset objects unloaded after import = 1
========================================================================
Received Import Request.
  Time of request: 2026-09-06T07:59:54.1374528Z
  Time since last request: 0.0007821 seconds.
  importAddress: GUID: 62e09e1e4aed9424ba218499f11ea644 - Path: Assets/Starter Assets/Sample/Environment/Art/Materials - Importer: ScriptedImporter/UnityEditor.QuickSearchModule:UnityEditor.Search:ASIAI0B
Importing 'GUID: 62e09e1e4aed9424ba218499f11ea644 - Path: Assets/Starter Assets/Sample/Environment/Art/Materials - Importer: ScriptedImporter/UnityEditor.QuickSearchModule:UnityEditor.Search:ASIAI0B' with importer (ScriptedImporter : UnityEditor.QuickSearchModule:UnityEditor.Search:ASIAI0B)
Imported 'GUID: 62e09e1e4aed9424ba218499f11ea644' -> (Import Result ID: 'd4216c500db8bc98cf6c315013100ec9') in 0.004 seconds [static and dynamic dependencies]. Details - ImportResultOutputID=a6fb144e6383fe283033c0c6eace8bdc DependenciesID=0a45278e611a9227b7db2b7027b9b82e StaticDependenciesID=8099d3d3721d5cdf60a18e9557cd2ebd 
Number of updated asset objects reloaded before import = 0
Number of asset objects unloaded after import = 1
========================================================================
Received Import Request.
  Time of request: 2026-09-06T07:59:54.1536133Z
  Time since last request: 0.0005268 seconds.
  importAddress: GUID: 9384ab8608cdc3d479fe89cd51eed48f - Path: Packages/com.unity.cinemachine/Runtime/Deprecated/CinemachineOrbitalTransposer.cs - Importer: ScriptedImporter/UnityEditor.QuickSearchModule:UnityEditor.Search:ASIAI0B
Importing 'GUID: 9384ab8608cdc3d479fe89cd51eed48f - Path: Packages/com.unity.cinemachine/Runtime/Deprecated/CinemachineOrbitalTransposer.cs - Importer: ScriptedImporter/UnityEditor.QuickSearchModule:UnityEditor.Search:ASIAI0B' with importer (ScriptedImporter : UnityEditor.QuickSearchModule:UnityEditor.Search:ASIAI0B)
Imported 'GUID: 9384ab8608cdc3d479fe89cd51eed48f' -> (Import Result ID: 'cf0a987623b81345565d441db3132cdc') in 0.005 seconds [static and dynamic dependencies]. Details - ImportResultOutputID=5de33792dac4957362b8b72354f5322e DependenciesID=7a51ed0e2a4edaf0d5fbacd147af34df StaticDependenciesID=1968eef8d0dd2e35bbd56955eb114407 
Number of updated asset objects reloaded before import = 0
Number of asset objects unloaded after import = 0
========================================================================
Received Import Request.
  Time of request: 2026-09-06T07:59:54.1708326Z
  Time since last request: 0.0004004 seconds.
  importAddress: GUID: c3ec6d10638d94feaa03c223b6fee2cc - Path: Packages/com.unity.settings-manager/Editor/UserSetting.cs - Importer: ScriptedImporter/UnityEditor.QuickSearchModule:UnityEditor.Search:ASIAI0B
Importing 'GUID: c3ec6d10638d94feaa03c223b6fee2cc - Path: Packages/com.unity.settings-manager/Editor/UserSetting.cs - Importer: ScriptedImporter/UnityEditor.QuickSearchModule:UnityEditor.Search:ASIAI0B' with importer (ScriptedImporter : UnityEditor.QuickSearchModule:UnityEditor.Search:ASIAI0B)
Imported 'GUID: c3ec6d10638d94feaa03c223b6fee2cc' -> (Import Result ID: '3fb8ad5a3f3eff20ea6e302e07339702') in 0.004 seconds [static and dynamic dependencies]. Details - ImportResultOutputID=04645e4f536fa0467edd9222199592af DependenciesID=8366f02611e5319b937f4cf894f94665 StaticDependenciesID=3e898a6da1b7360c2a84260c828eb860 
Number of updated asset objects reloaded before import = 0
Number of asset objects unloaded after import = 0
========================================================================
Received Import Request.
  Time of request: 2026-09-06T07:59:54.1861283Z
  Time since last request: 0.000559 seconds.
  importAddress: GUID: 34f8af425f4594331ac532e00b9e83bf - Path: Packages/com.unity.cinemachine/Runtime/Debug/CinemachinePanelSettings.asset - Importer: ScriptedImporter/UnityEditor.QuickSearchModule:UnityEditor.Search:ASIAI0B
Importing 'GUID: 34f8af425f4594331ac532e00b9e83bf - Path: Packages/com.unity.cinemachine/Runtime/Debug/CinemachinePanelSettings.asset - Importer: ScriptedImporter/UnityEditor.QuickSearchModule:UnityEditor.Search:ASIAI0B' with importer (ScriptedImporter : UnityEditor.QuickSearchModule:UnityEditor.Search:ASIAI0B)
Imported 'GUID: 34f8af425f4594331ac532e00b9e83bf' -> (Import Result ID: '95c45e2b2675d15f689b99b4b89fa0d3') in 0.013 seconds [static and dynamic dependencies]. Details - ImportResultOutputID=4d25b2052aadf7c16175ce5f7406edc5 DependenciesID=b4bedddfb727b05ae5eba43e7be145be StaticDependenciesID=951b731f2803e878cfb308f2bce2626d 
Number of updated asset objects reloaded before import = 0
Number of asset objects unloaded after import = 26
========================================================================
Received Import Request.
  Time of request: 2026-09-06T07:59:54.2106442Z
  Time since last request: 0.0004068 seconds.
  importAddress: GUID: bc3d3aa21eb40814391409a5b8bb11e9 - Path: Packages/com.unity.splines/Runtime/SplineType.cs - Importer: ScriptedImporter/UnityEditor.QuickSearchModule:UnityEditor.Search:ASIAI0B
Importing 'GUID: bc3d3aa21eb40814391409a5b8bb11e9 - Path: Packages/com.unity.splines/Runtime/SplineType.cs - Importer: ScriptedImporter/UnityEditor.QuickSearchModule:UnityEditor.Search:ASIAI0B' with importer (ScriptedImporter : UnityEditor.QuickSearchModule:UnityEditor.Search:ASIAI0B)
Imported 'GUID: bc3d3aa21eb40814391409a5b8bb11e9' -> (Import Result ID: '9959b4c5a4d2f6efd3fb8e3069aa2670') in 0.004 seconds [static and dynamic dependencies]. Details - ImportResultOutputID=b64ce1cd77b8e668af51ed6e4fd5ea34 DependenciesID=1201dd9ac545f00d2db2ee2934f091e2 StaticDependenciesID=48e46e30fa9ea19f1a7d1f16f976752d 
Number of updated asset objects reloaded before import = 0
Number of asset objects unloaded after import = 0
========================================================================
Received Import Request.
  Time of request: 2026-09-06T07:59:54.2258488Z
  Time since last request: 0.0003659 seconds.
  importAddress: GUID: 7c6d0f3a3d0c93748856df8b6ed1a3d5 - Path: Packages/com.unity.cinemachine/Editor/Obsolete/CinemachineDollyCartEditor.cs - Importer: ScriptedImporter/UnityEditor.QuickSearchModule:UnityEditor.Search:ASIAI0B
Importing 'GUID: 7c6d0f3a3d0c93748856df8b6ed1a3d5 - Path: Packages/com.unity.cinemachine/Editor/Obsolete/CinemachineDollyCartEditor.cs - Importer: ScriptedImporter/UnityEditor.QuickSearchModule:UnityEditor.Search:ASIAI0B' with importer (ScriptedImporter : UnityEditor.QuickSearchModule:UnityEditor.Search:ASIAI0B)
Imported 'GUID: 7c6d0f3a3d0c93748856df8b6ed1a3d5' -> (Import Result ID: '461171c839e3bdbaa8e4ca8bad7f4780') in 0.004 seconds [static and dynamic dependencies]. Details - ImportResultOutputID=953d5e33cc642741144efdbc051960d6 DependenciesID=5c69402f3e0c71d24654c2bd6d5be314 StaticDependenciesID=9c8688e69a82ad517f3bc346b834d155 
Number of updated asset objects reloaded before import = 0
Number of asset objects unloaded after import = 0
========================================================================
Received Import Request.
  Time of request: 2026-09-06T07:59:54.2411842Z
  Time since last request: 0.0004052 seconds.
  importAddress: GUID: a5a8010c3424a6241a13d7eba13aa4f2 - Path: Packages/com.unity.splines/Editor/Editor Resources/Icons/d_Tangent_Linear.png - Importer: ScriptedImporter/UnityEditor.QuickSearchModule:UnityEditor.Search:ASIAI0B
Importing 'GUID: a5a8010c3424a6241a13d7eba13aa4f2 - Path: Packages/com.unity.splines/Editor/Editor Resources/Icons/d_Tangent_Linear.png - Importer: ScriptedImporter/UnityEditor.QuickSearchModule:UnityEditor.Search:ASIAI0B' with importer (ScriptedImporter : UnityEditor.QuickSearchModule:UnityEditor.Search:ASIAI0B)
Imported 'GUID: a5a8010c3424a6241a13d7eba13aa4f2' -> (Import Result ID: '95f344f9b19cf8e788f9102199a10ae7') in 0.008 seconds [static and dynamic dependencies]. Details - ImportResultOutputID=fe7377304e9f0d287f1f8fbd4695d2bc DependenciesID=8beb2ed225a8504b0360e17fe4096f24 StaticDependenciesID=a45fb024d44a5b62aac3dbabb6705571 
Number of updated asset objects reloaded before import = 0
Number of asset objects unloaded after import = 1
========================================================================
Received Import Request.
  Time of request: 2026-09-06T07:59:54.2606603Z
  Time since last request: 0.0004192 seconds.
  importAddress: GUID: 2690b0834b22e2940b40018922228eb6 - Path: Assets/Starter Assets/Sample/FirstPersonController/Playground/LightingData.asset - Importer: ScriptedImporter/UnityEditor.QuickSearchModule:UnityEditor.Search:ASIAI0B
Importing 'GUID: 2690b0834b22e2940b40018922228eb6 - Path: Assets/Starter Assets/Sample/FirstPersonController/Playground/LightingData.asset - Importer: ScriptedImporter/UnityEditor.QuickSearchModule:UnityEditor.Search:ASIAI0B' with importer (ScriptedImporter : UnityEditor.QuickSearchModule:UnityEditor.Search:ASIAI0B)
Imported 'GUID: 2690b0834b22e2940b40018922228eb6' -> (Import Result ID: 'aa5557db6bbb06d6b7ba5b81edbdfbd3') in 0.005 seconds [static and dynamic dependencies]. Details - ImportResultOutputID=7bf3d8f11723e4b9e104b1df656a8758 DependenciesID=08e09cc11dda533ae647dd2cbaffacc1 StaticDependenciesID=8a0f46d1f4357a094cf7084bfdec6ddf 
Number of updated asset objects reloaded before import = 0
Number of asset objects unloaded after import = 2
========================================================================
Received Import Request.
  Time of request: 2026-09-06T07:59:54.2781337Z
  Time since last request: 0.0006776 seconds.
  importAddress: GUID: a8b749c29dc36654894d508b9258a560 - Path: Packages/com.unity.splines/Editor/Editor Resources/Icons/Tangent_Linear.png - Importer: ScriptedImporter/UnityEditor.QuickSearchModule:UnityEditor.Search:ASIAI0B
Importing 'GUID: a8b749c29dc36654894d508b9258a560 - Path: Packages/com.unity.splines/Editor/Editor Resources/Icons/Tangent_Linear.png - Importer: ScriptedImporter/UnityEditor.QuickSearchModule:UnityEditor.Search:ASIAI0B' with importer (ScriptedImporter : UnityEditor.QuickSearchModule:UnityEditor.Search:ASIAI0B)
Imported 'GUID: a8b749c29dc36654894d508b9258a560' -> (Import Result ID: 'a235db185742be550ac93feb200b0576') in 0.008 seconds [static and dynamic dependencies]. Details - ImportResultOutputID=faabb09df961d77fa94701b3770bfb12 DependenciesID=cf3e7ad8c2df8dbfd47a55c92f924a84 StaticDependenciesID=d8d9648921a3bbe6ab28b970660ef0f1 
Number of updated asset objects reloaded before import = 0
Number of asset objects unloaded after import = 1
========================================================================
Received Import Request.
  Time of request: 2026-09-06T07:59:54.2982308Z
  Time since last request: 0.0005582 seconds.
  importAddress: GUID: 6b46e8ffe448f084ab12938cb774d063 - Path: Packages/com.unity.cinemachine/Editor/Editors - Importer: ScriptedImporter/UnityEditor.QuickSearchModule:UnityEditor.Search:ASIAI0B
Importing 'GUID: 6b46e8ffe448f084ab12938cb774d063 - Path: Packages/com.unity.cinemachine/Editor/Editors - Importer: ScriptedImporter/UnityEditor.QuickSearchModule:UnityEditor.Search:ASIAI0B' with importer (ScriptedImporter : UnityEditor.QuickSearchModule:UnityEditor.Search:ASIAI0B)
Imported 'GUID: 6b46e8ffe448f084ab12938cb774d063' -> (Import Result ID: '8a82cd5b28bb54734bdd35b9b1690643') in 0.003 seconds [static and dynamic dependencies]. Details - ImportResultOutputID=e9a971f69a2e27aed04f86c8a9f4e437 DependenciesID=17c6cc3ae3c02e22112f4aaa567586cc StaticDependenciesID=52c47db7e4a37f9c1427d95fda6bd941 
Number of updated asset objects reloaded before import = 0
Number of asset objects unloaded after import = 1
========================================================================
Received Import Request.
  Time of request: 2026-09-06T07:59:54.3135387Z
  Time since last request: 0.0007607 seconds.
  importAddress: GUID: abbc996d115c3b245a98dfe941766de7 - Path: Packages/com.unity.splines/Editor/Utilities - Importer: ScriptedImporter/UnityEditor.QuickSearchModule:UnityEditor.Search:ASIAI0B
Importing 'GUID: abbc996d115c3b245a98dfe941766de7 - Path: Packages/com.unity.splines/Editor/Utilities - Importer: ScriptedImporter/UnityEditor.QuickSearchModule:UnityEditor.Search:ASIAI0B' with importer (ScriptedImporter : UnityEditor.QuickSearchModule:UnityEditor.Search:ASIAI0B)
Imported 'GUID: abbc996d115c3b245a98dfe941766de7' -> (Import Result ID: '00ea0544188272ac40db927dbe4e0d5d') in 0.004 seconds [static and dynamic dependencies]. Details - ImportResultOutputID=c1d5578aa61c0c1cc93260283b97ea9a DependenciesID=bf7addaad10f2e4392179bf78483be6d StaticDependenciesID=5044291ec703ee89c4b05b543b8aad53 
Number of updated asset objects reloaded before import = 0
Number of asset objects unloaded after import = 1
========================================================================
Received Import Request.
  Time of request: 2026-09-06T07:59:54.3283506Z
  Time since last request: 0.0004086 seconds.
  importAddress: GUID: 70f1be76e10cd9f44ad1a86b9e05745e - Path: Packages/com.unity.cinemachine/Editor/Obsolete/AxisStatePropertyDrawer.cs - Importer: ScriptedImporter/UnityEditor.QuickSearchModule:UnityEditor.Search:ASIAI0B
Importing 'GUID: 70f1be76e10cd9f44ad1a86b9e05745e - Path: Packages/com.unity.cinemachine/Editor/Obsolete/AxisStatePropertyDrawer.cs - Importer: ScriptedImporter/UnityEditor.QuickSearchModule:UnityEditor.Search:ASIAI0B' with importer (ScriptedImporter : UnityEditor.QuickSearchModule:UnityEditor.Search:ASIAI0B)
Imported 'GUID: 70f1be76e10cd9f44ad1a86b9e05745e' -> (Import Result ID: 'c564b2e8cadc9d88f32c673454180e97') in 0.005 seconds [static and dynamic dependencies]. Details - ImportResultOutputID=2004b4fe80f4df1127bd631003f77898 DependenciesID=675ba6aa0fa6bf287d38b0a6792c8b8a StaticDependenciesID=888efab0b5821eb1500e52f0517a794f 
Number of updated asset objects reloaded before import = 0
Number of asset objects unloaded after import = 0
========================================================================
Received Import Request.
  Time of request: 2026-09-06T07:59:54.3466397Z
  Time since last request: 0.0004373 seconds.
  importAddress: GUID: a9e63e62da42ce141b35602019323584 - Path: Packages/com.unity.cinemachine/Editor/Editors/CinemachineStoryboardEditor.cs - Importer: ScriptedImporter/UnityEditor.QuickSearchModule:UnityEditor.Search:ASIAI0B
Importing 'GUID: a9e63e62da42ce141b35602019323584 - Path: Packages/com.unity.cinemachine/Editor/Editors/CinemachineStoryboardEditor.cs - Importer: ScriptedImporter/UnityEditor.QuickSearchModule:UnityEditor.Search:ASIAI0B' with importer (ScriptedImporter : UnityEditor.QuickSearchModule:UnityEditor.Search:ASIAI0B)
Imported 'GUID: a9e63e62da42ce141b35602019323584' -> (Import Result ID: 'fdfc435b84b1fe747a68da0cc5469d4c') in 0.004 seconds [static and dynamic dependencies]. Details - ImportResultOutputID=54834da3e80f177d3904b6a1214cc41f DependenciesID=198b4ec432670082bcf618f68f540267 StaticDependenciesID=eedde31810d9ee84d38da158a3a98e86 
Number of updated asset objects reloaded before import = 0
Number of asset objects unloaded after import = 0
========================================================================
Received Import Request.
  Time of request: 2026-09-06T07:59:54.3626976Z
  Time since last request: 0.0006752 seconds.
  importAddress: GUID: 137fce2acc78adb45b30ac59c3b89b11 - Path: Packages/com.unity.cinemachine/Editor/Obsolete/Cinemachine3rdPersonFollowEditor.cs - Importer: ScriptedImporter/UnityEditor.QuickSearchModule:UnityEditor.Search:ASIAI0B
Importing 'GUID: 137fce2acc78adb45b30ac59c3b89b11 - Path: Packages/com.unity.cinemachine/Editor/Obsolete/Cinemachine3rdPersonFollowEditor.cs - Importer: ScriptedImporter/UnityEditor.QuickSearchModule:UnityEditor.Search:ASIAI0B' with importer (ScriptedImporter : UnityEditor.QuickSearchModule:UnityEditor.Search:ASIAI0B)
Imported 'GUID: 137fce2acc78adb45b30ac59c3b89b11' -> (Import Result ID: '3849b90df99c9b008564bc4579c5f182') in 0.005 seconds [static and dynamic dependencies]. Details - ImportResultOutputID=a5f47dbd2c757ea7852aa1c1e2722dd5 DependenciesID=ac0931e068fa5e1c51afd9a5e8418807 StaticDependenciesID=b92f50fc1d4bcc1083a0619c0081173a 
Number of updated asset objects reloaded before import = 0
Number of asset objects unloaded after import = 0
========================================================================
Received Import Request.
  Time of request: 2026-09-06T07:59:54.3797138Z
  Time since last request: 0.0007982 seconds.
  importAddress: GUID: b2f73bdc979030e419f33c10913639cc - Path: Packages/com.unity.cinemachine/Runtime/Core/CinemachineComponentBase.cs - Importer: ScriptedImporter/UnityEditor.QuickSearchModule:UnityEditor.Search:ASIAI0B
Importing 'GUID: b2f73bdc979030e419f33c10913639cc - Path: Packages/com.unity.cinemachine/Runtime/Core/CinemachineComponentBase.cs - Importer: ScriptedImporter/UnityEditor.QuickSearchModule:UnityEditor.Search:ASIAI0B' with importer (ScriptedImporter : UnityEditor.QuickSearchModule:UnityEditor.Search:ASIAI0B)
Imported 'GUID: b2f73bdc979030e419f33c10913639cc' -> (Import Result ID: '66290894955a5ddc199a758d832b05aa') in 0.004 seconds [static and dynamic dependencies]. Details - ImportResultOutputID=c0a6d10b84cc04f81b6e2247f27874fe DependenciesID=19a934ad9177723d701925a51e8822e3 StaticDependenciesID=c85da00132ff3554b58c8987228e6566 
Number of updated asset objects reloaded before import = 0
Number of asset objects unloaded after import = 0
========================================================================
Received Import Request.
  Time of request: 2026-09-06T07:59:54.3959184Z
  Time since last request: 0.0004422 seconds.
  importAddress: GUID: 2ea040058ad42c845849bc0ebde3f7ad - Path: Assets/Starter Assets/Sample/Environment/Art/Materials/Built-in_RP - Importer: ScriptedImporter/UnityEditor.QuickSearchModule:UnityEditor.Search:ASIAI0B
Importing 'GUID: 2ea040058ad42c845849bc0ebde3f7ad - Path: Assets/Starter Assets/Sample/Environment/Art/Materials/Built-in_RP - Importer: ScriptedImporter/UnityEditor.QuickSearchModule:UnityEditor.Search:ASIAI0B' with importer (ScriptedImporter : UnityEditor.QuickSearchModule:UnityEditor.Search:ASIAI0B)
Imported 'GUID: 2ea040058ad42c845849bc0ebde3f7ad' -> (Import Result ID: '89ebbfe02d4afd5e14c863c6c7fc118b') in 0.004 seconds [static and dynamic dependencies]. Details - ImportResultOutputID=1e4c1eec2671c6e57f0449056822e7e2 DependenciesID=a862c3f26e19a866fc1b19bab47b6bc3 StaticDependenciesID=5c20f68a8d3a36e13d4f7c34bdbf5a77 
Number of updated asset objects reloaded before import = 0
Number of asset objects unloaded after import = 1
========================================================================
Received Import Request.
  Time of request: 2026-09-06T07:59:54.4115Z
  Time since last request: 0.0007926 seconds.
  importAddress: GUID: 84b4ab346fc32d445b7207cb1884cf42 - Path: Assets/Starter Assets/Runtime/ThirdPersonController/Prefabs - Importer: ScriptedImporter/UnityEditor.QuickSearchModule:UnityEditor.Search:ASIAI0B
Importing 'GUID: 84b4ab346fc32d445b7207cb1884cf42 - Path: Assets/Starter Assets/Runtime/ThirdPersonController/Prefabs - Importer: ScriptedImporter/UnityEditor.QuickSearchModule:UnityEditor.Search:ASIAI0B' with importer (ScriptedImporter : UnityEditor.QuickSearchModule:UnityEditor.Search:ASIAI0B)
Imported 'GUID: 84b4ab346fc32d445b7207cb1884cf42' -> (Import Result ID: '4591ed5272c8c0d607ecc97d3b38687a') in 0.004 seconds [static and dynamic dependencies]. Details - ImportResultOutputID=fe0b59df3d868b215a4e36b242f68f47 DependenciesID=1af48b84a90ff1b187baacb6761e3a92 StaticDependenciesID=98085880c9f3bc6ae4a0055683bc704a 
Number of updated asset objects reloaded before import = 0
Number of asset objects unloaded after import = 1
========================================================================
Received Import Request.
  Time of request: 2026-09-06T07:59:54.427346Z
  Time since last request: 0.0004222 seconds.
  importAddress: GUID: 1186b8795dc3fc84e8ec53bd314d8e91 - Path: Packages/com.unity.cinemachine/Editor/Obsolete/CinemachinePOVEditor.cs - Importer: ScriptedImporter/UnityEditor.QuickSearchModule:UnityEditor.Search:ASIAI0B
Importing 'GUID: 1186b8795dc3fc84e8ec53bd314d8e91 - Path: Packages/com.unity.cinemachine/Editor/Obsolete/CinemachinePOVEditor.cs - Importer: ScriptedImporter/UnityEditor.QuickSearchModule:UnityEditor.Search:ASIAI0B' with importer (ScriptedImporter : UnityEditor.QuickSearchModule:UnityEditor.Search:ASIAI0B)
Imported 'GUID: 1186b8795dc3fc84e8ec53bd314d8e91' -> (Import Result ID: '54ee23b1e5bbc427fe1d9bfb8a1f6899') in 0.004 seconds [static and dynamic dependencies]. Details - ImportResultOutputID=c9d81c39dc2a3dd88282d0fb61a91950 DependenciesID=786434fd5cb12872f2e008fde5749020 StaticDependenciesID=86558a133a1f18947e87d6064594c734 
Number of updated asset objects reloaded before import = 0
Number of asset objects unloaded after import = 0
========================================================================
Received Import Request.
  Time of request: 2026-09-06T07:59:54.4437373Z
  Time since last request: 0.000822 seconds.
  importAddress: GUID: 8d419d6202990ff4e8bdcd836e503946 - Path: Packages/com.unity.cinemachine/Editor/PropertyDrawers/InputAxisPropertyDrawer.cs - Importer: ScriptedImporter/UnityEditor.QuickSearchModule:UnityEditor.Search:ASIAI0B
Importing 'GUID: 8d419d6202990ff4e8bdcd836e503946 - Path: Packages/com.unity.cinemachine/Editor/PropertyDrawers/InputAxisPropertyDrawer.cs - Importer: ScriptedImporter/UnityEditor.QuickSearchModule:UnityEditor.Search:ASIAI0B' with importer (ScriptedImporter : UnityEditor.QuickSearchModule:UnityEditor.Search:ASIAI0B)
Imported 'GUID: 8d419d6202990ff4e8bdcd836e503946' -> (Import Result ID: '16d689fc4716f99a95bef14d7a451439') in 0.004 seconds [static and dynamic dependencies]. Details - ImportResultOutputID=91caaedcbfffd2360d6c2d62f1d2ab6c DependenciesID=f97ee0694e833efef41ae8839cab19e5 StaticDependenciesID=1aa8fc1b683aab5cbe75d265e46ee5f2 
Number of updated asset objects reloaded before import = 0
Number of asset objects unloaded after import = 0
========================================================================
Received Import Request.
  Time of request: 2026-09-06T07:59:54.4596455Z
  Time since last request: 0.0007058 seconds.
  importAddress: GUID: a4f5990dfe3c40a2b2b9c51a7637f347 - Path: Packages/com.unity.splines/Runtime/BezierTangent.cs - Importer: ScriptedImporter/UnityEditor.QuickSearchModule:UnityEditor.Search:ASIAI0B
Importing 'GUID: a4f5990dfe3c40a2b2b9c51a7637f347 - Path: Packages/com.unity.splines/Runtime/BezierTangent.cs - Importer: ScriptedImporter/UnityEditor.QuickSearchModule:UnityEditor.Search:ASIAI0B' with importer (ScriptedImporter : UnityEditor.QuickSearchModule:UnityEditor.Search:ASIAI0B)
Imported 'GUID: a4f5990dfe3c40a2b2b9c51a7637f347' -> (Import Result ID: '82bdadb4ec1cce1bc9becd7bdec69c5f') in 0.004 seconds [static and dynamic dependencies]. Details - ImportResultOutputID=f11551125a7a2a89cc2c5e005d1b1807 DependenciesID=c329fda6b23b66e4935ebc4fec4a41b9 StaticDependenciesID=90e8d1724b4e30d449ebea4f62a59a5b 
Number of updated asset objects reloaded before import = 0
Number of asset objects unloaded after import = 0
========================================================================
Received Import Request.
  Time of request: 2026-09-06T07:59:54.4774822Z
  Time since last request: 0.0005741 seconds.
  importAddress: GUID: b65762d7243eb714e903b585ed68a576 - Path: Assets/Starter Assets/Sample/ThirdPersonController/Playground/ReflectionProbe-0.exr - Importer: ScriptedImporter/UnityEditor.QuickSearchModule:UnityEditor.Search:ASIAI0B
Importing 'GUID: b65762d7243eb714e903b585ed68a576 - Path: Assets/Starter Assets/Sample/ThirdPersonController/Playground/ReflectionProbe-0.exr - Importer: ScriptedImporter/UnityEditor.QuickSearchModule:UnityEditor.Search:ASIAI0B' with importer (ScriptedImporter : UnityEditor.QuickSearchModule:UnityEditor.Search:ASIAI0B)
Imported 'GUID: b65762d7243eb714e903b585ed68a576' -> (Import Result ID: '5e13d0945b63d860e6416d2e18c9f94c') in 0.013 seconds [static and dynamic dependencies]. Details - ImportResultOutputID=c5bd0a1d815a7436077a362d4bff9111 DependenciesID=203923a9eea060d8b759cf5fb4f217d6 StaticDependenciesID=b26fc7b26e3d7d249b5a0ddeb9601335 
Number of updated asset objects reloaded before import = 0
Number of asset objects unloaded after import = 1
========================================================================
Received Import Request.
  Time of request: 2026-09-06T07:59:54.5139315Z
  Time since last request: 0.0104893 seconds.
  importAddress: GUID: 325a6a3050a061e4b8aa51386c30e8e1 - Path: Packages/com.unity.cinemachine/Runtime/Behaviours/CinemachineStateDrivenCamera.cs - Importer: ScriptedImporter/UnityEditor.QuickSearchModule:UnityEditor.Search:ASIAI0B
Importing 'GUID: 325a6a3050a061e4b8aa51386c30e8e1 - Path: Packages/com.unity.cinemachine/Runtime/Behaviours/CinemachineStateDrivenCamera.cs - Importer: ScriptedImporter/UnityEditor.QuickSearchModule:UnityEditor.Search:ASIAI0B' with importer (ScriptedImporter : UnityEditor.QuickSearchModule:UnityEditor.Search:ASIAI0B)
Imported 'GUID: 325a6a3050a061e4b8aa51386c30e8e1' -> (Import Result ID: '03ea5cc3ce81b23fc5a3e60ded1a328c') in 0.005 seconds [static and dynamic dependencies]. Details - ImportResultOutputID=9d7b491f5ff2cc39acf68b91ba49a3d6 DependenciesID=82add8dc94c25aa3fafd45caf4bcdc5c StaticDependenciesID=8f7a0b9b6b12aef487d022d54d7a05f9 
Number of updated asset objects reloaded before import = 0
Number of asset objects unloaded after import = 1
========================================================================
Received Import Request.
  Time of request: 2026-09-06T07:59:54.5292515Z
  Time since last request: 0.0004431 seconds.
  importAddress: GUID: c33ec34c59a5fa94bad4452c78635f07 - Path: Packages/com.unity.splines/Editor/Stylesheets/SplineInspectorLight.uss - Importer: ScriptedImporter/UnityEditor.QuickSearchModule:UnityEditor.Search:ASIAI0B
Importing 'GUID: c33ec34c59a5fa94bad4452c78635f07 - Path: Packages/com.unity.splines/Editor/Stylesheets/SplineInspectorLight.uss - Importer: ScriptedImporter/UnityEditor.QuickSearchModule:UnityEditor.Search:ASIAI0B' with importer (ScriptedImporter : UnityEditor.QuickSearchModule:UnityEditor.Search:ASIAI0B)
Imported 'GUID: c33ec34c59a5fa94bad4452c78635f07' -> (Import Result ID: '978c9874469b788328b09246c5565be3') in 0.009 seconds [static and dynamic dependencies]. Details - ImportResultOutputID=bd0cc7d83e61a9380cc142ebe6407da1 DependenciesID=6d4e00850df6f6b812e65994fd8c9a04 StaticDependenciesID=66ebaa304ee1f47b52854827701070ce 
Number of updated asset objects reloaded before import = 0
Number of asset objects unloaded after import = 13
========================================================================
Received Import Request.
  Time of request: 2026-09-06T07:59:54.5502435Z
  Time since last request: 0.0003635 seconds.
  importAddress: GUID: e33dd4fb2aaf76843bca29d96b840b15 - Path: Packages/com.unity.splines/Editor/Stylesheets/SplineInspectorDark.uss - Importer: ScriptedImporter/UnityEditor.QuickSearchModule:UnityEditor.Search:ASIAI0B
Importing 'GUID: e33dd4fb2aaf76843bca29d96b840b15 - Path: Packages/com.unity.splines/Editor/Stylesheets/SplineInspectorDark.uss - Importer: ScriptedImporter/UnityEditor.QuickSearchModule:UnityEditor.Search:ASIAI0B' with importer (ScriptedImporter : UnityEditor.QuickSearchModule:UnityEditor.Search:ASIAI0B)
Imported 'GUID: e33dd4fb2aaf76843bca29d96b840b15' -> (Import Result ID: 'eb29d5ed263b94904e847f74cf051c56') in 0.008 seconds [static and dynamic dependencies]. Details - ImportResultOutputID=f5b46b8ebbaece3a488baced9291c123 DependenciesID=b4d79a4506704533b000eefcbb65df89 StaticDependenciesID=4c10afa6ae4b3a0bfb01a1ef6d37cf43 
Number of updated asset objects reloaded before import = 0
Number of asset objects unloaded after import = 13
========================================================================
Received Import Request.
  Time of request: 2026-09-06T07:59:54.5700529Z
  Time since last request: 0.0002793 seconds.
  importAddress: GUID: ad34571c1c8d47f69e48865ba5a256d9 - Path: Packages/com.unity.settings-manager/Tests/Editor/TestProjectUserSettings.cs - Importer: ScriptedImporter/UnityEditor.QuickSearchModule:UnityEditor.Search:ASIAI0B
Importing 'GUID: ad34571c1c8d47f69e48865ba5a256d9 - Path: Packages/com.unity.settings-manager/Tests/Editor/TestProjectUserSettings.cs - Importer: ScriptedImporter/UnityEditor.QuickSearchModule:UnityEditor.Search:ASIAI0B' with importer (ScriptedImporter : UnityEditor.QuickSearchModule:UnityEditor.Search:ASIAI0B)
Imported 'GUID: ad34571c1c8d47f69e48865ba5a256d9' -> (Import Result ID: '0c9b23f7c36840820672e8a66ade97fb') in 0.004 seconds [static and dynamic dependencies]. Details - ImportResultOutputID=10e918689a340f12482078e10806e541 DependenciesID=047488793389c63bbf7d0c248f4679b8 StaticDependenciesID=07b2e99cb277ed8e6586e1e93c1808fa 
Number of updated asset objects reloaded before import = 0
Number of asset objects unloaded after import = 0
========================================================================
Received Import Request.
  Time of request: 2026-09-06T07:59:54.5848616Z
  Time since last request: 0.0007404 seconds.
  importAddress: GUID: 327ae0ec745f75b4b8ef5f30a3328a85 - Path: Packages/com.unity.splines/Editor/Editor Resources/Icons/d_KnotPlacementTool@2x.png - Importer: ScriptedImporter/UnityEditor.QuickSearchModule:UnityEditor.Search:ASIAI0B
Importing 'GUID: 327ae0ec745f75b4b8ef5f30a3328a85 - Path: Packages/com.unity.splines/Editor/Editor Resources/Icons/d_KnotPlacementTool@2x.png - Importer: ScriptedImporter/UnityEditor.QuickSearchModule:UnityEditor.Search:ASIAI0B' with importer (ScriptedImporter : UnityEditor.QuickSearchModule:UnityEditor.Search:ASIAI0B)
Imported 'GUID: 327ae0ec745f75b4b8ef5f30a3328a85' -> (Import Result ID: 'd7f24d578393c8e70553bbbdac9fec31') in 0.008 seconds [static and dynamic dependencies]. Details - ImportResultOutputID=9053f661f39c37191edafa4f9d580cc4 DependenciesID=60710e6a737c6f24e7182d30097051b2 StaticDependenciesID=7e54c15f9a516a84e0d667a7853f9b57 
Number of updated asset objects reloaded before import = 0
Number of asset objects unloaded after import = 1
========================================================================
Received Import Request.
  Time of request: 2026-09-06T07:59:54.6039263Z
  Time since last request: 0.0006031 seconds.
  importAddress: GUID: 678795ac9f09490caf4942ab0ac576cd - Path: Packages/com.unity.cinemachine/Editor/Samples/SampleDependencyImporter.cs - Importer: ScriptedImporter/UnityEditor.QuickSearchModule:UnityEditor.Search:ASIAI0B
Importing 'GUID: 678795ac9f09490caf4942ab0ac576cd - Path: Packages/com.unity.cinemachine/Editor/Samples/SampleDependencyImporter.cs - Importer: ScriptedImporter/UnityEditor.QuickSearchModule:UnityEditor.Search:ASIAI0B' with importer (ScriptedImporter : UnityEditor.QuickSearchModule:UnityEditor.Search:ASIAI0B)
Imported 'GUID: 678795ac9f09490caf4942ab0ac576cd' -> (Import Result ID: '83cf3532fe0b5152a940f54f493554c7') in 0.004 seconds [static and dynamic dependencies]. Details - ImportResultOutputID=2feb3c2194abeca744140efeddd77b17 DependenciesID=22f7d9b08bedb2e0feac33b2a910ff98 StaticDependenciesID=f938f98c991a69937e121421ca999da6 
Number of updated asset objects reloaded before import = 0
Number of asset objects unloaded after import = 0
========================================================================
Received Import Request.
  Time of request: 2026-09-06T07:59:54.6196924Z
  Time since last request: 0.0004788 seconds.
  importAddress: GUID: f0575e8c5ac74a399a62fcb72fe081c4 - Path: Packages/com.unity.splines/Editor/GUI - Importer: ScriptedImporter/UnityEditor.QuickSearchModule:UnityEditor.Search:ASIAI0B
Importing 'GUID: f0575e8c5ac74a399a62fcb72fe081c4 - Path: Packages/com.unity.splines/Editor/GUI - Importer: ScriptedImporter/UnityEditor.QuickSearchModule:UnityEditor.Search:ASIAI0B' with importer (ScriptedImporter : UnityEditor.QuickSearchModule:UnityEditor.Search:ASIAI0B)
Imported 'GUID: f0575e8c5ac74a399a62fcb72fe081c4' -> (Import Result ID: 'fd06872cef34da367eca75821525ce64') in 0.004 seconds [static and dynamic dependencies]. Details - ImportResultOutputID=f2bb0917d1b32f0dfe52d857db1835cd DependenciesID=212d90c381cc562fe9973db0a287623e StaticDependenciesID=72adb118c7498b6c0cb818b4d877db88 
Number of updated asset objects reloaded before import = 0
Number of asset objects unloaded after import = 1
========================================================================
Received Import Request.
  Time of request: 2026-09-06T07:59:54.6359419Z
  Time since last request: 0.0005223 seconds.
  importAddress: GUID: 63d6e4c877b21dc4d8ab48925ba1ad41 - Path: Packages/com.unity.splines/Editor/Editor Resources/Icons/d_Tangent_Linear On.png - Importer: ScriptedImporter/UnityEditor.QuickSearchModule:UnityEditor.Search:ASIAI0B
Importing 'GUID: 63d6e4c877b21dc4d8ab48925ba1ad41 - Path: Packages/com.unity.splines/Editor/Editor Resources/Icons/d_Tangent_Linear On.png - Importer: ScriptedImporter/UnityEditor.QuickSearchModule:UnityEditor.Search:ASIAI0B' with importer (ScriptedImporter : UnityEditor.QuickSearchModule:UnityEditor.Search:ASIAI0B)
Imported 'GUID: 63d6e4c877b21dc4d8ab48925ba1ad41' -> (Import Result ID: 'f3eaa6e38e136038945a6d767d9574fc') in 0.008 seconds [static and dynamic dependencies]. Details - ImportResultOutputID=159d6f95f302e048b6e8badd0a534052 DependenciesID=52a95599b67f7801db605528d3389c52 StaticDependenciesID=5438deb85b461a284cb69ee8ac86cb2a 
Number of updated asset objects reloaded before import = 0
Number of asset objects unloaded after import = 1
========================================================================
Received Import Request.
  Time of request: 2026-09-06T07:59:54.6545296Z
  Time since last request: 0.0002522 seconds.
  importAddress: GUID: 4e526ebdb8c34af5b98d5eb45d4e56a5 - Path: Packages/com.unity.splines/Editor/GUI/Editors/SplineDataDictionaryPropertyDrawer.cs - Importer: ScriptedImporter/UnityEditor.QuickSearchModule:UnityEditor.Search:ASIAI0B
Importing 'GUID: 4e526ebdb8c34af5b98d5eb45d4e56a5 - Path: Packages/com.unity.splines/Editor/GUI/Editors/SplineDataDictionaryPropertyDrawer.cs - Importer: ScriptedImporter/UnityEditor.QuickSearchModule:UnityEditor.Search:ASIAI0B' with importer (ScriptedImporter : UnityEditor.QuickSearchModule:UnityEditor.Search:ASIAI0B)
Imported 'GUID: 4e526ebdb8c34af5b98d5eb45d4e56a5' -> (Import Result ID: '502cc96b51a405a59bbd9c53490b5a2c') in 0.005 seconds [static and dynamic dependencies]. Details - ImportResultOutputID=b5b240d0855b9e6e46a616f2ee484ca1 DependenciesID=e5cbd54afd2bd193a7adf9706d6d4ccf StaticDependenciesID=9052c2f390bc754f8ef939e34b159dbe 
Number of updated asset objects reloaded before import = 0
Number of asset objects unloaded after import = 0
========================================================================
Received Import Request.
  Time of request: 2026-09-06T07:59:54.6697909Z
  Time since last request: 0.0005161 seconds.
  importAddress: GUID: 4d9a53522e8284642a915f29cf3a56e6 - Path: Packages/com.unity.cinemachine/Editor/PropertyDrawers/LensSettingsPropertyDrawer.cs - Importer: ScriptedImporter/UnityEditor.QuickSearchModule:UnityEditor.Search:ASIAI0B
Importing 'GUID: 4d9a53522e8284642a915f29cf3a56e6 - Path: Packages/com.unity.cinemachine/Editor/PropertyDrawers/LensSettingsPropertyDrawer.cs - Importer: ScriptedImporter/UnityEditor.QuickSearchModule:UnityEditor.Search:ASIAI0B' with importer (ScriptedImporter : UnityEditor.QuickSearchModule:UnityEditor.Search:ASIAI0B)
Imported 'GUID: 4d9a53522e8284642a915f29cf3a56e6' -> (Import Result ID: 'c0817a0a109003cb30aba71cce7f4ac9') in 0.004 seconds [static and dynamic dependencies]. Details - ImportResultOutputID=993bcfa8f2e3240bbb78927659219b18 DependenciesID=738e5e37b91a7367bee552dc5f256149 StaticDependenciesID=00c2a684bd67f438eaa19805cc7d8d4f 
Number of updated asset objects reloaded before import = 0
Number of asset objects unloaded after import = 0
========================================================================
Received Import Request.
  Time of request: 2026-09-06T07:59:54.6875271Z
  Time since last request: 0.0004429 seconds.
  importAddress: GUID: 077bfa6de2cd5634cb02f03ec290191d - Path: Packages/com.unity.splines/Editor/GUI/Editors/SplineActionZone.cs - Importer: ScriptedImporter/UnityEditor.QuickSearchModule:UnityEditor.Search:ASIAI0B
Importing 'GUID: 077bfa6de2cd5634cb02f03ec290191d - Path: Packages/com.unity.splines/Editor/GUI/Editors/SplineActionZone.cs - Importer: ScriptedImporter/UnityEditor.QuickSearchModule:UnityEditor.Search:ASIAI0B' with importer (ScriptedImporter : UnityEditor.QuickSearchModule:UnityEditor.Search:ASIAI0B)
Imported 'GUID: 077bfa6de2cd5634cb02f03ec290191d' -> (Import Result ID: '32501825785bdefdf756d0f3f143abdc') in 0.004 seconds [static and dynamic dependencies]. Details - ImportResultOutputID=f9e58163e20022eb60a3f0c0d0bb74a3 DependenciesID=33db34b64ea66b8c98152d4140ad472d StaticDependenciesID=ef09e2444cd1e9c9811ad74de77f491c 
Number of updated asset objects reloaded before import = 0
Number of asset objects unloaded after import = 0
========================================================================
Received Import Request.
  Time of request: 2026-09-06T07:59:54.7040314Z
  Time since last request: 0.0009351 seconds.
  importAddress: GUID: b905fd6037ec5fe42b549ec9743e84ef - Path: Assets/Starter Assets/Runtime/SpaceRobotKyle/Textures/KyleRobot_BaseMap.png - Importer: ScriptedImporter/UnityEditor.QuickSearchModule:UnityEditor.Search:ASIAI0B
Importing 'GUID: b905fd6037ec5fe42b549ec9743e84ef - Path: Assets/Starter Assets/Runtime/SpaceRobotKyle/Textures/KyleRobot_BaseMap.png - Importer: ScriptedImporter/UnityEditor.QuickSearchModule:UnityEditor.Search:ASIAI0B' with importer (ScriptedImporter : UnityEditor.QuickSearchModule:UnityEditor.Search:ASIAI0B)
Imported 'GUID: b905fd6037ec5fe42b549ec9743e84ef' -> (Import Result ID: 'c6131d18694198c8b7f6c05ec4f3f638') in 0.009 seconds [static and dynamic dependencies]. Details - ImportResultOutputID=000309ba9e4a6062bf1509b26d928033 DependenciesID=be7acdbe6c1ee0e2433c357153d8907c StaticDependenciesID=3d7b38fde100e9f0fa56d0a7a22433fe 
Number of updated asset objects reloaded before import = 0
Number of asset objects unloaded after import = 1
========================================================================
Received Import Request.
  Time of request: 2026-09-06T07:59:54.7241408Z
  Time since last request: 0.0003944 seconds.
  importAddress: GUID: 9960e786bad1b67458b4f313c4de75d7 - Path: Packages/com.unity.cinemachine/Editor/Obsolete - Importer: ScriptedImporter/UnityEditor.QuickSearchModule:UnityEditor.Search:ASIAI0B
Importing 'GUID: 9960e786bad1b67458b4f313c4de75d7 - Path: Packages/com.unity.cinemachine/Editor/Obsolete - Importer: ScriptedImporter/UnityEditor.QuickSearchModule:UnityEditor.Search:ASIAI0B' with importer (ScriptedImporter : UnityEditor.QuickSearchModule:UnityEditor.Search:ASIAI0B)
Imported 'GUID: 9960e786bad1b67458b4f313c4de75d7' -> (Import Result ID: '7490187eb2573bbce0d05eea05ac4f5b') in 0.003 seconds [static and dynamic dependencies]. Details - ImportResultOutputID=adbb4823bcb04f15a62ff6cff8335eec DependenciesID=00e2aa798c98cfffd25f6f449af06325 StaticDependenciesID=2e44ffda2774171cbd8f22dd0270713a 
Number of updated asset objects reloaded before import = 0
Number of asset objects unloaded after import = 1
========================================================================
Received Import Request.
  Time of request: 2026-09-06T07:59:54.7381224Z
  Time since last request: 0.0005685 seconds.
  importAddress: GUID: 8c657da9fbf87ac4caa9deae71bbb343 - Path: Packages/com.unity.cinemachine/Runtime/Helpers/CinemachineCameraEvents.cs - Importer: ScriptedImporter/UnityEditor.QuickSearchModule:UnityEditor.Search:ASIAI0B
Importing 'GUID: 8c657da9fbf87ac4caa9deae71bbb343 - Path: Packages/com.unity.cinemachine/Runtime/Helpers/CinemachineCameraEvents.cs - Importer: ScriptedImporter/UnityEditor.QuickSearchModule:UnityEditor.Search:ASIAI0B' with importer (ScriptedImporter : UnityEditor.QuickSearchModule:UnityEditor.Search:ASIAI0B)
Imported 'GUID: 8c657da9fbf87ac4caa9deae71bbb343' -> (Import Result ID: 'a52a2080dd0b85b66115d21db02aaf7a') in 0.007 seconds [static and dynamic dependencies]. Details - ImportResultOutputID=987e5e8f464d50320173d8d908a8c239 DependenciesID=55fead3c0768fb8b4ae8a074cb49e697 StaticDependenciesID=6724de01cccabf87415824fa606ee9d4 
Number of updated asset objects reloaded before import = 0
Number of asset objects unloaded after import = 1
========================================================================
Received Import Request.
  Time of request: 2026-09-06T07:59:54.7571877Z
  Time since last request: 0.0006394 seconds.
  importAddress: GUID: 027dc98253d80d849acc2271be9bffaf - Path: Assets/Starter Assets/Sample/FirstPersonController/PlaygroundSettings.lighting - Importer: ScriptedImporter/UnityEditor.QuickSearchModule:UnityEditor.Search:ASIAI0B
Importing 'GUID: 027dc98253d80d849acc2271be9bffaf - Path: Assets/Starter Assets/Sample/FirstPersonController/PlaygroundSettings.lighting - Importer: ScriptedImporter/UnityEditor.QuickSearchModule:UnityEditor.Search:ASIAI0B' with importer (ScriptedImporter : UnityEditor.QuickSearchModule:UnityEditor.Search:ASIAI0B)
LightingSettings: switching bake backend from 2 to 1.
Imported 'GUID: 027dc98253d80d849acc2271be9bffaf' -> (Import Result ID: '0c1c3eb79d7fc02353d3e3192cf94bd9') in 0.012 seconds [static and dynamic dependencies]. Details - ImportResultOutputID=115ba32979bc1c36940a880fbfcc21de DependenciesID=22c26d9ae424ca4ddc7953ae56a5ac09 StaticDependenciesID=625d6abb0ddb3b3798d2f46bdbd226ac 
Number of updated asset objects reloaded before import = 0
Number of asset objects unloaded after import = 1
========================================================================
Received Import Request.
  Time of request: 2026-09-06T07:59:54.7807839Z
  Time since last request: 0.0003489 seconds.
  importAddress: GUID: 96e208b3987121642ad4a6ea559d2d10 - Path: Assets/Starter Assets/Runtime/Settings - Importer: ScriptedImporter/UnityEditor.QuickSearchModule:UnityEditor.Search:ASIAI0B
Importing 'GUID: 96e208b3987121642ad4a6ea559d2d10 - Path: Assets/Starter Assets/Runtime/Settings - Importer: ScriptedImporter/UnityEditor.QuickSearchModule:UnityEditor.Search:ASIAI0B' with importer (ScriptedImporter : UnityEditor.QuickSearchModule:UnityEditor.Search:ASIAI0B)
Imported 'GUID: 96e208b3987121642ad4a6ea559d2d10' -> (Import Result ID: 'd1a224cfb324285893df179b0239f37c') in 0.004 seconds [static and dynamic dependencies]. Details - ImportResultOutputID=39b29d6dbf89097bafbe0feb54e85c55 DependenciesID=673b1b368a18a63309e02221b95db830 StaticDependenciesID=36ecd5d4467c8e6ae848557d3f82d4be 
Number of updated asset objects reloaded before import = 0
Number of asset objects unloaded after import = 1
========================================================================
Received Import Request.
  Time of request: 2026-09-06T07:59:54.7970091Z
  Time since last request: 0.000861 seconds.
  importAddress: GUID: 9ce16cd7e31794b48b2843381cd87d31 - Path: Packages/com.unity.cinemachine/Editor/Editors/CinemachineHardLookAtEditor.cs - Importer: ScriptedImporter/UnityEditor.QuickSearchModule:UnityEditor.Search:ASIAI0B
Importing 'GUID: 9ce16cd7e31794b48b2843381cd87d31 - Path: Packages/com.unity.cinemachine/Editor/Editors/CinemachineHardLookAtEditor.cs - Importer: ScriptedImporter/UnityEditor.QuickSearchModule:UnityEditor.Search:ASIAI0B' with importer (ScriptedImporter : UnityEditor.QuickSearchModule:UnityEditor.Search:ASIAI0B)
Imported 'GUID: 9ce16cd7e31794b48b2843381cd87d31' -> (Import Result ID: 'b95bec4836cf392494f4e63e8a0671f1') in 0.004 seconds [static and dynamic dependencies]. Details - ImportResultOutputID=d32568ebb9abf2e291cd100cef3a5601 DependenciesID=496dfb309c7d168c97d6333adcd66502 StaticDependenciesID=1a100a80ecd1e499b3302871b76dc3db 
Number of updated asset objects reloaded before import = 0
Number of asset objects unloaded after import = 0
========================================================================
Received Import Request.
  Time of request: 2026-09-06T07:59:54.8130393Z
  Time since last request: 0.0005923 seconds.
  importAddress: GUID: 4d75924d76b05344aa410607bc57db98 - Path: Packages/com.unity.cinemachine/Runtime/Behaviours/CinemachineConfiner3D.cs - Importer: ScriptedImporter/UnityEditor.QuickSearchModule:UnityEditor.Search:ASIAI0B
Importing 'GUID: 4d75924d76b05344aa410607bc57db98 - Path: Packages/com.unity.cinemachine/Runtime/Behaviours/CinemachineConfiner3D.cs - Importer: ScriptedImporter/UnityEditor.QuickSearchModule:UnityEditor.Search:ASIAI0B' with importer (ScriptedImporter : UnityEditor.QuickSearchModule:UnityEditor.Search:ASIAI0B)
Imported 'GUID: 4d75924d76b05344aa410607bc57db98' -> (Import Result ID: 'd873c6fb33fc50177a0a14c0545cfc44') in 0.006 seconds [static and dynamic dependencies]. Details - ImportResultOutputID=af1c00bdd8ae308ff1b8c8dbab837bd2 DependenciesID=37bc71418df34ad9e06e20ceb5193619 StaticDependenciesID=540661c7c37e996c7f35f04d2119a9b2 
Number of updated asset objects reloaded before import = 0
Number of asset objects unloaded after import = 1
========================================================================
Received Import Request.
  Time of request: 2026-09-06T07:59:54.8310517Z
  Time since last request: 0.000733 seconds.
  importAddress: GUID: 74d8c4d6e5d0338469ae46c13725f3ce - Path: Packages/com.unity.cinemachine/Editor/Windows/CinemachineSettings.cs - Importer: ScriptedImporter/UnityEditor.QuickSearchModule:UnityEditor.Search:ASIAI0B
Importing 'GUID: 74d8c4d6e5d0338469ae46c13725f3ce - Path: Packages/com.unity.cinemachine/Editor/Windows/CinemachineSettings.cs - Importer: ScriptedImporter/UnityEditor.QuickSearchModule:UnityEditor.Search:ASIAI0B' with importer (ScriptedImporter : UnityEditor.QuickSearchModule:UnityEditor.Search:ASIAI0B)
Imported 'GUID: 74d8c4d6e5d0338469ae46c13725f3ce' -> (Import Result ID: 'f4ec7b07a37d7851caebe62eda880264') in 0.005 seconds [static and dynamic dependencies]. Details - ImportResultOutputID=fefdc410173a27d96f3edd84b9073f45 DependenciesID=6da93a7d28c6a9f46c5d46c0be82b45c StaticDependenciesID=ff70aa46a9a7652b4af1258036fdf74e 
Number of updated asset objects reloaded before import = 0
Number of asset objects unloaded after import = 0
========================================================================
Received Import Request.
  Time of request: 2026-09-06T07:59:54.8477253Z
  Time since last request: 0.0005946 seconds.
  importAddress: GUID: f453f694addf4275988fac205bc91968 - Path: Packages/com.unity.cinemachine/Runtime/Behaviours/CinemachineConfiner2D.cs - Importer: ScriptedImporter/UnityEditor.QuickSearchModule:UnityEditor.Search:ASIAI0B
Importing 'GUID: f453f694addf4275988fac205bc91968 - Path: Packages/com.unity.cinemachine/Runtime/Behaviours/CinemachineConfiner2D.cs - Importer: ScriptedImporter/UnityEditor.QuickSearchModule:UnityEditor.Search:ASIAI0B' with importer (ScriptedImporter : UnityEditor.QuickSearchModule:UnityEditor.Search:ASIAI0B)
Imported 'GUID: f453f694addf4275988fac205bc91968' -> (Import Result ID: '252ba064757650959b78a120c03b029b') in 0.006 seconds [static and dynamic dependencies]. Details - ImportResultOutputID=0f287d5eea0af954c2457089fe2ab5b8 DependenciesID=4870dbf686e1d25aa5793437f2511989 StaticDependenciesID=ab913c74d02fab57e38de6611415281c 
Number of updated asset objects reloaded before import = 0
Number of asset objects unloaded after import = 1
========================================================================
Received Import Request.
  Time of request: 2026-09-06T07:59:54.8679913Z
  Time since last request: 0.0005094 seconds.
  importAddress: GUID: 68194b7bb9ff1c6489c9c3c87c68c2a4 - Path: Packages/com.unity.cinemachine/Editor/Obsolete/VcamStageEditor.cs - Importer: ScriptedImporter/UnityEditor.QuickSearchModule:UnityEditor.Search:ASIAI0B
Importing 'GUID: 68194b7bb9ff1c6489c9c3c87c68c2a4 - Path: Packages/com.unity.cinemachine/Editor/Obsolete/VcamStageEditor.cs - Importer: ScriptedImporter/UnityEditor.QuickSearchModule:UnityEditor.Search:ASIAI0B' with importer (ScriptedImporter : UnityEditor.QuickSearchModule:UnityEditor.Search:ASIAI0B)
Imported 'GUID: 68194b7bb9ff1c6489c9c3c87c68c2a4' -> (Import Result ID: 'f9ee189d4b6913811d783e56c60c52aa') in 0.004 seconds [static and dynamic dependencies]. Details - ImportResultOutputID=36c19eeda54fcf22ed1d8651b01a0e84 DependenciesID=44647133effdba81154865c213629317 StaticDependenciesID=a17e84a6e3c5d56abea1f0d1956acc5e 
Number of updated asset objects reloaded before import = 0
Number of asset objects unloaded after import = 0
========================================================================
Received Import Request.
  Time of request: 2026-09-06T07:59:54.8853423Z
  Time since last request: 0.0009382 seconds.
  importAddress: GUID: a2fba25a5cd15594e8f050a11e386c80 - Path: Packages/com.unity.cinemachine/Runtime/Deprecated/CinemachineConfiner.cs - Importer: ScriptedImporter/UnityEditor.QuickSearchModule:UnityEditor.Search:ASIAI0B
Importing 'GUID: a2fba25a5cd15594e8f050a11e386c80 - Path: Packages/com.unity.cinemachine/Runtime/Deprecated/CinemachineConfiner.cs - Importer: ScriptedImporter/UnityEditor.QuickSearchModule:UnityEditor.Search:ASIAI0B' with importer (ScriptedImporter : UnityEditor.QuickSearchModule:UnityEditor.Search:ASIAI0B)
Imported 'GUID: a2fba25a5cd15594e8f050a11e386c80' -> (Import Result ID: '95a59da027eaa37e0b4a076d5df34d70') in 0.004 seconds [static and dynamic dependencies]. Details - ImportResultOutputID=fb95d0e2849e98a54e788fd3d680c651 DependenciesID=db06caf1db4c5894d6934c5a924aef83 StaticDependenciesID=ae3aa0e62b601075f46f7ce93d83f4b8 
Number of updated asset objects reloaded before import = 0
Number of asset objects unloaded after import = 0
========================================================================
Received Import Request.
  Time of request: 2026-09-06T07:59:54.9008458Z
  Time since last request: 0.0006253 seconds.
  importAddress: GUID: dbe43d662878a7c43bcd44d43c9e2094 - Path: Packages/com.unity.cinemachine/Runtime/Behaviours/CinemachineDeoccluder.cs - Importer: ScriptedImporter/UnityEditor.QuickSearchModule:UnityEditor.Search:ASIAI0B
Importing 'GUID: dbe43d662878a7c43bcd44d43c9e2094 - Path: Packages/com.unity.cinemachine/Runtime/Behaviours/CinemachineDeoccluder.cs - Importer: ScriptedImporter/UnityEditor.QuickSearchModule:UnityEditor.Search:ASIAI0B' with importer (ScriptedImporter : UnityEditor.QuickSearchModule:UnityEditor.Search:ASIAI0B)
Imported 'GUID: dbe43d662878a7c43bcd44d43c9e2094' -> (Import Result ID: '8a7b66cf8eae882c87ae1fbc3180a13e') in 0.006 seconds [static and dynamic dependencies]. Details - ImportResultOutputID=9186b5b81466f50bffb71825d63c2490 DependenciesID=254be17508f174935eb78286ac79070b StaticDependenciesID=3447a2a0f19f6a6fde324dc1915ca484 
Number of updated asset objects reloaded before import = 0
Number of asset objects unloaded after import = 1
========================================================================
Received Import Request.
  Time of request: 2026-09-06T07:59:54.9210199Z
  Time since last request: 0.0005937 seconds.
  importAddress: GUID: 45e653bab7fb20e499bda25e1b646fea - Path: Packages/com.unity.cinemachine/Runtime/Deprecated/CinemachineVirtualCamera.cs - Importer: ScriptedImporter/UnityEditor.QuickSearchModule:UnityEditor.Search:ASIAI0B
Importing 'GUID: 45e653bab7fb20e499bda25e1b646fea - Path: Packages/com.unity.cinemachine/Runtime/Deprecated/CinemachineVirtualCamera.cs - Importer: ScriptedImporter/UnityEditor.QuickSearchModule:UnityEditor.Search:ASIAI0B' with importer (ScriptedImporter : UnityEditor.QuickSearchModule:UnityEditor.Search:ASIAI0B)
Imported 'GUID: 45e653bab7fb20e499bda25e1b646fea' -> (Import Result ID: '19eb7e2a82a323759b592a468437fd0b') in 0.004 seconds [static and dynamic dependencies]. Details - ImportResultOutputID=6e3655f841ce85b09aabb00510e8aefc DependenciesID=0b38c8ed2f1f943656fccd1f45ef35c5 StaticDependenciesID=c089c33c214c0660720a4c3b16d1366d 
Number of updated asset objects reloaded before import = 0
Number of asset objects unloaded after import = 0
========================================================================
Received Import Request.
  Time of request: 2026-09-06T07:59:54.9372292Z
  Time since last request: 0.0006452 seconds.
  importAddress: GUID: 12e52e465ed793a4d801955e9f964a82 - Path: Assets/Starter Assets/Runtime/ThirdPersonController/Character/Animations/Stand--Idle.anim.fbx - Importer: ScriptedImporter/UnityEditor.QuickSearchModule:UnityEditor.Search:ASIAI0B
Importing 'GUID: 12e52e465ed793a4d801955e9f964a82 - Path: Assets/Starter Assets/Runtime/ThirdPersonController/Character/Animations/Stand--Idle.anim.fbx - Importer: ScriptedImporter/UnityEditor.QuickSearchModule:UnityEditor.Search:ASIAI0B' with importer (ScriptedImporter : UnityEditor.QuickSearchModule:UnityEditor.Search:ASIAI0B)
Imported 'GUID: 12e52e465ed793a4d801955e9f964a82' -> (Import Result ID: 'd8f6054b324587a1632ce5eee16f07c4') in 0.015 seconds [static and dynamic dependencies]. Details - ImportResultOutputID=8d744cdc6385d72db3daaad388a4c395 DependenciesID=fb8ef108a23764556b366e613eb11f98 StaticDependenciesID=e39bc72c969ae6e23a20247cf18e9fe6 
Number of updated asset objects reloaded before import = 0
Number of asset objects unloaded after import = 144
========================================================================
Received Import Request.
  Time of request: 2026-09-06T07:59:54.9631753Z
  Time since last request: 0.0000807 seconds.
  importAddress: GUID: fdacd376014f8b743a9561d5652ca823 - Path: Packages/com.unity.splines/Editor/Editor Resources/Icons/KnotPlacementTool@2x.png - Importer: ScriptedImporter/UnityEditor.QuickSearchModule:UnityEditor.Search:ASIAI0B
Importing 'GUID: fdacd376014f8b743a9561d5652ca823 - Path: Packages/com.unity.splines/Editor/Editor Resources/Icons/KnotPlacementTool@2x.png - Importer: ScriptedImporter/UnityEditor.QuickSearchModule:UnityEditor.Search:ASIAI0B' with importer (ScriptedImporter : UnityEditor.QuickSearchModule:UnityEditor.Search:ASIAI0B)
Imported 'GUID: fdacd376014f8b743a9561d5652ca823' -> (Import Result ID: '5d710b6a8ebae0f3ef16dff46c3f5203') in 0.007 seconds [static and dynamic dependencies]. Details - ImportResultOutputID=c8c712a49dad3117b5887d2b6cc3746a DependenciesID=66e884bf46a794f10cfea967963cfb5f StaticDependenciesID=85b021e10577d0ba0c96aa6be0ac1633 
Number of updated asset objects reloaded before import = 0
Number of asset objects unloaded after import = 1
========================================================================
Received Import Request.
  Time of request: 2026-09-06T07:59:54.9831576Z
  Time since last request: 0.0010094 seconds.
  importAddress: GUID: 3f7710aed2e378c428337119fb9a1342 - Path: Packages/com.unity.splines/Editor/Tools/TransformOperation.cs - Importer: ScriptedImporter/UnityEditor.QuickSearchModule:UnityEditor.Search:ASIAI0B
Importing 'GUID: 3f7710aed2e378c428337119fb9a1342 - Path: Packages/com.unity.splines/Editor/Tools/TransformOperation.cs - Importer: ScriptedImporter/UnityEditor.QuickSearchModule:UnityEditor.Search:ASIAI0B' with importer (ScriptedImporter : UnityEditor.QuickSearchModule:UnityEditor.Search:ASIAI0B)
Imported 'GUID: 3f7710aed2e378c428337119fb9a1342' -> (Import Result ID: '9eec7ad1e716c8ee7f14372f386f2ae3') in 0.004 seconds [static and dynamic dependencies]. Details - ImportResultOutputID=fa1e6413894c21eb0450967975a9e6dc DependenciesID=c8a9edf98ec164719b74946d294d1f09 StaticDependenciesID=2403f82c191fe39296ccb7f8fe7ea566 
Number of updated asset objects reloaded before import = 0
Number of asset objects unloaded after import = 0
========================================================================
Received Import Request.
  Time of request: 2026-09-06T07:59:54.9989171Z
  Time since last request: 0.0006097 seconds.
  importAddress: GUID: c74ddef7e6e74f529a51b5ad71552fbd - Path: Packages/com.unity.splines/Editor/GUI/Editors/TangentModePropertyField.cs - Importer: ScriptedImporter/UnityEditor.QuickSearchModule:UnityEditor.Search:ASIAI0B
Importing 'GUID: c74ddef7e6e74f529a51b5ad71552fbd - Path: Packages/com.unity.splines/Editor/GUI/Editors/TangentModePropertyField.cs - Importer: ScriptedImporter/UnityEditor.QuickSearchModule:UnityEditor.Search:ASIAI0B' with importer (ScriptedImporter : UnityEditor.QuickSearchModule:UnityEditor.Search:ASIAI0B)
Imported 'GUID: c74ddef7e6e74f529a51b5ad71552fbd' -> (Import Result ID: '48cc80af31dddc27c70718e27405ea58') in 0.003 seconds [static and dynamic dependencies]. Details - ImportResultOutputID=47a68d71d8c17cb3cd29c010bc4496bb DependenciesID=94af2f79918f695e15b6429981f3b41d StaticDependenciesID=429b173d955e742dbc501c6ff3576e3d 
Number of updated asset objects reloaded before import = 0
Number of asset objects unloaded after import = 0
========================================================================
Received Import Request.
  Time of request: 2026-09-06T07:59:55.01284Z
  Time since last request: 0.0004487 seconds.
  importAddress: GUID: 7cd5c9cd9de00488ebbdd134c8a20a40 - Path: Packages/com.unity.cinemachine/Editor/EditorResources/Icons/Light/FollowOffset.png - Importer: ScriptedImporter/UnityEditor.QuickSearchModule:UnityEditor.Search:ASIAI0B
Importing 'GUID: 7cd5c9cd9de00488ebbdd134c8a20a40 - Path: Packages/com.unity.cinemachine/Editor/EditorResources/Icons/Light/FollowOffset.png - Importer: ScriptedImporter/UnityEditor.QuickSearchModule:UnityEditor.Search:ASIAI0B' with importer (ScriptedImporter : UnityEditor.QuickSearchModule:UnityEditor.Search:ASIAI0B)
Imported 'GUID: 7cd5c9cd9de00488ebbdd134c8a20a40' -> (Import Result ID: '6363370d3233584e76e6205648d0821d') in 0.008 seconds [static and dynamic dependencies]. Details - ImportResultOutputID=6f5ed6f9d21b1f54f46aeebe06ba0a6c DependenciesID=9ccc3f1517c169f6e03c119b88684151 StaticDependenciesID=0feae6bb6a0a7c5666ec699c60343bcc 
Number of updated asset objects reloaded before import = 0
Number of asset objects unloaded after import = 1
========================================================================
Received Import Request.
  Time of request: 2026-09-06T07:59:55.0326601Z
  Time since last request: 0.0004373 seconds.
  importAddress: GUID: 4e824b25245647358e471f403288f20d - Path: Packages/com.unity.splines/Runtime/SplineMesh.cs - Importer: ScriptedImporter/UnityEditor.QuickSearchModule:UnityEditor.Search:ASIAI0B
Importing 'GUID: 4e824b25245647358e471f403288f20d - Path: Packages/com.unity.splines/Runtime/SplineMesh.cs - Importer: ScriptedImporter/UnityEditor.QuickSearchModule:UnityEditor.Search:ASIAI0B' with importer (ScriptedImporter : UnityEditor.QuickSearchModule:UnityEditor.Search:ASIAI0B)
Imported 'GUID: 4e824b25245647358e471f403288f20d' -> (Import Result ID: '9d5c266a04710feb943e36ddf7b6cf7c') in 0.004 seconds [static and dynamic dependencies]. Details - ImportResultOutputID=2f338fef12e4931eb1d21643a2f6cf04 DependenciesID=95cb5098196ee6e7c7f2ec3502c91de2 StaticDependenciesID=78de0520050b632afb3c119587530e5f 
Number of updated asset objects reloaded before import = 0
Number of asset objects unloaded after import = 0
========================================================================
Received Import Request.
  Time of request: 2026-09-06T07:59:55.047841Z
  Time since last request: 0.0004366 seconds.
  importAddress: GUID: 5778d22ca832d9f47b5e73a8c5fe78a2 - Path: Packages/com.unity.cinemachine/Runtime/Core/LensSettings.cs - Importer: ScriptedImporter/UnityEditor.QuickSearchModule:UnityEditor.Search:ASIAI0B
Importing 'GUID: 5778d22ca832d9f47b5e73a8c5fe78a2 - Path: Packages/com.unity.cinemachine/Runtime/Core/LensSettings.cs - Importer: ScriptedImporter/UnityEditor.QuickSearchModule:UnityEditor.Search:ASIAI0B' with importer (ScriptedImporter : UnityEditor.QuickSearchModule:UnityEditor.Search:ASIAI0B)
Imported 'GUID: 5778d22ca832d9f47b5e73a8c5fe78a2' -> (Import Result ID: '6f28cf253ba9965c8100f1ba6f60cc15') in 0.003 seconds [static and dynamic dependencies]. Details - ImportResultOutputID=98c18aa3051be735d4fc4b9c96c63407 DependenciesID=ea0d26fb34727c1c87e56d9897d44053 StaticDependenciesID=1626b5c29600792d2bffd2509f40c5bf 
Number of updated asset objects reloaded before import = 0
Number of asset objects unloaded after import = 0
========================================================================
Received Import Request.
  Time of request: 2026-09-06T07:59:55.062895Z
  Time since last request: 0.0003902 seconds.
  importAddress: GUID: a0962c806cc7b430cba39e8f3a82affc - Path: Packages/com.unity.splines/Runtime/MathUtility.cs - Importer: ScriptedImporter/UnityEditor.QuickSearchModule:UnityEditor.Search:ASIAI0B
Importing 'GUID: a0962c806cc7b430cba39e8f3a82affc - Path: Packages/com.unity.splines/Runtime/MathUtility.cs - Importer: ScriptedImporter/UnityEditor.QuickSearchModule:UnityEditor.Search:ASIAI0B' with importer (ScriptedImporter : UnityEditor.QuickSearchModule:UnityEditor.Search:ASIAI0B)
Imported 'GUID: a0962c806cc7b430cba39e8f3a82affc' -> (Import Result ID: 'f4dd34f8288e0d8b3b931c9bf7d8aff0') in 0.004 seconds [static and dynamic dependencies]. Details - ImportResultOutputID=90aab798577b4c054ee2f128d6b2a138 DependenciesID=8d7e16a0b8135b71f8ac5623aaef3fc6 StaticDependenciesID=987b95958bc71a7714b8f610254afaeb 
Number of updated asset objects reloaded before import = 0
Number of asset objects unloaded after import = 0
========================================================================
Received Import Request.
  Time of request: 2026-09-06T07:59:55.0904773Z
  Time since last request: 0.0131503 seconds.
  importAddress: GUID: c5342500578afb24a9b83d6343d32a0f - Path: Packages/com.unity.cinemachine/Runtime/Helpers/CinemachineSplineSmoother.cs - Importer: ScriptedImporter/UnityEditor.QuickSearchModule:UnityEditor.Search:ASIAI0B
Importing 'GUID: c5342500578afb24a9b83d6343d32a0f - Path: Packages/com.unity.cinemachine/Runtime/Helpers/CinemachineSplineSmoother.cs - Importer: ScriptedImporter/UnityEditor.QuickSearchModule:UnityEditor.Search:ASIAI0B' with importer (ScriptedImporter : UnityEditor.QuickSearchModule:UnityEditor.Search:ASIAI0B)
Imported 'GUID: c5342500578afb24a9b83d6343d32a0f' -> (Import Result ID: 'aed653a6fb43dec678fad8c1cd9d0584') in 0.005 seconds [static and dynamic dependencies]. Details - ImportResultOutputID=bd838a762d3626898469f7268951fc89 DependenciesID=729a2637fdb71afaab26cb8df3d901d6 StaticDependenciesID=ebd12e1910f8beee7f8d3d4a6d15a6fd 
Number of updated asset objects reloaded before import = 0
Number of asset objects unloaded after import = 1
========================================================================
Received Import Request.
  Time of request: 2026-09-06T07:59:55.1055363Z
  Time since last request: 0.0006221 seconds.
  importAddress: GUID: 85f61ec9fa7114d5f88c736532abeeef - Path: Assets/Starter Assets/Runtime/Settings/High_PipelineAsset.asset - Importer: ScriptedImporter/UnityEditor.QuickSearchModule:UnityEditor.Search:ASIAI0B
Importing 'GUID: 85f61ec9fa7114d5f88c736532abeeef - Path: Assets/Starter Assets/Runtime/Settings/High_PipelineAsset.asset - Importer: ScriptedImporter/UnityEditor.QuickSearchModule:UnityEditor.Search:ASIAI0B' with importer (ScriptedImporter : UnityEditor.QuickSearchModule:UnityEditor.Search:ASIAI0B)
Imported 'GUID: 85f61ec9fa7114d5f88c736532abeeef' -> (Import Result ID: 'e1a37dd51187fa4e76dd164dd0674746') in 0.041 seconds [static and dynamic dependencies]. Details - ImportResultOutputID=c7796c58ab57de598f7f6fb7e2c40604 DependenciesID=589d7ef469f5ad6041dd8194a849a4f8 StaticDependenciesID=1cc584778ea1e722616942ae80748a7e 
Number of updated asset objects reloaded before import = 0
Number of asset objects unloaded after import = 2
========================================================================
Received Import Request.
  Time of request: 2026-09-06T07:59:55.1590932Z
  Time since last request: 0.0004995 seconds.
  importAddress: GUID: 5515cbebf3ef1144ebf8d50ed9091e17 - Path: Assets/Starter Assets/Sample/FirstPersonController/Playground/ReflectionProbe-1.exr - Importer: ScriptedImporter/UnityEditor.QuickSearchModule:UnityEditor.Search:ASIAI0B
Importing 'GUID: 5515cbebf3ef1144ebf8d50ed9091e17 - Path: Assets/Starter Assets/Sample/FirstPersonController/Playground/ReflectionProbe-1.exr - Importer: ScriptedImporter/UnityEditor.QuickSearchModule:UnityEditor.Search:ASIAI0B' with importer (ScriptedImporter : UnityEditor.QuickSearchModule:UnityEditor.Search:ASIAI0B)
Imported 'GUID: 5515cbebf3ef1144ebf8d50ed9091e17' -> (Import Result ID: '91c64d6f058630222c6e8761fe78ca71') in 0.008 seconds [static and dynamic dependencies]. Details - ImportResultOutputID=8d43b1ea7d646e1c7a527054ecfbd983 DependenciesID=71a879a518af3b24c212e2ea8f02bf29 StaticDependenciesID=2069550670e996554c4ff069888b89e2 
Number of updated asset objects reloaded before import = 0
Number of asset objects unloaded after import = 1
========================================================================
Received Import Request.
  Time of request: 2026-09-06T07:59:55.1791939Z
  Time since last request: 0.0004257 seconds.
  importAddress: GUID: 68cccfca0c5a4d6aaff0dee4d7e65c7e - Path: Packages/com.unity.splines/Runtime/SplineDataDictionary.cs - Importer: ScriptedImporter/UnityEditor.QuickSearchModule:UnityEditor.Search:ASIAI0B
Importing 'GUID: 68cccfca0c5a4d6aaff0dee4d7e65c7e - Path: Packages/com.unity.splines/Runtime/SplineDataDictionary.cs - Importer: ScriptedImporter/UnityEditor.QuickSearchModule:UnityEditor.Search:ASIAI0B' with importer (ScriptedImporter : UnityEditor.QuickSearchModule:UnityEditor.Search:ASIAI0B)
Imported 'GUID: 68cccfca0c5a4d6aaff0dee4d7e65c7e' -> (Import Result ID: 'a2ef87e12f299583c231cfd45edb4223') in 0.004 seconds [static and dynamic dependencies]. Details - ImportResultOutputID=b60e50a455b8dad9efc8b536bc481823 DependenciesID=0a5a68bfd7767b6cfc3661540bd4181c StaticDependenciesID=abef4a6bde1842267ae21e7d71af0e9a 
Number of updated asset objects reloaded before import = 0
Number of asset objects unloaded after import = 0
========================================================================
Received Import Request.
  Time of request: 2026-09-06T07:59:55.1943256Z
  Time since last request: 0.0005674 seconds.
  importAddress: GUID: 23366d44243e2fe41af40db7e0f9193d - Path: Packages/com.unity.cinemachine/Editor/Editors/CinemachineCameraManagerEventsEditor.cs - Importer: ScriptedImporter/UnityEditor.QuickSearchModule:UnityEditor.Search:ASIAI0B
Importing 'GUID: 23366d44243e2fe41af40db7e0f9193d - Path: Packages/com.unity.cinemachine/Editor/Editors/CinemachineCameraManagerEventsEditor.cs - Importer: ScriptedImporter/UnityEditor.QuickSearchModule:UnityEditor.Search:ASIAI0B' with importer (ScriptedImporter : UnityEditor.QuickSearchModule:UnityEditor.Search:ASIAI0B)
Imported 'GUID: 23366d44243e2fe41af40db7e0f9193d' -> (Import Result ID: '5d471af5093ae0f9f1a8a0dc1d449b12') in 0.004 seconds [static and dynamic dependencies]. Details - ImportResultOutputID=7f50954dd676c94c82bad0f6ba8b543b DependenciesID=6e8e19e799cc2a2776f612b5029dabdd StaticDependenciesID=c145d9167308a5f8a94ca7ef0fd3e57d 
Number of updated asset objects reloaded before import = 0
Number of asset objects unloaded after import = 0
========================================================================
Received Import Request.
  Time of request: 2026-09-06T07:59:55.2086792Z
  Time since last request: 0.0004964 seconds.
  importAddress: GUID: f35d11c3f802f0b4d8443948502fb54e - Path: Packages/com.unity.cinemachine/Editor/PropertyDrawers/OutputChannelsPropertyDrawer.cs - Importer: ScriptedImporter/UnityEditor.QuickSearchModule:UnityEditor.Search:ASIAI0B
Importing 'GUID: f35d11c3f802f0b4d8443948502fb54e - Path: Packages/com.unity.cinemachine/Editor/PropertyDrawers/OutputChannelsPropertyDrawer.cs - Importer: ScriptedImporter/UnityEditor.QuickSearchModule:UnityEditor.Search:ASIAI0B' with importer (ScriptedImporter : UnityEditor.QuickSearchModule:UnityEditor.Search:ASIAI0B)
Imported 'GUID: f35d11c3f802f0b4d8443948502fb54e' -> (Import Result ID: '563213648c0d71d76a7424a86f0167bc') in 0.005 seconds [static and dynamic dependencies]. Details - ImportResultOutputID=da30ee99a7c55a354a5a25c9cd106f3b DependenciesID=10c0845d5c19e3a64e7d80d7747ae0fd StaticDependenciesID=c5d1f55f5338d4aa10977734e9310f03 
Number of updated asset objects reloaded before import = 0
Number of asset objects unloaded after import = 0
========================================================================
Received Import Request.
  Time of request: 2026-09-06T07:59:55.2243514Z
  Time since last request: 0.0003669 seconds.
  importAddress: GUID: 2bb09c3bc24a82648a2e4fc008a28d8b - Path: Packages/com.unity.cinemachine/Editor/Editors/CinemachineRotationComposerEditor.cs - Importer: ScriptedImporter/UnityEditor.QuickSearchModule:UnityEditor.Search:ASIAI0B
Importing 'GUID: 2bb09c3bc24a82648a2e4fc008a28d8b - Path: Packages/com.unity.cinemachine/Editor/Editors/CinemachineRotationComposerEditor.cs - Importer: ScriptedImporter/UnityEditor.QuickSearchModule:UnityEditor.Search:ASIAI0B' with importer (ScriptedImporter : UnityEditor.QuickSearchModule:UnityEditor.Search:ASIAI0B)
Imported 'GUID: 2bb09c3bc24a82648a2e4fc008a28d8b' -> (Import Result ID: '4ca17bcda01bf2688ce04928d67017f7') in 0.004 seconds [static and dynamic dependencies]. Details - ImportResultOutputID=ae3fed3b046735460ee5d5a9c7a3f895 DependenciesID=57174196dbac2101372b8d503018a55d StaticDependenciesID=d52f1c0d340fe32547a2229c3701b71c 
Number of updated asset objects reloaded before import = 0
Number of asset objects unloaded after import = 0
========================================================================
Received Import Request.
  Time of request: 2026-09-06T07:59:55.2387848Z
  Time since last request: 0.0005833 seconds.
  importAddress: GUID: 3f7c779802a73d5448e38af7c39fbaa5 - Path: Packages/com.unity.cinemachine/Editor/Obsolete/CinemachineConfinerEditor.cs - Importer: ScriptedImporter/UnityEditor.QuickSearchModule:UnityEditor.Search:ASIAI0B
Importing 'GUID: 3f7c779802a73d5448e38af7c39fbaa5 - Path: Packages/com.unity.cinemachine/Editor/Obsolete/CinemachineConfinerEditor.cs - Importer: ScriptedImporter/UnityEditor.QuickSearchModule:UnityEditor.Search:ASIAI0B' with importer (ScriptedImporter : UnityEditor.QuickSearchModule:UnityEditor.Search:ASIAI0B)
Imported 'GUID: 3f7c779802a73d5448e38af7c39fbaa5' -> (Import Result ID: '7fa3e7cb97498a6004f109164e7dbbf9') in 0.003 seconds [static and dynamic dependencies]. Details - ImportResultOutputID=f28428fb0f3f7fc2aefe86738bfc1fff DependenciesID=2a4709c0cc1d069598f1d93e95cdf96c StaticDependenciesID=d7cca50c7b8dbab49483b19cb1089457 
Number of updated asset objects reloaded before import = 0
Number of asset objects unloaded after import = 0
========================================================================
Received Import Request.
  Time of request: 2026-09-06T07:59:55.2545355Z
  Time since last request: 0.0004075 seconds.
  importAddress: GUID: 909d917d73a63f940ac158d02e936645 - Path: Assets/Starter Assets/Runtime/Common/BasicRigidBodyPush.cs - Importer: ScriptedImporter/UnityEditor.QuickSearchModule:UnityEditor.Search:ASIAI0B
Importing 'GUID: 909d917d73a63f940ac158d02e936645 - Path: Assets/Starter Assets/Runtime/Common/BasicRigidBodyPush.cs - Importer: ScriptedImporter/UnityEditor.QuickSearchModule:UnityEditor.Search:ASIAI0B' with importer (ScriptedImporter : UnityEditor.QuickSearchModule:UnityEditor.Search:ASIAI0B)
Imported 'GUID: 909d917d73a63f940ac158d02e936645' -> (Import Result ID: '06646292ad43d392457f06546b9437c1') in 0.003 seconds [static and dynamic dependencies]. Details - ImportResultOutputID=a1c6bc23db9aa962eef3e2f39a11225a DependenciesID=ca6e4a72375d70b8d35c816f99eeaa41 StaticDependenciesID=6cf62556e9e8db2cf5e07de0a5cfeae0 
Number of updated asset objects reloaded before import = 0
Number of asset objects unloaded after import = 0
========================================================================
Received Import Request.
  Time of request: 2026-09-06T07:59:55.2691799Z
  Time since last request: 0.0004738 seconds.
  importAddress: GUID: fcf7219bab7fe46a1ad266029b2fee19 - Path: Assets/TutorialInfo/Scripts/Readme.cs - Importer: ScriptedImporter/UnityEditor.QuickSearchModule:UnityEditor.Search:ASIAI0B
Importing 'GUID: fcf7219bab7fe46a1ad266029b2fee19 - Path: Assets/TutorialInfo/Scripts/Readme.cs - Importer: ScriptedImporter/UnityEditor.QuickSearchModule:UnityEditor.Search:ASIAI0B' with importer (ScriptedImporter : UnityEditor.QuickSearchModule:UnityEditor.Search:ASIAI0B)
Imported 'GUID: fcf7219bab7fe46a1ad266029b2fee19' -> (Import Result ID: '10ae675e26e48ff5399ab83109b2c482') in 0.004 seconds [static and dynamic dependencies]. Details - ImportResultOutputID=28b8b4c69e9d9ff11bcd22abfaf2c7e7 DependenciesID=e61073fa5d15b8cac0e0ebd89363b6fa StaticDependenciesID=5b5e7ba07d15016dabfc270ff56828c6 
Number of updated asset objects reloaded before import = 0
Number of asset objects unloaded after import = 0
========================================================================
Received Import Request.
  Time of request: 2026-09-06T07:59:55.2846158Z
  Time since last request: 0.0004036 seconds.
  importAddress: GUID: eaa3cd6309cba3244b2a227f3e8e7eb3 - Path: Packages/com.unity.splines/Editor/GUI/Editors - Importer: ScriptedImporter/UnityEditor.QuickSearchModule:UnityEditor.Search:ASIAI0B
Importing 'GUID: eaa3cd6309cba3244b2a227f3e8e7eb3 - Path: Packages/com.unity.splines/Editor/GUI/Editors - Importer: ScriptedImporter/UnityEditor.QuickSearchModule:UnityEditor.Search:ASIAI0B' with importer (ScriptedImporter : UnityEditor.QuickSearchModule:UnityEditor.Search:ASIAI0B)
Imported 'GUID: eaa3cd6309cba3244b2a227f3e8e7eb3' -> (Import Result ID: '528206f35c9634c9f585942b1f51c189') in 0.003 seconds [static and dynamic dependencies]. Details - ImportResultOutputID=fb2c040aa858faa0bccb768ec2a09511 DependenciesID=ad97100c366ad5c961cc43049f9186fc StaticDependenciesID=f7a225c37f42e9795fe1deaa08c062ca 
Number of updated asset objects reloaded before import = 0
Number of asset objects unloaded after import = 1
========================================================================
Received Import Request.
  Time of request: 2026-09-06T07:59:55.2990405Z
  Time since last request: 0.000384 seconds.
  importAddress: GUID: 5d65cf8364d644f1a82a62a1c0272310 - Path: Packages/com.unity.splines/Editor/GUI/SplineIndexPropertyDrawer.cs - Importer: ScriptedImporter/UnityEditor.QuickSearchModule:UnityEditor.Search:ASIAI0B
Importing 'GUID: 5d65cf8364d644f1a82a62a1c0272310 - Path: Packages/com.unity.splines/Editor/GUI/SplineIndexPropertyDrawer.cs - Importer: ScriptedImporter/UnityEditor.QuickSearchModule:UnityEditor.Search:ASIAI0B' with importer (ScriptedImporter : UnityEditor.QuickSearchModule:UnityEditor.Search:ASIAI0B)
Imported 'GUID: 5d65cf8364d644f1a82a62a1c0272310' -> (Import Result ID: '7b5bd2df6fc9e42d2987e1d7028eb35d') in 0.007 seconds [static and dynamic dependencies]. Details - ImportResultOutputID=c2a37bef075332e0136d203918f38d67 DependenciesID=0ef8a6841d148ab582a35c9115e751fa StaticDependenciesID=940e460bb889a66a85c41f2595da0726 
Number of updated asset objects reloaded before import = 0
Number of asset objects unloaded after import = 0
========================================================================
Received Import Request.
  Time of request: 2026-09-06T07:59:55.319028Z
  Time since last request: 0.0005739 seconds.
  importAddress: GUID: 54bfd57b67ce80c4481a2c3616fb0e7c - Path: Packages/com.unity.splines/Editor/GUI/SplineGUI.cs - Importer: ScriptedImporter/UnityEditor.QuickSearchModule:UnityEditor.Search:ASIAI0B
Importing 'GUID: 54bfd57b67ce80c4481a2c3616fb0e7c - Path: Packages/com.unity.splines/Editor/GUI/SplineGUI.cs - Importer: ScriptedImporter/UnityEditor.QuickSearchModule:UnityEditor.Search:ASIAI0B' with importer (ScriptedImporter : UnityEditor.QuickSearchModule:UnityEditor.Search:ASIAI0B)
Imported 'GUID: 54bfd57b67ce80c4481a2c3616fb0e7c' -> (Import Result ID: '3b3b414b797160be654a3eb0301141e4') in 0.005 seconds [static and dynamic dependencies]. Details - ImportResultOutputID=2583e7a62e90bff5b2487d1f4181ae0f DependenciesID=c4ee99dc848a4885cefaca1330bf14bf StaticDependenciesID=b1751ac96151ed15996f590a2a2deb6c 
Number of updated asset objects reloaded before import = 0
Number of asset objects unloaded after import = 0
========================================================================
Received Import Request.
  Time of request: 2026-09-06T07:59:55.339546Z
  Time since last request: 0.0004195 seconds.
  importAddress: GUID: 7b846d8f536f007498c941069487ce81 - Path: Assets/Starter Assets/Sample/Environment/Prefabs/Box_350x250x200_Prefab.prefab - Importer: ScriptedImporter/UnityEditor.QuickSearchModule:UnityEditor.Search:ASIAI0B
Importing 'GUID: 7b846d8f536f007498c941069487ce81 - Path: Assets/Starter Assets/Sample/Environment/Prefabs/Box_350x250x200_Prefab.prefab - Importer: ScriptedImporter/UnityEditor.QuickSearchModule:UnityEditor.Search:ASIAI0B' with importer (ScriptedImporter : UnityEditor.QuickSearchModule:UnityEditor.Search:ASIAI0B)
Imported 'GUID: 7b846d8f536f007498c941069487ce81' -> (Import Result ID: '54afbe708b2fc387d850f7bc8b52fb0a') in 0.009 seconds [static and dynamic dependencies]. Details - ImportResultOutputID=88d6bf54e815839fe5d107316b47c982 DependenciesID=454f381171612196e7108e37cfd73d6c StaticDependenciesID=e1cc4b7917442497ed1ab0c44f600101 
Number of updated asset objects reloaded before import = 0
Number of asset objects unloaded after import = 9
========================================================================
Received Import Request.
  Time of request: 2026-09-06T07:59:55.3610838Z
  Time since last request: 0.0001594 seconds.
  importAddress: GUID: 1123a444101eb774ba7490990b50736a - Path: Packages/com.unity.cinemachine/Editor/Obsolete/CinemachineSmoothPathEditor.cs - Importer: ScriptedImporter/UnityEditor.QuickSearchModule:UnityEditor.Search:ASIAI0B
Importing 'GUID: 1123a444101eb774ba7490990b50736a - Path: Packages/com.unity.cinemachine/Editor/Obsolete/CinemachineSmoothPathEditor.cs - Importer: ScriptedImporter/UnityEditor.QuickSearchModule:UnityEditor.Search:ASIAI0B' with importer (ScriptedImporter : UnityEditor.QuickSearchModule:UnityEditor.Search:ASIAI0B)
Imported 'GUID: 1123a444101eb774ba7490990b50736a' -> (Import Result ID: '6dff3a6abae4657b5db6ad38eca09fa1') in 0.004 seconds [static and dynamic dependencies]. Details - ImportResultOutputID=e5370582406978ac33333ed117713192 DependenciesID=2320dcd6c5960c8523dee6527e638136 StaticDependenciesID=5f4026e237f98ce7c2208043594187b3 
Number of updated asset objects reloaded before import = 0
Number of asset objects unloaded after import = 0
========================================================================
Received Import Request.
  Time of request: 2026-09-06T07:59:55.3789158Z
  Time since last request: 0.000498 seconds.
  importAddress: GUID: 3aac33faa99ca184787470685f1bfa5c - Path: Packages/com.unity.splines/Runtime/SplineKnotIndex.cs - Importer: ScriptedImporter/UnityEditor.QuickSearchModule:UnityEditor.Search:ASIAI0B
Importing 'GUID: 3aac33faa99ca184787470685f1bfa5c - Path: Packages/com.unity.splines/Runtime/SplineKnotIndex.cs - Importer: ScriptedImporter/UnityEditor.QuickSearchModule:UnityEditor.Search:ASIAI0B' with importer (ScriptedImporter : UnityEditor.QuickSearchModule:UnityEditor.Search:ASIAI0B)
Imported 'GUID: 3aac33faa99ca184787470685f1bfa5c' -> (Import Result ID: '9dc23d925711c942300d8691b446908f') in 0.004 seconds [static and dynamic dependencies]. Details - ImportResultOutputID=fe10dd4eba18b8d5bc6179e9154053c2 DependenciesID=fb3ae9c051e767cc11b2aa2a42e267de StaticDependenciesID=91ce9ede39a03f0051ea109c00bc6d7b 
Number of updated asset objects reloaded before import = 0
Number of asset objects unloaded after import = 0
========================================================================
Received Import Request.
  Time of request: 2026-09-06T07:59:55.3965269Z
  Time since last request: 0.0003974 seconds.
  importAddress: GUID: 80c4e990f69fadf42a06e238da57fbfd - Path: Packages/com.unity.splines/Editor/Editor Resources/Icons - Importer: ScriptedImporter/UnityEditor.QuickSearchModule:UnityEditor.Search:ASIAI0B
Importing 'GUID: 80c4e990f69fadf42a06e238da57fbfd - Path: Packages/com.unity.splines/Editor/Editor Resources/Icons - Importer: ScriptedImporter/UnityEditor.QuickSearchModule:UnityEditor.Search:ASIAI0B' with importer (ScriptedImporter : UnityEditor.QuickSearchModule:UnityEditor.Search:ASIAI0B)
Imported 'GUID: 80c4e990f69fadf42a06e238da57fbfd' -> (Import Result ID: '6a6e16fda6d04eef1e62721e22563af7') in 0.004 seconds [static and dynamic dependencies]. Details - ImportResultOutputID=96c5d5bbf6bfdd11bbeed3435ae4ab94 DependenciesID=e930c524700e6c30222ce6df8fc081cf StaticDependenciesID=9fdf81a55fb7b7b16a84229e2d6a5366 
Number of updated asset objects reloaded before import = 0
Number of asset objects unloaded after import = 1
========================================================================
Received Import Request.
  Time of request: 2026-09-06T07:59:55.4117078Z
  Time since last request: 0.000456 seconds.
  importAddress: GUID: 4307f53044263cf4b835bd812fc161a4 - Path: Packages/com.unity.cinemachine/Runtime/Unity.Cinemachine.asmdef - Importer: ScriptedImporter/UnityEditor.QuickSearchModule:UnityEditor.Search:ASIAI0B
Importing 'GUID: 4307f53044263cf4b835bd812fc161a4 - Path: Packages/com.unity.cinemachine/Runtime/Unity.Cinemachine.asmdef - Importer: ScriptedImporter/UnityEditor.QuickSearchModule:UnityEditor.Search:ASIAI0B' with importer (ScriptedImporter : UnityEditor.QuickSearchModule:UnityEditor.Search:ASIAI0B)
Imported 'GUID: 4307f53044263cf4b835bd812fc161a4' -> (Import Result ID: '0f707e732dc0149e55753c4550d9c670') in 0.005 seconds [static and dynamic dependencies]. Details - ImportResultOutputID=59991a3ca3fce6bb3f35b1f71fc6d2b4 DependenciesID=357a804fcd73152661d188d3d24545dc StaticDependenciesID=084da6cf477ac5c794a791d6ae201c5a 
Number of updated asset objects reloaded before import = 0
Number of asset objects unloaded after import = 1
========================================================================
Received Import Request.
  Time of request: 2026-09-06T07:59:55.4291422Z
  Time since last request: 0.0005551 seconds.
  importAddress: GUID: a63f9f2267c36684e855add13ad5499f - Path: Packages/com.unity.cinemachine/Editor/Obsolete/CinemachineVirtualCameraEditor.cs - Importer: ScriptedImporter/UnityEditor.QuickSearchModule:UnityEditor.Search:ASIAI0B
Importing 'GUID: a63f9f2267c36684e855add13ad5499f - Path: Packages/com.unity.cinemachine/Editor/Obsolete/CinemachineVirtualCameraEditor.cs - Importer: ScriptedImporter/UnityEditor.QuickSearchModule:UnityEditor.Search:ASIAI0B' with importer (ScriptedImporter : UnityEditor.QuickSearchModule:UnityEditor.Search:ASIAI0B)
Imported 'GUID: a63f9f2267c36684e855add13ad5499f' -> (Import Result ID: 'd17af73283869afa650e5e4ddbee87ca') in 0.003 seconds [static and dynamic dependencies]. Details - ImportResultOutputID=65703dc5d327622f53ebe11d3b0bb6cf DependenciesID=69c58cd083c5a47df7a66214acdadcfb StaticDependenciesID=7d248ead5aa40c4e9e2ea43cf3606e74 
Number of updated asset objects reloaded before import = 0
Number of asset objects unloaded after import = 0
========================================================================
Received Import Request.
  Time of request: 2026-09-06T07:59:55.4455911Z
  Time since last request: 0.0005657 seconds.
  importAddress: GUID: d62f748f5292bb343be9e6b0c84416d9 - Path: Packages/com.unity.cinemachine/Runtime/Behaviours/CinemachineClearShot.cs - Importer: ScriptedImporter/UnityEditor.QuickSearchModule:UnityEditor.Search:ASIAI0B
Importing 'GUID: d62f748f5292bb343be9e6b0c84416d9 - Path: Packages/com.unity.cinemachine/Runtime/Behaviours/CinemachineClearShot.cs - Importer: ScriptedImporter/UnityEditor.QuickSearchModule:UnityEditor.Search:ASIAI0B' with importer (ScriptedImporter : UnityEditor.QuickSearchModule:UnityEditor.Search:ASIAI0B)
Imported 'GUID: d62f748f5292bb343be9e6b0c84416d9' -> (Import Result ID: '5ac20d2bf980385dcc41653ad3bc399a') in 0.006 seconds [static and dynamic dependencies]. Details - ImportResultOutputID=b0111bf98dcd965d70b14ffda8233be7 DependenciesID=b8ff1c65fa6198af1a609247b734f9b5 StaticDependenciesID=7be2d772b8f95dd794333c52b1fecf13 
Number of updated asset objects reloaded before import = 0
Number of asset objects unloaded after import = 1
========================================================================
Received Import Request.
  Time of request: 2026-09-06T07:59:55.4631657Z
  Time since last request: 0.0005434 seconds.
  importAddress: GUID: 711aad28b4057bd4783120e26ff2ee25 - Path: Packages/com.unity.cinemachine/Editor/Editors/CinemachineBrainEditor.cs - Importer: ScriptedImporter/UnityEditor.QuickSearchModule:UnityEditor.Search:ASIAI0B
Importing 'GUID: 711aad28b4057bd4783120e26ff2ee25 - Path: Packages/com.unity.cinemachine/Editor/Editors/CinemachineBrainEditor.cs - Importer: ScriptedImporter/UnityEditor.QuickSearchModule:UnityEditor.Search:ASIAI0B' with importer (ScriptedImporter : UnityEditor.QuickSearchModule:UnityEditor.Search:ASIAI0B)
Imported 'GUID: 711aad28b4057bd4783120e26ff2ee25' -> (Import Result ID: '080d0411ceb26425711eb6fc9718d46e') in 0.004 seconds [static and dynamic dependencies]. Details - ImportResultOutputID=5e50f2e01fbcf2a96186c0df7643ff0c DependenciesID=45e2cff4b329dbb9b1382ad51074999e StaticDependenciesID=ec3497c7a950eeae95825383075e8d5e 
Number of updated asset objects reloaded before import = 0
Number of asset objects unloaded after import = 0
========================================================================
Received Import Request.
  Time of request: 2026-09-06T07:59:55.4804889Z
  Time since last request: 0.0003805 seconds.
  importAddress: GUID: 13a8f64bcf72e441e89a7114d5ab78c2 - Path: Packages/com.unity.cinemachine/Editor/EditorResources/Icons/Dark/CmComponent@256.png - Importer: ScriptedImporter/UnityEditor.QuickSearchModule:UnityEditor.Search:ASIAI0B
Importing 'GUID: 13a8f64bcf72e441e89a7114d5ab78c2 - Path: Packages/com.unity.cinemachine/Editor/EditorResources/Icons/Dark/CmComponent@256.png - Importer: ScriptedImporter/UnityEditor.QuickSearchModule:UnityEditor.Search:ASIAI0B' with importer (ScriptedImporter : UnityEditor.QuickSearchModule:UnityEditor.Search:ASIAI0B)
Imported 'GUID: 13a8f64bcf72e441e89a7114d5ab78c2' -> (Import Result ID: '6debc28b82ac3f3eeefd06d15bbd615f') in 0.012 seconds [static and dynamic dependencies]. Details - ImportResultOutputID=5e8e51ae5ff19deab33abc67ad3d0dfd DependenciesID=0d5052219f15cba5c0e0fd6213060d30 StaticDependenciesID=b0161d4ad9579b50ab184f4f949cee72 
Number of updated asset objects reloaded before import = 0
Number of asset objects unloaded after import = 1
========================================================================
Received Import Request.
  Time of request: 2026-09-06T07:59:55.5037268Z
  Time since last request: 0.0003833 seconds.
  importAddress: GUID: 8986fa27e90db314d8a3359520e7fd1a - Path: Packages/com.unity.cinemachine/Editor/Utility/ReflectionHelpers.cs - Importer: ScriptedImporter/UnityEditor.QuickSearchModule:UnityEditor.Search:ASIAI0B
Importing 'GUID: 8986fa27e90db314d8a3359520e7fd1a - Path: Packages/com.unity.cinemachine/Editor/Utility/ReflectionHelpers.cs - Importer: ScriptedImporter/UnityEditor.QuickSearchModule:UnityEditor.Search:ASIAI0B' with importer (ScriptedImporter : UnityEditor.QuickSearchModule:UnityEditor.Search:ASIAI0B)
Imported 'GUID: 8986fa27e90db314d8a3359520e7fd1a' -> (Import Result ID: '11b80cb546f60e6c5d0d16e7888a2f34') in 0.004 seconds [static and dynamic dependencies]. Details - ImportResultOutputID=e662bafc43e8e45d8f9753c23c94a185 DependenciesID=e438b89fd76964cbac3b7535ca8d887f StaticDependenciesID=7f84e831565b9002b77c7a862b4bb191 
Number of updated asset objects reloaded before import = 0
Number of asset objects unloaded after import = 0
========================================================================
Received Import Request.
  Time of request: 2026-09-06T07:59:55.5188345Z
  Time since last request: 0.0004117 seconds.
  importAddress: GUID: 5dc9fa46e83d1184bbe41e85d8795acf - Path: Packages/com.unity.cinemachine/Editor/Upgrader/UpgradeManagerInspectorHelpers.cs - Importer: ScriptedImporter/UnityEditor.QuickSearchModule:UnityEditor.Search:ASIAI0B
Importing 'GUID: 5dc9fa46e83d1184bbe41e85d8795acf - Path: Packages/com.unity.cinemachine/Editor/Upgrader/UpgradeManagerInspectorHelpers.cs - Importer: ScriptedImporter/UnityEditor.QuickSearchModule:UnityEditor.Search:ASIAI0B' with importer (ScriptedImporter : UnityEditor.QuickSearchModule:UnityEditor.Search:ASIAI0B)
Imported 'GUID: 5dc9fa46e83d1184bbe41e85d8795acf' -> (Import Result ID: '57fc81701fbe84620491697b97932b22') in 0.004 seconds [static and dynamic dependencies]. Details - ImportResultOutputID=5e21cc504a505dba0b50e2f85382fb53 DependenciesID=4d1ff09f77331122eab8c13a5cca407b StaticDependenciesID=ebc50db08eb5b9bded89cd285ef88714 
Number of updated asset objects reloaded before import = 0
Number of asset objects unloaded after import = 0
========================================================================
Received Import Request.
  Time of request: 2026-09-06T07:59:55.5347229Z
  Time since last request: 0.0005074 seconds.
  importAddress: GUID: 9eff477e4332346818c96745043dae9e - Path: Packages/com.unity.settings-manager/Content/Options.png - Importer: ScriptedImporter/UnityEditor.QuickSearchModule:UnityEditor.Search:ASIAI0B
Importing 'GUID: 9eff477e4332346818c96745043dae9e - Path: Packages/com.unity.settings-manager/Content/Options.png - Importer: ScriptedImporter/UnityEditor.QuickSearchModule:UnityEditor.Search:ASIAI0B' with importer (ScriptedImporter : UnityEditor.QuickSearchModule:UnityEditor.Search:ASIAI0B)
Imported 'GUID: 9eff477e4332346818c96745043dae9e' -> (Import Result ID: '4aad5056492923e93c0be6a63126b21a') in 0.006 seconds [static and dynamic dependencies]. Details - ImportResultOutputID=ae671cf9869d54b4fc8a714ccb8a58db DependenciesID=393d4ca86b6796f6eea7ba41de4f538e StaticDependenciesID=7c3f592c3bdb176b102a9529195e64ba 
Number of updated asset objects reloaded before import = 0
Number of asset objects unloaded after import = 1
========================================================================
Received Import Request.
  Time of request: 2026-09-06T07:59:55.5523491Z
  Time since last request: 0.0003712 seconds.
  importAddress: GUID: 2bde05c1df765c046bf58d1435722167 - Path: Packages/com.unity.splines/Runtime/SplineInfo.cs - Importer: ScriptedImporter/UnityEditor.QuickSearchModule:UnityEditor.Search:ASIAI0B
Importing 'GUID: 2bde05c1df765c046bf58d1435722167 - Path: Packages/com.unity.splines/Runtime/SplineInfo.cs - Importer: ScriptedImporter/UnityEditor.QuickSearchModule:UnityEditor.Search:ASIAI0B' with importer (ScriptedImporter : UnityEditor.QuickSearchModule:UnityEditor.Search:ASIAI0B)
Imported 'GUID: 2bde05c1df765c046bf58d1435722167' -> (Import Result ID: '226c266f6bd325090c542bb9fc5b7b31') in 0.003 seconds [static and dynamic dependencies]. Details - ImportResultOutputID=dd801dd0702f657d1cdabf42879b5f4a DependenciesID=b46d6656d55cb9ee914958122f25c376 StaticDependenciesID=e8517ef6548b8ded235b4ae21486fbf9 
Number of updated asset objects reloaded before import = 0
Number of asset objects unloaded after import = 0
========================================================================
Received Import Request.
  Time of request: 2026-09-06T07:59:55.5664027Z
  Time since last request: 0.0004547 seconds.
  importAddress: GUID: 8e2e054ed623847d29efb1262605e8ef - Path: Packages/com.unity.settings-manager/Editor/PackageSettingsRepository.cs - Importer: ScriptedImporter/UnityEditor.QuickSearchModule:UnityEditor.Search:ASIAI0B
Importing 'GUID: 8e2e054ed623847d29efb1262605e8ef - Path: Packages/com.unity.settings-manager/Editor/PackageSettingsRepository.cs - Importer: ScriptedImporter/UnityEditor.QuickSearchModule:UnityEditor.Search:ASIAI0B' with importer (ScriptedImporter : UnityEditor.QuickSearchModule:UnityEditor.Search:ASIAI0B)
Imported 'GUID: 8e2e054ed623847d29efb1262605e8ef' -> (Import Result ID: 'dd279d5d9fdff011e1f1e692df860355') in 0.004 seconds [static and dynamic dependencies]. Details - ImportResultOutputID=5c5fcf499129c76738e2dfe8c59301ca DependenciesID=f647b4465b67500288b7302c35f3c4b1 StaticDependenciesID=d6f5dd6c04ccb31d9d06b7e1328e7c8e 
Number of updated asset objects reloaded before import = 0
Number of asset objects unloaded after import = 0
========================================================================
Received Import Request.
  Time of request: 2026-09-06T07:59:55.5814239Z
  Time since last request: 0.0004306 seconds.
  importAddress: GUID: bf2b09552ecf8f04294975e07f8da67e - Path: Assets/Starter Assets/TutorialInfo/Icons - Importer: ScriptedImporter/UnityEditor.QuickSearchModule:UnityEditor.Search:ASIAI0B
Importing 'GUID: bf2b09552ecf8f04294975e07f8da67e - Path: Assets/Starter Assets/TutorialInfo/Icons - Importer: ScriptedImporter/UnityEditor.QuickSearchModule:UnityEditor.Search:ASIAI0B' with importer (ScriptedImporter : UnityEditor.QuickSearchModule:UnityEditor.Search:ASIAI0B)
Imported 'GUID: bf2b09552ecf8f04294975e07f8da67e' -> (Import Result ID: 'a0cbeb0ee6c09482bebec22cae32e18f') in 0.004 seconds [static and dynamic dependencies]. Details - ImportResultOutputID=7cb14a97b5d0f838324391f7970a6c7d DependenciesID=7eff00a00b596a9bf779fd9a51bebcdf StaticDependenciesID=497942accb89de5a0fd8cf0834f7b1dc 
Number of updated asset objects reloaded before import = 0
Number of asset objects unloaded after import = 1
========================================================================
Received Import Request.
  Time of request: 2026-09-06T07:59:55.5971525Z
  Time since last request: 0.0006141 seconds.
  importAddress: GUID: 13fea38d32aef124ea75bb2f43c5d451 - Path: Assets/Starter Assets/Runtime/ThirdPersonController/Character/Materials/Built-in_RP - Importer: ScriptedImporter/UnityEditor.QuickSearchModule:UnityEditor.Search:ASIAI0B
Importing 'GUID: 13fea38d32aef124ea75bb2f43c5d451 - Path: Assets/Starter Assets/Runtime/ThirdPersonController/Character/Materials/Built-in_RP - Importer: ScriptedImporter/UnityEditor.QuickSearchModule:UnityEditor.Search:ASIAI0B' with importer (ScriptedImporter : UnityEditor.QuickSearchModule:UnityEditor.Search:ASIAI0B)
Imported 'GUID: 13fea38d32aef124ea75bb2f43c5d451' -> (Import Result ID: 'cebb2e7027e78f79142612a95bc6bc97') in 0.004 seconds [static and dynamic dependencies]. Details - ImportResultOutputID=b99938dc98d90c0cd13a5b53a9bd3f23 DependenciesID=6fa2df75238452e45bbabad78898da99 StaticDependenciesID=60617461463a572d8a595613c821ce7e 
Number of updated asset objects reloaded before import = 0
Number of asset objects unloaded after import = 1
========================================================================
Received Import Request.
  Time of request: 2026-09-06T07:59:55.6120065Z
  Time since last request: 0.0003718 seconds.
  importAddress: GUID: 4ee808e09c6774436b0c2a048e53e708 - Path: Assets/Starter Assets/Runtime/Settings/Ultra_PipelineAsset_ForwardRenderer.asset - Importer: ScriptedImporter/UnityEditor.QuickSearchModule:UnityEditor.Search:ASIAI0B
Importing 'GUID: 4ee808e09c6774436b0c2a048e53e708 - Path: Assets/Starter Assets/Runtime/Settings/Ultra_PipelineAsset_ForwardRenderer.asset - Importer: ScriptedImporter/UnityEditor.QuickSearchModule:UnityEditor.Search:ASIAI0B' with importer (ScriptedImporter : UnityEditor.QuickSearchModule:UnityEditor.Search:ASIAI0B)
Imported 'GUID: 4ee808e09c6774436b0c2a048e53e708' -> (Import Result ID: '0f65ad29ed9b1a9c59be81d0a1a18916') in 0.006 seconds [static and dynamic dependencies]. Details - ImportResultOutputID=795e80169de5870e00201e648d37e844 DependenciesID=4dea70e2d661bab3758c9072f44875b6 StaticDependenciesID=207dc2b20e9b996fa44c7094f073eb1d 
Number of updated asset objects reloaded before import = 0
Number of asset objects unloaded after import = 1
========================================================================
Received Import Request.
  Time of request: 2026-09-06T07:59:55.6298829Z
  Time since last request: 0.0004228 seconds.
  importAddress: GUID: d52f29fc3a60b88478ef30424f044b50 - Path: Packages/com.unity.cinemachine/Editor/PropertyDrawers/TrackerSettingsPropertyDrawer.cs - Importer: ScriptedImporter/UnityEditor.QuickSearchModule:UnityEditor.Search:ASIAI0B
Importing 'GUID: d52f29fc3a60b88478ef30424f044b50 - Path: Packages/com.unity.cinemachine/Editor/PropertyDrawers/TrackerSettingsPropertyDrawer.cs - Importer: ScriptedImporter/UnityEditor.QuickSearchModule:UnityEditor.Search:ASIAI0B' with importer (ScriptedImporter : UnityEditor.QuickSearchModule:UnityEditor.Search:ASIAI0B)
Imported 'GUID: d52f29fc3a60b88478ef30424f044b50' -> (Import Result ID: 'cd6cd6347160e7f041486f9a07b0aeb0') in 0.004 seconds [static and dynamic dependencies]. Details - ImportResultOutputID=6d74e4fb2cac77e3a279076b252c31dd DependenciesID=3a7db7bf9886556ff1ac693c2262087c StaticDependenciesID=052882ed9344a52cf888c2a0cf84e9a2 
Number of updated asset objects reloaded before import = 0
Number of asset objects unloaded after import = 0
========================================================================
Received Import Request.
  Time of request: 2026-09-06T07:59:55.6468469Z
  Time since last request: 0.0008002 seconds.
  importAddress: GUID: fa71924fa67eb59478bbd769058116e3 - Path: Packages/com.unity.cinemachine/Editor/PropertyDrawers/SplineAutoDollyPropertyDrawer.cs - Importer: ScriptedImporter/UnityEditor.QuickSearchModule:UnityEditor.Search:ASIAI0B
Importing 'GUID: fa71924fa67eb59478bbd769058116e3 - Path: Packages/com.unity.cinemachine/Editor/PropertyDrawers/SplineAutoDollyPropertyDrawer.cs - Importer: ScriptedImporter/UnityEditor.QuickSearchModule:UnityEditor.Search:ASIAI0B' with importer (ScriptedImporter : UnityEditor.QuickSearchModule:UnityEditor.Search:ASIAI0B)
Imported 'GUID: fa71924fa67eb59478bbd769058116e3' -> (Import Result ID: 'a9cc60184905a8c4b60d71b466a812bb') in 0.005 seconds [static and dynamic dependencies]. Details - ImportResultOutputID=b90e26874b55547ae1c530f9921809ba DependenciesID=eb99e7f5ddccba2fad46c7cd76a52f07 StaticDependenciesID=65b9d2462da3f870bd304b609ca6c919 
Number of updated asset objects reloaded before import = 0
Number of asset objects unloaded after import = 0
========================================================================
Received Import Request.
  Time of request: 2026-09-06T07:59:55.6876305Z
  Time since last request: 0.0245047 seconds.
  importAddress: GUID: dc5c6d1c7d775c640b23c58d118d8f15 - Path: Packages/com.unity.cinemachine/Editor/PropertyDrawers/InputAxisNamePropertyDrawer.cs - Importer: ScriptedImporter/UnityEditor.QuickSearchModule:UnityEditor.Search:ASIAI0B
Importing 'GUID: dc5c6d1c7d775c640b23c58d118d8f15 - Path: Packages/com.unity.cinemachine/Editor/PropertyDrawers/InputAxisNamePropertyDrawer.cs - Importer: ScriptedImporter/UnityEditor.QuickSearchModule:UnityEditor.Search:ASIAI0B' with importer (ScriptedImporter : UnityEditor.QuickSearchModule:UnityEditor.Search:ASIAI0B)
Imported 'GUID: dc5c6d1c7d775c640b23c58d118d8f15' -> (Import Result ID: '64a4b536f4be94a538414b9133abb0b3') in 0.004 seconds [static and dynamic dependencies]. Details - ImportResultOutputID=d5508907acacd2f02dfa2f2959640094 DependenciesID=ef814cbe4b292bcc58fd01286a99b295 StaticDependenciesID=26b96208c1861935e76c52becfd51d82 
Number of updated asset objects reloaded before import = 0
Number of asset objects unloaded after import = 0
========================================================================
Received Import Request.
  Time of request: 2026-09-06T07:59:55.701075Z
  Time since last request: 0.0005505 seconds.
  importAddress: GUID: 6c1ba780f87ca5a4ea89d3330464ecf5 - Path: Assets/Starter Assets/Editor/URPWizard/URPWizard.cs - Importer: ScriptedImporter/UnityEditor.QuickSearchModule:UnityEditor.Search:ASIAI0B
Importing 'GUID: 6c1ba780f87ca5a4ea89d3330464ecf5 - Path: Assets/Starter Assets/Editor/URPWizard/URPWizard.cs - Importer: ScriptedImporter/UnityEditor.QuickSearchModule:UnityEditor.Search:ASIAI0B' with importer (ScriptedImporter : UnityEditor.QuickSearchModule:UnityEditor.Search:ASIAI0B)
Imported 'GUID: 6c1ba780f87ca5a4ea89d3330464ecf5' -> (Import Result ID: '6c2bf09d3b17da5f2778c602ac9da0d4') in 0.003 seconds [static and dynamic dependencies]. Details - ImportResultOutputID=bc3f7a3d7a74e92201cf42479290e829 DependenciesID=8c675eb678900edace1db432094f04bd StaticDependenciesID=55d07bd68b71a9666f21a2b63e6daeb2 
Number of updated asset objects reloaded before import = 0
Number of asset objects unloaded after import = 0
========================================================================
Received Import Request.
  Time of request: 2026-09-06T07:59:55.7140659Z
  Time since last request: 0.0004831 seconds.
  importAddress: GUID: 3d545f10e9c00154e8e57c13456d355f - Path: Packages/com.unity.splines/Editor/Utilities/SplineCacheUtility.cs - Importer: ScriptedImporter/UnityEditor.QuickSearchModule:UnityEditor.Search:ASIAI0B
Importing 'GUID: 3d545f10e9c00154e8e57c13456d355f - Path: Packages/com.unity.splines/Editor/Utilities/SplineCacheUtility.cs - Importer: ScriptedImporter/UnityEditor.QuickSearchModule:UnityEditor.Search:ASIAI0B' with importer (ScriptedImporter : UnityEditor.QuickSearchModule:UnityEditor.Search:ASIAI0B)
Imported 'GUID: 3d545f10e9c00154e8e57c13456d355f' -> (Import Result ID: '509266eb34d8293b8441fef118d6fbd0') in 0.004 seconds [static and dynamic dependencies]. Details - ImportResultOutputID=17e3a79801d5742336d0029f0dd90051 DependenciesID=c93eeaebd5e70bec5e37a743e1debb30 StaticDependenciesID=861911d12b29d0282ffee969ef58a0e9 
Number of updated asset objects reloaded before import = 0
Number of asset objects unloaded after import = 0
========================================================================
Received Import Request.
  Time of request: 2026-09-06T07:59:55.7298073Z
  Time since last request: 0.0003688 seconds.
  importAddress: GUID: 77221e48184d50742984ffe3b4192f2a - Path: Packages/com.unity.splines/Editor/Controls/CurveHandles.cs - Importer: ScriptedImporter/UnityEditor.QuickSearchModule:UnityEditor.Search:ASIAI0B
Importing 'GUID: 77221e48184d50742984ffe3b4192f2a - Path: Packages/com.unity.splines/Editor/Controls/CurveHandles.cs - Importer: ScriptedImporter/UnityEditor.QuickSearchModule:UnityEditor.Search:ASIAI0B' with importer (ScriptedImporter : UnityEditor.QuickSearchModule:UnityEditor.Search:ASIAI0B)
Imported 'GUID: 77221e48184d50742984ffe3b4192f2a' -> (Import Result ID: 'a25274f7cf7c899bf87149bdbc40b56b') in 0.003 seconds [static and dynamic dependencies]. Details - ImportResultOutputID=26e90744ff7c2db09eeeb13d698c06bb DependenciesID=f673b3c97c3a8ab3653e497ea192d76d StaticDependenciesID=cf207205b50373164beeb17d1ab83102 
Number of updated asset objects reloaded before import = 0
Number of asset objects unloaded after import = 0
========================================================================
Received Import Request.
  Time of request: 2026-09-06T07:59:55.7438624Z
  Time since last request: 0.0006952 seconds.
  importAddress: GUID: 89875cdc57c54474a8a74efd9b2a3b5d - Path: Packages/com.unity.cinemachine/Runtime/Helpers/CinemachineInputAxisController.cs - Importer: ScriptedImporter/UnityEditor.QuickSearchModule:UnityEditor.Search:ASIAI0B
Importing 'GUID: 89875cdc57c54474a8a74efd9b2a3b5d - Path: Packages/com.unity.cinemachine/Runtime/Helpers/CinemachineInputAxisController.cs - Importer: ScriptedImporter/UnityEditor.QuickSearchModule:UnityEditor.Search:ASIAI0B' with importer (ScriptedImporter : UnityEditor.QuickSearchModule:UnityEditor.Search:ASIAI0B)
Imported 'GUID: 89875cdc57c54474a8a74efd9b2a3b5d' -> (Import Result ID: '1d9d093fbbd1fafa45b03fe6c24b6ac4') in 0.007 seconds [static and dynamic dependencies]. Details - ImportResultOutputID=85608b31605393f9dfc129f100adaff5 DependenciesID=9e9ae3b442f9758973ec0acc78778479 StaticDependenciesID=480befed201588787087bdf8b36d6a7a 
Number of updated asset objects reloaded before import = 0
Number of asset objects unloaded after import = 1
========================================================================
Received Import Request.
  Time of request: 2026-09-06T07:59:55.7617882Z
  Time since last request: 0.0003095 seconds.
  importAddress: GUID: e18faa529b4d67b4280ff2dfd1b88b54 - Path: Packages/com.unity.cinemachine/Editor/Utility/CmCameraInspectorUtility.cs - Importer: ScriptedImporter/UnityEditor.QuickSearchModule:UnityEditor.Search:ASIAI0B
Importing 'GUID: e18faa529b4d67b4280ff2dfd1b88b54 - Path: Packages/com.unity.cinemachine/Editor/Utility/CmCameraInspectorUtility.cs - Importer: ScriptedImporter/UnityEditor.QuickSearchModule:UnityEditor.Search:ASIAI0B' with importer (ScriptedImporter : UnityEditor.QuickSearchModule:UnityEditor.Search:ASIAI0B)
Imported 'GUID: e18faa529b4d67b4280ff2dfd1b88b54' -> (Import Result ID: '1eb9757ad41a62018475a3a163ee476e') in 0.004 seconds [static and dynamic dependencies]. Details - ImportResultOutputID=075e66122e375426977d074141131613 DependenciesID=cdc32bd9f2d6e0900cc096fd8de574f7 StaticDependenciesID=bf1bc6076d5266cebbf4f3c48cf0905d 
Number of updated asset objects reloaded before import = 0
Number of asset objects unloaded after import = 0
========================================================================
Received Import Request.
  Time of request: 2026-09-06T07:59:55.7768148Z
  Time since last request: 0.0007278 seconds.
  importAddress: GUID: 11aab40bae0d491c94ca2df97f155bac - Path: Packages/com.unity.settings-manager/Tests/Editor/FileRepositoryTests.cs - Importer: ScriptedImporter/UnityEditor.QuickSearchModule:UnityEditor.Search:ASIAI0B
Importing 'GUID: 11aab40bae0d491c94ca2df97f155bac - Path: Packages/com.unity.settings-manager/Tests/Editor/FileRepositoryTests.cs - Importer: ScriptedImporter/UnityEditor.QuickSearchModule:UnityEditor.Search:ASIAI0B' with importer (ScriptedImporter : UnityEditor.QuickSearchModule:UnityEditor.Search:ASIAI0B)
Imported 'GUID: 11aab40bae0d491c94ca2df97f155bac' -> (Import Result ID: '218335fed826bc73b7eda50dfcb81191') in 0.004 seconds [static and dynamic dependencies]. Details - ImportResultOutputID=55ebf9fbea0c473d70b5dda9f2e9bb36 DependenciesID=db0e562396d6cef7128f544e74fe642f StaticDependenciesID=a49322061f8ff00d6cf8966fb8d8196d 
Number of updated asset objects reloaded before import = 0
Number of asset objects unloaded after import = 0
========================================================================
Received Import Request.
  Time of request: 2026-09-06T07:59:55.792831Z
  Time since last request: 0.000456 seconds.
  importAddress: GUID: 641a050c859644e7804f826b7d4d8c0b - Path: Packages/com.unity.splines/Editor/Core/CopyPaste.cs - Importer: ScriptedImporter/UnityEditor.QuickSearchModule:UnityEditor.Search:ASIAI0B
Importing 'GUID: 641a050c859644e7804f826b7d4d8c0b - Path: Packages/com.unity.splines/Editor/Core/CopyPaste.cs - Importer: ScriptedImporter/UnityEditor.QuickSearchModule:UnityEditor.Search:ASIAI0B' with importer (ScriptedImporter : UnityEditor.QuickSearchModule:UnityEditor.Search:ASIAI0B)
Imported 'GUID: 641a050c859644e7804f826b7d4d8c0b' -> (Import Result ID: 'b52cdbf5d17549877491854e6fd93aec') in 0.005 seconds [static and dynamic dependencies]. Details - ImportResultOutputID=e1a8a6db4b2f88185bbe84e5b11af5fe DependenciesID=0f3781ef2f2e5c75052fe2353e34d713 StaticDependenciesID=894191dcb6eafe9b5605ead1f4f341df 
Number of updated asset objects reloaded before import = 0
Number of asset objects unloaded after import = 0
========================================================================
Received Import Request.
  Time of request: 2026-09-06T07:59:55.8106334Z
  Time since last request: 0.0007197 seconds.
  importAddress: GUID: 7d001cacf887eb14cbf269a09e3ec3ba - Path: Assets/Starter Assets/Runtime/Mobile/Prefabs/UI_TouchScreenInput.prefab - Importer: ScriptedImporter/UnityEditor.QuickSearchModule:UnityEditor.Search:ASIAI0B
Importing 'GUID: 7d001cacf887eb14cbf269a09e3ec3ba - Path: Assets/Starter Assets/Runtime/Mobile/Prefabs/UI_TouchScreenInput.prefab - Importer: ScriptedImporter/UnityEditor.QuickSearchModule:UnityEditor.Search:ASIAI0B' with importer (ScriptedImporter : UnityEditor.QuickSearchModule:UnityEditor.Search:ASIAI0B)
Imported 'GUID: 7d001cacf887eb14cbf269a09e3ec3ba' -> (Import Result ID: 'f5d92caef2ec2822757d1b8e3c68cba8') in 0.026 seconds [static and dynamic dependencies]. Details - ImportResultOutputID=279062e81a560e52aafa1b3d9bd2aae5 DependenciesID=0d5fb525f986c8c44493c7df0faff353 StaticDependenciesID=e69c34cb360b5157eba052b430e7d225 
Number of updated asset objects reloaded before import = 0
Number of asset objects unloaded after import = 19
========================================================================
Received Import Request.
  Time of request: 2026-09-06T07:59:55.8482678Z
  Time since last request: 0.0001474 seconds.
  importAddress: GUID: d2f0da3998423f44594868ffed55c3e6 - Path: Assets/Starter Assets/Sample/Environment/Art/Models/Box_350x250x300_Mesh.fbx - Importer: ScriptedImporter/UnityEditor.QuickSearchModule:UnityEditor.Search:ASIAI0B
Importing 'GUID: d2f0da3998423f44594868ffed55c3e6 - Path: Assets/Starter Assets/Sample/Environment/Art/Models/Box_350x250x300_Mesh.fbx - Importer: ScriptedImporter/UnityEditor.QuickSearchModule:UnityEditor.Search:ASIAI0B' with importer (ScriptedImporter : UnityEditor.QuickSearchModule:UnityEditor.Search:ASIAI0B)
Imported 'GUID: d2f0da3998423f44594868ffed55c3e6' -> (Import Result ID: '3733e4bbd2d29695af6fa3a30de13655') in 0.010 seconds [static and dynamic dependencies]. Details - ImportResultOutputID=3e807712277429822a658f790029c53e DependenciesID=761864608c5284feb4bfe0608bbe8f14 StaticDependenciesID=8d5628d105e67550377fb35c86e8c459 
Number of updated asset objects reloaded before import = 0
Number of asset objects unloaded after import = 9
========================================================================
Received Import Request.
  Time of request: 2026-09-06T07:59:55.8711941Z
  Time since last request: 0.0009154 seconds.
  importAddress: GUID: f9dfa5b682dcd46bda6128250e975f58 - Path: Packages/com.unity.cinemachine/Runtime/Behaviours/CinemachineCamera.cs - Importer: ScriptedImporter/UnityEditor.QuickSearchModule:UnityEditor.Search:ASIAI0B
Importing 'GUID: f9dfa5b682dcd46bda6128250e975f58 - Path: Packages/com.unity.cinemachine/Runtime/Behaviours/CinemachineCamera.cs - Importer: ScriptedImporter/UnityEditor.QuickSearchModule:UnityEditor.Search:ASIAI0B' with importer (ScriptedImporter : UnityEditor.QuickSearchModule:UnityEditor.Search:ASIAI0B)
Imported 'GUID: f9dfa5b682dcd46bda6128250e975f58' -> (Import Result ID: '5c999f2690fc743dacb94a74d6e54b79') in 0.006 seconds [static and dynamic dependencies]. Details - ImportResultOutputID=857750c4088e25c2f9b94bb0817a8c7d DependenciesID=8c9114d673dc2d5001ea160074f48b71 StaticDependenciesID=6cfa6c656908c56011d6102d414bd175 
Number of updated asset objects reloaded before import = 0
Number of asset objects unloaded after import = 1
========================================================================
Received Import Request.
  Time of request: 2026-09-06T07:59:55.8899333Z
  Time since last request: 0.0004596 seconds.
  importAddress: GUID: c053a91f8e7548d4a940030edd4b16e6 - Path: Packages/com.unity.cinemachine/Editor/Utility/CmPipelineComponentInspectorUtility.cs - Importer: ScriptedImporter/UnityEditor.QuickSearchModule:UnityEditor.Search:ASIAI0B
Importing 'GUID: c053a91f8e7548d4a940030edd4b16e6 - Path: Packages/com.unity.cinemachine/Editor/Utility/CmPipelineComponentInspectorUtility.cs - Importer: ScriptedImporter/UnityEditor.QuickSearchModule:UnityEditor.Search:ASIAI0B' with importer (ScriptedImporter : UnityEditor.QuickSearchModule:UnityEditor.Search:ASIAI0B)
Imported 'GUID: c053a91f8e7548d4a940030edd4b16e6' -> (Import Result ID: '64c0112516730aca1c1688ecf81ec7f9') in 0.005 seconds [static and dynamic dependencies]. Details - ImportResultOutputID=a53543b936c2aa42ae5c349a01e5cca6 DependenciesID=0be552cdaacdd983e43fc4b7c5b2cabf StaticDependenciesID=27d8e487fa3649e7c965633e9908caab 
Number of updated asset objects reloaded before import = 0
Number of asset objects unloaded after import = 0
========================================================================
Received Import Request.
  Time of request: 2026-09-06T07:59:55.9067211Z
  Time since last request: 0.0004796 seconds.
  importAddress: GUID: fa11edcb768491b4b8b90ccf074e663f - Path: Packages/com.unity.splines/Editor/Controls/SplineHandles.cs - Importer: ScriptedImporter/UnityEditor.QuickSearchModule:UnityEditor.Search:ASIAI0B
Importing 'GUID: fa11edcb768491b4b8b90ccf074e663f - Path: Packages/com.unity.splines/Editor/Controls/SplineHandles.cs - Importer: ScriptedImporter/UnityEditor.QuickSearchModule:UnityEditor.Search:ASIAI0B' with importer (ScriptedImporter : UnityEditor.QuickSearchModule:UnityEditor.Search:ASIAI0B)
Imported 'GUID: fa11edcb768491b4b8b90ccf074e663f' -> (Import Result ID: 'df8262f7913a04dfc275918fd93cc846') in 0.003 seconds [static and dynamic dependencies]. Details - ImportResultOutputID=12ad67ac9a52d7aa564c7bbaaae510a4 DependenciesID=034ec72a8aad7c5c3244a75872ff4e98 StaticDependenciesID=e13de252486dddbb7fde249ccb1efb83 
Number of updated asset objects reloaded before import = 0
Number of asset objects unloaded after import = 0
========================================================================
Received Import Request.
  Time of request: 2026-09-06T07:59:55.9215314Z
  Time since last request: 0.0003865 seconds.
  importAddress: GUID: 2724a405674e9f74ca4ce8f69245a8ec - Path: Packages/com.unity.splines/Editor/Editor Resources/Icons/d_KnotPlacementTool.png - Importer: ScriptedImporter/UnityEditor.QuickSearchModule:UnityEditor.Search:ASIAI0B
Importing 'GUID: 2724a405674e9f74ca4ce8f69245a8ec - Path: Packages/com.unity.splines/Editor/Editor Resources/Icons/d_KnotPlacementTool.png - Importer: ScriptedImporter/UnityEditor.QuickSearchModule:UnityEditor.Search:ASIAI0B' with importer (ScriptedImporter : UnityEditor.QuickSearchModule:UnityEditor.Search:ASIAI0B)
Imported 'GUID: 2724a405674e9f74ca4ce8f69245a8ec' -> (Import Result ID: '350e071c1a6f8b8b34d4846ca8ed054f') in 0.009 seconds [static and dynamic dependencies]. Details - ImportResultOutputID=dd848836087b88b112c01a85ba357ae4 DependenciesID=e3bce6ac9e1c709047db03f5f3905cea StaticDependenciesID=241b8f76caf1701ea4da83dc92138771 
Number of updated asset objects reloaded before import = 0
Number of asset objects unloaded after import = 1
========================================================================
Received Import Request.
  Time of request: 2026-09-06T07:59:55.9422301Z
  Time since last request: 0.000467 seconds.
  importAddress: GUID: 57da91ef0c2a5489891995dc81537253 - Path: Packages/com.unity.cinemachine/Editor/EditorResources/Icons/Light/CmCamera@256.png - Importer: ScriptedImporter/UnityEditor.QuickSearchModule:UnityEditor.Search:ASIAI0B
Importing 'GUID: 57da91ef0c2a5489891995dc81537253 - Path: Packages/com.unity.cinemachine/Editor/EditorResources/Icons/Light/CmCamera@256.png - Importer: ScriptedImporter/UnityEditor.QuickSearchModule:UnityEditor.Search:ASIAI0B' with importer (ScriptedImporter : UnityEditor.QuickSearchModule:UnityEditor.Search:ASIAI0B)
Imported 'GUID: 57da91ef0c2a5489891995dc81537253' -> (Import Result ID: 'fd64537af0d07d19a3384759580ce452') in 0.009 seconds [static and dynamic dependencies]. Details - ImportResultOutputID=196baedc1799c1de42dca7ad91f7c985 DependenciesID=57dfea065b3ce9fae2d03c14b2aeea0f StaticDependenciesID=84e6894aff15d7d96a45bc30c458eae0 
Number of updated asset objects reloaded before import = 0
Number of asset objects unloaded after import = 1
========================================================================
Received Import Request.
  Time of request: 2026-09-06T07:59:55.9627649Z
  Time since last request: 0.0004287 seconds.
  importAddress: GUID: 5625c11b940d020418a59e5ad230cdb0 - Path: Packages/com.unity.cinemachine/Editor/EditorResources/Icons/Dark - Importer: ScriptedImporter/UnityEditor.QuickSearchModule:UnityEditor.Search:ASIAI0B
Importing 'GUID: 5625c11b940d020418a59e5ad230cdb0 - Path: Packages/com.unity.cinemachine/Editor/EditorResources/Icons/Dark - Importer: ScriptedImporter/UnityEditor.QuickSearchModule:UnityEditor.Search:ASIAI0B' with importer (ScriptedImporter : UnityEditor.QuickSearchModule:UnityEditor.Search:ASIAI0B)
Imported 'GUID: 5625c11b940d020418a59e5ad230cdb0' -> (Import Result ID: 'e47db020f46aca18b3115b13523c305b') in 0.003 seconds [static and dynamic dependencies]. Details - ImportResultOutputID=7bf69f83536b08fcaba301fc62f8990f DependenciesID=0a255c0b475a73df2feb684e3e5fbbb0 StaticDependenciesID=9eb1035fd526477d7e086caea53afceb 
Number of updated asset objects reloaded before import = 0
Number of asset objects unloaded after import = 1
========================================================================
Received Import Request.
  Time of request: 2026-09-06T07:59:55.9775206Z
  Time since last request: 0.0006668 seconds.
  importAddress: GUID: 9eb847ab97b24024588682c8601254cf - Path: Assets/Starter Assets/Sample/Environment/Prefabs/Wall_Prefab.prefab - Importer: ScriptedImporter/UnityEditor.QuickSearchModule:UnityEditor.Search:ASIAI0B
Importing 'GUID: 9eb847ab97b24024588682c8601254cf - Path: Assets/Starter Assets/Sample/Environment/Prefabs/Wall_Prefab.prefab - Importer: ScriptedImporter/UnityEditor.QuickSearchModule:UnityEditor.Search:ASIAI0B' with importer (ScriptedImporter : UnityEditor.QuickSearchModule:UnityEditor.Search:ASIAI0B)
Imported 'GUID: 9eb847ab97b24024588682c8601254cf' -> (Import Result ID: 'cb09fa6091d9349542aea9f5f8a3c86c') in 0.008 seconds [static and dynamic dependencies]. Details - ImportResultOutputID=46e9300e4bb85fecb61b7fe99e25e43f DependenciesID=009be0948f550f349f68cf5d2e9b821e StaticDependenciesID=5aba9d93d9a93a315e1cb976162efd75 
Number of updated asset objects reloaded before import = 0
Number of asset objects unloaded after import = 10
========================================================================
Received Import Request.
  Time of request: 2026-09-06T07:59:55.9972552Z
  Time since last request: 0.0002903 seconds.
  importAddress: GUID: a8725b08dfa3851468b1f029bb53c966 - Path: Packages/com.unity.cinemachine/Editor/Windows/WaveformWindow.cs - Importer: ScriptedImporter/UnityEditor.QuickSearchModule:UnityEditor.Search:ASIAI0B
Importing 'GUID: a8725b08dfa3851468b1f029bb53c966 - Path: Packages/com.unity.cinemachine/Editor/Windows/WaveformWindow.cs - Importer: ScriptedImporter/UnityEditor.QuickSearchModule:UnityEditor.Search:ASIAI0B' with importer (ScriptedImporter : UnityEditor.QuickSearchModule:UnityEditor.Search:ASIAI0B)
Imported 'GUID: a8725b08dfa3851468b1f029bb53c966' -> (Import Result ID: 'c14a45a4ac882ad40175d22bd1d187f5') in 0.003 seconds [static and dynamic dependencies]. Details - ImportResultOutputID=6343d79fb79a9f23b9c6f6714d4a5b2f DependenciesID=6ba456ca67d99d79c1283aade7ae02f2 StaticDependenciesID=a8e35fa12be0d1f2445a16d71d575913 
Number of updated asset objects reloaded before import = 0
Number of asset objects unloaded after import = 0
========================================================================
Received Import Request.
  Time of request: 2026-09-06T07:59:56.0131922Z
  Time since last request: 0.0004406 seconds.
  importAddress: GUID: 829b8a241d4653446a2cb2436c262305 - Path: Packages/com.unity.cinemachine/Runtime/Impulse/CinemachineImpulseDefinition.cs - Importer: ScriptedImporter/UnityEditor.QuickSearchModule:UnityEditor.Search:ASIAI0B
Importing 'GUID: 829b8a241d4653446a2cb2436c262305 - Path: Packages/com.unity.cinemachine/Runtime/Impulse/CinemachineImpulseDefinition.cs - Importer: ScriptedImporter/UnityEditor.QuickSearchModule:UnityEditor.Search:ASIAI0B' with importer (ScriptedImporter : UnityEditor.QuickSearchModule:UnityEditor.Search:ASIAI0B)
Imported 'GUID: 829b8a241d4653446a2cb2436c262305' -> (Import Result ID: 'f23d7649a8869b9c858529b3e7680b70') in 0.004 seconds [static and dynamic dependencies]. Details - ImportResultOutputID=fac738af035eb923194b77b383b9bcbb DependenciesID=58f7f92d5c5414aa2d3274a5f1619bc1 StaticDependenciesID=3c6ddd3ee96413b13e46f7bbbb681c2d 
Number of updated asset objects reloaded before import = 0
Number of asset objects unloaded after import = 0
========================================================================
Received Import Request.
  Time of request: 2026-09-06T07:59:56.0333143Z
  Time since last request: 0.0005109 seconds.
  importAddress: GUID: 4b0a256055e11cf4999a9ee9e8b0db2a - Path: Packages/com.unity.cinemachine/Editor/Obsolete/VcamTargetPropertyDrawer.cs - Importer: ScriptedImporter/UnityEditor.QuickSearchModule:UnityEditor.Search:ASIAI0B
Importing 'GUID: 4b0a256055e11cf4999a9ee9e8b0db2a - Path: Packages/com.unity.cinemachine/Editor/Obsolete/VcamTargetPropertyDrawer.cs - Importer: ScriptedImporter/UnityEditor.QuickSearchModule:UnityEditor.Search:ASIAI0B' with importer (ScriptedImporter : UnityEditor.QuickSearchModule:UnityEditor.Search:ASIAI0B)
Imported 'GUID: 4b0a256055e11cf4999a9ee9e8b0db2a' -> (Import Result ID: 'e42c3af8b457d98e62dbfe7ad3e21c2d') in 0.006 seconds [static and dynamic dependencies]. Details - ImportResultOutputID=99af3727a5478ba3ac5330361b5e4fb5 DependenciesID=bdec0c867c4337ce32c903e702ef669e StaticDependenciesID=8f797b2e7ae3f984d3eda6c925d39d64 
Number of updated asset objects reloaded before import = 0
Number of asset objects unloaded after import = 0
========================================================================
Received Import Request.
  Time of request: 2026-09-06T07:59:56.0522063Z
  Time since last request: 0.0004109 seconds.
  importAddress: GUID: f26841404a934577bf234bc14475f649 - Path: Packages/com.unity.splines/Runtime/SplineDataHandleAttribute.cs - Importer: ScriptedImporter/UnityEditor.QuickSearchModule:UnityEditor.Search:ASIAI0B
Importing 'GUID: f26841404a934577bf234bc14475f649 - Path: Packages/com.unity.splines/Runtime/SplineDataHandleAttribute.cs - Importer: ScriptedImporter/UnityEditor.QuickSearchModule:UnityEditor.Search:ASIAI0B' with importer (ScriptedImporter : UnityEditor.QuickSearchModule:UnityEditor.Search:ASIAI0B)
Imported 'GUID: f26841404a934577bf234bc14475f649' -> (Import Result ID: 'e0a9917513e1c0a7afdb887a99ea1ebd') in 0.003 seconds [static and dynamic dependencies]. Details - ImportResultOutputID=c85bb3e406008133f01877e155b313d7 DependenciesID=c2fc6373c661fc685bd4df2fdb756ccf StaticDependenciesID=cb9412b27d5d3fd8092f6e7f3cfa4b84 
Number of updated asset objects reloaded before import = 0
Number of asset objects unloaded after import = 0
========================================================================
Received Import Request.
  Time of request: 2026-09-06T07:59:56.0664133Z
  Time since last request: 0.0006229 seconds.
  importAddress: GUID: ef393047d79a40a4abf8394716d6d703 - Path: Packages/com.unity.splines/Editor/Editor Resources/Icons/d_SplineComponent.png - Importer: ScriptedImporter/UnityEditor.QuickSearchModule:UnityEditor.Search:ASIAI0B
Importing 'GUID: ef393047d79a40a4abf8394716d6d703 - Path: Packages/com.unity.splines/Editor/Editor Resources/Icons/d_SplineComponent.png - Importer: ScriptedImporter/UnityEditor.QuickSearchModule:UnityEditor.Search:ASIAI0B' with importer (ScriptedImporter : UnityEditor.QuickSearchModule:UnityEditor.Search:ASIAI0B)
Imported 'GUID: ef393047d79a40a4abf8394716d6d703' -> (Import Result ID: 'f68f094f82170aa67ed0ecabe11e84ca') in 0.008 seconds [static and dynamic dependencies]. Details - ImportResultOutputID=a9d7a44be7f69647fc5996b16794754a DependenciesID=d319af35cc28fab6d32434f9b98652e9 StaticDependenciesID=c8d686e902697d2785a89fac225ba166 
Number of updated asset objects reloaded before import = 0
Number of asset objects unloaded after import = 1
========================================================================
Received Import Request.
  Time of request: 2026-09-06T07:59:56.0863039Z
  Time since last request: 0.0004757 seconds.
  importAddress: GUID: 12a60b3365a7d424cbc3f935bd1ed799 - Path: Packages/com.unity.cinemachine/Editor/PostProcessing/CinemachineVolumeSettingsEditor.cs - Importer: ScriptedImporter/UnityEditor.QuickSearchModule:UnityEditor.Search:ASIAI0B
Importing 'GUID: 12a60b3365a7d424cbc3f935bd1ed799 - Path: Packages/com.unity.cinemachine/Editor/PostProcessing/CinemachineVolumeSettingsEditor.cs - Importer: ScriptedImporter/UnityEditor.QuickSearchModule:UnityEditor.Search:ASIAI0B' with importer (ScriptedImporter : UnityEditor.QuickSearchModule:UnityEditor.Search:ASIAI0B)
Imported 'GUID: 12a60b3365a7d424cbc3f935bd1ed799' -> (Import Result ID: '94685c4c726cab34dc38942bad1a6819') in 0.004 seconds [static and dynamic dependencies]. Details - ImportResultOutputID=e146d4e6c393b6a48df55619760fd46a DependenciesID=bd50888152482843cb7a8f621c1b3a2a StaticDependenciesID=ac09b4fe8ca9b7bb289bc4d85d0ea270 
Number of updated asset objects reloaded before import = 0
Number of asset objects unloaded after import = 0
========================================================================
Received Import Request.
  Time of request: 2026-09-06T07:59:56.1019858Z
  Time since last request: 0.0004282 seconds.
  importAddress: GUID: 9c644b247df49ee47957d373411a85c3 - Path: Packages/com.unity.cinemachine/Editor/Windows - Importer: ScriptedImporter/UnityEditor.QuickSearchModule:UnityEditor.Search:ASIAI0B
Importing 'GUID: 9c644b247df49ee47957d373411a85c3 - Path: Packages/com.unity.cinemachine/Editor/Windows - Importer: ScriptedImporter/UnityEditor.QuickSearchModule:UnityEditor.Search:ASIAI0B' with importer (ScriptedImporter : UnityEditor.QuickSearchModule:UnityEditor.Search:ASIAI0B)
Imported 'GUID: 9c644b247df49ee47957d373411a85c3' -> (Import Result ID: 'ab01e6993e5826da7a6bce25056009f3') in 0.004 seconds [static and dynamic dependencies]. Details - ImportResultOutputID=3d806ca936fed804a506b2b1cb57f5a8 DependenciesID=b11404c60d9c9c08808b7acd154bc8c5 StaticDependenciesID=34a3bf32cf1f8fb16eee2f63e4e5c4a1 
Number of updated asset objects reloaded before import = 0
Number of asset objects unloaded after import = 1
========================================================================
Received Import Request.
  Time of request: 2026-09-06T07:59:56.1179512Z
  Time since last request: 0.0005582 seconds.
  importAddress: GUID: 5a4617047096737409e15d9880263c9c - Path: Packages/com.unity.splines/Runtime - Importer: ScriptedImporter/UnityEditor.QuickSearchModule:UnityEditor.Search:ASIAI0B
Importing 'GUID: 5a4617047096737409e15d9880263c9c - Path: Packages/com.unity.splines/Runtime - Importer: ScriptedImporter/UnityEditor.QuickSearchModule:UnityEditor.Search:ASIAI0B' with importer (ScriptedImporter : UnityEditor.QuickSearchModule:UnityEditor.Search:ASIAI0B)
Imported 'GUID: 5a4617047096737409e15d9880263c9c' -> (Import Result ID: 'ab9b7a3f4c93ad31ddb143a705b27bbf') in 0.004 seconds [static and dynamic dependencies]. Details - ImportResultOutputID=1ba8f150d6e9421eae8081182726be1d DependenciesID=1327b4a4bc19dffcacdb9d4c1f0c8af7 StaticDependenciesID=645256e21225876a0444a9b7bdcce02a 
Number of updated asset objects reloaded before import = 0
Number of asset objects unloaded after import = 1
========================================================================
Received Import Request.
  Time of request: 2026-09-06T07:59:56.1327115Z
  Time since last request: 0.0003576 seconds.
  importAddress: GUID: 6036af5730313e54699c5a693891fe90 - Path: Packages/com.unity.cinemachine/Editor/Editors/CinemachineClearShotEditor.cs - Importer: ScriptedImporter/UnityEditor.QuickSearchModule:UnityEditor.Search:ASIAI0B
Importing 'GUID: 6036af5730313e54699c5a693891fe90 - Path: Packages/com.unity.cinemachine/Editor/Editors/CinemachineClearShotEditor.cs - Importer: ScriptedImporter/UnityEditor.QuickSearchModule:UnityEditor.Search:ASIAI0B' with importer (ScriptedImporter : UnityEditor.QuickSearchModule:UnityEditor.Search:ASIAI0B)
Imported 'GUID: 6036af5730313e54699c5a693891fe90' -> (Import Result ID: 'e8ff2fc344001685d78b50b9ba6cd3d8') in 0.003 seconds [static and dynamic dependencies]. Details - ImportResultOutputID=7bd6f328f8c3862ea5c7d430bae96658 DependenciesID=5ad3752175fdff1271bbe4877aca970d StaticDependenciesID=6c271ba81f21af5c613a88e51e1c7052 
Number of updated asset objects reloaded before import = 0
Number of asset objects unloaded after import = 0
========================================================================
Received Import Request.
  Time of request: 2026-09-06T07:59:56.1482361Z
  Time since last request: 0.0004548 seconds.
  importAddress: GUID: 7292ebc78c5d44eaa80048f8fd7d5fe6 - Path: Packages/com.unity.splines/Editor/Components/SplineAnimateEditor.cs - Importer: ScriptedImporter/UnityEditor.QuickSearchModule:UnityEditor.Search:ASIAI0B
Importing 'GUID: 7292ebc78c5d44eaa80048f8fd7d5fe6 - Path: Packages/com.unity.splines/Editor/Components/SplineAnimateEditor.cs - Importer: ScriptedImporter/UnityEditor.QuickSearchModule:UnityEditor.Search:ASIAI0B' with importer (ScriptedImporter : UnityEditor.QuickSearchModule:UnityEditor.Search:ASIAI0B)
Imported 'GUID: 7292ebc78c5d44eaa80048f8fd7d5fe6' -> (Import Result ID: '095f9a89c15e64c6f73e354c098a4bc1') in 0.004 seconds [static and dynamic dependencies]. Details - ImportResultOutputID=332b6f98a8e09f1b7618d6ab37abd384 DependenciesID=fc337b8f8c3473934140736b01698ff3 StaticDependenciesID=eb9d426192ff9a334302c388765f50b5 
Number of updated asset objects reloaded before import = 0
Number of asset objects unloaded after import = 0
========================================================================
Received Import Request.
  Time of request: 2026-09-06T07:59:56.1639249Z
  Time since last request: 0.0006692 seconds.
  importAddress: GUID: 5475addd28b94489a727bbc680f89a3d - Path: Packages/com.unity.splines/Runtime/SplineData.cs - Importer: ScriptedImporter/UnityEditor.QuickSearchModule:UnityEditor.Search:ASIAI0B
Importing 'GUID: 5475addd28b94489a727bbc680f89a3d - Path: Packages/com.unity.splines/Runtime/SplineData.cs - Importer: ScriptedImporter/UnityEditor.QuickSearchModule:UnityEditor.Search:ASIAI0B' with importer (ScriptedImporter : UnityEditor.QuickSearchModule:UnityEditor.Search:ASIAI0B)
Imported 'GUID: 5475addd28b94489a727bbc680f89a3d' -> (Import Result ID: '060d095d39bfe7330c00c3d97574028e') in 0.004 seconds [static and dynamic dependencies]. Details - ImportResultOutputID=578c220cc9844023556a4b7aa1daa23f DependenciesID=9f5d24df93c6c83531e8f068d5805d44 StaticDependenciesID=78c8021e15a7e7f8f9e99ef7f05fe585 
Number of updated asset objects reloaded before import = 0
Number of asset objects unloaded after import = 0
========================================================================
Received Import Request.
  Time of request: 2026-09-06T07:59:56.17959Z
  Time since last request: 0.0005901 seconds.
  importAddress: GUID: e566554616ca9a13a89d5af56bb7a8e6 - Path: Packages/com.unity.splines/Editor/Editor Resources/Icons/d_SplineContext.png - Importer: ScriptedImporter/UnityEditor.QuickSearchModule:UnityEditor.Search:ASIAI0B
Importing 'GUID: e566554616ca9a13a89d5af56bb7a8e6 - Path: Packages/com.unity.splines/Editor/Editor Resources/Icons/d_SplineContext.png - Importer: ScriptedImporter/UnityEditor.QuickSearchModule:UnityEditor.Search:ASIAI0B' with importer (ScriptedImporter : UnityEditor.QuickSearchModule:UnityEditor.Search:ASIAI0B)
Imported 'GUID: e566554616ca9a13a89d5af56bb7a8e6' -> (Import Result ID: 'f3a7c20c19e19a582a1f426766fd1d4e') in 0.007 seconds [static and dynamic dependencies]. Details - ImportResultOutputID=5c6f9ec226723df07a3aa5dc38c84dab DependenciesID=6252149a87880e824cec8982e6e56491 StaticDependenciesID=9f0fb96fab0feb320a62daf6591f8dec 
Number of updated asset objects reloaded before import = 0
Number of asset objects unloaded after import = 1
========================================================================
Received Import Request.
  Time of request: 2026-09-06T07:59:56.2037978Z
  Time since last request: 0.0009235 seconds.
  importAddress: GUID: f712806514868e54699156ec05dcb749 - Path: Assets/Starter Assets/Sample/Environment/Art/Models/Tunnel_Mesh.fbx - Importer: ScriptedImporter/UnityEditor.QuickSearchModule:UnityEditor.Search:ASIAI0B
Importing 'GUID: f712806514868e54699156ec05dcb749 - Path: Assets/Starter Assets/Sample/Environment/Art/Models/Tunnel_Mesh.fbx - Importer: ScriptedImporter/UnityEditor.QuickSearchModule:UnityEditor.Search:ASIAI0B' with importer (ScriptedImporter : UnityEditor.QuickSearchModule:UnityEditor.Search:ASIAI0B)
Imported 'GUID: f712806514868e54699156ec05dcb749' -> (Import Result ID: '86bd9f6d7f6cbe76bb00a97427c2718a') in 0.010 seconds [static and dynamic dependencies]. Details - ImportResultOutputID=5a81adf4d9c29b0a48cadb8ee443fdf3 DependenciesID=c74c2d8d52156cce121fb5597ea49af4 StaticDependenciesID=a1fb8e5f6502339956ee21e279701151 
Number of updated asset objects reloaded before import = 0
Number of asset objects unloaded after import = 9
========================================================================
Received Import Request.
  Time of request: 2026-09-06T07:59:56.2238408Z
  Time since last request: 0.0003621 seconds.
  importAddress: GUID: 6b911390c5825014e8377183a7837d3f - Path: Assets/Starter Assets/Sample/Environment/Art/Materials/GreyBlue_Mat.mat - Importer: ScriptedImporter/UnityEditor.QuickSearchModule:UnityEditor.Search:ASIAI0B
Importing 'GUID: 6b911390c5825014e8377183a7837d3f - Path: Assets/Starter Assets/Sample/Environment/Art/Materials/GreyBlue_Mat.mat - Importer: ScriptedImporter/UnityEditor.QuickSearchModule:UnityEditor.Search:ASIAI0B' with importer (ScriptedImporter : UnityEditor.QuickSearchModule:UnityEditor.Search:ASIAI0B)
Imported 'GUID: 6b911390c5825014e8377183a7837d3f' -> (Import Result ID: 'fa7ffd3d26992e8880bb65d6b1fb07df') in 0.006 seconds [static and dynamic dependencies]. Details - ImportResultOutputID=6a5f2245ba7a36dc16475c7ecc742982 DependenciesID=44ee168eef486599e21d28d10a0909a1 StaticDependenciesID=0fc5f0c87a83a8682e9013c2b64af7b3 
Number of updated asset objects reloaded before import = 0
Number of asset objects unloaded after import = 2
========================================================================
Received Import Request.
  Time of request: 2026-09-06T07:59:56.2416059Z
  Time since last request: 0.0003253 seconds.
  importAddress: GUID: 4d21a1675986608408960b065895aa54 - Path: Packages/com.unity.cinemachine/Editor/EditorResources/Icons/Dark/CmSplineLookAtTargetsTool@256.png - Importer: ScriptedImporter/UnityEditor.QuickSearchModule:UnityEditor.Search:ASIAI0B
Importing 'GUID: 4d21a1675986608408960b065895aa54 - Path: Packages/com.unity.cinemachine/Editor/EditorResources/Icons/Dark/CmSplineLookAtTargetsTool@256.png - Importer: ScriptedImporter/UnityEditor.QuickSearchModule:UnityEditor.Search:ASIAI0B' with importer (ScriptedImporter : UnityEditor.QuickSearchModule:UnityEditor.Search:ASIAI0B)
Imported 'GUID: 4d21a1675986608408960b065895aa54' -> (Import Result ID: 'b488e58525242898a5a1564059b4f48c') in 0.007 seconds [static and dynamic dependencies]. Details - ImportResultOutputID=add6a1d5578b15241f6e0841d6c31ce6 DependenciesID=fe3b547f21b4020a2581963de16cfca7 StaticDependenciesID=c2659aa180561e89322c94a415654fc2 
Number of updated asset objects reloaded before import = 0
Number of asset objects unloaded after import = 1
========================================================================
Received Import Request.
  Time of request: 2026-09-06T07:59:56.2596458Z
  Time since last request: 0.0003667 seconds.
  importAddress: GUID: 4419d82f33d36e848b3ed5af4c8da37e - Path: Assets/Starter Assets/Runtime/InputSystem/StarterAssets.inputactions - Importer: ScriptedImporter/UnityEditor.QuickSearchModule:UnityEditor.Search:ASIAI0B
Importing 'GUID: 4419d82f33d36e848b3ed5af4c8da37e - Path: Assets/Starter Assets/Runtime/InputSystem/StarterAssets.inputactions - Importer: ScriptedImporter/UnityEditor.QuickSearchModule:UnityEditor.Search:ASIAI0B' with importer (ScriptedImporter : UnityEditor.QuickSearchModule:UnityEditor.Search:ASIAI0B)
Imported 'GUID: 4419d82f33d36e848b3ed5af4c8da37e' -> (Import Result ID: '4bde31b8d73bd06941082c6c99fdc3e6') in 0.009 seconds [static and dynamic dependencies]. Details - ImportResultOutputID=66724acd843fbf1fae42066aa463e599 DependenciesID=3c1cabf158e46660314beda456cd2646 StaticDependenciesID=dc2a7eaf4503504da1b80cf554d4406e 
Number of updated asset objects reloaded before import = 0
Number of asset objects unloaded after import = 7
========================================================================
Received Import Request.
  Time of request: 2026-09-06T07:59:56.2802334Z
  Time since last request: 0.0003333 seconds.
  importAddress: GUID: 1c98c94efa7792645972ecf95e6f86c2 - Path: Assets/Starter Assets/Runtime/ThirdPersonController/Character/Textures/Armature_Legs_MetallicSmoothness.tif - Importer: ScriptedImporter/UnityEditor.QuickSearchModule:UnityEditor.Search:ASIAI0B
Importing 'GUID: 1c98c94efa7792645972ecf95e6f86c2 - Path: Assets/Starter Assets/Runtime/ThirdPersonController/Character/Textures/Armature_Legs_MetallicSmoothness.tif - Importer: ScriptedImporter/UnityEditor.QuickSearchModule:UnityEditor.Search:ASIAI0B' with importer (ScriptedImporter : UnityEditor.QuickSearchModule:UnityEditor.Search:ASIAI0B)
Imported 'GUID: 1c98c94efa7792645972ecf95e6f86c2' -> (Import Result ID: '629dfeff3e66dc85b426e6995b18499c') in 0.011 seconds [static and dynamic dependencies]. Details - ImportResultOutputID=97496aa89dc035a14e562d1f6583e012 DependenciesID=8f7022e5a0725ddadf817e892a184519 StaticDependenciesID=f367679943dd25d41db1c299b066ae31 
Number of updated asset objects reloaded before import = 0
Number of asset objects unloaded after import = 1
========================================================================
Received Import Request.
  Time of request: 2026-09-06T07:59:56.3030277Z
  Time since last request: 0.0004488 seconds.
  importAddress: GUID: 320f1f07d0845624cb1b7a4839826250 - Path: Packages/com.unity.cinemachine/LICENSE.md - Importer: ScriptedImporter/UnityEditor.QuickSearchModule:UnityEditor.Search:ASIAI0B
Importing 'GUID: 320f1f07d0845624cb1b7a4839826250 - Path: Packages/com.unity.cinemachine/LICENSE.md - Importer: ScriptedImporter/UnityEditor.QuickSearchModule:UnityEditor.Search:ASIAI0B' with importer (ScriptedImporter : UnityEditor.QuickSearchModule:UnityEditor.Search:ASIAI0B)
Imported 'GUID: 320f1f07d0845624cb1b7a4839826250' -> (Import Result ID: '0f7592dcf97d8a4236f68924ccb0c3be') in 0.004 seconds [static and dynamic dependencies]. Details - ImportResultOutputID=cf237194233e1ab79604b95914f88931 DependenciesID=d91b5a99c25a7f3cdaf47227ccd00e3f StaticDependenciesID=0b419abd55a44c3c2ff16514f1fa7429 
Number of updated asset objects reloaded before import = 0
Number of asset objects unloaded after import = 1
========================================================================
Received Import Request.
  Time of request: 2026-09-06T07:59:56.3183159Z
  Time since last request: 0.0004069 seconds.
  importAddress: GUID: 4d8b62347ec04b2ea5a72d11f9f428eb - Path: Packages/com.unity.splines/Editor/Tools/CreateToolbarBase.cs - Importer: ScriptedImporter/UnityEditor.QuickSearchModule:UnityEditor.Search:ASIAI0B
Importing 'GUID: 4d8b62347ec04b2ea5a72d11f9f428eb - Path: Packages/com.unity.splines/Editor/Tools/CreateToolbarBase.cs - Importer: ScriptedImporter/UnityEditor.QuickSearchModule:UnityEditor.Search:ASIAI0B' with importer (ScriptedImporter : UnityEditor.QuickSearchModule:UnityEditor.Search:ASIAI0B)
Imported 'GUID: 4d8b62347ec04b2ea5a72d11f9f428eb' -> (Import Result ID: '416a2e0b572481d470e71adcf59c27ca') in 0.004 seconds [static and dynamic dependencies]. Details - ImportResultOutputID=e3c80081e65399f4cc4abe624dd7f0b3 DependenciesID=5c68ff735b10d688247bc56a99f1b874 StaticDependenciesID=857ba89b94d52b1dc223f4d0f599293a 
Number of updated asset objects reloaded before import = 0
Number of asset objects unloaded after import = 0
========================================================================
Received Import Request.
  Time of request: 2026-09-06T07:59:56.3345071Z
  Time since last request: 0.0003733 seconds.
  importAddress: GUID: e835be9bc0b39f640aaa4ac10f744f9f - Path: Packages/com.unity.splines/Editor/Editor Resources/Icons/d_Tangent_Linear@2x.png - Importer: ScriptedImporter/UnityEditor.QuickSearchModule:UnityEditor.Search:ASIAI0B
Importing 'GUID: e835be9bc0b39f640aaa4ac10f744f9f - Path: Packages/com.unity.splines/Editor/Editor Resources/Icons/d_Tangent_Linear@2x.png - Importer: ScriptedImporter/UnityEditor.QuickSearchModule:UnityEditor.Search:ASIAI0B' with importer (ScriptedImporter : UnityEditor.QuickSearchModule:UnityEditor.Search:ASIAI0B)
Imported 'GUID: e835be9bc0b39f640aaa4ac10f744f9f' -> (Import Result ID: '834d33d2e6104bb6acbe83c7712bfd1d') in 0.008 seconds [static and dynamic dependencies]. Details - ImportResultOutputID=453b89951e7def5ace1adc8331bf9fdd DependenciesID=485ce8329fef50b7dc4a4f6579b29494 StaticDependenciesID=1036eec1620342d1a7aa543313230c1b 
Number of updated asset objects reloaded before import = 0
Number of asset objects unloaded after import = 1
========================================================================
Received Import Request.
  Time of request: 2026-09-06T07:59:56.3597691Z
  Time since last request: 0.0042857 seconds.
  importAddress: GUID: bd6043bde05a7fc4cba197d06915c1e3 - Path: Packages/com.unity.cinemachine/Runtime/Deprecated/Cinemachine3rdPersonFollow.cs - Importer: ScriptedImporter/UnityEditor.QuickSearchModule:UnityEditor.Search:ASIAI0B
Importing 'GUID: bd6043bde05a7fc4cba197d06915c1e3 - Path: Packages/com.unity.cinemachine/Runtime/Deprecated/Cinemachine3rdPersonFollow.cs - Importer: ScriptedImporter/UnityEditor.QuickSearchModule:UnityEditor.Search:ASIAI0B' with importer (ScriptedImporter : UnityEditor.QuickSearchModule:UnityEditor.Search:ASIAI0B)
Imported 'GUID: bd6043bde05a7fc4cba197d06915c1e3' -> (Import Result ID: '206da082193c1d863e7ff48f033e083e') in 0.003 seconds [static and dynamic dependencies]. Details - ImportResultOutputID=f04e2237258553a9333bbf5579da28ca DependenciesID=d7bfca6a623744402bfc32c9eaadb4a6 StaticDependenciesID=3558344dd1039dd94ff0dbd428c8cb51 
Number of updated asset objects reloaded before import = 0
Number of asset objects unloaded after import = 0
========================================================================
Received Import Request.
  Time of request: 2026-09-06T07:59:56.3738722Z
  Time since last request: 0.0005358 seconds.
  importAddress: GUID: cb387666a98244e48aa04cf7723d42a9 - Path: Packages/com.unity.cinemachine/Editor/Timeline/CinemachineTrackEditor.cs - Importer: ScriptedImporter/UnityEditor.QuickSearchModule:UnityEditor.Search:ASIAI0B
Importing 'GUID: cb387666a98244e48aa04cf7723d42a9 - Path: Packages/com.unity.cinemachine/Editor/Timeline/CinemachineTrackEditor.cs - Importer: ScriptedImporter/UnityEditor.QuickSearchModule:UnityEditor.Search:ASIAI0B' with importer (ScriptedImporter : UnityEditor.QuickSearchModule:UnityEditor.Search:ASIAI0B)
Imported 'GUID: cb387666a98244e48aa04cf7723d42a9' -> (Import Result ID: '31f720ee714a14b356042a963232deab') in 0.004 seconds [static and dynamic dependencies]. Details - ImportResultOutputID=94186326cabd838fe3676d07388a541c DependenciesID=1a6d4437570faf3ce42dc8a8aafd9382 StaticDependenciesID=5e9937936b4954668da58e9d57a1d230 
Number of updated asset objects reloaded before import = 0
Number of asset objects unloaded after import = 0
========================================================================
Received Import Request.
  Time of request: 2026-09-06T07:59:56.3900213Z
  Time since last request: 0.0004309 seconds.
  importAddress: GUID: 29d58ccb958d24942bf23fafcec87c0b - Path: Packages/com.unity.cinemachine/Editor/Utility - Importer: ScriptedImporter/UnityEditor.QuickSearchModule:UnityEditor.Search:ASIAI0B
Importing 'GUID: 29d58ccb958d24942bf23fafcec87c0b - Path: Packages/com.unity.cinemachine/Editor/Utility - Importer: ScriptedImporter/UnityEditor.QuickSearchModule:UnityEditor.Search:ASIAI0B' with importer (ScriptedImporter : UnityEditor.QuickSearchModule:UnityEditor.Search:ASIAI0B)
Imported 'GUID: 29d58ccb958d24942bf23fafcec87c0b' -> (Import Result ID: '6e0f076881b83dcfbfbff5461803f670') in 0.006 seconds [static and dynamic dependencies]. Details - ImportResultOutputID=b725cf234c270e3472f6fce507c9725e DependenciesID=3ba1aff1f2ac4d5517062a61a9c5e1c2 StaticDependenciesID=19b3cd0ada44e593d061d9527c742697 
Number of updated asset objects reloaded before import = 0
Number of asset objects unloaded after import = 1
========================================================================
Received Import Request.
  Time of request: 2026-09-06T07:59:56.4078888Z
  Time since last request: 0.0003629 seconds.
  importAddress: GUID: 554b0ed52734c154eab51f6cedd3a7d7 - Path: Packages/com.unity.cinemachine/Presets/Noise/Handheld_tele_strong.asset - Importer: ScriptedImporter/UnityEditor.QuickSearchModule:UnityEditor.Search:ASIAI0B
Importing 'GUID: 554b0ed52734c154eab51f6cedd3a7d7 - Path: Packages/com.unity.cinemachine/Presets/Noise/Handheld_tele_strong.asset - Importer: ScriptedImporter/UnityEditor.QuickSearchModule:UnityEditor.Search:ASIAI0B' with importer (ScriptedImporter : UnityEditor.QuickSearchModule:UnityEditor.Search:ASIAI0B)
Imported 'GUID: 554b0ed52734c154eab51f6cedd3a7d7' -> (Import Result ID: '6c420446fe2e6a4804df942b9c5a3f71') in 0.006 seconds [static and dynamic dependencies]. Details - ImportResultOutputID=db9aa7df3a5276aa45729021a522ddfb DependenciesID=cae71575ae3265ef257fc1af8a67288f StaticDependenciesID=8835729eef20fda84114d5ef946c8f34 
Number of updated asset objects reloaded before import = 0
Number of asset objects unloaded after import = 1
========================================================================
Received Import Request.
  Time of request: 2026-09-06T07:59:56.4270773Z
  Time since last request: 0.0003717 seconds.
  importAddress: GUID: facf982a205a4c93830bb62332a75ceb - Path: Packages/com.unity.splines/Editor/GUI/ToolbarsOverlays/DefaultKnotTypeDropdown.cs - Importer: ScriptedImporter/UnityEditor.QuickSearchModule:UnityEditor.Search:ASIAI0B
Importing 'GUID: facf982a205a4c93830bb62332a75ceb - Path: Packages/com.unity.splines/Editor/GUI/ToolbarsOverlays/DefaultKnotTypeDropdown.cs - Importer: ScriptedImporter/UnityEditor.QuickSearchModule:UnityEditor.Search:ASIAI0B' with importer (ScriptedImporter : UnityEditor.QuickSearchModule:UnityEditor.Search:ASIAI0B)
Imported 'GUID: facf982a205a4c93830bb62332a75ceb' -> (Import Result ID: '2cc6c2a99fe29414c2914c43532405cc') in 0.005 seconds [static and dynamic dependencies]. Details - ImportResultOutputID=4164a845c23b34e9ab3f49690bdace06 DependenciesID=daa0c4ffad72ee562a4fd3a2bc19d4a3 StaticDependenciesID=5413eda49026f3127d29acda09a33630 
Number of updated asset objects reloaded before import = 0
Number of asset objects unloaded after import = 0
========================================================================
Received Import Request.
  Time of request: 2026-09-06T07:59:56.4455895Z
  Time since last request: 0.0005676 seconds.
  importAddress: GUID: 3c9beda531928fc40968802117a5d256 - Path: Packages/com.unity.cinemachine/Runtime/Deprecated/CinemachinePOV.cs - Importer: ScriptedImporter/UnityEditor.QuickSearchModule:UnityEditor.Search:ASIAI0B
Importing 'GUID: 3c9beda531928fc40968802117a5d256 - Path: Packages/com.unity.cinemachine/Runtime/Deprecated/CinemachinePOV.cs - Importer: ScriptedImporter/UnityEditor.QuickSearchModule:UnityEditor.Search:ASIAI0B' with importer (ScriptedImporter : UnityEditor.QuickSearchModule:UnityEditor.Search:ASIAI0B)
Imported 'GUID: 3c9beda531928fc40968802117a5d256' -> (Import Result ID: 'a983a3852aa93c2f4258c984b0351cf4') in 0.004 seconds [static and dynamic dependencies]. Details - ImportResultOutputID=d84715641ff3f2926d2426450a3f2882 DependenciesID=bd7e6498971bd169aa1c101bf31232f8 StaticDependenciesID=7b2e559e4e01f2d0fbf4c9e73b5ae990 
Number of updated asset objects reloaded before import = 0
Number of asset objects unloaded after import = 0
========================================================================
Received Import Request.
  Time of request: 2026-09-06T07:59:56.4626968Z
  Time since last request: 0.0004366 seconds.
  importAddress: GUID: cd438dd108a0f284aa931a2da434f1d3 - Path: Packages/com.unity.cinemachine/Runtime/Impulse/CinemachineCollisionImpulseSource.cs - Importer: ScriptedImporter/UnityEditor.QuickSearchModule:UnityEditor.Search:ASIAI0B
Importing 'GUID: cd438dd108a0f284aa931a2da434f1d3 - Path: Packages/com.unity.cinemachine/Runtime/Impulse/CinemachineCollisionImpulseSource.cs - Importer: ScriptedImporter/UnityEditor.QuickSearchModule:UnityEditor.Search:ASIAI0B' with importer (ScriptedImporter : UnityEditor.QuickSearchModule:UnityEditor.Search:ASIAI0B)
Imported 'GUID: cd438dd108a0f284aa931a2da434f1d3' -> (Import Result ID: '51d41b1b887e8f6f76337e90777ae4c9') in 0.003 seconds [static and dynamic dependencies]. Details - ImportResultOutputID=fee6a4cd7f0f431fe3ea0da4b2f6a671 DependenciesID=86e5438d49e186324b041fd9afc6a502 StaticDependenciesID=4cffcdfa481e8b9914d6b6c73a77d43a 
Number of updated asset objects reloaded before import = 0
Number of asset objects unloaded after import = 0
========================================================================
Received Import Request.
  Time of request: 2026-09-06T07:59:56.4771478Z
  Time since last request: 0.0005841 seconds.
  importAddress: GUID: b46f22104d80d4c4e8d58f046ed45054 - Path: Packages/com.unity.cinemachine/Editor - Importer: ScriptedImporter/UnityEditor.QuickSearchModule:UnityEditor.Search:ASIAI0B
Importing 'GUID: b46f22104d80d4c4e8d58f046ed45054 - Path: Packages/com.unity.cinemachine/Editor - Importer: ScriptedImporter/UnityEditor.QuickSearchModule:UnityEditor.Search:ASIAI0B' with importer (ScriptedImporter : UnityEditor.QuickSearchModule:UnityEditor.Search:ASIAI0B)
Imported 'GUID: b46f22104d80d4c4e8d58f046ed45054' -> (Import Result ID: '51769adf7a1b1dfdf7c5fe73afd7c5a6') in 0.004 seconds [static and dynamic dependencies]. Details - ImportResultOutputID=f2d6ec12ae9a452343579ba05ac4dfa5 DependenciesID=85ce6781f67201e75fa5451856451a85 StaticDependenciesID=1aa9dadc607748c15210052e896cd5b1 
Number of updated asset objects reloaded before import = 0
Number of asset objects unloaded after import = 1
========================================================================
Received Import Request.
  Time of request: 2026-09-06T07:59:56.4936967Z
  Time since last request: 0.0008819 seconds.
  importAddress: GUID: 29a074d529cf945029ef7cf40540c9df - Path: Packages/com.unity.splines/Runtime/SplineAnimate.cs - Importer: ScriptedImporter/UnityEditor.QuickSearchModule:UnityEditor.Search:ASIAI0B
Importing 'GUID: 29a074d529cf945029ef7cf40540c9df - Path: Packages/com.unity.splines/Runtime/SplineAnimate.cs - Importer: ScriptedImporter/UnityEditor.QuickSearchModule:UnityEditor.Search:ASIAI0B' with importer (ScriptedImporter : UnityEditor.QuickSearchModule:UnityEditor.Search:ASIAI0B)
Imported 'GUID: 29a074d529cf945029ef7cf40540c9df' -> (Import Result ID: 'aca827ac7fb201ccb5a9e9a1f78c1374') in 0.004 seconds [static and dynamic dependencies]. Details - ImportResultOutputID=8eaa80e9b5c1048701586bca7fc46016 DependenciesID=11a6906c1cddf42c6687bddeccb88791 StaticDependenciesID=126bf7aa4e266a19e2d34ea4dd3fb014 
Number of updated asset objects reloaded before import = 0
Number of asset objects unloaded after import = 0
========================================================================
Received Import Request.
  Time of request: 2026-09-06T07:59:56.5099902Z
  Time since last request: 0.0007177 seconds.
  importAddress: GUID: ba8c092d026123a418fb4bfb797a7bd8 - Path: Packages/com.unity.cinemachine/Editor/Unity.Cinemachine.Editor.asmdef - Importer: ScriptedImporter/UnityEditor.QuickSearchModule:UnityEditor.Search:ASIAI0B
Importing 'GUID: ba8c092d026123a418fb4bfb797a7bd8 - Path: Packages/com.unity.cinemachine/Editor/Unity.Cinemachine.Editor.asmdef - Importer: ScriptedImporter/UnityEditor.QuickSearchModule:UnityEditor.Search:ASIAI0B' with importer (ScriptedImporter : UnityEditor.QuickSearchModule:UnityEditor.Search:ASIAI0B)
Imported 'GUID: ba8c092d026123a418fb4bfb797a7bd8' -> (Import Result ID: 'f4815e97bc04d36df59aa9b13ec94f84') in 0.005 seconds [static and dynamic dependencies]. Details - ImportResultOutputID=974a5a0ff8bc8d80aa01d38e1e51609b DependenciesID=ed140bd9bb011591c6f2ab0ccca1c5b6 StaticDependenciesID=7485c7824b2e1c471c4f8f0302cb75a9 
Number of updated asset objects reloaded before import = 0
Number of asset objects unloaded after import = 1
========================================================================
Received Import Request.
  Time of request: 2026-09-06T07:59:56.5271969Z
  Time since last request: 0.000617 seconds.
  importAddress: GUID: 0282251d79d6e964089ace2dc6e6e496 - Path: Packages/com.unity.cinemachine/Runtime/Timeline - Importer: ScriptedImporter/UnityEditor.QuickSearchModule:UnityEditor.Search:ASIAI0B
Importing 'GUID: 0282251d79d6e964089ace2dc6e6e496 - Path: Packages/com.unity.cinemachine/Runtime/Timeline - Importer: ScriptedImporter/UnityEditor.QuickSearchModule:UnityEditor.Search:ASIAI0B' with importer (ScriptedImporter : UnityEditor.QuickSearchModule:UnityEditor.Search:ASIAI0B)
Imported 'GUID: 0282251d79d6e964089ace2dc6e6e496' -> (Import Result ID: 'd44294c47fe371a2871d5ebc5729b86c') in 0.003 seconds [static and dynamic dependencies]. Details - ImportResultOutputID=bb59d2a6af0f6443b2b070cd0bef43dc DependenciesID=6e1a0c2dca2b280efcdb5c66adf4a46e StaticDependenciesID=16a5a7fd504bfe4b0087fde867609991 
Number of updated asset objects reloaded before import = 0
Number of asset objects unloaded after import = 1
========================================================================
Received Import Request.
  Time of request: 2026-09-06T07:59:56.5419043Z
  Time since last request: 0.0003468 seconds.
  importAddress: GUID: fd10c4a322c950342a9d03a14ae879b7 - Path: Packages/com.unity.cinemachine/Runtime/Behaviours - Importer: ScriptedImporter/UnityEditor.QuickSearchModule:UnityEditor.Search:ASIAI0B
Importing 'GUID: fd10c4a322c950342a9d03a14ae879b7 - Path: Packages/com.unity.cinemachine/Runtime/Behaviours - Importer: ScriptedImporter/UnityEditor.QuickSearchModule:UnityEditor.Search:ASIAI0B' with importer (ScriptedImporter : UnityEditor.QuickSearchModule:UnityEditor.Search:ASIAI0B)
Imported 'GUID: fd10c4a322c950342a9d03a14ae879b7' -> (Import Result ID: 'e2151a8bcb6e812cd57405d122e66b59') in 0.004 seconds [static and dynamic dependencies]. Details - ImportResultOutputID=5cd676db7314befeb8ac69d347b87ec8 DependenciesID=8efdf9f11fb08a4cc13f05cc30bd4bd1 StaticDependenciesID=af27c95831daf41c34c30c15a53eca5b 
Number of updated asset objects reloaded before import = 0
Number of asset objects unloaded after import = 1
========================================================================
Received Import Request.
  Time of request: 2026-09-06T07:59:56.5583851Z
  Time since last request: 0.0003925 seconds.
  importAddress: GUID: 9c4067e4e9dc4483f8164d5d36b6e2c5 - Path: Packages/com.unity.cinemachine/Editor/EditorResources/Icons/Light/CmTrack@256.png - Importer: ScriptedImporter/UnityEditor.QuickSearchModule:UnityEditor.Search:ASIAI0B
Importing 'GUID: 9c4067e4e9dc4483f8164d5d36b6e2c5 - Path: Packages/com.unity.cinemachine/Editor/EditorResources/Icons/Light/CmTrack@256.png - Importer: ScriptedImporter/UnityEditor.QuickSearchModule:UnityEditor.Search:ASIAI0B' with importer (ScriptedImporter : UnityEditor.QuickSearchModule:UnityEditor.Search:ASIAI0B)
Imported 'GUID: 9c4067e4e9dc4483f8164d5d36b6e2c5' -> (Import Result ID: '95eaf9d488bd8534d6c3e0967cd86042') in 0.008 seconds [static and dynamic dependencies]. Details - ImportResultOutputID=5eecda19aa9fa15181abe9619476e007 DependenciesID=f35c46f0ad0580fa0b427dbc91ede77d StaticDependenciesID=1df909bf55dafac81cb5432c88d46477 
Number of updated asset objects reloaded before import = 0
Number of asset objects unloaded after import = 1
========================================================================
Received Import Request.
  Time of request: 2026-09-06T07:59:56.5787869Z
  Time since last request: 0.0005572 seconds.
  importAddress: GUID: f668dee8b20abd742aa6ef0bf5ce4df5 - Path: Packages/com.unity.cinemachine/Editor/PropertyDrawers/ThreeOrbitRigPropertyDrawer.cs - Importer: ScriptedImporter/UnityEditor.QuickSearchModule:UnityEditor.Search:ASIAI0B
Importing 'GUID: f668dee8b20abd742aa6ef0bf5ce4df5 - Path: Packages/com.unity.cinemachine/Editor/PropertyDrawers/ThreeOrbitRigPropertyDrawer.cs - Importer: ScriptedImporter/UnityEditor.QuickSearchModule:UnityEditor.Search:ASIAI0B' with importer (ScriptedImporter : UnityEditor.QuickSearchModule:UnityEditor.Search:ASIAI0B)
Imported 'GUID: f668dee8b20abd742aa6ef0bf5ce4df5' -> (Import Result ID: '33561dd1c19be19e3a444bbc72dbd9cc') in 0.004 seconds [static and dynamic dependencies]. Details - ImportResultOutputID=21c461bee39f4a256a806b9048924d69 DependenciesID=c54baea902cdb198b71a9e710ef8c549 StaticDependenciesID=7aee05612cd4dfebdf7e54de3ec29192 
Number of updated asset objects reloaded before import = 0
Number of asset objects unloaded after import = 0
========================================================================
Received Import Request.
  Time of request: 2026-09-06T07:59:56.5956695Z
  Time since last request: 0.0008165 seconds.
  importAddress: GUID: 00ae3a1da2e98ca43a0992f148b20163 - Path: Packages/com.unity.cinemachine/Runtime/Core/ScreenComposerSettings.cs - Importer: ScriptedImporter/UnityEditor.QuickSearchModule:UnityEditor.Search:ASIAI0B
Importing 'GUID: 00ae3a1da2e98ca43a0992f148b20163 - Path: Packages/com.unity.cinemachine/Runtime/Core/ScreenComposerSettings.cs - Importer: ScriptedImporter/UnityEditor.QuickSearchModule:UnityEditor.Search:ASIAI0B' with importer (ScriptedImporter : UnityEditor.QuickSearchModule:UnityEditor.Search:ASIAI0B)
Imported 'GUID: 00ae3a1da2e98ca43a0992f148b20163' -> (Import Result ID: 'c5f6a3a992e0c9e048ec9ac3a0ceb039') in 0.004 seconds [static and dynamic dependencies]. Details - ImportResultOutputID=132c5f8679f2039caba2bb19ed820dd5 DependenciesID=47bed99d3ce1fc6bfeebc7d9775d1b02 StaticDependenciesID=9d54eed490bd78babe2a3ffab8cc5d6e 
Number of updated asset objects reloaded before import = 0
Number of asset objects unloaded after import = 0
========================================================================
Received Import Request.
  Time of request: 2026-09-06T07:59:56.6121923Z
  Time since last request: 0.0006866 seconds.
  importAddress: GUID: e5f4daf24146ee040b5a2d7a73b30aa0 - Path: Assets/Starter Assets/Sample/Environment/Prefabs/Box_100x100x100_Prefab.prefab - Importer: ScriptedImporter/UnityEditor.QuickSearchModule:UnityEditor.Search:ASIAI0B
Importing 'GUID: e5f4daf24146ee040b5a2d7a73b30aa0 - Path: Assets/Starter Assets/Sample/Environment/Prefabs/Box_100x100x100_Prefab.prefab - Importer: ScriptedImporter/UnityEditor.QuickSearchModule:UnityEditor.Search:ASIAI0B' with importer (ScriptedImporter : UnityEditor.QuickSearchModule:UnityEditor.Search:ASIAI0B)
Imported 'GUID: e5f4daf24146ee040b5a2d7a73b30aa0' -> (Import Result ID: 'ba87cca03fe48d9f4e7eb2f433b532e2') in 0.007 seconds [static and dynamic dependencies]. Details - ImportResultOutputID=f326242892077193439db8067fdf565d DependenciesID=253fd5763e7c5d27df6c8c5660b50c0c StaticDependenciesID=0f9a596fcfc19f741f490abb7377fe8f 
Number of updated asset objects reloaded before import = 0
Number of asset objects unloaded after import = 8
========================================================================
Received Import Request.
  Time of request: 2026-09-06T07:59:56.6310628Z
  Time since last request: 0.0005295 seconds.
  importAddress: GUID: a908cce6aa3d8f74e954ad889e088948 - Path: Assets/Starter Assets - Importer: ScriptedImporter/UnityEditor.QuickSearchModule:UnityEditor.Search:ASIAI0B
Importing 'GUID: a908cce6aa3d8f74e954ad889e088948 - Path: Assets/Starter Assets - Importer: ScriptedImporter/UnityEditor.QuickSearchModule:UnityEditor.Search:ASIAI0B' with importer (ScriptedImporter : UnityEditor.QuickSearchModule:UnityEditor.Search:ASIAI0B)
Imported 'GUID: a908cce6aa3d8f74e954ad889e088948' -> (Import Result ID: 'a5b6aad8faa7f60226523f279d3c5168') in 0.003 seconds [static and dynamic dependencies]. Details - ImportResultOutputID=ea744489f00fbf5994f89d1d41f752e9 DependenciesID=56edd527b27acaff2a9fb1db537d8606 StaticDependenciesID=d25c405f146f9215be1962c92de37635 
Number of updated asset objects reloaded before import = 0
Number of asset objects unloaded after import = 1
========================================================================
Received Import Request.
  Time of request: 2026-09-06T07:59:56.646104Z
  Time since last request: 0.0006607 seconds.
  importAddress: GUID: 64dce48905ffd9b4293e595fa6941544 - Path: Assets/Starter Assets/Runtime/ThirdPersonController/Prefabs/PlayerArmature.prefab - Importer: ScriptedImporter/UnityEditor.QuickSearchModule:UnityEditor.Search:ASIAI0B
Importing 'GUID: 64dce48905ffd9b4293e595fa6941544 - Path: Assets/Starter Assets/Runtime/ThirdPersonController/Prefabs/PlayerArmature.prefab - Importer: ScriptedImporter/UnityEditor.QuickSearchModule:UnityEditor.Search:ASIAI0B' with importer (ScriptedImporter : UnityEditor.QuickSearchModule:UnityEditor.Search:ASIAI0B)
Imported 'GUID: 64dce48905ffd9b4293e595fa6941544' -> (Import Result ID: '29113bd0d97de1820b82b6f3366a3eb6') in 0.032 seconds [static and dynamic dependencies]. Details - ImportResultOutputID=1660767dee01dc1632de5dbd06d7022f DependenciesID=f432a9d00f1a7142571eb25e2be6aaf6 StaticDependenciesID=150a716baf7a261b219c6d3028544bc8 
Number of updated asset objects reloaded before import = 0
Number of asset objects unloaded after import = 191
========================================================================
Received Import Request.
  Time of request: 2026-09-06T07:59:56.690912Z
  Time since last request: 0.0000257 seconds.
  importAddress: GUID: 0803634542916d8498caef53ed5604db - Path: Packages/com.unity.cinemachine/Editor/Impulse/CinemachineImpulseChannelPropertyDrawer.cs - Importer: ScriptedImporter/UnityEditor.QuickSearchModule:UnityEditor.Search:ASIAI0B
Importing 'GUID: 0803634542916d8498caef53ed5604db - Path: Packages/com.unity.cinemachine/Editor/Impulse/CinemachineImpulseChannelPropertyDrawer.cs - Importer: ScriptedImporter/UnityEditor.QuickSearchModule:UnityEditor.Search:ASIAI0B' with importer (ScriptedImporter : UnityEditor.QuickSearchModule:UnityEditor.Search:ASIAI0B)
Imported 'GUID: 0803634542916d8498caef53ed5604db' -> (Import Result ID: '4b074713b7a99a69fb5533c08a7c4f66') in 0.005 seconds [static and dynamic dependencies]. Details - ImportResultOutputID=00f0a77d4a3148d422777cc5447c6bb1 DependenciesID=56b7e7335f9a034139121037bef464c0 StaticDependenciesID=457653651c2af52eceb0a9f2de4a60b8 
Number of updated asset objects reloaded before import = 0
Number of asset objects unloaded after import = 0
========================================================================
Received Import Request.
  Time of request: 2026-09-06T07:59:56.7074257Z
  Time since last request: 0.0003876 seconds.
  importAddress: GUID: a1728508674789b4e8539a2ad08ebc3f - Path: Packages/com.unity.cinemachine/Editor/Impulse/CinemachineImpulseChannels.cs - Importer: ScriptedImporter/UnityEditor.QuickSearchModule:UnityEditor.Search:ASIAI0B
Importing 'GUID: a1728508674789b4e8539a2ad08ebc3f - Path: Packages/com.unity.cinemachine/Editor/Impulse/CinemachineImpulseChannels.cs - Importer: ScriptedImporter/UnityEditor.QuickSearchModule:UnityEditor.Search:ASIAI0B' with importer (ScriptedImporter : UnityEditor.QuickSearchModule:UnityEditor.Search:ASIAI0B)
Imported 'GUID: a1728508674789b4e8539a2ad08ebc3f' -> (Import Result ID: '1fa8da8004400b195786e01cbd8b955b') in 0.004 seconds [static and dynamic dependencies]. Details - ImportResultOutputID=35b2cf6c71e54e06ec69d91550383253 DependenciesID=6eda42da693882170b71fcad2005e421 StaticDependenciesID=951b32befcc16c59f87f21cc8701b81a 
Number of updated asset objects reloaded before import = 0
Number of asset objects unloaded after import = 0
========================================================================
Received Import Request.
  Time of request: 2026-09-06T07:59:56.7220821Z
  Time since last request: 0.0006331 seconds.
  importAddress: GUID: 8269a9f8cf495034c817722ac21f309f - Path: Assets/Starter Assets/Runtime/ThirdPersonController/Character/Animations/Locomotion--Walk_N.anim.fbx - Importer: ScriptedImporter/UnityEditor.QuickSearchModule:UnityEditor.Search:ASIAI0B
Importing 'GUID: 8269a9f8cf495034c817722ac21f309f - Path: Assets/Starter Assets/Runtime/ThirdPersonController/Character/Animations/Locomotion--Walk_N.anim.fbx - Importer: ScriptedImporter/UnityEditor.QuickSearchModule:UnityEditor.Search:ASIAI0B' with importer (ScriptedImporter : UnityEditor.QuickSearchModule:UnityEditor.Search:ASIAI0B)
Imported 'GUID: 8269a9f8cf495034c817722ac21f309f' -> (Import Result ID: 'b2e45c7482a863de7c0bdf2a1162482a') in 0.011 seconds [static and dynamic dependencies]. Details - ImportResultOutputID=de9552880414fbbf6323996dfb892826 DependenciesID=989c146ca534488434b3b2dbd11811e2 StaticDependenciesID=f7ae47d23c0271777d7ed07137ce3b35 
Number of updated asset objects reloaded before import = 0
Number of asset objects unloaded after import = 144
========================================================================
Received Import Request.
  Time of request: 2026-09-06T07:59:56.7463909Z
  Time since last request: 0.0001155 seconds.
  importAddress: GUID: 040c0aa53e6708c4bae93f0587bd55f7 - Path: Packages/com.unity.cinemachine/Editor/Editors/CinemachineComponentBaseEditor.cs - Importer: ScriptedImporter/UnityEditor.QuickSearchModule:UnityEditor.Search:ASIAI0B
Importing 'GUID: 040c0aa53e6708c4bae93f0587bd55f7 - Path: Packages/com.unity.cinemachine/Editor/Editors/CinemachineComponentBaseEditor.cs - Importer: ScriptedImporter/UnityEditor.QuickSearchModule:UnityEditor.Search:ASIAI0B' with importer (ScriptedImporter : UnityEditor.QuickSearchModule:UnityEditor.Search:ASIAI0B)
Imported 'GUID: 040c0aa53e6708c4bae93f0587bd55f7' -> (Import Result ID: '9dc872c2f0bef1993235ffc43ab628fb') in 0.004 seconds [static and dynamic dependencies]. Details - ImportResultOutputID=01ade022f630c56687f1ff00ebd0dc61 DependenciesID=56dbcd4954e29bf1c3767330e16c86b0 StaticDependenciesID=d0536fc47e882d3a4ea2e265102c2e6e 
Number of updated asset objects reloaded before import = 0
Number of asset objects unloaded after import = 0
========================================================================
Received Import Request.
  Time of request: 2026-09-06T07:59:56.7622074Z
  Time since last request: 0.0004456 seconds.
  importAddress: GUID: a499c73a35b488449a6f9e9db9e88120 - Path: Assets/Starter Assets/Runtime/Mobile/Scripts/Utilities - Importer: ScriptedImporter/UnityEditor.QuickSearchModule:UnityEditor.Search:ASIAI0B
Importing 'GUID: a499c73a35b488449a6f9e9db9e88120 - Path: Assets/Starter Assets/Runtime/Mobile/Scripts/Utilities - Importer: ScriptedImporter/UnityEditor.QuickSearchModule:UnityEditor.Search:ASIAI0B' with importer (ScriptedImporter : UnityEditor.QuickSearchModule:UnityEditor.Search:ASIAI0B)
Imported 'GUID: a499c73a35b488449a6f9e9db9e88120' -> (Import Result ID: '77c9a3f31747099324f602cc71dfb400') in 0.004 seconds [static and dynamic dependencies]. Details - ImportResultOutputID=2f1625d5cfb47076139bcdf7f9fc2f2d DependenciesID=448e6d566f6c44401b51332654a7f35e StaticDependenciesID=6c16bf760b57542e6bdb4f2e358980fd 
Number of updated asset objects reloaded before import = 0
Number of asset objects unloaded after import = 1
========================================================================
Received Import Request.
  Time of request: 2026-09-06T07:59:56.7773138Z
  Time since last request: 0.0007111 seconds.
  importAddress: GUID: 05acc715f855ced458d76ee6f8ac6c61 - Path: Packages/com.unity.cinemachine/Runtime/Timeline/CinemachineTrack.cs - Importer: ScriptedImporter/UnityEditor.QuickSearchModule:UnityEditor.Search:ASIAI0B
Importing 'GUID: 05acc715f855ced458d76ee6f8ac6c61 - Path: Packages/com.unity.cinemachine/Runtime/Timeline/CinemachineTrack.cs - Importer: ScriptedImporter/UnityEditor.QuickSearchModule:UnityEditor.Search:ASIAI0B' with importer (ScriptedImporter : UnityEditor.QuickSearchModule:UnityEditor.Search:ASIAI0B)
Imported 'GUID: 05acc715f855ced458d76ee6f8ac6c61' -> (Import Result ID: 'f93bf6617517546b34fbde644a8e1c62') in 0.004 seconds [static and dynamic dependencies]. Details - ImportResultOutputID=cf320aae02b011cf934bb26a04a8193d DependenciesID=5e7a8f8abdee328de41d74b094fbc602 StaticDependenciesID=4438a1877c1c812702a98f11c75247fb 
Number of updated asset objects reloaded before import = 0
Number of asset objects unloaded after import = 0
========================================================================
Received Import Request.
  Time of request: 2026-09-06T07:59:56.7926848Z
  Time since last request: 0.0004245 seconds.
  importAddress: GUID: 68bb026fafb42b14791938953eaace77 - Path: Packages/com.unity.cinemachine/Runtime/Components/CinemachineBasicMultiChannelPerlin.cs - Importer: ScriptedImporter/UnityEditor.QuickSearchModule:UnityEditor.Search:ASIAI0B
Importing 'GUID: 68bb026fafb42b14791938953eaace77 - Path: Packages/com.unity.cinemachine/Runtime/Components/CinemachineBasicMultiChannelPerlin.cs - Importer: ScriptedImporter/UnityEditor.QuickSearchModule:UnityEditor.Search:ASIAI0B' with importer (ScriptedImporter : UnityEditor.QuickSearchModule:UnityEditor.Search:ASIAI0B)
Imported 'GUID: 68bb026fafb42b14791938953eaace77' -> (Import Result ID: 'f7c5f77126fc02f390b2020d99c87b95') in 0.006 seconds [static and dynamic dependencies]. Details - ImportResultOutputID=bd0de4134517d98c184d578ee05ef745 DependenciesID=ff47c01b532d2c83d0451a02eb92a092 StaticDependenciesID=7f7a69e014f1b81f3636140c5daafcac 
Number of updated asset objects reloaded before import = 0
Number of asset objects unloaded after import = 1
========================================================================
Received Import Request.
  Time of request: 2026-09-06T07:59:56.8109444Z
  Time since last request: 0.0007066 seconds.
  importAddress: GUID: 606b38640ab5a47fba9a3238a2c48c5a - Path: Packages/com.unity.cinemachine/Editor/Samples/ExposeHDRPInternals/MaterialUpgradeHelper.cs - Importer: ScriptedImporter/UnityEditor.QuickSearchModule:UnityEditor.Search:ASIAI0B
Importing 'GUID: 606b38640ab5a47fba9a3238a2c48c5a - Path: Packages/com.unity.cinemachine/Editor/Samples/ExposeHDRPInternals/MaterialUpgradeHelper.cs - Importer: ScriptedImporter/UnityEditor.QuickSearchModule:UnityEditor.Search:ASIAI0B' with importer (ScriptedImporter : UnityEditor.QuickSearchModule:UnityEditor.Search:ASIAI0B)
Imported 'GUID: 606b38640ab5a47fba9a3238a2c48c5a' -> (Import Result ID: 'fc0c877ccb3d98cbfda898239d25a2ae') in 0.004 seconds [static and dynamic dependencies]. Details - ImportResultOutputID=4e8812d52cdfe04aa7977584376f83ef DependenciesID=40eea6105fa07eb8f9194afb73d9714e StaticDependenciesID=4d1839dc4ac3ab974dcd7c541b2536bd 
Number of updated asset objects reloaded before import = 0
Number of asset objects unloaded after import = 0
========================================================================
Received Import Request.
  Time of request: 2026-09-06T07:59:56.8265074Z
  Time since last request: 0.000455 seconds.
  importAddress: GUID: 44a17a5b205fcd349a24700e6f5615bd - Path: Assets/Starter Assets/TutorialInfo/Icons/ReadMeImg.PNG - Importer: ScriptedImporter/UnityEditor.QuickSearchModule:UnityEditor.Search:ASIAI0B
Importing 'GUID: 44a17a5b205fcd349a24700e6f5615bd - Path: Assets/Starter Assets/TutorialInfo/Icons/ReadMeImg.PNG - Importer: ScriptedImporter/UnityEditor.QuickSearchModule:UnityEditor.Search:ASIAI0B' with importer (ScriptedImporter : UnityEditor.QuickSearchModule:UnityEditor.Search:ASIAI0B)
Imported 'GUID: 44a17a5b205fcd349a24700e6f5615bd' -> (Import Result ID: 'dffe09a33f6ff948f0b4609495c80dea') in 0.009 seconds [static and dynamic dependencies]. Details - ImportResultOutputID=09c8da3b24c4e225b51ea12db3605d80 DependenciesID=ba4d1bedd6ef7a3fe50547946343a459 StaticDependenciesID=65de8b9f08f8f130a3075c7f8f00a139 
Number of updated asset objects reloaded before import = 0
Number of asset objects unloaded after import = 1
========================================================================
Received Import Request.
  Time of request: 2026-09-06T07:59:56.8470224Z
  Time since last request: 0.0005698 seconds.
  importAddress: GUID: eb8e037cb3f873743a725427c8c22342 - Path: Packages/com.unity.cinemachine/Editor/Editors/CinemachineTargetGroupEditor.cs - Importer: ScriptedImporter/UnityEditor.QuickSearchModule:UnityEditor.Search:ASIAI0B
Importing 'GUID: eb8e037cb3f873743a725427c8c22342 - Path: Packages/com.unity.cinemachine/Editor/Editors/CinemachineTargetGroupEditor.cs - Importer: ScriptedImporter/UnityEditor.QuickSearchModule:UnityEditor.Search:ASIAI0B' with importer (ScriptedImporter : UnityEditor.QuickSearchModule:UnityEditor.Search:ASIAI0B)
Imported 'GUID: eb8e037cb3f873743a725427c8c22342' -> (Import Result ID: '1d1c23c135f348bd0957d56b9fb10c98') in 0.004 seconds [static and dynamic dependencies]. Details - ImportResultOutputID=3479c8443506f47efb694274dcaad72c DependenciesID=7b045288eca1f5e061bffd0fb8620015 StaticDependenciesID=ecce66b4f3d4a2b2fba1e43d8df149b7 
Number of updated asset objects reloaded before import = 0
Number of asset objects unloaded after import = 0
========================================================================
Received Import Request.
  Time of request: 2026-09-06T07:59:56.8627158Z
  Time since last request: 0.0006442 seconds.
  importAddress: GUID: b589e9c7316db6045be93aa8bdf6dbc4 - Path: Packages/com.unity.cinemachine/Editor/Obsolete/CinemachineFramingTransposerEditor.cs - Importer: ScriptedImporter/UnityEditor.QuickSearchModule:UnityEditor.Search:ASIAI0B
Importing 'GUID: b589e9c7316db6045be93aa8bdf6dbc4 - Path: Packages/com.unity.cinemachine/Editor/Obsolete/CinemachineFramingTransposerEditor.cs - Importer: ScriptedImporter/UnityEditor.QuickSearchModule:UnityEditor.Search:ASIAI0B' with importer (ScriptedImporter : UnityEditor.QuickSearchModule:UnityEditor.Search:ASIAI0B)
Imported 'GUID: b589e9c7316db6045be93aa8bdf6dbc4' -> (Import Result ID: '32c3f3873bd618ff2388f2b614ced474') in 0.004 seconds [static and dynamic dependencies]. Details - ImportResultOutputID=0bcd4ae106bc73d8d339f67b7dacd3e6 DependenciesID=204a6603bf4abb64b1736de58497e735 StaticDependenciesID=1818c6e97ca518b45caacca72b90c393 
Number of updated asset objects reloaded before import = 0
Number of asset objects unloaded after import = 0
========================================================================
Received Import Request.
  Time of request: 2026-09-06T07:59:56.878024Z
  Time since last request: 0.0003798 seconds.
  importAddress: GUID: 4cd118ee0ff29c4488694a444550f59e - Path: Packages/com.unity.settings-manager/ValidationExceptions.json - Importer: ScriptedImporter/UnityEditor.QuickSearchModule:UnityEditor.Search:ASIAI0B
Importing 'GUID: 4cd118ee0ff29c4488694a444550f59e - Path: Packages/com.unity.settings-manager/ValidationExceptions.json - Importer: ScriptedImporter/UnityEditor.QuickSearchModule:UnityEditor.Search:ASIAI0B' with importer (ScriptedImporter : UnityEditor.QuickSearchModule:UnityEditor.Search:ASIAI0B)
Imported 'GUID: 4cd118ee0ff29c4488694a444550f59e' -> (Import Result ID: '09a6afb769072b2e5919914e89bb56d0') in 0.004 seconds [static and dynamic dependencies]. Details - ImportResultOutputID=a80b58f7b18f124bb4c1d17a4c4a83c6 DependenciesID=0105cfff64ff9ecc0ae55b6e5ae485e5 StaticDependenciesID=9ed9164351eda02f9c58df99ce451544 
Number of updated asset objects reloaded before import = 0
Number of asset objects unloaded after import = 1
========================================================================
Received Import Request.
  Time of request: 2026-09-06T07:59:56.8932241Z
  Time since last request: 0.0004161 seconds.
  importAddress: GUID: dac10fae1df6549468da9a027ab58f48 - Path: Packages/com.unity.splines/Editor/Editor Resources/Icons/SplineEditMode-Info.png - Importer: ScriptedImporter/UnityEditor.QuickSearchModule:UnityEditor.Search:ASIAI0B
Importing 'GUID: dac10fae1df6549468da9a027ab58f48 - Path: Packages/com.unity.splines/Editor/Editor Resources/Icons/SplineEditMode-Info.png - Importer: ScriptedImporter/UnityEditor.QuickSearchModule:UnityEditor.Search:ASIAI0B' with importer (ScriptedImporter : UnityEditor.QuickSearchModule:UnityEditor.Search:ASIAI0B)
Imported 'GUID: dac10fae1df6549468da9a027ab58f48' -> (Import Result ID: '693866f4efbab4b48662581ff9b859a5') in 0.008 seconds [static and dynamic dependencies]. Details - ImportResultOutputID=c1447f8c7164eb48c3a94987dc7f25c2 DependenciesID=33f41d8fcba0e89aa8ae865fed8ef728 StaticDependenciesID=7d8c04c1ee34762efbd24d9d1d04f69b 
Number of updated asset objects reloaded before import = 0
Number of asset objects unloaded after import = 1
========================================================================
Received Import Request.
  Time of request: 2026-09-06T07:59:56.9132749Z
  Time since last request: 0.0003635 seconds.
  importAddress: GUID: 8b79b977e86dc420c9a4b7b6c05a74a8 - Path: Assets/Starter Assets/Runtime/Settings/Ultra_PipelineAsset.asset - Importer: ScriptedImporter/UnityEditor.QuickSearchModule:UnityEditor.Search:ASIAI0B
Importing 'GUID: 8b79b977e86dc420c9a4b7b6c05a74a8 - Path: Assets/Starter Assets/Runtime/Settings/Ultra_PipelineAsset.asset - Importer: ScriptedImporter/UnityEditor.QuickSearchModule:UnityEditor.Search:ASIAI0B' with importer (ScriptedImporter : UnityEditor.QuickSearchModule:UnityEditor.Search:ASIAI0B)
Imported 'GUID: 8b79b977e86dc420c9a4b7b6c05a74a8' -> (Import Result ID: '42403dc999f85b0abc0862027698450b') in 0.014 seconds [static and dynamic dependencies]. Details - ImportResultOutputID=7eb07cd9ace229d3d39aad6b363b0c50 DependenciesID=b70eed97faee018e6b6f33e943eae253 StaticDependenciesID=938de6551eba60ac5738e404587d9fca 
Number of updated asset objects reloaded before import = 0
Number of asset objects unloaded after import = 2
========================================================================
Received Import Request.
  Time of request: 2026-09-06T07:59:56.950032Z
  Time since last request: 0.0114017 seconds.
  importAddress: GUID: cebc3fe47a919524eb4a977f726a484e - Path: Packages/com.unity.cinemachine/Runtime/Core/SignalSourceAsset.cs - Importer: ScriptedImporter/UnityEditor.QuickSearchModule:UnityEditor.Search:ASIAI0B
Importing 'GUID: cebc3fe47a919524eb4a977f726a484e - Path: Packages/com.unity.cinemachine/Runtime/Core/SignalSourceAsset.cs - Importer: ScriptedImporter/UnityEditor.QuickSearchModule:UnityEditor.Search:ASIAI0B' with importer (ScriptedImporter : UnityEditor.QuickSearchModule:UnityEditor.Search:ASIAI0B)
Imported 'GUID: cebc3fe47a919524eb4a977f726a484e' -> (Import Result ID: 'da1bb1a91d07fe4135eb4e607e55f323') in 0.004 seconds [static and dynamic dependencies]. Details - ImportResultOutputID=6bf942a761705ebbe4bb3bd9b3b4827e DependenciesID=a7b95e2b0cbb2aea16891f919d3efc01 StaticDependenciesID=e8c944ffd41ac2f4e8ef088866ccffae 
Number of updated asset objects reloaded before import = 0
Number of asset objects unloaded after import = 0
========================================================================
Received Import Request.
  Time of request: 2026-09-06T07:59:56.9649301Z
  Time since last request: 0.0010113 seconds.
  importAddress: GUID: 5c4f48d56433f4be3b319c943db02157 - Path: Packages/com.unity.splines/Runtime/Interpolators.cs - Importer: ScriptedImporter/UnityEditor.QuickSearchModule:UnityEditor.Search:ASIAI0B
Importing 'GUID: 5c4f48d56433f4be3b319c943db02157 - Path: Packages/com.unity.splines/Runtime/Interpolators.cs - Importer: ScriptedImporter/UnityEditor.QuickSearchModule:UnityEditor.Search:ASIAI0B' with importer (ScriptedImporter : UnityEditor.QuickSearchModule:UnityEditor.Search:ASIAI0B)
Imported 'GUID: 5c4f48d56433f4be3b319c943db02157' -> (Import Result ID: 'dd4b0359d095fd9412b1f4e2a688278d') in 0.003 seconds [static and dynamic dependencies]. Details - ImportResultOutputID=7c6a4a4f947cc65b72e5986ae10d493b DependenciesID=bd4f61e33c39076d3be77690581a7d7e StaticDependenciesID=eaee6f194652006da7b951e0f5ec500a 
Number of updated asset objects reloaded before import = 0
Number of asset objects unloaded after import = 0
========================================================================
Received Import Request.
  Time of request: 2026-09-06T07:59:56.9799561Z
  Time since last request: 0.0007656 seconds.
  importAddress: GUID: df715771dd291574fa9c5e8e988f007e - Path: Assets/Starter Assets/Sample/Environment/Shaders - Importer: ScriptedImporter/UnityEditor.QuickSearchModule:UnityEditor.Search:ASIAI0B
Importing 'GUID: df715771dd291574fa9c5e8e988f007e - Path: Assets/Starter Assets/Sample/Environment/Shaders - Importer: ScriptedImporter/UnityEditor.QuickSearchModule:UnityEditor.Search:ASIAI0B' with importer (ScriptedImporter : UnityEditor.QuickSearchModule:UnityEditor.Search:ASIAI0B)
Imported 'GUID: df715771dd291574fa9c5e8e988f007e' -> (Import Result ID: 'bbb254ff83735c8c1d79e9e84117c778') in 0.004 seconds [static and dynamic dependencies]. Details - ImportResultOutputID=d5f24525fc8a2dc95a41cc9959cb2aad DependenciesID=9bf2d54bd680adcf0f99dc542b1b8515 StaticDependenciesID=4e505eff0b8f4f163ae366dc8131ed0e 
Number of updated asset objects reloaded before import = 0
Number of asset objects unloaded after import = 1
========================================================================
Received Import Request.
  Time of request: 2026-09-06T07:59:56.9953652Z
  Time since last request: 0.0003895 seconds.
  importAddress: GUID: 67c7396a4e6a403e8628a7c83ffd74dd - Path: Packages/com.unity.cinemachine/Editor/Upgrader - Importer: ScriptedImporter/UnityEditor.QuickSearchModule:UnityEditor.Search:ASIAI0B
Importing 'GUID: 67c7396a4e6a403e8628a7c83ffd74dd - Path: Packages/com.unity.cinemachine/Editor/Upgrader - Importer: ScriptedImporter/UnityEditor.QuickSearchModule:UnityEditor.Search:ASIAI0B' with importer (ScriptedImporter : UnityEditor.QuickSearchModule:UnityEditor.Search:ASIAI0B)
Imported 'GUID: 67c7396a4e6a403e8628a7c83ffd74dd' -> (Import Result ID: '214b2bef906b764a3eac5e5649b9c422') in 0.003 seconds [static and dynamic dependencies]. Details - ImportResultOutputID=d5c8191cfc81f0fc0b73e4705770c2c2 DependenciesID=f8ccf2ecf833ee6051bc50c70f4845f6 StaticDependenciesID=8362d2062dd6abda50b6337b96197805 
Number of updated asset objects reloaded before import = 0
Number of asset objects unloaded after import = 1
========================================================================
Received Import Request.
  Time of request: 2026-09-06T07:59:57.0092249Z
  Time since last request: 0.0004867 seconds.
  importAddress: GUID: 325a26d62b61fa94cb3c97c435efebc5 - Path: Assets/Starter Assets/Runtime/ThirdPersonController/Character/Animations/Locomotion--Walk_N_Land.anim.fbx - Importer: ScriptedImporter/UnityEditor.QuickSearchModule:UnityEditor.Search:ASIAI0B
Importing 'GUID: 325a26d62b61fa94cb3c97c435efebc5 - Path: Assets/Starter Assets/Runtime/ThirdPersonController/Character/Animations/Locomotion--Walk_N_Land.anim.fbx - Importer: ScriptedImporter/UnityEditor.QuickSearchModule:UnityEditor.Search:ASIAI0B' with importer (ScriptedImporter : UnityEditor.QuickSearchModule:UnityEditor.Search:ASIAI0B)
Imported 'GUID: 325a26d62b61fa94cb3c97c435efebc5' -> (Import Result ID: 'a128929e5e8d8416c4c53b2eddf0bdea') in 0.012 seconds [static and dynamic dependencies]. Details - ImportResultOutputID=772861abf74386eff4b0f6664555fe6d DependenciesID=05a8044f93df33789e9ace2dca47691e StaticDependenciesID=79faeda9fb60d544d529162f2508d907 
Number of updated asset objects reloaded before import = 0
Number of asset objects unloaded after import = 144
========================================================================
Received Import Request.
  Time of request: 2026-09-06T07:59:57.0330081Z
  Time since last request: 0.0002176 seconds.
  importAddress: GUID: 035bf1ba97d19214580cfe6f5a29fdc3 - Path: Assets/Starter Assets/Runtime/FirstPersonController/Prefabs/NestedParent_Unpack.prefab - Importer: ScriptedImporter/UnityEditor.QuickSearchModule:UnityEditor.Search:ASIAI0B
Importing 'GUID: 035bf1ba97d19214580cfe6f5a29fdc3 - Path: Assets/Starter Assets/Runtime/FirstPersonController/Prefabs/NestedParent_Unpack.prefab - Importer: ScriptedImporter/UnityEditor.QuickSearchModule:UnityEditor.Search:ASIAI0B' with importer (ScriptedImporter : UnityEditor.QuickSearchModule:UnityEditor.Search:ASIAI0B)
Imported 'GUID: 035bf1ba97d19214580cfe6f5a29fdc3' -> (Import Result ID: '8bdf7fd63e82b35a4c7377e7a921f7df') in 0.016 seconds [static and dynamic dependencies]. Details - ImportResultOutputID=cba496a3e7d280dbce062a574261b7ee DependenciesID=7420c96e2dc9f602047019bd5886b94e StaticDependenciesID=c668e95dc03629ea47afe9869ed5161e 
Number of updated asset objects reloaded before import = 0
Number of asset objects unloaded after import = 46
========================================================================
Received Import Request.
  Time of request: 2026-09-06T07:59:57.061088Z
  Time since last request: 0.0002614 seconds.
  importAddress: GUID: b9b8150b130504891a9c62f7a98c09b8 - Path: Packages/com.unity.cinemachine/Editor/Editors/CinemachineSplineDollyEditor.cs - Importer: ScriptedImporter/UnityEditor.QuickSearchModule:UnityEditor.Search:ASIAI0B
Importing 'GUID: b9b8150b130504891a9c62f7a98c09b8 - Path: Packages/com.unity.cinemachine/Editor/Editors/CinemachineSplineDollyEditor.cs - Importer: ScriptedImporter/UnityEditor.QuickSearchModule:UnityEditor.Search:ASIAI0B' with importer (ScriptedImporter : UnityEditor.QuickSearchModule:UnityEditor.Search:ASIAI0B)
Imported 'GUID: b9b8150b130504891a9c62f7a98c09b8' -> (Import Result ID: '553db7d89c12eca1c7c3834553ecec31') in 0.005 seconds [static and dynamic dependencies]. Details - ImportResultOutputID=baec36f1472d96ed54aa7180472b9cb3 DependenciesID=38109a908663046fcc2ab313628063bb StaticDependenciesID=7ccc17b3d60c71b9047f092b7369a8d0 
Number of updated asset objects reloaded before import = 0
Number of asset objects unloaded after import = 0
========================================================================
Received Import Request.
  Time of request: 2026-09-06T07:59:57.0810104Z
  Time since last request: 0.000757 seconds.
  importAddress: GUID: 4d9eba5f689533f4196b93e67348ada3 - Path: Assets/Starter Assets/Sample/Environment/RenderPipelineProfiles - Importer: ScriptedImporter/UnityEditor.QuickSearchModule:UnityEditor.Search:ASIAI0B
Importing 'GUID: 4d9eba5f689533f4196b93e67348ada3 - Path: Assets/Starter Assets/Sample/Environment/RenderPipelineProfiles - Importer: ScriptedImporter/UnityEditor.QuickSearchModule:UnityEditor.Search:ASIAI0B' with importer (ScriptedImporter : UnityEditor.QuickSearchModule:UnityEditor.Search:ASIAI0B)
Imported 'GUID: 4d9eba5f689533f4196b93e67348ada3' -> (Import Result ID: 'f7b7a2c5c3f36ea2a8bcff93689f0720') in 0.004 seconds [static and dynamic dependencies]. Details - ImportResultOutputID=ac27395eb25e1d9790fe52028a8f7dca DependenciesID=f709ffd5ca2e87ff6dbf283b881b968a StaticDependenciesID=b4b7cf0f3e7d5f538b5f04345e62b7c5 
Number of updated asset objects reloaded before import = 0
Number of asset objects unloaded after import = 1
========================================================================
Received Import Request.
  Time of request: 2026-09-06T07:59:57.0968355Z
  Time since last request: 0.0005607 seconds.
  importAddress: GUID: 8bbc585211e714551a4da7db7e3a6c02 - Path: Packages/com.unity.splines/Editor/Editor Resources/UI/UXML - Importer: ScriptedImporter/UnityEditor.QuickSearchModule:UnityEditor.Search:ASIAI0B
Importing 'GUID: 8bbc585211e714551a4da7db7e3a6c02 - Path: Packages/com.unity.splines/Editor/Editor Resources/UI/UXML - Importer: ScriptedImporter/UnityEditor.QuickSearchModule:UnityEditor.Search:ASIAI0B' with importer (ScriptedImporter : UnityEditor.QuickSearchModule:UnityEditor.Search:ASIAI0B)
Imported 'GUID: 8bbc585211e714551a4da7db7e3a6c02' -> (Import Result ID: '8207d52db2a635b333be76640266aea4') in 0.003 seconds [static and dynamic dependencies]. Details - ImportResultOutputID=8f9a7c0e7e1a1a78d5f6f7c370428a92 DependenciesID=1f03582cb44f91da7da385635a5c109e StaticDependenciesID=58cd67f7dd155fc223632e9e17adc602 
Number of updated asset objects reloaded before import = 0
Number of asset objects unloaded after import = 1
========================================================================
Received Import Request.
  Time of request: 2026-09-06T07:59:57.1113031Z
  Time since last request: 0.0003678 seconds.
  importAddress: GUID: f1367877887d28641a98258c207c3bfd - Path: Packages/com.unity.splines/Editor/Editor Resources/Icons/Tangent_Linear@2x.png - Importer: ScriptedImporter/UnityEditor.QuickSearchModule:UnityEditor.Search:ASIAI0B
Importing 'GUID: f1367877887d28641a98258c207c3bfd - Path: Packages/com.unity.splines/Editor/Editor Resources/Icons/Tangent_Linear@2x.png - Importer: ScriptedImporter/UnityEditor.QuickSearchModule:UnityEditor.Search:ASIAI0B' with importer (ScriptedImporter : UnityEditor.QuickSearchModule:UnityEditor.Search:ASIAI0B)
Imported 'GUID: f1367877887d28641a98258c207c3bfd' -> (Import Result ID: 'b7a014e3778f516b6ab08a9c012bbccc') in 0.009 seconds [static and dynamic dependencies]. Details - ImportResultOutputID=a9a40670f60c7e315572eb0901945760 DependenciesID=1abb64ffb8ecdb005c4112340339f5eb StaticDependenciesID=e0a4fc83264a70c845912e85efc98fc0 
Number of updated asset objects reloaded before import = 0
Number of asset objects unloaded after import = 1
========================================================================
Received Import Request.
  Time of request: 2026-09-06T07:59:57.132428Z
  Time since last request: 0.0005954 seconds.
  importAddress: GUID: 940251fa621540241ab6a33c87cc8b7e - Path: Assets/Starter Assets/Runtime/ThirdPersonController/Character/Textures - Importer: ScriptedImporter/UnityEditor.QuickSearchModule:UnityEditor.Search:ASIAI0B
Importing 'GUID: 940251fa621540241ab6a33c87cc8b7e - Path: Assets/Starter Assets/Runtime/ThirdPersonController/Character/Textures - Importer: ScriptedImporter/UnityEditor.QuickSearchModule:UnityEditor.Search:ASIAI0B' with importer (ScriptedImporter : UnityEditor.QuickSearchModule:UnityEditor.Search:ASIAI0B)
Imported 'GUID: 940251fa621540241ab6a33c87cc8b7e' -> (Import Result ID: '56e9b0714c90e65b7bf279c3277bea1a') in 0.004 seconds [static and dynamic dependencies]. Details - ImportResultOutputID=b9670fbf0d86c4511c8c426567212c47 DependenciesID=a5f6d8ea9ff6d3ad79f3488416f4e538 StaticDependenciesID=40ea0f13e601f2a10f8a17531c7037d1 
Number of updated asset objects reloaded before import = 0
Number of asset objects unloaded after import = 1
========================================================================
Received Import Request.
  Time of request: 2026-09-06T07:59:57.1487504Z
  Time since last request: 0.0004089 seconds.
  importAddress: GUID: db21e68bc3d7e4348bc67e8314ed9a2a - Path: Packages/com.unity.cinemachine/Editor/Editors/CinemachineConfiner3DEditor.cs - Importer: ScriptedImporter/UnityEditor.QuickSearchModule:UnityEditor.Search:ASIAI0B
Importing 'GUID: db21e68bc3d7e4348bc67e8314ed9a2a - Path: Packages/com.unity.cinemachine/Editor/Editors/CinemachineConfiner3DEditor.cs - Importer: ScriptedImporter/UnityEditor.QuickSearchModule:UnityEditor.Search:ASIAI0B' with importer (ScriptedImporter : UnityEditor.QuickSearchModule:UnityEditor.Search:ASIAI0B)
Imported 'GUID: db21e68bc3d7e4348bc67e8314ed9a2a' -> (Import Result ID: '42315f97325093fdc455ba5e2ac52333') in 0.004 seconds [static and dynamic dependencies]. Details - ImportResultOutputID=94913737ed9ad4a2342065d0e391f618 DependenciesID=a8a91582b933b8097077e61b0f5064ae StaticDependenciesID=9a1c3ebf61850cb53aa0a7eb8865596b 
Number of updated asset objects reloaded before import = 0
Number of asset objects unloaded after import = 0
========================================================================
Received Import Request.
  Time of request: 2026-09-06T07:59:57.1646771Z
  Time since last request: 0.0005355 seconds.
  importAddress: GUID: 93bb3603ed019014a98e7c62df54135e - Path: Assets/Starter Assets/Sample/Environment/Prefabs - Importer: ScriptedImporter/UnityEditor.QuickSearchModule:UnityEditor.Search:ASIAI0B
Importing 'GUID: 93bb3603ed019014a98e7c62df54135e - Path: Assets/Starter Assets/Sample/Environment/Prefabs - Importer: ScriptedImporter/UnityEditor.QuickSearchModule:UnityEditor.Search:ASIAI0B' with importer (ScriptedImporter : UnityEditor.QuickSearchModule:UnityEditor.Search:ASIAI0B)
Imported 'GUID: 93bb3603ed019014a98e7c62df54135e' -> (Import Result ID: 'fa33b6c7ceeaa4663d929521e0ad9b63') in 0.003 seconds [static and dynamic dependencies]. Details - ImportResultOutputID=e5174a09e8a53c083959b144fea4873a DependenciesID=3e58d8ee54e73cd34d6b397da9c8c12c StaticDependenciesID=4f86fa0d43476156abe77f2bcceceb47 
Number of updated asset objects reloaded before import = 0
Number of asset objects unloaded after import = 1
========================================================================
Received Import Request.
  Time of request: 2026-09-06T07:59:57.1796133Z
  Time since last request: 0.0003901 seconds.
  importAddress: GUID: 28788538b820793469a6374f5cfb254f - Path: Packages/com.unity.cinemachine/Runtime/Behaviours/CinemachineShotQualityEvaluator.cs - Importer: ScriptedImporter/UnityEditor.QuickSearchModule:UnityEditor.Search:ASIAI0B
Importing 'GUID: 28788538b820793469a6374f5cfb254f - Path: Packages/com.unity.cinemachine/Runtime/Behaviours/CinemachineShotQualityEvaluator.cs - Importer: ScriptedImporter/UnityEditor.QuickSearchModule:UnityEditor.Search:ASIAI0B' with importer (ScriptedImporter : UnityEditor.QuickSearchModule:UnityEditor.Search:ASIAI0B)
Imported 'GUID: 28788538b820793469a6374f5cfb254f' -> (Import Result ID: '17c6f9de45fa96b1808825f664733f8b') in 0.007 seconds [static and dynamic dependencies]. Details - ImportResultOutputID=181c5e78a7a7bbda232ee653e7f448da DependenciesID=214444609ad2f2f684c189c79648c0e4 StaticDependenciesID=1518098c8497ee2f7c47474ee34ad37d 
Number of updated asset objects reloaded before import = 0
Number of asset objects unloaded after import = 1
========================================================================
Received Import Request.
  Time of request: 2026-09-06T07:59:57.1977969Z
  Time since last request: 0.0003125 seconds.
  importAddress: GUID: 223e1a5330ab8468782152a65e857f94 - Path: Packages/com.unity.settings-manager/Editor/SettingsGUILayout.cs - Importer: ScriptedImporter/UnityEditor.QuickSearchModule:UnityEditor.Search:ASIAI0B
Importing 'GUID: 223e1a5330ab8468782152a65e857f94 - Path: Packages/com.unity.settings-manager/Editor/SettingsGUILayout.cs - Importer: ScriptedImporter/UnityEditor.QuickSearchModule:UnityEditor.Search:ASIAI0B' with importer (ScriptedImporter : UnityEditor.QuickSearchModule:UnityEditor.Search:ASIAI0B)
Imported 'GUID: 223e1a5330ab8468782152a65e857f94' -> (Import Result ID: '4fb0895892def07668c2975bdf156578') in 0.004 seconds [static and dynamic dependencies]. Details - ImportResultOutputID=76997a14e813719c67473c2b12c61c98 DependenciesID=da82e1082f192945942f12d6162d2fa3 StaticDependenciesID=d17319fafb63f1a3626ca48d9d4fe08a 
Number of updated asset objects reloaded before import = 0
Number of asset objects unloaded after import = 0
========================================================================
Received Import Request.
  Time of request: 2026-09-06T07:59:57.2134143Z
  Time since last request: 0.0004232 seconds.
  importAddress: GUID: 508048e85d1b4f1aac151183c59fadf1 - Path: Packages/com.unity.splines/Runtime/DataPoint.cs - Importer: ScriptedImporter/UnityEditor.QuickSearchModule:UnityEditor.Search:ASIAI0B
Importing 'GUID: 508048e85d1b4f1aac151183c59fadf1 - Path: Packages/com.unity.splines/Runtime/DataPoint.cs - Importer: ScriptedImporter/UnityEditor.QuickSearchModule:UnityEditor.Search:ASIAI0B' with importer (ScriptedImporter : UnityEditor.QuickSearchModule:UnityEditor.Search:ASIAI0B)
Imported 'GUID: 508048e85d1b4f1aac151183c59fadf1' -> (Import Result ID: '1f976e49bf8a80c270adbb46a04941e6') in 0.004 seconds [static and dynamic dependencies]. Details - ImportResultOutputID=6368414040c17aa549b141df146a3979 DependenciesID=5bced89cd7ba84b892f90a63ea2d5f01 StaticDependenciesID=bd142640a0f297d6420cb13e43ae5e82 
Number of updated asset objects reloaded before import = 0
Number of asset objects unloaded after import = 0
========================================================================
Received Import Request.
  Time of request: 2026-09-06T07:59:57.2298913Z
  Time since last request: 0.000401 seconds.
  importAddress: GUID: 536d9cc5f45e140349656152ce6b8325 - Path: Packages/com.unity.cinemachine/Editor/Windows/CinemachineSplineDollyPrefs.cs - Importer: ScriptedImporter/UnityEditor.QuickSearchModule:UnityEditor.Search:ASIAI0B
Importing 'GUID: 536d9cc5f45e140349656152ce6b8325 - Path: Packages/com.unity.cinemachine/Editor/Windows/CinemachineSplineDollyPrefs.cs - Importer: ScriptedImporter/UnityEditor.QuickSearchModule:UnityEditor.Search:ASIAI0B' with importer (ScriptedImporter : UnityEditor.QuickSearchModule:UnityEditor.Search:ASIAI0B)
Imported 'GUID: 536d9cc5f45e140349656152ce6b8325' -> (Import Result ID: '7f79cbd28a9b2fad919e720255bc6408') in 0.004 seconds [static and dynamic dependencies]. Details - ImportResultOutputID=cbdfcd62c458df81767660e2afd62380 DependenciesID=06e1f51630b00242fb584472f4a47e99 StaticDependenciesID=2e61a29410eb68a61bce55393e67b09e 
Number of updated asset objects reloaded before import = 0
Number of asset objects unloaded after import = 0
========================================================================
Received Import Request.
  Time of request: 2026-09-06T07:59:57.2474394Z
  Time since last request: 0.0005245 seconds.
  importAddress: GUID: d6544d898963a5d40a843b93d615715d - Path: Assets/Starter Assets/Runtime/SpaceRobotKyle/Models - Importer: ScriptedImporter/UnityEditor.QuickSearchModule:UnityEditor.Search:ASIAI0B
Importing 'GUID: d6544d898963a5d40a843b93d615715d - Path: Assets/Starter Assets/Runtime/SpaceRobotKyle/Models - Importer: ScriptedImporter/UnityEditor.QuickSearchModule:UnityEditor.Search:ASIAI0B' with importer (ScriptedImporter : UnityEditor.QuickSearchModule:UnityEditor.Search:ASIAI0B)
Imported 'GUID: d6544d898963a5d40a843b93d615715d' -> (Import Result ID: '4e43ad181263f4ed6b61cd0b49e3df53') in 0.004 seconds [static and dynamic dependencies]. Details - ImportResultOutputID=4a2c526f1546a1046022cc1e3c60f16c DependenciesID=1437ce237818d21cafe494ae28019fc7 StaticDependenciesID=cf8480f9ee565b028c72dd670117bf45 
Number of updated asset objects reloaded before import = 0
Number of asset objects unloaded after import = 1
========================================================================
Received Import Request.
  Time of request: 2026-09-06T07:59:57.2641399Z
  Time since last request: 0.0004739 seconds.
  importAddress: GUID: ada37388502cc47db96a985a8eeca2c1 - Path: Packages/com.unity.cinemachine/Editor/EditorResources/Icons/Dark/FarNearClip.png - Importer: ScriptedImporter/UnityEditor.QuickSearchModule:UnityEditor.Search:ASIAI0B
Importing 'GUID: ada37388502cc47db96a985a8eeca2c1 - Path: Packages/com.unity.cinemachine/Editor/EditorResources/Icons/Dark/FarNearClip.png - Importer: ScriptedImporter/UnityEditor.QuickSearchModule:UnityEditor.Search:ASIAI0B' with importer (ScriptedImporter : UnityEditor.QuickSearchModule:UnityEditor.Search:ASIAI0B)
Imported 'GUID: ada37388502cc47db96a985a8eeca2c1' -> (Import Result ID: '1283bc1ba9e8b1aebb5865f649b554ac') in 0.007 seconds [static and dynamic dependencies]. Details - ImportResultOutputID=2936569ef6231a7c1d3da78c6f73bba3 DependenciesID=29c877dd80ec85c2418f894b4018e67b StaticDependenciesID=ad0b8bef5bd15c7e4b8ee11a7e6ab1dd 
Number of updated asset objects reloaded before import = 0
Number of asset objects unloaded after import = 1
========================================================================
Received Import Request.
  Time of request: 2026-09-06T07:59:57.2829617Z
  Time since last request: 0.0004108 seconds.
  importAddress: GUID: fd0f968f285cfdd48aa6d1e9bf2a599f - Path: Packages/com.unity.splines/Runtime/SplineUtility.cs - Importer: ScriptedImporter/UnityEditor.QuickSearchModule:UnityEditor.Search:ASIAI0B
Importing 'GUID: fd0f968f285cfdd48aa6d1e9bf2a599f - Path: Packages/com.unity.splines/Runtime/SplineUtility.cs - Importer: ScriptedImporter/UnityEditor.QuickSearchModule:UnityEditor.Search:ASIAI0B' with importer (ScriptedImporter : UnityEditor.QuickSearchModule:UnityEditor.Search:ASIAI0B)
Imported 'GUID: fd0f968f285cfdd48aa6d1e9bf2a599f' -> (Import Result ID: 'd6a61eb0e7677daf381a3a2aa03294f5') in 0.004 seconds [static and dynamic dependencies]. Details - ImportResultOutputID=ffdfc3d013f1a1a36780c6c3fd0c1973 DependenciesID=6a3f07891d34f726e67d4b2711695b70 StaticDependenciesID=719bef4615b23c3f0eb1ccb6d743da14 
Number of updated asset objects reloaded before import = 0
Number of asset objects unloaded after import = 0
========================================================================
Received Import Request.
  Time of request: 2026-09-06T07:59:57.2999399Z
  Time since last request: 0.0006108 seconds.
  importAddress: GUID: 301668ae6bb52f14895c8817802d071e - Path: Assets/Starter Assets/Sample/Environment/Art/Materials/URP_HDRP_ShaderGraph - Importer: ScriptedImporter/UnityEditor.QuickSearchModule:UnityEditor.Search:ASIAI0B
Importing 'GUID: 301668ae6bb52f14895c8817802d071e - Path: Assets/Starter Assets/Sample/Environment/Art/Materials/URP_HDRP_ShaderGraph - Importer: ScriptedImporter/UnityEditor.QuickSearchModule:UnityEditor.Search:ASIAI0B' with importer (ScriptedImporter : UnityEditor.QuickSearchModule:UnityEditor.Search:ASIAI0B)
Imported 'GUID: 301668ae6bb52f14895c8817802d071e' -> (Import Result ID: '04fce690159edfaabe7288bc4f85c933') in 0.004 seconds [static and dynamic dependencies]. Details - ImportResultOutputID=d19b7ed9edfcf167923aeabb7646fc3f DependenciesID=d780058ea95ff9ac374bbcb0a2e2c518 StaticDependenciesID=a07062400d8d33ad31c4139b7e275797 
Number of updated asset objects reloaded before import = 0
Number of asset objects unloaded after import = 1
========================================================================
Received Import Request.
  Time of request: 2026-09-06T07:59:57.3156977Z
  Time since last request: 0.0007768 seconds.
  importAddress: GUID: f6c3a7d69c184234aa62f8824b9f7d08 - Path: Packages/com.unity.cinemachine/Editor/PropertyDrawers/HideFoldoutPropertyDrawer.cs - Importer: ScriptedImporter/UnityEditor.QuickSearchModule:UnityEditor.Search:ASIAI0B
Importing 'GUID: f6c3a7d69c184234aa62f8824b9f7d08 - Path: Packages/com.unity.cinemachine/Editor/PropertyDrawers/HideFoldoutPropertyDrawer.cs - Importer: ScriptedImporter/UnityEditor.QuickSearchModule:UnityEditor.Search:ASIAI0B' with importer (ScriptedImporter : UnityEditor.QuickSearchModule:UnityEditor.Search:ASIAI0B)
Imported 'GUID: f6c3a7d69c184234aa62f8824b9f7d08' -> (Import Result ID: '2cd4289c9eb2b710e13c2c5c3dd470f5') in 0.004 seconds [static and dynamic dependencies]. Details - ImportResultOutputID=52da9e676469f049d5d12a6723e3ce32 DependenciesID=d62f359144fb865dc026e7d7e538e4e8 StaticDependenciesID=5ad2090a42af58aebe9912cb4ba0d86f 
Number of updated asset objects reloaded before import = 0
Number of asset objects unloaded after import = 0
========================================================================
Received Import Request.
  Time of request: 2026-09-06T07:59:57.3315683Z
  Time since last request: 0.0003846 seconds.
  importAddress: GUID: 5356d1db487a5284fb27af2798adad33 - Path: Packages/com.unity.cinemachine/Runtime/Timeline/CinemachineShotPlayable.cs - Importer: ScriptedImporter/UnityEditor.QuickSearchModule:UnityEditor.Search:ASIAI0B
Importing 'GUID: 5356d1db487a5284fb27af2798adad33 - Path: Packages/com.unity.cinemachine/Runtime/Timeline/CinemachineShotPlayable.cs - Importer: ScriptedImporter/UnityEditor.QuickSearchModule:UnityEditor.Search:ASIAI0B' with importer (ScriptedImporter : UnityEditor.QuickSearchModule:UnityEditor.Search:ASIAI0B)
Imported 'GUID: 5356d1db487a5284fb27af2798adad33' -> (Import Result ID: '2aa674b0e89a4bd32ab5495e8839c73b') in 0.005 seconds [static and dynamic dependencies]. Details - ImportResultOutputID=264933cc6e3c85f070dfe70aa8d683b4 DependenciesID=8fbfa9e99f400cec7ef1d3869c1a2e1a StaticDependenciesID=5d61d518cea4d4e17285cb7807014dbc 
Number of updated asset objects reloaded before import = 0
Number of asset objects unloaded after import = 0
========================================================================
Received Import Request.
  Time of request: 2026-09-06T07:59:57.3479078Z
  Time since last request: 0.0007152 seconds.
  importAddress: GUID: a297feea4ef24434e8c5465fdf835a77 - Path: Packages/com.unity.cinemachine/Editor/EditorResources/Icons/Dark/CmCamera@256.png - Importer: ScriptedImporter/UnityEditor.QuickSearchModule:UnityEditor.Search:ASIAI0B
Importing 'GUID: a297feea4ef24434e8c5465fdf835a77 - Path: Packages/com.unity.cinemachine/Editor/EditorResources/Icons/Dark/CmCamera@256.png - Importer: ScriptedImporter/UnityEditor.QuickSearchModule:UnityEditor.Search:ASIAI0B' with importer (ScriptedImporter : UnityEditor.QuickSearchModule:UnityEditor.Search:ASIAI0B)
Imported 'GUID: a297feea4ef24434e8c5465fdf835a77' -> (Import Result ID: '444cb1a1f56d13270f1c95fbd8f05f52') in 0.008 seconds [static and dynamic dependencies]. Details - ImportResultOutputID=5b4c2f1b13c4f20885829da6fe91c9df DependenciesID=0b5c4ecebd49d80dc3bb2a04d840f16b StaticDependenciesID=928dbfa61ad571edd947d73cf7255feb 
Number of updated asset objects reloaded before import = 0
Number of asset objects unloaded after import = 1
========================================================================
Received Import Request.
  Time of request: 2026-09-06T07:59:57.3670813Z
  Time since last request: 0.0005 seconds.
  importAddress: GUID: d075d680cccac4178aca7c82f2c05556 - Path: Assets/Starter Assets/Sample/Environment/RenderPipelineProfiles/StarterAssetsURPGlobalSettings.asset - Importer: ScriptedImporter/UnityEditor.QuickSearchModule:UnityEditor.Search:ASIAI0B
Importing 'GUID: d075d680cccac4178aca7c82f2c05556 - Path: Assets/Starter Assets/Sample/Environment/RenderPipelineProfiles/StarterAssetsURPGlobalSettings.asset - Importer: ScriptedImporter/UnityEditor.QuickSearchModule:UnityEditor.Search:ASIAI0B' with importer (ScriptedImporter : UnityEditor.QuickSearchModule:UnityEditor.Search:ASIAI0B)
Imported 'GUID: d075d680cccac4178aca7c82f2c05556' -> (Import Result ID: 'e805e602129e1b95c7ee901433e81b98') in 0.014 seconds [static and dynamic dependencies]. Details - ImportResultOutputID=998505d10e5809c0c2f689c0951934ac DependenciesID=16b06dc995378efd612772301019f4d0 StaticDependenciesID=587149a86620760652d099b3f6e3c805 
Number of updated asset objects reloaded before import = 0
Number of asset objects unloaded after import = 21
========================================================================
Received Import Request.
  Time of request: 2026-09-06T07:59:57.3925042Z
  Time since last request: 0.0003759 seconds.
  importAddress: GUID: e61aeb7487ccb5e4fb6d45036e33fb7b - Path: Assets/Starter Assets/Sample/Environment/Shaders/Built-in_RP/Triplanar.shader - Importer: ScriptedImporter/UnityEditor.QuickSearchModule:UnityEditor.Search:ASIAI0B
Importing 'GUID: e61aeb7487ccb5e4fb6d45036e33fb7b - Path: Assets/Starter Assets/Sample/Environment/Shaders/Built-in_RP/Triplanar.shader - Importer: ScriptedImporter/UnityEditor.QuickSearchModule:UnityEditor.Search:ASIAI0B' with importer (ScriptedImporter : UnityEditor.QuickSearchModule:UnityEditor.Search:ASIAI0B)
Imported 'GUID: e61aeb7487ccb5e4fb6d45036e33fb7b' -> (Import Result ID: 'edb9702af3751498db2ef282c8a1c9f1') in 0.009 seconds [static and dynamic dependencies]. Details - ImportResultOutputID=69ad32d4ea83b461a30fe5a737185c64 DependenciesID=17ac0990aff7f144aa58779318fb170c StaticDependenciesID=524a3d179ba0b7924d79d284b9871739 
Number of updated asset objects reloaded before import = 0
Number of asset objects unloaded after import = 1
========================================================================
Received Import Request.
  Time of request: 2026-09-06T07:59:57.4125078Z
  Time since last request: 0.0003574 seconds.
  importAddress: GUID: cd1b3b6848c215f4cba3ace2c38f9bce - Path: Packages/com.unity.cinemachine/Editor/Obsolete/OrbitalTransposerHeadingPropertyDrawer.cs - Importer: ScriptedImporter/UnityEditor.QuickSearchModule:UnityEditor.Search:ASIAI0B
Importing 'GUID: cd1b3b6848c215f4cba3ace2c38f9bce - Path: Packages/com.unity.cinemachine/Editor/Obsolete/OrbitalTransposerHeadingPropertyDrawer.cs - Importer: ScriptedImporter/UnityEditor.QuickSearchModule:UnityEditor.Search:ASIAI0B' with importer (ScriptedImporter : UnityEditor.QuickSearchModule:UnityEditor.Search:ASIAI0B)
Imported 'GUID: cd1b3b6848c215f4cba3ace2c38f9bce' -> (Import Result ID: '9c721f37b7091badc486eb5905c6d3e1') in 0.005 seconds [static and dynamic dependencies]. Details - ImportResultOutputID=18c473461821e0ad4d857624910f1ed6 DependenciesID=7990d16bd920837523f6e1d938d86f7e StaticDependenciesID=a7e9b831f85f8193af990b356e62e32b 
Number of updated asset objects reloaded before import = 0
Number of asset objects unloaded after import = 0
========================================================================
Received Import Request.
  Time of request: 2026-09-06T07:59:57.4297301Z
  Time since last request: 0.0004649 seconds.
  importAddress: GUID: a3194b8bbc96ef84fab1f98f4b7dae3e - Path: Assets/Starter Assets/Runtime/ThirdPersonController/Character/Sfx/Player_Footstep_10.wav - Importer: ScriptedImporter/UnityEditor.QuickSearchModule:UnityEditor.Search:ASIAI0B
Importing 'GUID: a3194b8bbc96ef84fab1f98f4b7dae3e - Path: Assets/Starter Assets/Runtime/ThirdPersonController/Character/Sfx/Player_Footstep_10.wav - Importer: ScriptedImporter/UnityEditor.QuickSearchModule:UnityEditor.Search:ASIAI0B' with importer (ScriptedImporter : UnityEditor.QuickSearchModule:UnityEditor.Search:ASIAI0B)
Imported 'GUID: a3194b8bbc96ef84fab1f98f4b7dae3e' -> (Import Result ID: 'a3d5daf5d7450b5b93f0b968556748df') in 0.006 seconds [static and dynamic dependencies]. Details - ImportResultOutputID=03bd2e1c877726be097d138ec76b63dc DependenciesID=5f9b97d8bbd4b087d62e6660a8f8c791 StaticDependenciesID=6da16016f768c759c84e3bd0cdbc48fa 
Number of updated asset objects reloaded before import = 0
Number of asset objects unloaded after import = 1
========================================================================
Received Import Request.
  Time of request: 2026-09-06T07:59:57.4474397Z
  Time since last request: 0.0004257 seconds.
  importAddress: GUID: 55919ac34a26952479f3fc91f777b2fa - Path: Assets/Starter Assets/Runtime/FirstPersonController/Scripts/FirstPersonController.cs - Importer: ScriptedImporter/UnityEditor.QuickSearchModule:UnityEditor.Search:ASIAI0B
Importing 'GUID: 55919ac34a26952479f3fc91f777b2fa - Path: Assets/Starter Assets/Runtime/FirstPersonController/Scripts/FirstPersonController.cs - Importer: ScriptedImporter/UnityEditor.QuickSearchModule:UnityEditor.Search:ASIAI0B' with importer (ScriptedImporter : UnityEditor.QuickSearchModule:UnityEditor.Search:ASIAI0B)
Imported 'GUID: 55919ac34a26952479f3fc91f777b2fa' -> (Import Result ID: 'b28f75f981f5bf44b9209b6f1c9b4d74') in 0.003 seconds [static and dynamic dependencies]. Details - ImportResultOutputID=3da121fa115faa233726a82e21e5b3b0 DependenciesID=786a9313bed8889aa728472124254b1f StaticDependenciesID=80639783d8fcc20410360e92c09e70ae 
Number of updated asset objects reloaded before import = 0
Number of asset objects unloaded after import = 0
========================================================================
Received Import Request.
  Time of request: 2026-09-06T07:59:57.4655646Z
  Time since last request: 0.0007147 seconds.
  importAddress: GUID: fbb7a4425fc8e4e5bb4f932ae7f52073 - Path: Packages/com.unity.splines/Editor/Editor Resources/Icons/SplineContext.png - Importer: ScriptedImporter/UnityEditor.QuickSearchModule:UnityEditor.Search:ASIAI0B
Importing 'GUID: fbb7a4425fc8e4e5bb4f932ae7f52073 - Path: Packages/com.unity.splines/Editor/Editor Resources/Icons/SplineContext.png - Importer: ScriptedImporter/UnityEditor.QuickSearchModule:UnityEditor.Search:ASIAI0B' with importer (ScriptedImporter : UnityEditor.QuickSearchModule:UnityEditor.Search:ASIAI0B)
Imported 'GUID: fbb7a4425fc8e4e5bb4f932ae7f52073' -> (Import Result ID: 'bbd96aeb25cb7e79b13e2fe22dc0ad70') in 0.007 seconds [static and dynamic dependencies]. Details - ImportResultOutputID=e53f94f6bb59d08ada36e2ccbd28a08c DependenciesID=ecc6101729b1b57a8405077532bfa655 StaticDependenciesID=0f2802df7a5fc018ae63db959125af44 
Number of updated asset objects reloaded before import = 0
Number of asset objects unloaded after import = 1
========================================================================
Received Import Request.
  Time of request: 2026-09-06T07:59:57.4846675Z
  Time since last request: 0.0005973 seconds.
  importAddress: GUID: b7ff2a01b79594de080bb89895f6e5ed - Path: Packages/com.unity.cinemachine/ValidationExceptions.json - Importer: ScriptedImporter/UnityEditor.QuickSearchModule:UnityEditor.Search:ASIAI0B
Importing 'GUID: b7ff2a01b79594de080bb89895f6e5ed - Path: Packages/com.unity.cinemachine/ValidationExceptions.json - Importer: ScriptedImporter/UnityEditor.QuickSearchModule:UnityEditor.Search:ASIAI0B' with importer (ScriptedImporter : UnityEditor.QuickSearchModule:UnityEditor.Search:ASIAI0B)
Imported 'GUID: b7ff2a01b79594de080bb89895f6e5ed' -> (Import Result ID: '6d19fb44312aa415300f116e9f81635c') in 0.005 seconds [static and dynamic dependencies]. Details - ImportResultOutputID=06cf14eaf742d6ae8bf3c07b269b56d4 DependenciesID=db63ecab2c442d096bb36b380a416a70 StaticDependenciesID=4f1d61e57e7d2532c5e44f69987270eb 
Number of updated asset objects reloaded before import = 0
Number of asset objects unloaded after import = 1
========================================================================
Received Import Request.
  Time of request: 2026-09-06T07:59:57.5272197Z
  Time since last request: 0.025863 seconds.
  importAddress: GUID: 95387f7c3fe4a9d4b83609182233c511 - Path: Packages/com.unity.cinemachine/Runtime/Core/InputAxisControllerBase.cs - Importer: ScriptedImporter/UnityEditor.QuickSearchModule:UnityEditor.Search:ASIAI0B
Importing 'GUID: 95387f7c3fe4a9d4b83609182233c511 - Path: Packages/com.unity.cinemachine/Runtime/Core/InputAxisControllerBase.cs - Importer: ScriptedImporter/UnityEditor.QuickSearchModule:UnityEditor.Search:ASIAI0B' with importer (ScriptedImporter : UnityEditor.QuickSearchModule:UnityEditor.Search:ASIAI0B)
Imported 'GUID: 95387f7c3fe4a9d4b83609182233c511' -> (Import Result ID: 'cb804caa193aad304b857c927df249ee') in 0.004 seconds [static and dynamic dependencies]. Details - ImportResultOutputID=98aa7e84bb2a4dae7cf7135278a6644b DependenciesID=99b14b957f707507781b4a606853fd9a StaticDependenciesID=d5b37f7efca7cc18c3267e5b5f7c379f 
Number of updated asset objects reloaded before import = 0
Number of asset objects unloaded after import = 0
========================================================================
Received Import Request.
  Time of request: 2026-09-06T07:59:57.5412278Z
  Time since last request: 0.0004701 seconds.
  importAddress: GUID: 3adf4b57b2fccae47aaac19bb6c0cbd2 - Path: Packages/com.unity.cinemachine/Runtime/Helpers/CinemachineCameraManagerEvents.cs - Importer: ScriptedImporter/UnityEditor.QuickSearchModule:UnityEditor.Search:ASIAI0B
Importing 'GUID: 3adf4b57b2fccae47aaac19bb6c0cbd2 - Path: Packages/com.unity.cinemachine/Runtime/Helpers/CinemachineCameraManagerEvents.cs - Importer: ScriptedImporter/UnityEditor.QuickSearchModule:UnityEditor.Search:ASIAI0B' with importer (ScriptedImporter : UnityEditor.QuickSearchModule:UnityEditor.Search:ASIAI0B)
Imported 'GUID: 3adf4b57b2fccae47aaac19bb6c0cbd2' -> (Import Result ID: '1940efcf136cff70f00f0c28dbbae7f1') in 0.007 seconds [static and dynamic dependencies]. Details - ImportResultOutputID=9bc5b731745dbb1fe637da872e2721e8 DependenciesID=b7ec3146cbe38493606464f62c22469c StaticDependenciesID=05a57c31994b02b41d4c3ad539dcb269 
Number of updated asset objects reloaded before import = 0
Number of asset objects unloaded after import = 1
========================================================================
Received Import Request.
  Time of request: 2026-09-06T07:59:57.562651Z
  Time since last request: 0.000215 seconds.
  importAddress: GUID: a9664a4a45abdb3488bb9916e15748a0 - Path: Packages/com.unity.splines/Editor/Tools - Importer: ScriptedImporter/UnityEditor.QuickSearchModule:UnityEditor.Search:ASIAI0B
Importing 'GUID: a9664a4a45abdb3488bb9916e15748a0 - Path: Packages/com.unity.splines/Editor/Tools - Importer: ScriptedImporter/UnityEditor.QuickSearchModule:UnityEditor.Search:ASIAI0B' with importer (ScriptedImporter : UnityEditor.QuickSearchModule:UnityEditor.Search:ASIAI0B)
Imported 'GUID: a9664a4a45abdb3488bb9916e15748a0' -> (Import Result ID: '93e462854931e697a34da64dc484b704') in 0.004 seconds [static and dynamic dependencies]. Details - ImportResultOutputID=130bd6936ff67df9269ff9e4241b690e DependenciesID=5bc577873e6648ee1dcfca0dd1149da9 StaticDependenciesID=c360f05a5116d2994453d78874911f82 
Number of updated asset objects reloaded before import = 0
Number of asset objects unloaded after import = 1
========================================================================
Received Import Request.
  Time of request: 2026-09-06T07:59:57.5786445Z
  Time since last request: 0.0007558 seconds.
  importAddress: GUID: b0fa70abd2a79904cb00b175dfd8ec7e - Path: Assets/Starter Assets/Runtime/Mobile/UI/Images/UI_Icon_Sprint.png - Importer: ScriptedImporter/UnityEditor.QuickSearchModule:UnityEditor.Search:ASIAI0B
Importing 'GUID: b0fa70abd2a79904cb00b175dfd8ec7e - Path: Assets/Starter Assets/Runtime/Mobile/UI/Images/UI_Icon_Sprint.png - Importer: ScriptedImporter/UnityEditor.QuickSearchModule:UnityEditor.Search:ASIAI0B' with importer (ScriptedImporter : UnityEditor.QuickSearchModule:UnityEditor.Search:ASIAI0B)
Imported 'GUID: b0fa70abd2a79904cb00b175dfd8ec7e' -> (Import Result ID: '074de134b2fad1970468779027ffe72d') in 0.010 seconds [static and dynamic dependencies]. Details - ImportResultOutputID=1bf9d278607c9434609f385ef83db51f DependenciesID=27647a55e3c5c911b8c57fe9ab4a6bc0 StaticDependenciesID=e39bbd310abf9f098da492aa5e9159ed 
Number of updated asset objects reloaded before import = 0
Number of asset objects unloaded after import = 3
========================================================================
Received Import Request.
  Time of request: 2026-09-06T07:59:57.6005443Z
  Time since last request: 0.0005259 seconds.
  importAddress: GUID: fe05288aca2f31443877a786e771100f - Path: Assets/Starter Assets/Sample/Environment/RenderPipelineProfiles/StarterAssetsHDRPVolumeProfile.asset - Importer: ScriptedImporter/UnityEditor.QuickSearchModule:UnityEditor.Search:ASIAI0B
Importing 'GUID: fe05288aca2f31443877a786e771100f - Path: Assets/Starter Assets/Sample/Environment/RenderPipelineProfiles/StarterAssetsHDRPVolumeProfile.asset - Importer: ScriptedImporter/UnityEditor.QuickSearchModule:UnityEditor.Search:ASIAI0B' with importer (ScriptedImporter : UnityEditor.QuickSearchModule:UnityEditor.Search:ASIAI0B)
Imported 'GUID: fe05288aca2f31443877a786e771100f' -> (Import Result ID: '337195fdcd5ea4171dbc2afbbe97ba80') in 0.006 seconds [static and dynamic dependencies]. Details - ImportResultOutputID=4ae9f825ff61be2ae76d78556c63c49c DependenciesID=166928a8d54ebaf748834ad4db83d9b3 StaticDependenciesID=fd97313424422f67966478cea2f453ce 
Number of updated asset objects reloaded before import = 0
Number of asset objects unloaded after import = 10
========================================================================
Received Import Request.
  Time of request: 2026-09-06T07:59:57.6180082Z
  Time since last request: 0.000031 seconds.
  importAddress: GUID: 1ba619ac94989d64f8dbd7c7d5144944 - Path: Packages/com.unity.cinemachine/Editor/Editors/CinemachineBrainEventsEditor.cs - Importer: ScriptedImporter/UnityEditor.QuickSearchModule:UnityEditor.Search:ASIAI0B
Importing 'GUID: 1ba619ac94989d64f8dbd7c7d5144944 - Path: Packages/com.unity.cinemachine/Editor/Editors/CinemachineBrainEventsEditor.cs - Importer: ScriptedImporter/UnityEditor.QuickSearchModule:UnityEditor.Search:ASIAI0B' with importer (ScriptedImporter : UnityEditor.QuickSearchModule:UnityEditor.Search:ASIAI0B)
Imported 'GUID: 1ba619ac94989d64f8dbd7c7d5144944' -> (Import Result ID: '853c6faa587ff540835b0e914375f9f0') in 0.004 seconds [static and dynamic dependencies]. Details - ImportResultOutputID=a3b094c68e06e20aeaf0eb034c843cfc DependenciesID=fef26bf819606c1486f1b1af9373a134 StaticDependenciesID=dc9c8dc7fff49bee176e6b5bc6965b2c 
Number of updated asset objects reloaded before import = 0
Number of asset objects unloaded after import = 0
========================================================================
Received Import Request.
  Time of request: 2026-09-06T07:59:57.6342835Z
  Time since last request: 0.0007037 seconds.
  importAddress: GUID: 4700f9f03ad19f94baf0367cb7a9c988 - Path: Packages/com.unity.cinemachine/Runtime/Behaviours/CinemachineFollowZoom.cs - Importer: ScriptedImporter/UnityEditor.QuickSearchModule:UnityEditor.Search:ASIAI0B
Importing 'GUID: 4700f9f03ad19f94baf0367cb7a9c988 - Path: Packages/com.unity.cinemachine/Runtime/Behaviours/CinemachineFollowZoom.cs - Importer: ScriptedImporter/UnityEditor.QuickSearchModule:UnityEditor.Search:ASIAI0B' with importer (ScriptedImporter : UnityEditor.QuickSearchModule:UnityEditor.Search:ASIAI0B)
Imported 'GUID: 4700f9f03ad19f94baf0367cb7a9c988' -> (Import Result ID: '0795b7921a81a392c9843d462e8c126a') in 0.006 seconds [static and dynamic dependencies]. Details - ImportResultOutputID=683f204482f2d5671230adbbb4914233 DependenciesID=d2309e0db1fe182b7d532b6d213164b9 StaticDependenciesID=fdbf47993569e74cfcbcee3b242ab5af 
Number of updated asset objects reloaded before import = 0
Number of asset objects unloaded after import = 1
========================================================================
Received Import Request.
  Time of request: 2026-09-06T07:59:57.6522548Z
  Time since last request: 0.0008713 seconds.
  importAddress: GUID: 24ec24775a1b45e4ea81ac13002dee32 - Path: Packages/com.unity.cinemachine/Editor/SaveDuringPlay/SaveDuringPlay.cs - Importer: ScriptedImporter/UnityEditor.QuickSearchModule:UnityEditor.Search:ASIAI0B
Importing 'GUID: 24ec24775a1b45e4ea81ac13002dee32 - Path: Packages/com.unity.cinemachine/Editor/SaveDuringPlay/SaveDuringPlay.cs - Importer: ScriptedImporter/UnityEditor.QuickSearchModule:UnityEditor.Search:ASIAI0B' with importer (ScriptedImporter : UnityEditor.QuickSearchModule:UnityEditor.Search:ASIAI0B)
Imported 'GUID: 24ec24775a1b45e4ea81ac13002dee32' -> (Import Result ID: '9a5199e7193adc8a8c41d0ff5f1f84d8') in 0.005 seconds [static and dynamic dependencies]. Details - ImportResultOutputID=396883e0313e80a865a44e219b6a383f DependenciesID=714a1ec9d0ebd1566a7def56caccd5d5 StaticDependenciesID=c6b929fbd09e05ff6f9ef1e3cb69ea4d 
Number of updated asset objects reloaded before import = 0
Number of asset objects unloaded after import = 0
========================================================================
Received Import Request.
  Time of request: 2026-09-06T07:59:57.6687716Z
  Time since last request: 0.0004651 seconds.
  importAddress: GUID: 7ae4eee88f0f347c0adb6efc7d193d00 - Path: Packages/com.unity.splines/Editor/Editor Resources/Textures/TangentLineAATex.png - Importer: ScriptedImporter/UnityEditor.QuickSearchModule:UnityEditor.Search:ASIAI0B
Importing 'GUID: 7ae4eee88f0f347c0adb6efc7d193d00 - Path: Packages/com.unity.splines/Editor/Editor Resources/Textures/TangentLineAATex.png - Importer: ScriptedImporter/UnityEditor.QuickSearchModule:UnityEditor.Search:ASIAI0B' with importer (ScriptedImporter : UnityEditor.QuickSearchModule:UnityEditor.Search:ASIAI0B)
Imported 'GUID: 7ae4eee88f0f347c0adb6efc7d193d00' -> (Import Result ID: 'ab34aed56acf445123381ee99539035b') in 0.008 seconds [static and dynamic dependencies]. Details - ImportResultOutputID=62cc6aea755471e335ddac3b86a38d7a DependenciesID=f251d3b07db6a3c40edbc3965087b7b1 StaticDependenciesID=3d84bafecc0a4e65bedf859732217a40 
Number of updated asset objects reloaded before import = 0
Number of asset objects unloaded after import = 1
========================================================================
Received Import Request.
  Time of request: 2026-09-06T07:59:57.6891236Z
  Time since last request: 0.0004083 seconds.
  importAddress: GUID: 67f8499b5fecb4d56acff5d9ff6e15bf - Path: Packages/com.unity.splines/Editor/Editor Resources/Icons/d_AutoSmoothKnot On.png - Importer: ScriptedImporter/UnityEditor.QuickSearchModule:UnityEditor.Search:ASIAI0B
Importing 'GUID: 67f8499b5fecb4d56acff5d9ff6e15bf - Path: Packages/com.unity.splines/Editor/Editor Resources/Icons/d_AutoSmoothKnot On.png - Importer: ScriptedImporter/UnityEditor.QuickSearchModule:UnityEditor.Search:ASIAI0B' with importer (ScriptedImporter : UnityEditor.QuickSearchModule:UnityEditor.Search:ASIAI0B)
Imported 'GUID: 67f8499b5fecb4d56acff5d9ff6e15bf' -> (Import Result ID: '54d23536529d3e4ff2fc713a5760b018') in 0.007 seconds [static and dynamic dependencies]. Details - ImportResultOutputID=46e584c97d53139595b284dd2421ef47 DependenciesID=68720ea0634651a78fb359de31c7bada StaticDependenciesID=e7576b4739a74154dc50269a8568a2e4 
Number of updated asset objects reloaded before import = 0
Number of asset objects unloaded after import = 1
========================================================================
Received Import Request.
  Time of request: 2026-09-06T07:59:57.7095837Z
  Time since last request: 0.0003918 seconds.
  importAddress: GUID: 00b2d199b96b516448144ab30fb26aed - Path: Packages/com.unity.cinemachine/Runtime/Impulse/CinemachineImpulseListener.cs - Importer: ScriptedImporter/UnityEditor.QuickSearchModule:UnityEditor.Search:ASIAI0B
Importing 'GUID: 00b2d199b96b516448144ab30fb26aed - Path: Packages/com.unity.cinemachine/Runtime/Impulse/CinemachineImpulseListener.cs - Importer: ScriptedImporter/UnityEditor.QuickSearchModule:UnityEditor.Search:ASIAI0B' with importer (ScriptedImporter : UnityEditor.QuickSearchModule:UnityEditor.Search:ASIAI0B)
Imported 'GUID: 00b2d199b96b516448144ab30fb26aed' -> (Import Result ID: '91d4ee032d1b629a00bfb998da7a4b13') in 0.007 seconds [static and dynamic dependencies]. Details - ImportResultOutputID=9ce8b678492d7d8a3efadab2805413f7 DependenciesID=c98ec72c4a187ed64230c2bd166de23d StaticDependenciesID=474aa2853f3457c9c78952998d055e6c 
Number of updated asset objects reloaded before import = 0
Number of asset objects unloaded after import = 1
========================================================================
Received Import Request.
  Time of request: 2026-09-06T07:59:57.7279403Z
  Time since last request: 0.000376 seconds.
  importAddress: GUID: 3c033631149b9c541bcf155cd94cccba - Path: Assets/Starter Assets/Runtime/ThirdPersonController/Character/Animations/Locomotion--Run_N_Land.anim.fbx - Importer: ScriptedImporter/UnityEditor.QuickSearchModule:UnityEditor.Search:ASIAI0B
Importing 'GUID: 3c033631149b9c541bcf155cd94cccba - Path: Assets/Starter Assets/Runtime/ThirdPersonController/Character/Animations/Locomotion--Run_N_Land.anim.fbx - Importer: ScriptedImporter/UnityEditor.QuickSearchModule:UnityEditor.Search:ASIAI0B' with importer (ScriptedImporter : UnityEditor.QuickSearchModule:UnityEditor.Search:ASIAI0B)
Imported 'GUID: 3c033631149b9c541bcf155cd94cccba' -> (Import Result ID: '6657b9032282b7c8721d42a91e118642') in 0.012 seconds [static and dynamic dependencies]. Details - ImportResultOutputID=82a16278d62e6af379b6aacff3bd010e DependenciesID=9aeea55604e2bc0a847a1fa0273619d6 StaticDependenciesID=99043744cb809885a650a8fc8a894cfe 
Number of updated asset objects reloaded before import = 0
Number of asset objects unloaded after import = 144
========================================================================
Received Import Request.
  Time of request: 2026-09-06T07:59:57.7517852Z
  Time since last request: 0.00019 seconds.
  importAddress: GUID: b2c5d9c39850da946ae135dcb57faaea - Path: Assets/Starter Assets/Runtime/ThirdPersonController/Character/Textures/Armature_Legs_Normal.tif - Importer: ScriptedImporter/UnityEditor.QuickSearchModule:UnityEditor.Search:ASIAI0B
Importing 'GUID: b2c5d9c39850da946ae135dcb57faaea - Path: Assets/Starter Assets/Runtime/ThirdPersonController/Character/Textures/Armature_Legs_Normal.tif - Importer: ScriptedImporter/UnityEditor.QuickSearchModule:UnityEditor.Search:ASIAI0B' with importer (ScriptedImporter : UnityEditor.QuickSearchModule:UnityEditor.Search:ASIAI0B)
Imported 'GUID: b2c5d9c39850da946ae135dcb57faaea' -> (Import Result ID: 'db6d295a03dd8f5d69d469dac1578892') in 0.011 seconds [static and dynamic dependencies]. Details - ImportResultOutputID=50570c25ae3799a09d825d0bf08d0981 DependenciesID=cec287512b30fbde474ec072d613c113 StaticDependenciesID=a87fb4482199fb39f3938dbdf3a43460 
Number of updated asset objects reloaded before import = 0
Number of asset objects unloaded after import = 1
========================================================================
Received Import Request.
  Time of request: 2026-09-06T07:59:57.7761319Z
  Time since last request: 0.0005188 seconds.
  importAddress: GUID: 004689f31515e42c5b09455132176233 - Path: Packages/com.unity.cinemachine/Runtime/ThirdParty/Clipper.Minkowski.cs - Importer: ScriptedImporter/UnityEditor.QuickSearchModule:UnityEditor.Search:ASIAI0B
Importing 'GUID: 004689f31515e42c5b09455132176233 - Path: Packages/com.unity.cinemachine/Runtime/ThirdParty/Clipper.Minkowski.cs - Importer: ScriptedImporter/UnityEditor.QuickSearchModule:UnityEditor.Search:ASIAI0B' with importer (ScriptedImporter : UnityEditor.QuickSearchModule:UnityEditor.Search:ASIAI0B)
Imported 'GUID: 004689f31515e42c5b09455132176233' -> (Import Result ID: 'f8ad08e9a183682b6c96b5d0df6f4dbf') in 0.005 seconds [static and dynamic dependencies]. Details - ImportResultOutputID=9d5cfcc07f903d86edab47d0cb4b3a02 DependenciesID=6dade8896aa964803efd4e9f2a1e8972 StaticDependenciesID=8653af1eb834e7b133e8c3619c5b45e2 
Number of updated asset objects reloaded before import = 0
Number of asset objects unloaded after import = 0
========================================================================
Received Import Request.
  Time of request: 2026-09-06T07:59:57.7925138Z
  Time since last request: 0.0003734 seconds.
  importAddress: GUID: bfff06aaff363a847ad37bf592364e6b - Path: Assets/Starter Assets/Sample/Environment/Art/Models/Ramp_100x100x200_Mesh.fbx - Importer: ScriptedImporter/UnityEditor.QuickSearchModule:UnityEditor.Search:ASIAI0B
Importing 'GUID: bfff06aaff363a847ad37bf592364e6b - Path: Assets/Starter Assets/Sample/Environment/Art/Models/Ramp_100x100x200_Mesh.fbx - Importer: ScriptedImporter/UnityEditor.QuickSearchModule:UnityEditor.Search:ASIAI0B' with importer (ScriptedImporter : UnityEditor.QuickSearchModule:UnityEditor.Search:ASIAI0B)
Imported 'GUID: bfff06aaff363a847ad37bf592364e6b' -> (Import Result ID: '4230abc8dbb7800ee0357d4238d1557b') in 0.014 seconds [static and dynamic dependencies]. Details - ImportResultOutputID=232df5f245da7ee076d6a3caa896fdb2 DependenciesID=7a96c1c68b3938807d0cc4aead52ed87 StaticDependenciesID=c8aafae1d00c1cdf8cd5dd824aa4287a 
Number of updated asset objects reloaded before import = 0
Number of asset objects unloaded after import = 9
========================================================================
Received Import Request.
  Time of request: 2026-09-06T07:59:57.8174854Z
  Time since last request: 0.0003236 seconds.
  importAddress: GUID: dbf898c9f9c4a2d46aa6336e23caeb61 - Path: Assets/Starter Assets/Sample/Environment/Art/Materials/GridWhite_01_Mat.mat - Importer: ScriptedImporter/UnityEditor.QuickSearchModule:UnityEditor.Search:ASIAI0B
Importing 'GUID: dbf898c9f9c4a2d46aa6336e23caeb61 - Path: Assets/Starter Assets/Sample/Environment/Art/Materials/GridWhite_01_Mat.mat - Importer: ScriptedImporter/UnityEditor.QuickSearchModule:UnityEditor.Search:ASIAI0B' with importer (ScriptedImporter : UnityEditor.QuickSearchModule:UnityEditor.Search:ASIAI0B)
Imported 'GUID: dbf898c9f9c4a2d46aa6336e23caeb61' -> (Import Result ID: 'c5e6689db1fecc81fdf93be16bc46fda') in 0.012 seconds [static and dynamic dependencies]. Details - ImportResultOutputID=21e42d1be4b7096ebecd6251e4820771 DependenciesID=b7c49b55e82dd5159512964b1de19051 StaticDependenciesID=b929b2f1b5070aee2e4f465eb81fbc21 
Number of updated asset objects reloaded before import = 0
Number of asset objects unloaded after import = 5
========================================================================
Received Import Request.
  Time of request: 2026-09-06T07:59:57.8427974Z
  Time since last request: 0.0003044 seconds.
  importAddress: GUID: 29ae16933bbb94210b13408d3f86a072 - Path: Packages/com.unity.splines/Editor/GUI/ToolbarsOverlays/HandleRotationDropdown.cs - Importer: ScriptedImporter/UnityEditor.QuickSearchModule:UnityEditor.Search:ASIAI0B
Importing 'GUID: 29ae16933bbb94210b13408d3f86a072 - Path: Packages/com.unity.splines/Editor/GUI/ToolbarsOverlays/HandleRotationDropdown.cs - Importer: ScriptedImporter/UnityEditor.QuickSearchModule:UnityEditor.Search:ASIAI0B' with importer (ScriptedImporter : UnityEditor.QuickSearchModule:UnityEditor.Search:ASIAI0B)
Imported 'GUID: 29ae16933bbb94210b13408d3f86a072' -> (Import Result ID: '7e9357afecd18b0b8c4f880f37111732') in 0.006 seconds [static and dynamic dependencies]. Details - ImportResultOutputID=d9892420d994a5cf9a15cfabf08790ed DependenciesID=aa2c76e3f22a9fa722c0772fc99da4dd StaticDependenciesID=4fbd1eee0a346638f144e0b9fcf9484a 
Number of updated asset objects reloaded before import = 0
Number of asset objects unloaded after import = 0
========================================================================
Received Import Request.
  Time of request: 2026-09-06T07:59:57.8613611Z
  Time since last request: 0.000417 seconds.
  importAddress: GUID: 587a3b2c9ea604bcd075de2a12ec52f5 - Path: Packages/com.unity.splines - Importer: ScriptedImporter/UnityEditor.QuickSearchModule:UnityEditor.Search:ASIAI0B
Importing 'GUID: 587a3b2c9ea604bcd075de2a12ec52f5 - Path: Packages/com.unity.splines - Importer: ScriptedImporter/UnityEditor.QuickSearchModule:UnityEditor.Search:ASIAI0B' with importer (ScriptedImporter : UnityEditor.QuickSearchModule:UnityEditor.Search:ASIAI0B)
Imported 'GUID: 587a3b2c9ea604bcd075de2a12ec52f5' -> (Import Result ID: 'ee7c95ec18cfda29cd13fb078c08f098') in 0.003 seconds [static and dynamic dependencies]. Details - ImportResultOutputID=ca7ed9b75b2eeb48a4a760199c906d90 DependenciesID=b9353baca0b1cecf6cebb773af3732a7 StaticDependenciesID=f2d856a7707ab6d29ed53286db1b11ca 
Number of updated asset objects reloaded before import = 0
Number of asset objects unloaded after import = 1
========================================================================
Received Import Request.
  Time of request: 2026-09-06T07:59:57.8755136Z
  Time since last request: 0.0004383 seconds.
  importAddress: GUID: d01d6b9007f24984692322edf5415826 - Path: Packages/com.unity.splines/Editor/GUI/ToolbarsOverlays/TangentDrawer.cs - Importer: ScriptedImporter/UnityEditor.QuickSearchModule:UnityEditor.Search:ASIAI0B
Importing 'GUID: d01d6b9007f24984692322edf5415826 - Path: Packages/com.unity.splines/Editor/GUI/ToolbarsOverlays/TangentDrawer.cs - Importer: ScriptedImporter/UnityEditor.QuickSearchModule:UnityEditor.Search:ASIAI0B' with importer (ScriptedImporter : UnityEditor.QuickSearchModule:UnityEditor.Search:ASIAI0B)
Imported 'GUID: d01d6b9007f24984692322edf5415826' -> (Import Result ID: 'e3326bfbc3888b665655d5d83b552f85') in 0.004 seconds [static and dynamic dependencies]. Details - ImportResultOutputID=692fe1c8ec8aa5752aa348600c975891 DependenciesID=ebb965228a563f888c2dc077d5a62ac4 StaticDependenciesID=c2e846491a8d02f1e68ea5f20c155fd8 
Number of updated asset objects reloaded before import = 0
Number of asset objects unloaded after import = 0
========================================================================
Received Import Request.
  Time of request: 2026-09-06T07:59:57.8908971Z
  Time since last request: 0.0007034 seconds.
  importAddress: GUID: 486f5db2ff271d04185607a7d9a7a64c - Path: Packages/com.unity.cinemachine/Editor/SceneView - Importer: ScriptedImporter/UnityEditor.QuickSearchModule:UnityEditor.Search:ASIAI0B
Importing 'GUID: 486f5db2ff271d04185607a7d9a7a64c - Path: Packages/com.unity.cinemachine/Editor/SceneView - Importer: ScriptedImporter/UnityEditor.QuickSearchModule:UnityEditor.Search:ASIAI0B' with importer (ScriptedImporter : UnityEditor.QuickSearchModule:UnityEditor.Search:ASIAI0B)
Imported 'GUID: 486f5db2ff271d04185607a7d9a7a64c' -> (Import Result ID: 'a17587255ae27d754feb73bb74b7af34') in 0.003 seconds [static and dynamic dependencies]. Details - ImportResultOutputID=395983c34e4c8af28a771af6a534635f DependenciesID=679d969de51b167f1c4d5f1a4be6d7c7 StaticDependenciesID=142d2460d1823cb207a021031919f59a 
Number of updated asset objects reloaded before import = 0
Number of asset objects unloaded after import = 1
========================================================================
Received Import Request.
  Time of request: 2026-09-06T07:59:57.9080726Z
  Time since last request: 0.0004143 seconds.
  importAddress: GUID: 3958e97119b89b14893728476c991114 - Path: Packages/com.unity.cinemachine/license.txt - Importer: ScriptedImporter/UnityEditor.QuickSearchModule:UnityEditor.Search:ASIAI0B
Importing 'GUID: 3958e97119b89b14893728476c991114 - Path: Packages/com.unity.cinemachine/license.txt - Importer: ScriptedImporter/UnityEditor.QuickSearchModule:UnityEditor.Search:ASIAI0B' with importer (ScriptedImporter : UnityEditor.QuickSearchModule:UnityEditor.Search:ASIAI0B)
Imported 'GUID: 3958e97119b89b14893728476c991114' -> (Import Result ID: '1fb89dffb97b6d7d35901f4f0f736b3a') in 0.004 seconds [static and dynamic dependencies]. Details - ImportResultOutputID=235241ccc84904095f59943d148d2da8 DependenciesID=0da7af0465343f630cdc7e554ecb6b13 StaticDependenciesID=041fd185046eac4766895898514cca45 
Number of updated asset objects reloaded before import = 0
Number of asset objects unloaded after import = 1
========================================================================
Received Import Request.
  Time of request: 2026-09-06T07:59:57.9229306Z
  Time since last request: 0.0004135 seconds.
  importAddress: GUID: 54e2c746318aaa54bb759b9c840a9b24 - Path: Packages/com.unity.splines/Editor/Tools/CreateSplineTool.cs - Importer: ScriptedImporter/UnityEditor.QuickSearchModule:UnityEditor.Search:ASIAI0B
Importing 'GUID: 54e2c746318aaa54bb759b9c840a9b24 - Path: Packages/com.unity.splines/Editor/Tools/CreateSplineTool.cs - Importer: ScriptedImporter/UnityEditor.QuickSearchModule:UnityEditor.Search:ASIAI0B' with importer (ScriptedImporter : UnityEditor.QuickSearchModule:UnityEditor.Search:ASIAI0B)
Imported 'GUID: 54e2c746318aaa54bb759b9c840a9b24' -> (Import Result ID: '17e3b02ec35280062571c065aaa7cd55') in 0.004 seconds [static and dynamic dependencies]. Details - ImportResultOutputID=44de931dd2819495ce4bb528f222f846 DependenciesID=dd9efc359a7b81783a56ee06321cdec5 StaticDependenciesID=15d7a28cf970390d02d7d39019d5cc07 
Number of updated asset objects reloaded before import = 0
Number of asset objects unloaded after import = 0
========================================================================
Received Import Request.
  Time of request: 2026-09-06T07:59:57.9384298Z
  Time since last request: 0.0004024 seconds.
  importAddress: GUID: afc1fce5fcd146246928c80d456a87ec - Path: Assets/Starter Assets/Runtime/SpaceRobotKyle - Importer: ScriptedImporter/UnityEditor.QuickSearchModule:UnityEditor.Search:ASIAI0B
Importing 'GUID: afc1fce5fcd146246928c80d456a87ec - Path: Assets/Starter Assets/Runtime/SpaceRobotKyle - Importer: ScriptedImporter/UnityEditor.QuickSearchModule:UnityEditor.Search:ASIAI0B' with importer (ScriptedImporter : UnityEditor.QuickSearchModule:UnityEditor.Search:ASIAI0B)
Imported 'GUID: afc1fce5fcd146246928c80d456a87ec' -> (Import Result ID: 'e1f8a50e70a206783b7b8f9d0846a873') in 0.003 seconds [static and dynamic dependencies]. Details - ImportResultOutputID=e7372599087570d50a87067ad0b9b672 DependenciesID=5a3cc091ea3444ec6203b8ac46b7ea11 StaticDependenciesID=d6641e76d59de749334eac24425dcc14 
Number of updated asset objects reloaded before import = 0
Number of asset objects unloaded after import = 1
========================================================================
Received Import Request.
  Time of request: 2026-09-06T07:59:57.9545922Z
  Time since last request: 0.0004088 seconds.
  importAddress: GUID: 37aa8727811c9e04785d9c0e4cafc5d3 - Path: Packages/com.unity.splines/Editor/GUI/Editors/ReadOnlyField.cs - Importer: ScriptedImporter/UnityEditor.QuickSearchModule:UnityEditor.Search:ASIAI0B
Importing 'GUID: 37aa8727811c9e04785d9c0e4cafc5d3 - Path: Packages/com.unity.splines/Editor/GUI/Editors/ReadOnlyField.cs - Importer: ScriptedImporter/UnityEditor.QuickSearchModule:UnityEditor.Search:ASIAI0B' with importer (ScriptedImporter : UnityEditor.QuickSearchModule:UnityEditor.Search:ASIAI0B)
Imported 'GUID: 37aa8727811c9e04785d9c0e4cafc5d3' -> (Import Result ID: '1b0c00e797bb4883254557b893620e96') in 0.004 seconds [static and dynamic dependencies]. Details - ImportResultOutputID=195dda8763f2c4580fdd82f786f47fdf DependenciesID=64735f12da35a750501c41d4d52080f1 StaticDependenciesID=32f69962a372d6ebc4b4379d5f619415 
Number of updated asset objects reloaded before import = 0
Number of asset objects unloaded after import = 0
========================================================================
Received Import Request.
  Time of request: 2026-09-06T07:59:57.9696042Z
  Time since last request: 0.0005356 seconds.
  importAddress: GUID: dcce18b7a5cdb7d43a2cdeb041f727a3 - Path: Assets/Starter Assets/Runtime/ThirdPersonController/Character/Materials/Built-in_RP/M_ArmatureColor_Arms.mat - Importer: ScriptedImporter/UnityEditor.QuickSearchModule:UnityEditor.Search:ASIAI0B
Importing 'GUID: dcce18b7a5cdb7d43a2cdeb041f727a3 - Path: Assets/Starter Assets/Runtime/ThirdPersonController/Character/Materials/Built-in_RP/M_ArmatureColor_Arms.mat - Importer: ScriptedImporter/UnityEditor.QuickSearchModule:UnityEditor.Search:ASIAI0B' with importer (ScriptedImporter : UnityEditor.QuickSearchModule:UnityEditor.Search:ASIAI0B)
Imported 'GUID: dcce18b7a5cdb7d43a2cdeb041f727a3' -> (Import Result ID: '97924d8954f5592a3432eb4c2e94991f') in 0.024 seconds [static and dynamic dependencies]. Details - ImportResultOutputID=8d2ddfb2832fda125278151c04c8f779 DependenciesID=37c73aec1e3e022357c503d2cfcbcf1e StaticDependenciesID=caabbb7669145c3fb37ad44ca8456432 
Number of updated asset objects reloaded before import = 0
Number of asset objects unloaded after import = 6
========================================================================
Received Import Request.
  Time of request: 2026-09-06T07:59:58.0071355Z
  Time since last request: 0.0000274 seconds.
  importAddress: GUID: 9b61528aebb8f4f3fb747bdfa7bc80b0 - Path: Packages/com.unity.splines/Editor/Editor Resources/Icons/AutoSmoothKnot On@2x.png - Importer: ScriptedImporter/UnityEditor.QuickSearchModule:UnityEditor.Search:ASIAI0B
Importing 'GUID: 9b61528aebb8f4f3fb747bdfa7bc80b0 - Path: Packages/com.unity.splines/Editor/Editor Resources/Icons/AutoSmoothKnot On@2x.png - Importer: ScriptedImporter/UnityEditor.QuickSearchModule:UnityEditor.Search:ASIAI0B' with importer (ScriptedImporter : UnityEditor.QuickSearchModule:UnityEditor.Search:ASIAI0B)
Imported 'GUID: 9b61528aebb8f4f3fb747bdfa7bc80b0' -> (Import Result ID: 'e456df17c39f4fad6201c74bbe47d929') in 0.009 seconds [static and dynamic dependencies]. Details - ImportResultOutputID=6f94807dd6686f6974761963d03f6595 DependenciesID=39075260d11d6463c840c96009eef928 StaticDependenciesID=585bcd68ccf498bac8e712cd81a19ff3 
Number of updated asset objects reloaded before import = 0
Number of asset objects unloaded after import = 1
========================================================================
Received Import Request.
  Time of request: 2026-09-06T07:59:58.0276216Z
  Time since last request: 0.0003603 seconds.
  importAddress: GUID: a1a802ecaf6775746bb2a929fb554ad8 - Path: Assets/Starter Assets/Runtime/ThirdPersonController/Prefabs/PlayerFollowCamera.prefab - Importer: ScriptedImporter/UnityEditor.QuickSearchModule:UnityEditor.Search:ASIAI0B
Importing 'GUID: a1a802ecaf6775746bb2a929fb554ad8 - Path: Assets/Starter Assets/Runtime/ThirdPersonController/Prefabs/PlayerFollowCamera.prefab - Importer: ScriptedImporter/UnityEditor.QuickSearchModule:UnityEditor.Search:ASIAI0B' with importer (ScriptedImporter : UnityEditor.QuickSearchModule:UnityEditor.Search:ASIAI0B)
Imported 'GUID: a1a802ecaf6775746bb2a929fb554ad8' -> (Import Result ID: '23e32d1fc973c0a234fca2b153101c21') in 0.014 seconds [static and dynamic dependencies]. Details - ImportResultOutputID=56d60f7ed627551f2c4bb49f847ec8d8 DependenciesID=69cf713bd77231b2c1716e8e2d00695c StaticDependenciesID=edcfe2db0b4c751d6155ab1eac748b18 
Number of updated asset objects reloaded before import = 0
Number of asset objects unloaded after import = 8
========================================================================
Received Import Request.
  Time of request: 2026-09-06T07:59:58.0538943Z
  Time since last request: 0.0003481 seconds.
  importAddress: GUID: e5399d0c8a4c39ad88315355abddd91c - Path: Packages/com.unity.settings-manager - Importer: ScriptedImporter/UnityEditor.QuickSearchModule:UnityEditor.Search:ASIAI0B
Importing 'GUID: e5399d0c8a4c39ad88315355abddd91c - Path: Packages/com.unity.settings-manager - Importer: ScriptedImporter/UnityEditor.QuickSearchModule:UnityEditor.Search:ASIAI0B' with importer (ScriptedImporter : UnityEditor.QuickSearchModule:UnityEditor.Search:ASIAI0B)
Imported 'GUID: e5399d0c8a4c39ad88315355abddd91c' -> (Import Result ID: '8ea6a3b559be1f4c7dbdab8650974006') in 0.004 seconds [static and dynamic dependencies]. Details - ImportResultOutputID=5a5ac1ffddb8614b3f06a1759a9ba57f DependenciesID=f04aa3d5af6bf04dab4098fd8eba1d64 StaticDependenciesID=3218090447b6069143059f5333ea882d 
Number of updated asset objects reloaded before import = 0
Number of asset objects unloaded after import = 1
========================================================================
Received Import Request.
  Time of request: 2026-09-06T07:59:58.0696272Z
  Time since last request: 0.0005207 seconds.
  importAddress: GUID: bb7bb364d1bd6bf4487c06678f176dff - Path: Packages/com.unity.splines/Editor/Editor Resources/Icons/Tangent_Continuous On@2x.png - Importer: ScriptedImporter/UnityEditor.QuickSearchModule:UnityEditor.Search:ASIAI0B
Importing 'GUID: bb7bb364d1bd6bf4487c06678f176dff - Path: Packages/com.unity.splines/Editor/Editor Resources/Icons/Tangent_Continuous On@2x.png - Importer: ScriptedImporter/UnityEditor.QuickSearchModule:UnityEditor.Search:ASIAI0B' with importer (ScriptedImporter : UnityEditor.QuickSearchModule:UnityEditor.Search:ASIAI0B)
Imported 'GUID: bb7bb364d1bd6bf4487c06678f176dff' -> (Import Result ID: '6699726bfba9340930308d29060269ff') in 0.007 seconds [static and dynamic dependencies]. Details - ImportResultOutputID=26b53169c02d725306d0ee802908b144 DependenciesID=932346ca3689743661963daa53f90d6d StaticDependenciesID=7af91594a2830176567f3881eaf03bf6 
Number of updated asset objects reloaded before import = 0
Number of asset objects unloaded after import = 1
========================================================================
Received Import Request.
  Time of request: 2026-09-06T07:59:58.0877743Z
  Time since last request: 0.0005132 seconds.
  importAddress: GUID: c014d48134e76c44e9c4bf940e254afa - Path: Assets/Starter Assets/Sample/Environment/Shaders/URP_HDRP_ShaderGraph - Importer: ScriptedImporter/UnityEditor.QuickSearchModule:UnityEditor.Search:ASIAI0B
Importing 'GUID: c014d48134e76c44e9c4bf940e254afa - Path: Assets/Starter Assets/Sample/Environment/Shaders/URP_HDRP_ShaderGraph - Importer: ScriptedImporter/UnityEditor.QuickSearchModule:UnityEditor.Search:ASIAI0B' with importer (ScriptedImporter : UnityEditor.QuickSearchModule:UnityEditor.Search:ASIAI0B)
Imported 'GUID: c014d48134e76c44e9c4bf940e254afa' -> (Import Result ID: '820c0c823f3e1740f119981f21ebad36') in 0.004 seconds [static and dynamic dependencies]. Details - ImportResultOutputID=1ee2a29b1c415fb6f96b3b4f380e18c6 DependenciesID=ba125dcd2bf998104c4c4453c0495f72 StaticDependenciesID=510a42fcfe159c4cdb7e85777ed9fadf 
Number of updated asset objects reloaded before import = 0
Number of asset objects unloaded after import = 1
========================================================================
Received Import Request.
  Time of request: 2026-09-06T07:59:58.1055041Z
  Time since last request: 0.0005106 seconds.
  importAddress: GUID: a3aeb1e9df0434782ba09fdf32c56611 - Path: Packages/com.unity.cinemachine/Editor/EditorResources/Icons/Dark/CmTrack@256.png - Importer: ScriptedImporter/UnityEditor.QuickSearchModule:UnityEditor.Search:ASIAI0B
Importing 'GUID: a3aeb1e9df0434782ba09fdf32c56611 - Path: Packages/com.unity.cinemachine/Editor/EditorResources/Icons/Dark/CmTrack@256.png - Importer: ScriptedImporter/UnityEditor.QuickSearchModule:UnityEditor.Search:ASIAI0B' with importer (ScriptedImporter : UnityEditor.QuickSearchModule:UnityEditor.Search:ASIAI0B)
Imported 'GUID: a3aeb1e9df0434782ba09fdf32c56611' -> (Import Result ID: 'aa0e8d2f859fcbba437454829ee08087') in 0.008 seconds [static and dynamic dependencies]. Details - ImportResultOutputID=48ad277e2e3b298b27ad294cdcf1e22a DependenciesID=66a986fa7eb69adec90525f774168dc5 StaticDependenciesID=81c783392dccb2fe8775278ae8919310 
Number of updated asset objects reloaded before import = 0
Number of asset objects unloaded after import = 1
========================================================================
Received Import Request.
  Time of request: 2026-09-06T07:59:58.138493Z
  Time since last request: 0.0102388 seconds.
  importAddress: GUID: 59bf6f737ca29494a8a074e4e7151fc3 - Path: Packages/com.unity.cinemachine/Editor/Timeline - Importer: ScriptedImporter/UnityEditor.QuickSearchModule:UnityEditor.Search:ASIAI0B
Importing 'GUID: 59bf6f737ca29494a8a074e4e7151fc3 - Path: Packages/com.unity.cinemachine/Editor/Timeline - Importer: ScriptedImporter/UnityEditor.QuickSearchModule:UnityEditor.Search:ASIAI0B' with importer (ScriptedImporter : UnityEditor.QuickSearchModule:UnityEditor.Search:ASIAI0B)
Imported 'GUID: 59bf6f737ca29494a8a074e4e7151fc3' -> (Import Result ID: 'd4397239996e8c3dd8d794852d6133f3') in 0.004 seconds [static and dynamic dependencies]. Details - ImportResultOutputID=44e6a8d37d35b17f5d553f25a6b369f2 DependenciesID=4dd533398382dcf56fb0cbc3d6d89fa1 StaticDependenciesID=bd9f2b9ce051fd76cd4a54f9384ccd3a 
Number of updated asset objects reloaded before import = 0
Number of asset objects unloaded after import = 1
========================================================================
Received Import Request.
  Time of request: 2026-09-06T07:59:58.1521274Z
  Time since last request: 0.000336 seconds.
  importAddress: GUID: 390265c3e834a4a7c804369abba00760 - Path: Packages/com.unity.cinemachine/Runtime/ThirdParty/clipper.cs - Importer: ScriptedImporter/UnityEditor.QuickSearchModule:UnityEditor.Search:ASIAI0B
Importing 'GUID: 390265c3e834a4a7c804369abba00760 - Path: Packages/com.unity.cinemachine/Runtime/ThirdParty/clipper.cs - Importer: ScriptedImporter/UnityEditor.QuickSearchModule:UnityEditor.Search:ASIAI0B' with importer (ScriptedImporter : UnityEditor.QuickSearchModule:UnityEditor.Search:ASIAI0B)
Imported 'GUID: 390265c3e834a4a7c804369abba00760' -> (Import Result ID: '4b730d4df6cc6936af28ec9d78a83c5f') in 0.004 seconds [static and dynamic dependencies]. Details - ImportResultOutputID=d1f29132f315a287c5c6efaf9ab82b6a DependenciesID=9d256b953a644555ec255b2392c1c91d StaticDependenciesID=927478248e7464cf9a89e23c4dfce708 
Number of updated asset objects reloaded before import = 0
Number of asset objects unloaded after import = 0
========================================================================
Received Prepare
Default GameObject Tag: Player already registered
Default GameObject Tag: MainCamera already registered
AcceleratorClientConnectionCallback - disconnected - :0
Assembly reference Packages/com.unity.cinemachine/Editor/Samples/ExposeHDRPInternals/HDRP-Editor-ref.asmref has no target assembly definition
Assembly reference Packages/com.unity.cinemachine/Editor/Samples/ExposeHDRPInternals/HDRP-Editor-ref.asmref has no target assembly definition
[Licensing::Client] Successfully resolved entitlement details
Begin MonoManager ReloadAssembly
ADTM: Control thread waiting for realtime thread timed out, have to lock...
Symbol file LoadedFromMemory is not a mono symbol file
Assembly reference Packages/com.unity.cinemachine/Editor/Samples/ExposeHDRPInternals/HDRP-Editor-ref.asmref has no target assembly definition
Assembly reference Packages/com.unity.cinemachine/Editor/Samples/ExposeHDRPInternals/HDRP-Editor-ref.asmref has no target assembly definition
'Packages/com.unity.cinemachine/Editor/Obsolete/CinemachineVirtualCameraBaseEditor.cs' contains partial class of Unity.Object, exactly 1 of the partial classes needs to be in a file with the same filename. This is to know the one that can be referenced from ie. GameObjects
'Packages/com.unity.cinemachine/Editor/Editors/CinemachineVirtualCameraBaseEditor.cs' contains partial class of Unity.Object, exactly 1 of the partial classes needs to be in a file with the same filename. This is to know the one that can be referenced from ie. GameObjects
Native extension for WindowsStandalone target not found
[Package Manager] Failed to launch server process. Reason: Unity was launched with the -noUpm command-line argument
[Package Manager] Unable to send message (not connected to server process).
[Package Manager] Cannot connect to Unity Package Manager local server
[Package Manager] Failed to launch server process. Reason: Unity was launched with the -noUpm command-line argument
[Package Manager] Unable to send message (not connected to server process).
[Package Manager] Cannot connect to Unity Package Manager local server
[Package Manager] Failed to launch server process. Reason: Unity was launched with the -noUpm command-line argument
[Package Manager] Unable to send message (not connected to server process).
[Package Manager] Cannot connect to Unity Package Manager local server
ScheduleIndexationOnStartup MainProcess:False IndexOnStartup:True
Mono: successfully reloaded assembly
- Finished resetting the current domain, in  0.899 seconds
Domain Reload Profiling: 2672ms
	BeginReloadAssembly (1283ms)
		DisableScriptedObjects (27ms)
		CreateAndSetChildDomain (1082ms)
	RebuildCommonClasses (8ms)
	RebuildNativeTypeToScriptingClass (15ms)
	initialDomainReloadingComplete (67ms)
	LoadAllAssembliesAndSetupDomain (400ms)
		LoadAssemblies (365ms)
		AnalyzeDomain (17ms)
			TypeCache.Refresh (8ms)
			ResolveRequiredComponents (6ms)
	FinalizeReload (900ms)
		SetupLoadedEditorAssemblies (0ms)
			BeforeProcessingInitializeOnLoad (94ms)
			ProcessInitializeOnLoadAttributes (386ms)
			ProcessInitializeOnLoadMethodAttributes (150ms)
			AfterProcessingInitializeOnLoad (6ms)
		AwakeInstancesAfterBackupRestoration (25ms)
Refreshing native plugins compatible for Editor in 2.13 ms, found 4 plugins.
Unloading 26 Unused Serialized files (Serialized files now loaded: 0)
Unloading 7390 unused Assets / (9.1 MB). Loaded Objects now: 8499.
Memory consumption went from 485.9 MB to 476.8 MB.
Total: 15.576900 ms (FindLiveObjects: 1.171200 ms CreateObjectMapping: 3.167400 ms MarkObjects: 5.623300 ms  DeleteObjects: 5.613300 ms)

Prepare: number of updated asset objects reloaded= 0
========================================================================
Received Import Request.
  Time of request: 2026-09-06T08:01:24.3618112Z
  Time since last request: 86.1947607 seconds.
  importAddress: GUID: e6a4aa6f3d941a64c9a1e93aa05ea6da - Path: Assets/Starter Assets/Sample/ThirdPersonController/Playground - Importer: PreviewImporter
Importing 'GUID: e6a4aa6f3d941a64c9a1e93aa05ea6da - Path: Assets/Starter Assets/Sample/ThirdPersonController/Playground - Importer: PreviewImporter' with importer (PreviewImporter)
Imported 'GUID: e6a4aa6f3d941a64c9a1e93aa05ea6da' -> (Import Result ID: '0b53fe52d494c8b829a993641ba767c9') in 0.048 seconds [static and dynamic dependencies]. Details - ImportResultOutputID=e1cf7e773b5fda7143a02367d3fc4bbc DependenciesID=f7d3702a5ad81a77cd617e565b8be8c9 StaticDependenciesID=acbc81b6b651da5ce6b99f407e9c6ad3 
Number of updated asset objects reloaded before import = 0
Number of asset objects unloaded after import = 0
========================================================================
Received Import Request.
  Time of request: 2026-09-06T08:03:14.3393232Z
  Time since last request: 109.91757079999999 seconds.
  importAddress: GUID: 99c9720ab356a0642a771bea13969a05 - Path: Assets/Scenes/SampleScene.unity - Importer: PreviewImporter
Importing 'GUID: 99c9720ab356a0642a771bea13969a05 - Path: Assets/Scenes/SampleScene.unity - Importer: PreviewImporter' with importer (PreviewImporter)
Imported 'GUID: 99c9720ab356a0642a771bea13969a05' -> (Import Result ID: '5896989386e1ceaaeba5147ccc56cb94') in 0.003 seconds [static and dynamic dependencies]. Details - ImportResultOutputID=60ca0ca267162a69cdf8a1143a5075b0 DependenciesID=7b4ea9fa653b6cc79f8bad41bd8f645f StaticDependenciesID=ea1aa7a3e587f46af8995146f520b470 
Number of updated asset objects reloaded before import = 0
Number of asset objects unloaded after import = 0
========================================================================
Received Import Request.
  Time of request: 2026-09-06T08:03:58.8930375Z
  Time since last request: 44.5404257 seconds.
  importAddress: GUID: ab6029ac44d10da4bb30bce0dfb243db - Path: Assets/IUH_Campus/Scenes/IUH_RightCluster.unity - Importer: PreviewImporter
Importing 'GUID: ab6029ac44d10da4bb30bce0dfb243db - Path: Assets/IUH_Campus/Scenes/IUH_RightCluster.unity - Importer: PreviewImporter' with importer (PreviewImporter)
Imported 'GUID: ab6029ac44d10da4bb30bce0dfb243db' -> (Import Result ID: '9545c7be553ff3a34fa2e2efe2ee21d6') in 0.001 seconds [static and dynamic dependencies]. Details - ImportResultOutputID=4eac32a360fc9bb7717058680a7706d9 DependenciesID=64721b44338c81090739fb581294639c StaticDependenciesID=af42a153ac6adeb3c32142eb6053aa31 
Number of updated asset objects reloaded before import = 0
Number of asset objects unloaded after import = 0
========================================================================
Received Import Request.
  Time of request: 2026-09-06T08:03:59.8713872Z
  Time since last request: 0.9667162 seconds.
  importAddress: GUID: b2de2755a80c04b7298ad0f3d58e8119 - Path: Assets/IUH_Campus/Scenes/IUH_Campus_Main.unity - Importer: PreviewImporter
Importing 'GUID: b2de2755a80c04b7298ad0f3d58e8119 - Path: Assets/IUH_Campus/Scenes/IUH_Campus_Main.unity - Importer: PreviewImporter' with importer (PreviewImporter)
Imported 'GUID: b2de2755a80c04b7298ad0f3d58e8119' -> (Import Result ID: '70e74910c0ebfbe40b8d9978f0610941') in 0.000 seconds [static and dynamic dependencies]. Details - ImportResultOutputID=d96b70b8c0eecc0759a68d5dee418311 DependenciesID=fb21b26829b56e85ab0982d3fc7174d7 StaticDependenciesID=2e669e2c648cf9b6c8198826f237e661 
Number of updated asset objects reloaded before import = 0
Number of asset objects unloaded after import = 0
========================================================================
Received Import Request.
  Time of request: 2026-09-06T08:21:32.2708992Z
  Time since last request: 1052.38935970000011 seconds.
  importAddress: GUID: f6d148d888ffbf54b9afe9936dfaec1f - Path: Assets/Starter Assets/Runtime/ThirdPersonController/Prefabs/MainCamera.prefab - Importer: PreviewImporter
Importing 'GUID: f6d148d888ffbf54b9afe9936dfaec1f - Path: Assets/Starter Assets/Runtime/ThirdPersonController/Prefabs/MainCamera.prefab - Importer: PreviewImporter' with importer (PreviewImporter)
Imported 'GUID: f6d148d888ffbf54b9afe9936dfaec1f' -> (Import Result ID: 'e8e72aa8b2515e1b1263ef528892c98e') in 0.070 seconds [static and dynamic dependencies]. Details - ImportResultOutputID=211f64f71deead5ebe74679e95d07001 DependenciesID=21834cefef5a249b3f85c6d1c918895f StaticDependenciesID=0ba0b25433e120589fc04eaaf09d803e 
Number of updated asset objects reloaded before import = 0
Number of asset objects unloaded after import = 8
========================================================================
Received Import Request.
  Time of request: 2026-09-06T08:21:32.3521478Z
  Time since last request: 0.0007243 seconds.
  importAddress: GUID: 212907312655a4443a025a304442c17c - Path: Assets/Starter Assets/Runtime/ThirdPersonController/Prefabs/NestedParentCapsule_Unpack.prefab - Importer: PreviewImporter
Importing 'GUID: 212907312655a4443a025a304442c17c - Path: Assets/Starter Assets/Runtime/ThirdPersonController/Prefabs/NestedParentCapsule_Unpack.prefab - Importer: PreviewImporter' with importer (PreviewImporter)
Imported 'GUID: 212907312655a4443a025a304442c17c' -> (Import Result ID: 'b59fdb229bd6a9f3c52658ea1c893d62') in 2.623 seconds [static and dynamic dependencies]. Details - ImportResultOutputID=70e6194b546c413ccd3f2f8940d04975 DependenciesID=e13cdf6f1ce0cf41544cde23dd344631 StaticDependenciesID=a3116112ce8ba8aac96669e9998463a9 
Number of updated asset objects reloaded before import = 0
Number of asset objects unloaded after import = 89
========================================================================
Received Import Request.
  Time of request: 2026-09-06T08:21:34.9856444Z
  Time since last request: 0.000133 seconds.
  importAddress: GUID: 2553cec8fdb3eb643bbe9f2ec880c472 - Path: Assets/Starter Assets/Runtime/ThirdPersonController/Prefabs/PlayerCapsule.prefab - Importer: PreviewImporter
Importing 'GUID: 2553cec8fdb3eb643bbe9f2ec880c472 - Path: Assets/Starter Assets/Runtime/ThirdPersonController/Prefabs/PlayerCapsule.prefab - Importer: PreviewImporter' with importer (PreviewImporter)
Imported 'GUID: 2553cec8fdb3eb643bbe9f2ec880c472' -> (Import Result ID: '130482d14476f6107f60475d2b7442f5') in 0.061 seconds [static and dynamic dependencies]. Details - ImportResultOutputID=6c53bc8cd797be8fdd1866220b7ac4fc DependenciesID=ed1175b9b17eb03c1049a23f346fe613 StaticDependenciesID=649ed247418d2b8da135d12120f53381 
Number of updated asset objects reloaded before import = 0
Number of asset objects unloaded after import = 20
========================================================================
Received Import Request.
  Time of request: 2026-09-06T08:21:35.0598847Z
  Time since last request: 0.00197 seconds.
  importAddress: GUID: 64dce48905ffd9b4293e595fa6941544 - Path: Assets/Starter Assets/Runtime/ThirdPersonController/Prefabs/PlayerArmature.prefab - Importer: PreviewImporter
Importing 'GUID: 64dce48905ffd9b4293e595fa6941544 - Path: Assets/Starter Assets/Runtime/ThirdPersonController/Prefabs/PlayerArmature.prefab - Importer: PreviewImporter' with importer (PreviewImporter)
Imported 'GUID: 64dce48905ffd9b4293e595fa6941544' -> (Import Result ID: '83694408a6c9648b7d60ee4764aa29f1') in 2.931 seconds [static and dynamic dependencies]. Details - ImportResultOutputID=d372d016a5c03afae9f8a4586d18f19c DependenciesID=0011ef5cc4c00be35c2a64580d7f0db8 StaticDependenciesID=99507711c8633d419e4f4b3d74e4b29b 
Number of updated asset objects reloaded before import = 0
Number of asset objects unloaded after import = 204
========================================================================
Received Prepare
Default GameObject Tag: Player already registered
Default GameObject Tag: MainCamera already registered
AcceleratorClientConnectionCallback - disconnected - :0
Unloading 26 Unused Serialized files (Serialized files now loaded: 0)
Unloading 26 unused Assets / (3.4 MB). Loaded Objects now: 8612.
Memory consumption went from 493.1 MB to 489.7 MB.
Total: 9.943900 ms (FindLiveObjects: 0.408000 ms CreateObjectMapping: 1.193800 ms MarkObjects: 7.461900 ms  DeleteObjects: 0.878200 ms)

Prepare: number of updated asset objects reloaded= 0
========================================================================
Received Import Request.
  Time of request: 2026-09-06T08:22:14.2108267Z
  Time since last request: 36.2042657 seconds.
  importAddress: GUID: 212907312655a4443a025a304442c17c - Path: Assets/Starter Assets/Runtime/ThirdPersonController/Prefabs/NestedParentCapsule_Unpack.prefab - Importer: PreviewImporter
Importing 'GUID: 212907312655a4443a025a304442c17c - Path: Assets/Starter Assets/Runtime/ThirdPersonController/Prefabs/NestedParentCapsule_Unpack.prefab - Importer: PreviewImporter' with importer (PreviewImporter)
Imported 'GUID: 212907312655a4443a025a304442c17c' -> (Import Result ID: 'e41c24f06428dac0d067315e07628b7e') in 0.028 seconds [static and dynamic dependencies]. Details - ImportResultOutputID=70e6194b546c413ccd3f2f8940d04975 DependenciesID=e243db920e6e1e9c76989c4d145438c2 StaticDependenciesID=a3116112ce8ba8aac96669e9998463a9 
Number of updated asset objects reloaded before import = 0
Number of asset objects unloaded after import = 89
========================================================================
Received Prepare
Default GameObject Tag: Player already registered
Default GameObject Tag: MainCamera already registered
AcceleratorClientConnectionCallback - disconnected - :0
Assembly reference Packages/com.unity.cinemachine/Editor/Samples/ExposeHDRPInternals/HDRP-Editor-ref.asmref has no target assembly definition
Assembly reference Packages/com.unity.cinemachine/Editor/Samples/ExposeHDRPInternals/HDRP-Editor-ref.asmref has no target assembly definition
[Licensing::Client] Successfully resolved entitlement details
Begin MonoManager ReloadAssembly
ADTM: Control thread waiting for realtime thread timed out, have to lock...
Symbol file LoadedFromMemory is not a mono symbol file
Assembly reference Packages/com.unity.cinemachine/Editor/Samples/ExposeHDRPInternals/HDRP-Editor-ref.asmref has no target assembly definition
Assembly reference Packages/com.unity.cinemachine/Editor/Samples/ExposeHDRPInternals/HDRP-Editor-ref.asmref has no target assembly definition
'Packages/com.unity.cinemachine/Editor/Obsolete/CinemachineVirtualCameraBaseEditor.cs' contains partial class of Unity.Object, exactly 1 of the partial classes needs to be in a file with the same filename. This is to know the one that can be referenced from ie. GameObjects
'Packages/com.unity.cinemachine/Editor/Editors/CinemachineVirtualCameraBaseEditor.cs' contains partial class of Unity.Object, exactly 1 of the partial classes needs to be in a file with the same filename. This is to know the one that can be referenced from ie. GameObjects
Native extension for WindowsStandalone target not found
[Package Manager] Failed to launch server process. Reason: Unity was launched with the -noUpm command-line argument
[Package Manager] Unable to send message (not connected to server process).
[Package Manager] Cannot connect to Unity Package Manager local server
[Package Manager] Failed to launch server process. Reason: Unity was launched with the -noUpm command-line argument
[Package Manager] Unable to send message (not connected to server process).
[Package Manager] Cannot connect to Unity Package Manager local server
[Package Manager] Failed to launch server process. Reason: Unity was launched with the -noUpm command-line argument
[Package Manager] Unable to send message (not connected to server process).
[Package Manager] Cannot connect to Unity Package Manager local server
ScheduleIndexationOnStartup MainProcess:False IndexOnStartup:True
Mono: successfully reloaded assembly
- Finished resetting the current domain, in  0.923 seconds
Domain Reload Profiling: 2704ms
	BeginReloadAssembly (1270ms)
		DisableScriptedObjects (26ms)
		CreateAndSetChildDomain (1073ms)
	RebuildCommonClasses (9ms)
	RebuildNativeTypeToScriptingClass (16ms)
	initialDomainReloadingComplete (63ms)
	LoadAllAssembliesAndSetupDomain (422ms)
		LoadAssemblies (373ms)
		AnalyzeDomain (18ms)
			TypeCache.Refresh (9ms)
			ResolveRequiredComponents (6ms)
	FinalizeReload (924ms)
		SetupLoadedEditorAssemblies (0ms)
			BeforeProcessingInitializeOnLoad (102ms)
			ProcessInitializeOnLoadAttributes (394ms)
			ProcessInitializeOnLoadMethodAttributes (149ms)
			AfterProcessingInitializeOnLoad (7ms)
		AwakeInstancesAfterBackupRestoration (25ms)
Unloading 26 Unused Serialized files (Serialized files now loaded: 0)
Unloading 7390 unused Assets / (8.1 MB). Loaded Objects now: 8525.
Memory consumption went from 493.1 MB to 485.0 MB.
Total: 12.333700 ms (FindLiveObjects: 0.656300 ms CreateObjectMapping: 2.566500 ms MarkObjects: 5.110200 ms  DeleteObjects: 3.999800 ms)

Prepare: number of updated asset objects reloaded= 0
========================================================================
Received Import Request.
  Time of request: 2026-09-06T08:28:03.2020798Z
  Time since last request: 348.95291479999997 seconds.
  importAddress: GUID: 979aef027a1c86c42a15ce35fce366fa - Path: Assets/Starter Assets/Sample/Environment/Art/Materials/Blue_Mat.mat - Importer: ScriptedImporter/UnityEditor.QuickSearchModule:UnityEditor.Search:ASIAI0B
Importing 'GUID: 979aef027a1c86c42a15ce35fce366fa - Path: Assets/Starter Assets/Sample/Environment/Art/Materials/Blue_Mat.mat - Importer: ScriptedImporter/UnityEditor.QuickSearchModule:UnityEditor.Search:ASIAI0B' with importer (ScriptedImporter : UnityEditor.QuickSearchModule:UnityEditor.Search:ASIAI0B)
Imported 'GUID: 979aef027a1c86c42a15ce35fce366fa' -> (Import Result ID: '83b2a3d0768c0c1db06404b86532c43e') in 0.089 seconds [static and dynamic dependencies]. Details - ImportResultOutputID=864d5aa395be695af84a34139d1d2fcb DependenciesID=112c56ed4cb25ed24a33b78f1c1362c2 StaticDependenciesID=b8799e29e55e5fdfac3f42ac62f02c00 
Number of updated asset objects reloaded before import = 0
Number of asset objects unloaded after import = 2
========================================================================
Received Import Request.
  Time of request: 2026-09-06T08:28:03.306541Z
  Time since last request: 0.0004115 seconds.
  importAddress: GUID: b2de2755a80c04b7298ad0f3d58e8119 - Path: Assets/IUH_Campus/Scenes/IUH_Campus_Main.unity - Importer: ScriptedImporter/UnityEditor.QuickSearchModule:UnityEditor.Search:ASIAI0B
Importing 'GUID: b2de2755a80c04b7298ad0f3d58e8119 - Path: Assets/IUH_Campus/Scenes/IUH_Campus_Main.unity - Importer: ScriptedImporter/UnityEditor.QuickSearchModule:UnityEditor.Search:ASIAI0B' with importer (ScriptedImporter : UnityEditor.QuickSearchModule:UnityEditor.Search:ASIAI0B)
Imported 'GUID: b2de2755a80c04b7298ad0f3d58e8119' -> (Import Result ID: '56268f438a7b9f82ee054a9e6fdd49f3') in 0.007 seconds [static and dynamic dependencies]. Details - ImportResultOutputID=357bef0656a0f7565e7c4b32de79f4e4 DependenciesID=0d07ec4c5504bd8458f3852a89871bf3 StaticDependenciesID=1772da8be871736c39dc70b9428a81e7 
Number of updated asset objects reloaded before import = 0
Number of asset objects unloaded after import = 1
========================================================================
Received Import Request.
  Time of request: 2026-09-06T08:28:12.779139Z
  Time since last request: 9.4511203 seconds.
  importAddress: GUID: b1787a7070753594996dac074aee4532 - Path: Assets/Starter Assets/Runtime/SpaceRobotKyle/Models/KyleRobot.fbx - Importer: PreviewImporter
Importing 'GUID: b1787a7070753594996dac074aee4532 - Path: Assets/Starter Assets/Runtime/SpaceRobotKyle/Models/KyleRobot.fbx - Importer: PreviewImporter' with importer (PreviewImporter)
Imported 'GUID: b1787a7070753594996dac074aee4532' -> (Import Result ID: '37c1880cf77c45e3c32773197b334efb') in 0.518 seconds [static and dynamic dependencies]. Details - ImportResultOutputID=2ee856fa4cc7e462924f2c29f32b68c9 DependenciesID=e112cd030d6eb6dc2c97f28f19e956ee StaticDependenciesID=5e5512f7fd8f9f74207a5e53896e2dea 
Number of updated asset objects reloaded before import = 0
Number of asset objects unloaded after import = 120
========================================================================
Received Import Request.
  Time of request: 2026-09-06T08:28:17.8783293Z
  Time since last request: 4.5610468 seconds.
  importAddress: GUID: 2d3a85ecde41a8246a79669975912b74 - Path: Assets/Starter Assets/Runtime/FirstPersonController/Prefabs/MainCamera.prefab - Importer: PreviewImporter
Importing 'GUID: 2d3a85ecde41a8246a79669975912b74 - Path: Assets/Starter Assets/Runtime/FirstPersonController/Prefabs/MainCamera.prefab - Importer: PreviewImporter' with importer (PreviewImporter)
Imported 'GUID: 2d3a85ecde41a8246a79669975912b74' -> (Import Result ID: 'b5eb4fd9d29a22c5ffc8174af15c8cd7') in 0.005 seconds [static and dynamic dependencies]. Details - ImportResultOutputID=65cca2533ed9c100d9c1d6a6c8a238f8 DependenciesID=80a5162ca75c7b1a0497a21c5e7df9ba StaticDependenciesID=2473290af3ad32cdcec084d6459fd12b 
Number of updated asset objects reloaded before import = 0
Number of asset objects unloaded after import = 8
========================================================================
Received Prepare
Default GameObject Tag: Player already registered
Default GameObject Tag: MainCamera already registered
AcceleratorClientConnectionCallback - disconnected - :0
Refreshing native plugins compatible for Editor in 2.36 ms, found 4 plugins.
Unloading 26 Unused Serialized files (Serialized files now loaded: 0)
Unloading 26 unused Assets / (3.4 MB). Loaded Objects now: 8639.
Memory consumption went from 493.8 MB to 490.5 MB.
Total: 11.093200 ms (FindLiveObjects: 0.724800 ms CreateObjectMapping: 1.124600 ms MarkObjects: 8.286500 ms  DeleteObjects: 0.955400 ms)

Prepare: number of updated asset objects reloaded= 0
========================================================================
Received Import Request.
  Time of request: 2026-09-06T08:35:04.2470484Z
  Time since last request: 406.35376769999999 seconds.
  importAddress: GUID: b2de2755a80c04b7298ad0f3d58e8119 - Path: Assets/IUH_Campus/Scenes/IUH_Campus_Main.unity - Importer: ScriptedImporter/UnityEditor.QuickSearchModule:UnityEditor.Search:ASIAI0B
Importing 'GUID: b2de2755a80c04b7298ad0f3d58e8119 - Path: Assets/IUH_Campus/Scenes/IUH_Campus_Main.unity - Importer: ScriptedImporter/UnityEditor.QuickSearchModule:UnityEditor.Search:ASIAI0B' with importer (ScriptedImporter : UnityEditor.QuickSearchModule:UnityEditor.Search:ASIAI0B)
Imported 'GUID: b2de2755a80c04b7298ad0f3d58e8119' -> (Import Result ID: 'e899f215603f1b421c593347bca96841') in 0.007 seconds [static and dynamic dependencies]. Details - ImportResultOutputID=790ccb9eb038d0076de30d5f0a5ef28e DependenciesID=f4e64d3b6bde2b450ef08900ffdfa3af StaticDependenciesID=4337cd7bb92f011e49e360ce8ed461a9 
Number of updated asset objects reloaded before import = 0
Number of asset objects unloaded after import = 1
========================================================================
Received Import Request.
  Time of request: 2026-09-06T08:35:14.2468611Z
  Time since last request: 9.9835433 seconds.
  importAddress: GUID: b2de2755a80c04b7298ad0f3d58e8119 - Path: Assets/IUH_Campus/Scenes/IUH_Campus_Main.unity - Importer: ScriptedImporter/UnityEditor.QuickSearchModule:UnityEditor.Search:ASIAI0B
Importing 'GUID: b2de2755a80c04b7298ad0f3d58e8119 - Path: Assets/IUH_Campus/Scenes/IUH_Campus_Main.unity - Importer: ScriptedImporter/UnityEditor.QuickSearchModule:UnityEditor.Search:ASIAI0B' with importer (ScriptedImporter : UnityEditor.QuickSearchModule:UnityEditor.Search:ASIAI0B)
Imported 'GUID: b2de2755a80c04b7298ad0f3d58e8119' -> (Import Result ID: '2ef6b3a5c68a0198ec1de03c3cd6dae5') in 0.006 seconds [static and dynamic dependencies]. Details - ImportResultOutputID=835a7053c79f27f7569de7e44e6ca244 DependenciesID=741b2f3a651dfb08e7046f678ae17e41 StaticDependenciesID=2005fe4eb4f320996a513e8ef4937460 
Number of updated asset objects reloaded before import = 0
Number of asset objects unloaded after import = 1
========================================================================
Received Prepare
Default GameObject Tag: Player already registered
Default GameObject Tag: MainCamera already registered
AcceleratorClientConnectionCallback - disconnected - :0
Assembly reference Packages/com.unity.cinemachine/Editor/Samples/ExposeHDRPInternals/HDRP-Editor-ref.asmref has no target assembly definition
Assembly reference Packages/com.unity.cinemachine/Editor/Samples/ExposeHDRPInternals/HDRP-Editor-ref.asmref has no target assembly definition
[Licensing::Client] Successfully resolved entitlement details
Begin MonoManager ReloadAssembly
ADTM: Control thread waiting for realtime thread timed out, have to lock...
Symbol file LoadedFromMemory is not a mono symbol file
Assembly reference Packages/com.unity.cinemachine/Editor/Samples/ExposeHDRPInternals/HDRP-Editor-ref.asmref has no target assembly definition
Assembly reference Packages/com.unity.cinemachine/Editor/Samples/ExposeHDRPInternals/HDRP-Editor-ref.asmref has no target assembly definition
'Packages/com.unity.cinemachine/Editor/Obsolete/CinemachineVirtualCameraBaseEditor.cs' contains partial class of Unity.Object, exactly 1 of the partial classes needs to be in a file with the same filename. This is to know the one that can be referenced from ie. GameObjects
'Packages/com.unity.cinemachine/Editor/Editors/CinemachineVirtualCameraBaseEditor.cs' contains partial class of Unity.Object, exactly 1 of the partial classes needs to be in a file with the same filename. This is to know the one that can be referenced from ie. GameObjects
Native extension for WindowsStandalone target not found
[Package Manager] Failed to launch server process. Reason: Unity was launched with the -noUpm command-line argument
[Package Manager] Unable to send message (not connected to server process).
[Package Manager] Cannot connect to Unity Package Manager local server
[Package Manager] Failed to launch server process. Reason: Unity was launched with the -noUpm command-line argument
[Package Manager] Unable to send message (not connected to server process).
[Package Manager] Cannot connect to Unity Package Manager local server
[Package Manager] Failed to launch server process. Reason: Unity was launched with the -noUpm command-line argument
[Package Manager] Unable to send message (not connected to server process).
[Package Manager] Cannot connect to Unity Package Manager local server
ScheduleIndexationOnStartup MainProcess:False IndexOnStartup:True
Mono: successfully reloaded assembly
- Finished resetting the current domain, in  0.915 seconds
Domain Reload Profiling: 2702ms
	BeginReloadAssembly (1269ms)
		DisableScriptedObjects (25ms)
		CreateAndSetChildDomain (1074ms)
	RebuildCommonClasses (9ms)
	RebuildNativeTypeToScriptingClass (14ms)
	initialDomainReloadingComplete (63ms)
	LoadAllAssembliesAndSetupDomain (432ms)
		LoadAssemblies (369ms)
		AnalyzeDomain (19ms)
			TypeCache.Refresh (9ms)
			ResolveRequiredComponents (6ms)
	FinalizeReload (916ms)
		SetupLoadedEditorAssemblies (0ms)
			BeforeProcessingInitializeOnLoad (102ms)
			ProcessInitializeOnLoadAttributes (391ms)
			ProcessInitializeOnLoadMethodAttributes (139ms)
			AfterProcessingInitializeOnLoad (7ms)
		AwakeInstancesAfterBackupRestoration (23ms)
Unloading 26 Unused Serialized files (Serialized files now loaded: 0)
Unloading 7390 unused Assets / (8.4 MB). Loaded Objects now: 8552.
Memory consumption went from 493.9 MB to 485.5 MB.
Total: 11.529600 ms (FindLiveObjects: 0.650800 ms CreateObjectMapping: 2.585500 ms MarkObjects: 4.210500 ms  DeleteObjects: 4.081500 ms)

Prepare: number of updated asset objects reloaded= 0
========================================================================
Received Import Request.
  Time of request: 2026-09-06T08:38:32.3218371Z
  Time since last request: 198.0597114 seconds.
  importAddress: GUID: 21046f374a25c0845adf5880bccdb30c - Path: Assets/Starter Assets/Runtime/Unity.StarterAssets.asmdef - Importer: PreviewImporter
Importing 'GUID: 21046f374a25c0845adf5880bccdb30c - Path: Assets/Starter Assets/Runtime/Unity.StarterAssets.asmdef - Importer: PreviewImporter' with importer (PreviewImporter)
Imported 'GUID: 21046f374a25c0845adf5880bccdb30c' -> (Import Result ID: '92e9b6cbee3ac8742215973e723019e5') in 0.007 seconds [static and dynamic dependencies]. Details - ImportResultOutputID=2e8379df608df685921d1b10c5e2f815 DependenciesID=f86affe61888ba57a7b2ea4e62e22d6e StaticDependenciesID=5d4ab3e47abbcb69b3c1269854881906 
Number of updated asset objects reloaded before import = 0
Number of asset objects unloaded after import = 0
========================================================================
Received Import Request.
  Time of request: 2026-09-06T08:38:34.1323439Z
  Time since last request: 1.7920282 seconds.
  importAddress: GUID: 65197035c7dd3894d8e8f7a6513ffc01 - Path: Assets/Starter Assets/Editor/Unity.StartAssets.Editor.asmdef - Importer: PreviewImporter
Importing 'GUID: 65197035c7dd3894d8e8f7a6513ffc01 - Path: Assets/Starter Assets/Editor/Unity.StartAssets.Editor.asmdef - Importer: PreviewImporter' with importer (PreviewImporter)
Imported 'GUID: 65197035c7dd3894d8e8f7a6513ffc01' -> (Import Result ID: 'ffb1223df5fe50ae02e3a7be25c62f38') in 0.002 seconds [static and dynamic dependencies]. Details - ImportResultOutputID=dc8f9865a07687a2a195f674817aa94e DependenciesID=a4ac8a73931cd1e9bbc9c56707469738 StaticDependenciesID=8805f8fe1c105983da7b8ea7448ae19b 
Number of updated asset objects reloaded before import = 0
Number of asset objects unloaded after import = 0
========================================================================
Received Import Request.
  Time of request: 2026-09-06T08:38:37.1839375Z
  Time since last request: 3.0401732 seconds.
  importAddress: GUID: 4419d82f33d36e848b3ed5af4c8da37e - Path: Assets/Starter Assets/Runtime/InputSystem/StarterAssets.inputactions - Importer: PreviewImporter
Importing 'GUID: 4419d82f33d36e848b3ed5af4c8da37e - Path: Assets/Starter Assets/Runtime/InputSystem/StarterAssets.inputactions - Importer: PreviewImporter' with importer (PreviewImporter)
Imported 'GUID: 4419d82f33d36e848b3ed5af4c8da37e' -> (Import Result ID: 'b0d3a31c82098372b167e5014a8605e7') in 0.023 seconds [static and dynamic dependencies]. Details - ImportResultOutputID=b1eef8c47fa025e5a68a087a45d9a753 DependenciesID=8771e8e4ba192c138c686cf01795c740 StaticDependenciesID=a2f880cc68d08cc51d16186f48014c2b 
Number of updated asset objects reloaded before import = 0
Number of asset objects unloaded after import = 5
========================================================================
Received Import Request.
  Time of request: 2026-09-06T08:38:39.4546434Z
  Time since last request: 2.2338998 seconds.
  importAddress: GUID: ea00d09ed05d3f443b3320fa54ec4b74 - Path: Assets/Starter Assets/Runtime/Settings/DefaultVolumeProfile.asset - Importer: PreviewImporter
Importing 'GUID: ea00d09ed05d3f443b3320fa54ec4b74 - Path: Assets/Starter Assets/Runtime/Settings/DefaultVolumeProfile.asset - Importer: PreviewImporter' with importer (PreviewImporter)
Imported 'GUID: ea00d09ed05d3f443b3320fa54ec4b74' -> (Import Result ID: '2177d032e5fc6380020cf826b94ad9d0') in 0.003 seconds [static and dynamic dependencies]. Details - ImportResultOutputID=f9837309c3788f96f0c3ac4c1b40c41e DependenciesID=8d11ab83b2da864aa29f1b9191972d3f StaticDependenciesID=cf33bae2be3bb06fb4a2e264fb85df90 
Number of updated asset objects reloaded before import = 0
Number of asset objects unloaded after import = 20
========================================================================
Received Import Request.
  Time of request: 2026-09-06T08:38:39.465978Z
  Time since last request: 0.0003091 seconds.
  importAddress: GUID: d6898ced4e4514f55ab4909252c72153 - Path: Assets/Starter Assets/Runtime/Settings/Low_PipelineAsset.asset - Importer: PreviewImporter
Importing 'GUID: d6898ced4e4514f55ab4909252c72153 - Path: Assets/Starter Assets/Runtime/Settings/Low_PipelineAsset.asset - Importer: PreviewImporter' with importer (PreviewImporter)
Imported 'GUID: d6898ced4e4514f55ab4909252c72153' -> (Import Result ID: '16e6203942ea34cbc63cb27191b5eb3e') in 0.003 seconds [static and dynamic dependencies]. Details - ImportResultOutputID=56d21271592b85f52d8f8cd434b87cb5 DependenciesID=05c5144ea125cde559b16847a1ac119f StaticDependenciesID=0859e1f365d58a81795f991ccb5465ee 
Number of updated asset objects reloaded before import = 0
Number of asset objects unloaded after import = 2
========================================================================
Received Import Request.
  Time of request: 2026-09-06T08:38:39.4782688Z
  Time since last request: 0.0004159 seconds.
  importAddress: GUID: 69480fc1192f04488be5781c2ec080a9 - Path: Assets/Starter Assets/Runtime/Settings/Very Low_PipelineAsset.asset - Importer: PreviewImporter
Importing 'GUID: 69480fc1192f04488be5781c2ec080a9 - Path: Assets/Starter Assets/Runtime/Settings/Very Low_PipelineAsset.asset - Importer: PreviewImporter' with importer (PreviewImporter)
Imported 'GUID: 69480fc1192f04488be5781c2ec080a9' -> (Import Result ID: '3b0c05c48c23139ee51cd73bc51568bd') in 0.002 seconds [static and dynamic dependencies]. Details - ImportResultOutputID=1b15bc3fbda70d02bfcd655b652bb9a8 DependenciesID=02f9d030a3f5fd135eae002a0d0fb9b0 StaticDependenciesID=c2f2d7d8ca8ee71446fe5dffcae42c94 
Number of updated asset objects reloaded before import = 0
Number of asset objects unloaded after import = 2
========================================================================
Received Import Request.
  Time of request: 2026-09-06T08:38:39.4932864Z
  Time since last request: 0.00055 seconds.
  importAddress: GUID: 871a00306922d48e1872740163b0d74b - Path: Assets/Starter Assets/Runtime/Settings/Medium_PipelineAsset_ForwardRenderer.asset - Importer: PreviewImporter
Importing 'GUID: 871a00306922d48e1872740163b0d74b - Path: Assets/Starter Assets/Runtime/Settings/Medium_PipelineAsset_ForwardRenderer.asset - Importer: PreviewImporter' with importer (PreviewImporter)
Imported 'GUID: 871a00306922d48e1872740163b0d74b' -> (Import Result ID: 'adf2675504e902f76f07043d0b7c4de7') in 0.001 seconds [static and dynamic dependencies]. Details - ImportResultOutputID=90c3e45c0baa20a474d073e4fa756103 DependenciesID=e0b5a101feedfad2d194466dbccad761 StaticDependenciesID=3e2d14fa91a150d6885a5a1c424231e8 
Number of updated asset objects reloaded before import = 0
Number of asset objects unloaded after import = 1
========================================================================
Received Import Request.
  Time of request: 2026-09-06T08:38:39.5041069Z
  Time since last request: 0.0005014 seconds.
  importAddress: GUID: 6c78c14c4228d46a29bda6557d8041f9 - Path: Assets/Starter Assets/Runtime/Settings/Very High_PipelineAsset.asset - Importer: PreviewImporter
Importing 'GUID: 6c78c14c4228d46a29bda6557d8041f9 - Path: Assets/Starter Assets/Runtime/Settings/Very High_PipelineAsset.asset - Importer: PreviewImporter' with importer (PreviewImporter)
Imported 'GUID: 6c78c14c4228d46a29bda6557d8041f9' -> (Import Result ID: '9480b0e174a6be6cf253a983d2af373e') in 0.001 seconds [static and dynamic dependencies]. Details - ImportResultOutputID=d008bc101e2419e5e30bf85eda2d6580 DependenciesID=3d139dcd788a7d4a40d00afe6325b893 StaticDependenciesID=dd08c7225c4eabcbeec3dcde56c9ba84 
Number of updated asset objects reloaded before import = 0
Number of asset objects unloaded after import = 2
========================================================================
Received Import Request.
  Time of request: 2026-09-06T08:38:39.5144066Z
  Time since last request: 0.0005701 seconds.
  importAddress: GUID: e00893132ee3140498fd2709faa1a711 - Path: Assets/Starter Assets/Runtime/Settings/Medium_PipelineAsset.asset - Importer: PreviewImporter
Importing 'GUID: e00893132ee3140498fd2709faa1a711 - Path: Assets/Starter Assets/Runtime/Settings/Medium_PipelineAsset.asset - Importer: PreviewImporter' with importer (PreviewImporter)
Imported 'GUID: e00893132ee3140498fd2709faa1a711' -> (Import Result ID: '16baa31cb92595f26ba7fa8580c5d3ea') in 0.001 seconds [static and dynamic dependencies]. Details - ImportResultOutputID=dfa3a597c185ba102927e576974bebcc DependenciesID=85944068bf744205ed2df4330349f93d StaticDependenciesID=a55d7d357a505219592c4c59b1d9c6a3 
Number of updated asset objects reloaded before import = 0
Number of asset objects unloaded after import = 2
========================================================================
Received Prepare
Default GameObject Tag: Player already registered
Default GameObject Tag: MainCamera already registered
AcceleratorClientConnectionCallback - disconnected - :0
Unloading 26 Unused Serialized files (Serialized files now loaded: 0)
Unloading 26 unused Assets / (3.4 MB). Loaded Objects now: 8552.
Memory consumption went from 488.6 MB to 485.3 MB.
Total: 8.644300 ms (FindLiveObjects: 0.455000 ms CreateObjectMapping: 1.055600 ms MarkObjects: 6.229800 ms  DeleteObjects: 0.902000 ms)

Prepare: number of updated asset objects reloaded= 0
========================================================================
Received Import Request.
  Time of request: 2026-09-06T08:41:42.6542879Z
  Time since last request: 183.13057559999999 seconds.
  importAddress: GUID: b2de2755a80c04b7298ad0f3d58e8119 - Path: Assets/IUH_Campus/Scenes/IUH_Campus_Main.unity - Importer: ScriptedImporter/UnityEditor.QuickSearchModule:UnityEditor.Search:ASIAI0B
Importing 'GUID: b2de2755a80c04b7298ad0f3d58e8119 - Path: Assets/IUH_Campus/Scenes/IUH_Campus_Main.unity - Importer: ScriptedImporter/UnityEditor.QuickSearchModule:UnityEditor.Search:ASIAI0B' with importer (ScriptedImporter : UnityEditor.QuickSearchModule:UnityEditor.Search:ASIAI0B)
Imported 'GUID: b2de2755a80c04b7298ad0f3d58e8119' -> (Import Result ID: '9c28afea732992c8602fa21341de2f1a') in 0.061 seconds [static and dynamic dependencies]. Details - ImportResultOutputID=db829dc1ef219d939b1e03546e8da4e5 DependenciesID=6a0e5bb9f7ae292ffc0a6fc7c357df1e StaticDependenciesID=1e5a568ae9456bf557d19adb6c2ad750 
Number of updated asset objects reloaded before import = 0
Number of asset objects unloaded after import = 1
========================================================================
Received Prepare
Default GameObject Tag: Player already registered
Default GameObject Tag: MainCamera already registered
AcceleratorClientConnectionCallback - disconnected - :0
Assembly reference Packages/com.unity.cinemachine/Editor/Samples/ExposeHDRPInternals/HDRP-Editor-ref.asmref has no target assembly definition
Assembly reference Packages/com.unity.cinemachine/Editor/Samples/ExposeHDRPInternals/HDRP-Editor-ref.asmref has no target assembly definition
[Licensing::Client] Successfully resolved entitlement details
Begin MonoManager ReloadAssembly
ADTM: Control thread waiting for realtime thread timed out, have to lock...
Symbol file LoadedFromMemory is not a mono symbol file
Assembly reference Packages/com.unity.cinemachine/Editor/Samples/ExposeHDRPInternals/HDRP-Editor-ref.asmref has no target assembly definition
Assembly reference Packages/com.unity.cinemachine/Editor/Samples/ExposeHDRPInternals/HDRP-Editor-ref.asmref has no target assembly definition
'Packages/com.unity.cinemachine/Editor/Obsolete/CinemachineVirtualCameraBaseEditor.cs' contains partial class of Unity.Object, exactly 1 of the partial classes needs to be in a file with the same filename. This is to know the one that can be referenced from ie. GameObjects
'Packages/com.unity.cinemachine/Editor/Editors/CinemachineVirtualCameraBaseEditor.cs' contains partial class of Unity.Object, exactly 1 of the partial classes needs to be in a file with the same filename. This is to know the one that can be referenced from ie. GameObjects
Native extension for WindowsStandalone target not found
[Package Manager] Failed to launch server process. Reason: Unity was launched with the -noUpm command-line argument
[Package Manager] Unable to send message (not connected to server process).
[Package Manager] Cannot connect to Unity Package Manager local server
[Package Manager] Failed to launch server process. Reason: Unity was launched with the -noUpm command-line argument
[Package Manager] Unable to send message (not connected to server process).
[Package Manager] Cannot connect to Unity Package Manager local server
[Package Manager] Failed to launch server process. Reason: Unity was launched with the -noUpm command-line argument
[Package Manager] Unable to send message (not connected to server process).
[Package Manager] Cannot connect to Unity Package Manager local server
ScheduleIndexationOnStartup MainProcess:False IndexOnStartup:True
Mono: successfully reloaded assembly
- Finished resetting the current domain, in  0.901 seconds
Domain Reload Profiling: 2664ms
	BeginReloadAssembly (1246ms)
		DisableScriptedObjects (12ms)
		CreateAndSetChildDomain (1063ms)
	RebuildCommonClasses (9ms)
	RebuildNativeTypeToScriptingClass (15ms)
	initialDomainReloadingComplete (67ms)
	LoadAllAssembliesAndSetupDomain (425ms)
		LoadAssemblies (373ms)
		AnalyzeDomain (17ms)
			TypeCache.Refresh (7ms)
			ResolveRequiredComponents (6ms)
	FinalizeReload (902ms)
		SetupLoadedEditorAssemblies (0ms)
			BeforeProcessingInitializeOnLoad (97ms)
			ProcessInitializeOnLoadAttributes (378ms)
			ProcessInitializeOnLoadMethodAttributes (142ms)
			AfterProcessingInitializeOnLoad (11ms)
		AwakeInstancesAfterBackupRestoration (28ms)
Unloading 26 Unused Serialized files (Serialized files now loaded: 0)
Unloading 7390 unused Assets / (7.7 MB). Loaded Objects now: 8556.
Memory consumption went from 496.0 MB to 488.3 MB.
Total: 11.624900 ms (FindLiveObjects: 0.652700 ms CreateObjectMapping: 2.564700 ms MarkObjects: 4.468900 ms  DeleteObjects: 3.937300 ms)

Prepare: number of updated asset objects reloaded= 0
========================================================================
Received Prepare
Default GameObject Tag: Player already registered
Default GameObject Tag: MainCamera already registered
AcceleratorClientConnectionCallback - disconnected - :0
Unloading 26 Unused Serialized files (Serialized files now loaded: 0)
Unloading 26 unused Assets / (3.4 MB). Loaded Objects now: 8556.
Memory consumption went from 492.8 MB to 489.5 MB.
Total: 7.699600 ms (FindLiveObjects: 0.392600 ms CreateObjectMapping: 1.037700 ms MarkObjects: 5.453700 ms  DeleteObjects: 0.813900 ms)

Prepare: number of updated asset objects reloaded= 0
========================================================================
Received Prepare
Default GameObject Tag: Player already registered
Default GameObject Tag: MainCamera already registered
AcceleratorClientConnectionCallback - disconnected - :0
Assembly reference Packages/com.unity.cinemachine/Editor/Samples/ExposeHDRPInternals/HDRP-Editor-ref.asmref has no target assembly definition
Assembly reference Packages/com.unity.cinemachine/Editor/Samples/ExposeHDRPInternals/HDRP-Editor-ref.asmref has no target assembly definition
[Licensing::Client] Successfully resolved entitlement details
Begin MonoManager ReloadAssembly
ADTM: Control thread waiting for realtime thread timed out, have to lock...
Symbol file LoadedFromMemory is not a mono symbol file
Assembly reference Packages/com.unity.cinemachine/Editor/Samples/ExposeHDRPInternals/HDRP-Editor-ref.asmref has no target assembly definition
Assembly reference Packages/com.unity.cinemachine/Editor/Samples/ExposeHDRPInternals/HDRP-Editor-ref.asmref has no target assembly definition
'Packages/com.unity.cinemachine/Editor/Obsolete/CinemachineVirtualCameraBaseEditor.cs' contains partial class of Unity.Object, exactly 1 of the partial classes needs to be in a file with the same filename. This is to know the one that can be referenced from ie. GameObjects
'Packages/com.unity.cinemachine/Editor/Editors/CinemachineVirtualCameraBaseEditor.cs' contains partial class of Unity.Object, exactly 1 of the partial classes needs to be in a file with the same filename. This is to know the one that can be referenced from ie. GameObjects
Native extension for WindowsStandalone target not found
[Package Manager] Failed to launch server process. Reason: Unity was launched with the -noUpm command-line argument
[Package Manager] Unable to send message (not connected to server process).
[Package Manager] Cannot connect to Unity Package Manager local server
[Package Manager] Failed to launch server process. Reason: Unity was launched with the -noUpm command-line argument
[Package Manager] Unable to send message (not connected to server process).
[Package Manager] Cannot connect to Unity Package Manager local server
[Package Manager] Failed to launch server process. Reason: Unity was launched with the -noUpm command-line argument
[Package Manager] Unable to send message (not connected to server process).
[Package Manager] Cannot connect to Unity Package Manager local server
ScheduleIndexationOnStartup MainProcess:False IndexOnStartup:True
Mono: successfully reloaded assembly
- Finished resetting the current domain, in  0.915 seconds
Domain Reload Profiling: 2673ms
	BeginReloadAssembly (1245ms)
		DisableScriptedObjects (10ms)
		CreateAndSetChildDomain (1062ms)
	RebuildCommonClasses (8ms)
	RebuildNativeTypeToScriptingClass (14ms)
	initialDomainReloadingComplete (66ms)
	LoadAllAssembliesAndSetupDomain (424ms)
		LoadAssemblies (372ms)
		AnalyzeDomain (18ms)
			TypeCache.Refresh (8ms)
			ResolveRequiredComponents (6ms)
	FinalizeReload (916ms)
		SetupLoadedEditorAssemblies (0ms)
			BeforeProcessingInitializeOnLoad (98ms)
			ProcessInitializeOnLoadAttributes (390ms)
			ProcessInitializeOnLoadMethodAttributes (148ms)
			AfterProcessingInitializeOnLoad (7ms)
		AwakeInstancesAfterBackupRestoration (25ms)
Unloading 26 Unused Serialized files (Serialized files now loaded: 0)
Unloading 7390 unused Assets / (7.9 MB). Loaded Objects now: 8560.
Memory consumption went from 500.3 MB to 492.4 MB.
Total: 11.941200 ms (FindLiveObjects: 0.614600 ms CreateObjectMapping: 2.551100 ms MarkObjects: 4.810000 ms  DeleteObjects: 3.964800 ms)

Prepare: number of updated asset objects reloaded= 0
========================================================================
Received Prepare
Default GameObject Tag: Player already registered
Default GameObject Tag: MainCamera already registered
AcceleratorClientConnectionCallback - disconnected - :0
Unloading 26 Unused Serialized files (Serialized files now loaded: 0)
Unloading 26 unused Assets / (3.4 MB). Loaded Objects now: 8560.
Memory consumption went from 497.1 MB to 493.8 MB.
Total: 8.901900 ms (FindLiveObjects: 0.396200 ms CreateObjectMapping: 0.993100 ms MarkObjects: 6.511500 ms  DeleteObjects: 1.000000 ms)

Prepare: number of updated asset objects reloaded= 0
========================================================================
Received Prepare
Default GameObject Tag: Player already registered
Default GameObject Tag: MainCamera already registered
AcceleratorClientConnectionCallback - disconnected - :0
Assembly reference Packages/com.unity.cinemachine/Editor/Samples/ExposeHDRPInternals/HDRP-Editor-ref.asmref has no target assembly definition
Assembly reference Packages/com.unity.cinemachine/Editor/Samples/ExposeHDRPInternals/HDRP-Editor-ref.asmref has no target assembly definition
Begin MonoManager ReloadAssembly
ADTM: Control thread waiting for realtime thread timed out, have to lock...
Symbol file LoadedFromMemory is not a mono symbol file
Assembly reference Packages/com.unity.cinemachine/Editor/Samples/ExposeHDRPInternals/HDRP-Editor-ref.asmref has no target assembly definition
Assembly reference Packages/com.unity.cinemachine/Editor/Samples/ExposeHDRPInternals/HDRP-Editor-ref.asmref has no target assembly definition
'Packages/com.unity.cinemachine/Editor/Obsolete/CinemachineVirtualCameraBaseEditor.cs' contains partial class of Unity.Object, exactly 1 of the partial classes needs to be in a file with the same filename. This is to know the one that can be referenced from ie. GameObjects
'Packages/com.unity.cinemachine/Editor/Editors/CinemachineVirtualCameraBaseEditor.cs' contains partial class of Unity.Object, exactly 1 of the partial classes needs to be in a file with the same filename. This is to know the one that can be referenced from ie. GameObjects
Native extension for WindowsStandalone target not found
[Package Manager] Failed to launch server process. Reason: Unity was launched with the -noUpm command-line argument
[Package Manager] Unable to send message (not connected to server process).
[Package Manager] Cannot connect to Unity Package Manager local server
[Package Manager] Failed to launch server process. Reason: Unity was launched with the -noUpm command-line argument
[Package Manager] Unable to send message (not connected to server process).
[Package Manager] Cannot connect to Unity Package Manager local server
[Package Manager] Failed to launch server process. Reason: Unity was launched with the -noUpm command-line argument
[Package Manager] Unable to send message (not connected to server process).
[Package Manager] Cannot connect to Unity Package Manager local server
ScheduleIndexationOnStartup MainProcess:False IndexOnStartup:True
Mono: successfully reloaded assembly
- Finished resetting the current domain, in  0.930 seconds
Domain Reload Profiling: 2733ms
	BeginReloadAssembly (1262ms)
		DisableScriptedObjects (12ms)
		CreateAndSetChildDomain (1075ms)
	RebuildCommonClasses (9ms)
	RebuildNativeTypeToScriptingClass (16ms)
	initialDomainReloadingComplete (67ms)
	LoadAllAssembliesAndSetupDomain (448ms)
		LoadAssemblies (379ms)
		AnalyzeDomain (19ms)
			TypeCache.Refresh (8ms)
			ResolveRequiredComponents (6ms)
	FinalizeReload (931ms)
		SetupLoadedEditorAssemblies (0ms)
			BeforeProcessingInitializeOnLoad (106ms)
			ProcessInitializeOnLoadAttributes (401ms)
			ProcessInitializeOnLoadMethodAttributes (147ms)
			AfterProcessingInitializeOnLoad (6ms)
		AwakeInstancesAfterBackupRestoration (22ms)
Unloading 26 Unused Serialized files (Serialized files now loaded: 0)
Unloading 7390 unused Assets / (8.4 MB). Loaded Objects now: 8564.
Memory consumption went from 504.6 MB to 496.2 MB.
Total: 12.423600 ms (FindLiveObjects: 0.682200 ms CreateObjectMapping: 2.807000 ms MarkObjects: 4.500800 ms  DeleteObjects: 4.432400 ms)

Prepare: number of updated asset objects reloaded= 0
========================================================================
Received Prepare
Default GameObject Tag: Player already registered
Default GameObject Tag: MainCamera already registered
AcceleratorClientConnectionCallback - disconnected - :0
Unloading 26 Unused Serialized files (Serialized files now loaded: 0)
Unloading 26 unused Assets / (3.4 MB). Loaded Objects now: 8564.
Memory consumption went from 501.4 MB to 498.1 MB.
Total: 9.167500 ms (FindLiveObjects: 0.432700 ms CreateObjectMapping: 1.212300 ms MarkObjects: 5.979800 ms  DeleteObjects: 1.541800 ms)

Prepare: number of updated asset objects reloaded= 0
========================================================================
Received Prepare
Default GameObject Tag: Player already registered
Default GameObject Tag: MainCamera already registered
AcceleratorClientConnectionCallback - disconnected - :0
Assembly reference Packages/com.unity.cinemachine/Editor/Samples/ExposeHDRPInternals/HDRP-Editor-ref.asmref has no target assembly definition
Assembly reference Packages/com.unity.cinemachine/Editor/Samples/ExposeHDRPInternals/HDRP-Editor-ref.asmref has no target assembly definition
[Licensing::Client] Successfully resolved entitlement details
Begin MonoManager ReloadAssembly
Error loading the file 'ProjectSettings/ProjectAuditorSettings.asset'. File is either empty or corrupted, please verify the file contents.
UnityEngine.Debug:ExtractStackTraceNoAlloc (byte*,int,string)
UnityEngine.StackTraceUtility:ExtractStackTrace ()
UnityEditorInternal.InternalEditorUtility:SaveToSerializedFileAndForgetInternal (string,UnityEngine.Object[],bool)
UnityEditorInternal.InternalEditorUtility:SaveToSerializedFileAndForget (UnityEngine.Object[],string,bool)
UnityEditor.ScriptableSingleton`1<Unity.ProjectAuditor.Editor.ProjectAuditorSettings>:Save (bool)
Unity.ProjectAuditor.Editor.ProjectAuditorSettings:Save ()
Unity.ProjectAuditor.Editor.ProjectAuditorSettings:OnDisable ()

[ line 0]

ADTM: Control thread waiting for realtime thread timed out, have to lock...
Symbol file LoadedFromMemory is not a mono symbol file
Assembly reference Packages/com.unity.cinemachine/Editor/Samples/ExposeHDRPInternals/HDRP-Editor-ref.asmref has no target assembly definition
Assembly reference Packages/com.unity.cinemachine/Editor/Samples/ExposeHDRPInternals/HDRP-Editor-ref.asmref has no target assembly definition
'Packages/com.unity.cinemachine/Editor/Obsolete/CinemachineVirtualCameraBaseEditor.cs' contains partial class of Unity.Object, exactly 1 of the partial classes needs to be in a file with the same filename. This is to know the one that can be referenced from ie. GameObjects
'Packages/com.unity.cinemachine/Editor/Editors/CinemachineVirtualCameraBaseEditor.cs' contains partial class of Unity.Object, exactly 1 of the partial classes needs to be in a file with the same filename. This is to know the one that can be referenced from ie. GameObjects
Native extension for WindowsStandalone target not found
[Package Manager] Failed to launch server process. Reason: Unity was launched with the -noUpm command-line argument
[Package Manager] Unable to send message (not connected to server process).
[Package Manager] Cannot connect to Unity Package Manager local server
[Package Manager] Failed to launch server process. Reason: Unity was launched with the -noUpm command-line argument
[Package Manager] Unable to send message (not connected to server process).
[Package Manager] Cannot connect to Unity Package Manager local server
[Package Manager] Failed to launch server process. Reason: Unity was launched with the -noUpm command-line argument
[Package Manager] Unable to send message (not connected to server process).
[Package Manager] Cannot connect to Unity Package Manager local server
ScheduleIndexationOnStartup MainProcess:False IndexOnStartup:True
Mono: successfully reloaded assembly
- Finished resetting the current domain, in  0.846 seconds
Domain Reload Profiling: 2581ms
	BeginReloadAssembly (1245ms)
		DisableScriptedObjects (12ms)
		CreateAndSetChildDomain (1067ms)
	RebuildCommonClasses (9ms)
	RebuildNativeTypeToScriptingClass (14ms)
	initialDomainReloadingComplete (61ms)
	LoadAllAssembliesAndSetupDomain (406ms)
		LoadAssemblies (347ms)
		AnalyzeDomain (18ms)
			TypeCache.Refresh (7ms)
			ResolveRequiredComponents (6ms)
	FinalizeReload (847ms)
		SetupLoadedEditorAssemblies (0ms)
			BeforeProcessingInitializeOnLoad (90ms)
			ProcessInitializeOnLoadAttributes (362ms)
			ProcessInitializeOnLoadMethodAttributes (138ms)
			AfterProcessingInitializeOnLoad (6ms)
		AwakeInstancesAfterBackupRestoration (21ms)
Unloading 26 Unused Serialized files (Serialized files now loaded: 0)
Unloading 7390 unused Assets / (7.3 MB). Loaded Objects now: 8568.
Memory consumption went from 508.8 MB to 501.5 MB.
Total: 11.814900 ms (FindLiveObjects: 0.788200 ms CreateObjectMapping: 2.630900 ms MarkObjects: 4.387100 ms  DeleteObjects: 4.007700 ms)

Prepare: number of updated asset objects reloaded= 0
========================================================================
Received Prepare
Default GameObject Tag: Player already registered
Default GameObject Tag: MainCamera already registered
AcceleratorClientConnectionCallback - disconnected - :0
Unloading 26 Unused Serialized files (Serialized files now loaded: 0)
Unloading 26 unused Assets / (3.4 MB). Loaded Objects now: 8568.
Memory consumption went from 505.7 MB to 502.3 MB.
Total: 7.193000 ms (FindLiveObjects: 0.367100 ms CreateObjectMapping: 1.034900 ms MarkObjects: 5.020400 ms  DeleteObjects: 0.769700 ms)

Prepare: number of updated asset objects reloaded= 0
========================================================================
Received Prepare
Default GameObject Tag: Player already registered
Default GameObject Tag: MainCamera already registered
AcceleratorClientConnectionCallback - disconnected - :0
Assembly reference Packages/com.unity.cinemachine/Editor/Samples/ExposeHDRPInternals/HDRP-Editor-ref.asmref has no target assembly definition
Assembly reference Packages/com.unity.cinemachine/Editor/Samples/ExposeHDRPInternals/HDRP-Editor-ref.asmref has no target assembly definition
Begin MonoManager ReloadAssembly
ADTM: Control thread waiting for realtime thread timed out, have to lock...
[Licensing::Client] Successfully resolved entitlement details
Symbol file LoadedFromMemory is not a mono symbol file
Assembly reference Packages/com.unity.cinemachine/Editor/Samples/ExposeHDRPInternals/HDRP-Editor-ref.asmref has no target assembly definition
Assembly reference Packages/com.unity.cinemachine/Editor/Samples/ExposeHDRPInternals/HDRP-Editor-ref.asmref has no target assembly definition
'Packages/com.unity.cinemachine/Editor/Obsolete/CinemachineVirtualCameraBaseEditor.cs' contains partial class of Unity.Object, exactly 1 of the partial classes needs to be in a file with the same filename. This is to know the one that can be referenced from ie. GameObjects
'Packages/com.unity.cinemachine/Editor/Editors/CinemachineVirtualCameraBaseEditor.cs' contains partial class of Unity.Object, exactly 1 of the partial classes needs to be in a file with the same filename. This is to know the one that can be referenced from ie. GameObjects
Native extension for WindowsStandalone target not found
[Package Manager] Failed to launch server process. Reason: Unity was launched with the -noUpm command-line argument
[Package Manager] Unable to send message (not connected to server process).
[Package Manager] Cannot connect to Unity Package Manager local server
[Package Manager] Failed to launch server process. Reason: Unity was launched with the -noUpm command-line argument
[Package Manager] Unable to send message (not connected to server process).
[Package Manager] Cannot connect to Unity Package Manager local server
[Package Manager] Failed to launch server process. Reason: Unity was launched with the -noUpm command-line argument
[Package Manager] Unable to send message (not connected to server process).
[Package Manager] Cannot connect to Unity Package Manager local server
ScheduleIndexationOnStartup MainProcess:False IndexOnStartup:True
Mono: successfully reloaded assembly
- Finished resetting the current domain, in  0.902 seconds
Domain Reload Profiling: 2664ms
	BeginReloadAssembly (1236ms)
		DisableScriptedObjects (11ms)
		CreateAndSetChildDomain (1058ms)
	RebuildCommonClasses (9ms)
	RebuildNativeTypeToScriptingClass (15ms)
	initialDomainReloadingComplete (65ms)
	LoadAllAssembliesAndSetupDomain (436ms)
		LoadAssemblies (372ms)
		AnalyzeDomain (18ms)
			TypeCache.Refresh (8ms)
			ResolveRequiredComponents (6ms)
	FinalizeReload (903ms)
		SetupLoadedEditorAssemblies (0ms)
			BeforeProcessingInitializeOnLoad (97ms)
			ProcessInitializeOnLoadAttributes (383ms)
			ProcessInitializeOnLoadMethodAttributes (141ms)
			AfterProcessingInitializeOnLoad (7ms)
		AwakeInstancesAfterBackupRestoration (23ms)
Unloading 26 Unused Serialized files (Serialized files now loaded: 0)
Unloading 7390 unused Assets / (8.6 MB). Loaded Objects now: 8572.
Memory consumption went from 0.50 GB to 504.6 MB.
Total: 12.464200 ms (FindLiveObjects: 0.742400 ms CreateObjectMapping: 2.950400 ms MarkObjects: 4.850800 ms  DeleteObjects: 3.919400 ms)

Prepare: number of updated asset objects reloaded= 0
========================================================================
Received Prepare
Default GameObject Tag: Player already registered
Default GameObject Tag: MainCamera already registered
AcceleratorClientConnectionCallback - disconnected - :0
Unloading 26 Unused Serialized files (Serialized files now loaded: 0)
Unloading 26 unused Assets / (3.4 MB). Loaded Objects now: 8572.
Memory consumption went from 510.0 MB to 506.7 MB.
Total: 8.136700 ms (FindLiveObjects: 0.402300 ms CreateObjectMapping: 1.080100 ms MarkObjects: 5.768700 ms  DeleteObjects: 0.884400 ms)

Prepare: number of updated asset objects reloaded= 0
========================================================================
Received Prepare
Default GameObject Tag: Player already registered
Default GameObject Tag: MainCamera already registered
AcceleratorClientConnectionCallback - disconnected - :0
Assembly reference Packages/com.unity.cinemachine/Editor/Samples/ExposeHDRPInternals/HDRP-Editor-ref.asmref has no target assembly definition
Assembly reference Packages/com.unity.cinemachine/Editor/Samples/ExposeHDRPInternals/HDRP-Editor-ref.asmref has no target assembly definition
Begin MonoManager ReloadAssembly
ADTM: Control thread waiting for realtime thread timed out, have to lock...
Symbol file LoadedFromMemory is not a mono symbol file
Assembly reference Packages/com.unity.cinemachine/Editor/Samples/ExposeHDRPInternals/HDRP-Editor-ref.asmref has no target assembly definition
Assembly reference Packages/com.unity.cinemachine/Editor/Samples/ExposeHDRPInternals/HDRP-Editor-ref.asmref has no target assembly definition
'Packages/com.unity.cinemachine/Editor/Obsolete/CinemachineVirtualCameraBaseEditor.cs' contains partial class of Unity.Object, exactly 1 of the partial classes needs to be in a file with the same filename. This is to know the one that can be referenced from ie. GameObjects
'Packages/com.unity.cinemachine/Editor/Editors/CinemachineVirtualCameraBaseEditor.cs' contains partial class of Unity.Object, exactly 1 of the partial classes needs to be in a file with the same filename. This is to know the one that can be referenced from ie. GameObjects
Native extension for WindowsStandalone target not found
[Package Manager] Failed to launch server process. Reason: Unity was launched with the -noUpm command-line argument
[Package Manager] Unable to send message (not connected to server process).
[Package Manager] Cannot connect to Unity Package Manager local server
[Package Manager] Failed to launch server process. Reason: Unity was launched with the -noUpm command-line argument
[Package Manager] Unable to send message (not connected to server process).
[Package Manager] Cannot connect to Unity Package Manager local server
[Package Manager] Failed to launch server process. Reason: Unity was launched with the -noUpm command-line argument
[Package Manager] Unable to send message (not connected to server process).
[Package Manager] Cannot connect to Unity Package Manager local server
ScheduleIndexationOnStartup MainProcess:False IndexOnStartup:True
Mono: successfully reloaded assembly
- Finished resetting the current domain, in  0.906 seconds
Domain Reload Profiling: 2650ms
	BeginReloadAssembly (1246ms)
		DisableScriptedObjects (10ms)
		CreateAndSetChildDomain (1070ms)
	RebuildCommonClasses (9ms)
	RebuildNativeTypeToScriptingClass (14ms)
	initialDomainReloadingComplete (65ms)
	LoadAllAssembliesAndSetupDomain (410ms)
		LoadAssemblies (361ms)
		AnalyzeDomain (17ms)
			TypeCache.Refresh (8ms)
			ResolveRequiredComponents (5ms)
	FinalizeReload (906ms)
		SetupLoadedEditorAssemblies (0ms)
			BeforeProcessingInitializeOnLoad (97ms)
			ProcessInitializeOnLoadAttributes (395ms)
			ProcessInitializeOnLoadMethodAttributes (141ms)
			AfterProcessingInitializeOnLoad (6ms)
		AwakeInstancesAfterBackupRestoration (23ms)
Unloading 26 Unused Serialized files (Serialized files now loaded: 0)
Unloading 7390 unused Assets / (8.4 MB). Loaded Objects now: 8576.
Memory consumption went from 0.50 GB to 509.2 MB.
Total: 12.916700 ms (FindLiveObjects: 0.874900 ms CreateObjectMapping: 2.847800 ms MarkObjects: 4.789600 ms  DeleteObjects: 4.403200 ms)

Prepare: number of updated asset objects reloaded= 0
========================================================================
Received Prepare
Default GameObject Tag: Player already registered
Default GameObject Tag: MainCamera already registered
AcceleratorClientConnectionCallback - disconnected - :0
Assembly reference Packages/com.unity.cinemachine/Editor/Samples/ExposeHDRPInternals/HDRP-Editor-ref.asmref has no target assembly definition
Assembly reference Packages/com.unity.cinemachine/Editor/Samples/ExposeHDRPInternals/HDRP-Editor-ref.asmref has no target assembly definition
[Licensing::Client] Successfully resolved entitlement details
Begin MonoManager ReloadAssembly
ADTM: Control thread waiting for realtime thread timed out, have to lock...
Symbol file LoadedFromMemory is not a mono symbol file
Assembly reference Packages/com.unity.cinemachine/Editor/Samples/ExposeHDRPInternals/HDRP-Editor-ref.asmref has no target assembly definition
Assembly reference Packages/com.unity.cinemachine/Editor/Samples/ExposeHDRPInternals/HDRP-Editor-ref.asmref has no target assembly definition
'Packages/com.unity.cinemachine/Editor/Obsolete/CinemachineVirtualCameraBaseEditor.cs' contains partial class of Unity.Object, exactly 1 of the partial classes needs to be in a file with the same filename. This is to know the one that can be referenced from ie. GameObjects
'Packages/com.unity.cinemachine/Editor/Editors/CinemachineVirtualCameraBaseEditor.cs' contains partial class of Unity.Object, exactly 1 of the partial classes needs to be in a file with the same filename. This is to know the one that can be referenced from ie. GameObjects
Native extension for WindowsStandalone target not found
[Package Manager] Failed to launch server process. Reason: Unity was launched with the -noUpm command-line argument
[Package Manager] Unable to send message (not connected to server process).
[Package Manager] Cannot connect to Unity Package Manager local server
[Package Manager] Failed to launch server process. Reason: Unity was launched with the -noUpm command-line argument
[Package Manager] Unable to send message (not connected to server process).
[Package Manager] Cannot connect to Unity Package Manager local server
[Package Manager] Failed to launch server process. Reason: Unity was launched with the -noUpm command-line argument
[Package Manager] Unable to send message (not connected to server process).
[Package Manager] Cannot connect to Unity Package Manager local server
ScheduleIndexationOnStartup MainProcess:False IndexOnStartup:True
Mono: successfully reloaded assembly
- Finished resetting the current domain, in  0.954 seconds
Domain Reload Profiling: 2721ms
	BeginReloadAssembly (1248ms)
		DisableScriptedObjects (11ms)
		CreateAndSetChildDomain (1060ms)
	RebuildCommonClasses (10ms)
	RebuildNativeTypeToScriptingClass (17ms)
	initialDomainReloadingComplete (66ms)
	LoadAllAssembliesAndSetupDomain (427ms)
		LoadAssemblies (374ms)
		AnalyzeDomain (18ms)
			TypeCache.Refresh (8ms)
			ResolveRequiredComponents (6ms)
	FinalizeReload (955ms)
		SetupLoadedEditorAssemblies (0ms)
			BeforeProcessingInitializeOnLoad (99ms)
			ProcessInitializeOnLoadAttributes (416ms)
			ProcessInitializeOnLoadMethodAttributes (143ms)
			AfterProcessingInitializeOnLoad (7ms)
		AwakeInstancesAfterBackupRestoration (23ms)
Unloading 26 Unused Serialized files (Serialized files now loaded: 0)
Unloading 7390 unused Assets / (8.1 MB). Loaded Objects now: 8580.
Memory consumption went from 0.51 GB to 0.50 GB.
Total: 12.925200 ms (FindLiveObjects: 0.812500 ms CreateObjectMapping: 2.821400 ms MarkObjects: 4.970400 ms  DeleteObjects: 4.319500 ms)

Prepare: number of updated asset objects reloaded= 0
========================================================================
Received Prepare
Default GameObject Tag: Player already registered
Default GameObject Tag: MainCamera already registered
AcceleratorClientConnectionCallback - disconnected - :0
Assembly reference Packages/com.unity.cinemachine/Editor/Samples/ExposeHDRPInternals/HDRP-Editor-ref.asmref has no target assembly definition
Assembly reference Packages/com.unity.cinemachine/Editor/Samples/ExposeHDRPInternals/HDRP-Editor-ref.asmref has no target assembly definition
[Licensing::Client] Successfully resolved entitlement details
Begin MonoManager ReloadAssembly
ADTM: Control thread waiting for realtime thread timed out, have to lock...
Symbol file LoadedFromMemory is not a mono symbol file
Assembly reference Packages/com.unity.cinemachine/Editor/Samples/ExposeHDRPInternals/HDRP-Editor-ref.asmref has no target assembly definition
Assembly reference Packages/com.unity.cinemachine/Editor/Samples/ExposeHDRPInternals/HDRP-Editor-ref.asmref has no target assembly definition
'Packages/com.unity.cinemachine/Editor/Obsolete/CinemachineVirtualCameraBaseEditor.cs' contains partial class of Unity.Object, exactly 1 of the partial classes needs to be in a file with the same filename. This is to know the one that can be referenced from ie. GameObjects
'Packages/com.unity.cinemachine/Editor/Editors/CinemachineVirtualCameraBaseEditor.cs' contains partial class of Unity.Object, exactly 1 of the partial classes needs to be in a file with the same filename. This is to know the one that can be referenced from ie. GameObjects
Native extension for WindowsStandalone target not found
[Package Manager] Failed to launch server process. Reason: Unity was launched with the -noUpm command-line argument
[Package Manager] Unable to send message (not connected to server process).
[Package Manager] Cannot connect to Unity Package Manager local server
[Package Manager] Failed to launch server process. Reason: Unity was launched with the -noUpm command-line argument
[Package Manager] Unable to send message (not connected to server process).
[Package Manager] Cannot connect to Unity Package Manager local server
[Package Manager] Failed to launch server process. Reason: Unity was launched with the -noUpm command-line argument
[Package Manager] Unable to send message (not connected to server process).
[Package Manager] Cannot connect to Unity Package Manager local server
ScheduleIndexationOnStartup MainProcess:False IndexOnStartup:True
Mono: successfully reloaded assembly
- Finished resetting the current domain, in  0.906 seconds
Domain Reload Profiling: 2661ms
	BeginReloadAssembly (1248ms)
		DisableScriptedObjects (10ms)
		CreateAndSetChildDomain (1067ms)
	RebuildCommonClasses (9ms)
	RebuildNativeTypeToScriptingClass (16ms)
	initialDomainReloadingComplete (62ms)
	LoadAllAssembliesAndSetupDomain (418ms)
		LoadAssemblies (368ms)
		AnalyzeDomain (18ms)
			TypeCache.Refresh (8ms)
			ResolveRequiredComponents (6ms)
	FinalizeReload (907ms)
		SetupLoadedEditorAssemblies (0ms)
			BeforeProcessingInitializeOnLoad (95ms)
			ProcessInitializeOnLoadAttributes (394ms)
			ProcessInitializeOnLoadMethodAttributes (149ms)
			AfterProcessingInitializeOnLoad (8ms)
		AwakeInstancesAfterBackupRestoration (24ms)
Unloading 26 Unused Serialized files (Serialized files now loaded: 0)
Unloading 7390 unused Assets / (7.7 MB). Loaded Objects now: 8584.
Memory consumption went from 0.51 GB to 0.51 GB.
Total: 12.568500 ms (FindLiveObjects: 0.706300 ms CreateObjectMapping: 2.848900 ms MarkObjects: 4.959200 ms  DeleteObjects: 4.053000 ms)

Prepare: number of updated asset objects reloaded= 0
========================================================================
Received Prepare
Default GameObject Tag: Player already registered
Default GameObject Tag: MainCamera already registered
AcceleratorClientConnectionCallback - disconnected - :0
Unloading 26 Unused Serialized files (Serialized files now loaded: 0)
Unloading 26 unused Assets / (3.4 MB). Loaded Objects now: 8584.
Memory consumption went from 0.51 GB to 0.51 GB.
Total: 7.072200 ms (FindLiveObjects: 0.359900 ms CreateObjectMapping: 1.232600 ms MarkObjects: 4.657700 ms  DeleteObjects: 0.820600 ms)

Prepare: number of updated asset objects reloaded= 0
